random baseline: mean=2.220 std=1.675 (0.9s)
Using cpu device
---------------------------------
| rollout/           |          |
|    ep_len_mean     | 7.86     |
|    ep_rew_mean     | 2.34     |
| time/              |          |
|    fps             | 2579     |
|    iterations      | 1        |
|    time_elapsed    | 0        |
|    total_timesteps | 512      |
---------------------------------
-------------------------------------------
| rollout/                |               |
|    ep_len_mean          | 7.96          |
|    ep_rew_mean          | 1.92          |
| time/                   |               |
|    fps                  | 1812          |
|    iterations           | 2             |
|    time_elapsed         | 0             |
|    total_timesteps      | 1024          |
| train/                  |               |
|    approx_kl            | 1.6314443e-06 |
|    clip_fraction        | 0             |
|    clip_range           | 0.2           |
|    entropy_loss         | -2.79         |
|    explained_variance   | 8.7e-05       |
|    learning_rate        | 0.0001        |
|    loss                 | 2.11          |
|    n_updates            | 10            |
|    policy_gradient_loss | -0.000164     |
|    value_loss           | 4.02          |
-------------------------------------------
-------------------------------------------
| rollout/                |               |
|    ep_len_mean          | 7.91          |
|    ep_rew_mean          | 2.27          |
| time/                   |               |
|    fps                  | 1706          |
|    iterations           | 3             |
|    time_elapsed         | 0             |
|    total_timesteps      | 1536          |
| train/                  |               |
|    approx_kl            | 2.8051436e-06 |
|    clip_fraction        | 0             |
|    clip_range           | 0.2           |
|    entropy_loss         | -2.79         |
|    explained_variance   | 0.00208       |
|    learning_rate        | 0.0001        |
|    loss                 | 0.984         |
|    n_updates            | 20            |
|    policy_gradient_loss | -0.000297     |
|    value_loss           | 2.17          |
-------------------------------------------
-------------------------------------------
| rollout/                |               |
|    ep_len_mean          | 7.93          |
|    ep_rew_mean          | 2.37          |
| time/                   |               |
|    fps                  | 1690          |
|    iterations           | 4             |
|    time_elapsed         | 1             |
|    total_timesteps      | 2048          |
| train/                  |               |
|    approx_kl            | 3.2029347e-06 |
|    clip_fraction        | 0             |
|    clip_range           | 0.2           |
|    entropy_loss         | -2.81         |
|    explained_variance   | 0.00113       |
|    learning_rate        | 0.0001        |
|    loss                 | 2.19          |
|    n_updates            | 30            |
|    policy_gradient_loss | -0.000339     |
|    value_loss           | 4.24          |
-------------------------------------------
-------------------------------------------
| rollout/                |               |
|    ep_len_mean          | 7.91          |
|    ep_rew_mean          | 2.12          |
| time/                   |               |
|    fps                  | 1677          |
|    iterations           | 5             |
|    time_elapsed         | 1             |
|    total_timesteps      | 2560          |
| train/                  |               |
|    approx_kl            | 3.3845427e-06 |
|    clip_fraction        | 0             |
|    clip_range           | 0.2           |
|    entropy_loss         | -2.79         |
|    explained_variance   | 0.00212       |
|    learning_rate        | 0.0001        |
|    loss                 | 1.59          |
|    n_updates            | 40            |
|    policy_gradient_loss | -0.0003       |
|    value_loss           | 3.39          |
-------------------------------------------
------------------------------------------
| rollout/                |              |
|    ep_len_mean          | 7.92         |
|    ep_rew_mean          | 2.05         |
| time/                   |              |
|    fps                  | 1680         |
|    iterations           | 6            |
|    time_elapsed         | 1            |
|    total_timesteps      | 3072         |
| train/                  |              |
|    approx_kl            | 4.248577e-06 |
|    clip_fraction        | 0            |
|    clip_range           | 0.2          |
|    entropy_loss         | -2.8         |
|    explained_variance   | 0.00658      |
|    learning_rate        | 0.0001       |
|    loss                 | 1.19         |
|    n_updates            | 50           |
|    policy_gradient_loss | -0.000289    |
|    value_loss           | 2.69         |
------------------------------------------
-------------------------------------------
| rollout/                |               |
|    ep_len_mean          | 7.98          |
|    ep_rew_mean          | 1.95          |
| time/                   |               |
|    fps                  | 1678          |
|    iterations           | 7             |
|    time_elapsed         | 2             |
|    total_timesteps      | 3584          |
| train/                  |               |
|    approx_kl            | 7.4303243e-06 |
|    clip_fraction        | 0             |
|    clip_range           | 0.2           |
|    entropy_loss         | -2.78         |
|    explained_variance   | 0.00634       |
|    learning_rate        | 0.0001        |
|    loss                 | 1.21          |
|    n_updates            | 60            |
|    policy_gradient_loss | -0.000403     |
|    value_loss           | 2.48          |
-------------------------------------------
-------------------------------------------
| rollout/                |               |
|    ep_len_mean          | 7.94          |
|    ep_rew_mean          | 2.06          |
| time/                   |               |
|    fps                  | 1680          |
|    iterations           | 8             |
|    time_elapsed         | 2             |
|    total_timesteps      | 4096          |
| train/                  |               |
|    approx_kl            | 1.4317571e-05 |
|    clip_fraction        | 0             |
|    clip_range           | 0.2           |
|    entropy_loss         | -2.8          |
|    explained_variance   | 0.0234        |
|    learning_rate        | 0.0001        |
|    loss                 | 1.13          |
|    n_updates            | 70            |
|    policy_gradient_loss | -0.000582     |
|    value_loss           | 2.63          |
-------------------------------------------
-------------------------------------------
| rollout/                |               |
|    ep_len_mean          | 7.92          |
|    ep_rew_mean          | 2.3           |
| time/                   |               |
|    fps                  | 1681          |
|    iterations           | 9             |
|    time_elapsed         | 2             |
|    total_timesteps      | 4608          |
| train/                  |               |
|    approx_kl            | 2.1909247e-05 |
|    clip_fraction        | 0             |
|    clip_range           | 0.2           |
|    entropy_loss         | -2.79         |
|    explained_variance   | 0.03          |
|    learning_rate        | 0.0001        |
|    loss                 | 1.04          |
|    n_updates            | 80            |
|    policy_gradient_loss | -0.000809     |
|    value_loss           | 2.36          |
-------------------------------------------
-------------------------------------------
| rollout/                |               |
|    ep_len_mean          | 7.92          |
|    ep_rew_mean          | 2.42          |
| time/                   |               |
|    fps                  | 1681          |
|    iterations           | 10            |
|    time_elapsed         | 3             |
|    total_timesteps      | 5120          |
| train/                  |               |
|    approx_kl            | 4.0313113e-05 |
|    clip_fraction        | 0             |
|    clip_range           | 0.2           |
|    entropy_loss         | -2.77         |
|    explained_variance   | 0.0717        |
|    learning_rate        | 0.0001        |
|    loss                 | 0.884         |
|    n_updates            | 90            |
|    policy_gradient_loss | -0.00111      |
|    value_loss           | 2.01          |
-------------------------------------------
------------------------------------------
| rollout/                |              |
|    ep_len_mean          | 7.91         |
|    ep_rew_mean          | 2.74         |
| time/                   |              |
|    fps                  | 1680         |
|    iterations           | 11           |
|    time_elapsed         | 3            |
|    total_timesteps      | 5632         |
| train/                  |              |
|    approx_kl            | 6.266881e-05 |
|    clip_fraction        | 0            |
|    clip_range           | 0.2          |
|    entropy_loss         | -2.79        |
|    explained_variance   | 0.0538       |
|    learning_rate        | 0.0001       |
|    loss                 | 0.748        |
|    n_updates            | 100          |
|    policy_gradient_loss | -0.00151     |
|    value_loss           | 1.86         |
------------------------------------------
------------------------------------------
| rollout/                |              |
|    ep_len_mean          | 7.84         |
|    ep_rew_mean          | 2.68         |
| time/                   |              |
|    fps                  | 1679         |
|    iterations           | 12           |
|    time_elapsed         | 3            |
|    total_timesteps      | 6144         |
| train/                  |              |
|    approx_kl            | 7.242046e-05 |
|    clip_fraction        | 0            |
|    clip_range           | 0.2          |
|    entropy_loss         | -2.76        |
|    explained_variance   | 0.142        |
|    learning_rate        | 0.0001       |
|    loss                 | 0.737        |
|    n_updates            | 110          |
|    policy_gradient_loss | -0.00125     |
|    value_loss           | 1.89         |
------------------------------------------
-------------------------------------------
| rollout/                |               |
|    ep_len_mean          | 7.86          |
|    ep_rew_mean          | 2.4           |
| time/                   |               |
|    fps                  | 1681          |
|    iterations           | 13            |
|    time_elapsed         | 3             |
|    total_timesteps      | 6656          |
| train/                  |               |
|    approx_kl            | 0.00021627487 |
|    clip_fraction        | 0             |
|    clip_range           | 0.2           |
|    entropy_loss         | -2.78         |
|    explained_variance   | 0.169         |
|    learning_rate        | 0.0001        |
|    loss                 | 0.604         |
|    n_updates            | 120           |
|    policy_gradient_loss | -0.00167      |
|    value_loss           | 1.34          |
-------------------------------------------
------------------------------------------
| rollout/                |              |
|    ep_len_mean          | 7.87         |
|    ep_rew_mean          | 2.37         |
| time/                   |              |
|    fps                  | 1681         |
|    iterations           | 14           |
|    time_elapsed         | 4            |
|    total_timesteps      | 7168         |
| train/                  |              |
|    approx_kl            | 0.0004082974 |
|    clip_fraction        | 0            |
|    clip_range           | 0.2          |
|    entropy_loss         | -2.78        |
|    explained_variance   | 0.195        |
|    learning_rate        | 0.0001       |
|    loss                 | 0.411        |
|    n_updates            | 130          |
|    policy_gradient_loss | -0.00379     |
|    value_loss           | 1.06         |
------------------------------------------
-------------------------------------------
| rollout/                |               |
|    ep_len_mean          | 7.88          |
|    ep_rew_mean          | 2.33          |
| time/                   |               |
|    fps                  | 1681          |
|    iterations           | 15            |
|    time_elapsed         | 4             |
|    total_timesteps      | 7680          |
| train/                  |               |
|    approx_kl            | 0.00074313674 |
|    clip_fraction        | 0             |
|    clip_range           | 0.2           |
|    entropy_loss         | -2.75         |
|    explained_variance   | 0.417         |
|    learning_rate        | 0.0001        |
|    loss                 | 0.345         |
|    n_updates            | 140           |
|    policy_gradient_loss | -0.00348      |
|    value_loss           | 0.746         |
-------------------------------------------
-------------------------------------------
| rollout/                |               |
|    ep_len_mean          | 7.8           |
|    ep_rew_mean          | 2.79          |
| time/                   |               |
|    fps                  | 1671          |
|    iterations           | 16            |
|    time_elapsed         | 4             |
|    total_timesteps      | 8192          |
| train/                  |               |
|    approx_kl            | 0.00074097735 |
|    clip_fraction        | 0             |
|    clip_range           | 0.2           |
|    entropy_loss         | -2.75         |
|    explained_variance   | 0.494         |
|    learning_rate        | 0.0001        |
|    loss                 | 0.33          |
|    n_updates            | 150           |
|    policy_gradient_loss | -0.0042       |
|    value_loss           | 0.725         |
-------------------------------------------
------------------------------------------
| rollout/                |              |
|    ep_len_mean          | 7.77         |
|    ep_rew_mean          | 2.95         |
| time/                   |              |
|    fps                  | 1654         |
|    iterations           | 17           |
|    time_elapsed         | 5            |
|    total_timesteps      | 8704         |
| train/                  |              |
|    approx_kl            | 0.0022263662 |
|    clip_fraction        | 0            |
|    clip_range           | 0.2          |
|    entropy_loss         | -2.71        |
|    explained_variance   | 0.458        |
|    learning_rate        | 0.0001       |
|    loss                 | 0.372        |
|    n_updates            | 160          |
|    policy_gradient_loss | -0.00433     |
|    value_loss           | 0.815        |
------------------------------------------
------------------------------------------
| rollout/                |              |
|    ep_len_mean          | 7.73         |
|    ep_rew_mean          | 3.08         |
| time/                   |              |
|    fps                  | 1635         |
|    iterations           | 18           |
|    time_elapsed         | 5            |
|    total_timesteps      | 9216         |
| train/                  |              |
|    approx_kl            | 0.0026129046 |
|    clip_fraction        | 0            |
|    clip_range           | 0.2          |
|    entropy_loss         | -2.71        |
|    explained_variance   | 0.506        |
|    learning_rate        | 0.0001       |
|    loss                 | 0.381        |
|    n_updates            | 170          |
|    policy_gradient_loss | -0.00546     |
|    value_loss           | 0.751        |
------------------------------------------
-----------------------------------------
| rollout/                |             |
|    ep_len_mean          | 7.74        |
|    ep_rew_mean          | 3.32        |
| time/                   |             |
|    fps                  | 1620        |
|    iterations           | 19          |
|    time_elapsed         | 6           |
|    total_timesteps      | 9728        |
| train/                  |             |
|    approx_kl            | 0.003795138 |
|    clip_fraction        | 0           |
|    clip_range           | 0.2         |
|    entropy_loss         | -2.64       |
|    explained_variance   | 0.653       |
|    learning_rate        | 0.0001      |
|    loss                 | 0.212       |
|    n_updates            | 180         |
|    policy_gradient_loss | -0.0057     |
|    value_loss           | 0.531       |
-----------------------------------------
------------------------------------------
| rollout/                |              |
|    ep_len_mean          | 7.59         |
|    ep_rew_mean          | 3.98         |
| time/                   |              |
|    fps                  | 1605         |
|    iterations           | 20           |
|    time_elapsed         | 6            |
|    total_timesteps      | 10240        |
| train/                  |              |
|    approx_kl            | 0.0070261913 |
|    clip_fraction        | 0.00156      |
|    clip_range           | 0.2          |
|    entropy_loss         | -2.59        |
|    explained_variance   | 0.685        |
|    learning_rate        | 0.0001       |
|    loss                 | 0.214        |
|    n_updates            | 190          |
|    policy_gradient_loss | -0.00849     |
|    value_loss           | 0.548        |
------------------------------------------
------------------------------------------
| rollout/                |              |
|    ep_len_mean          | 7.45         |
|    ep_rew_mean          | 4.09         |
| time/                   |              |
|    fps                  | 1582         |
|    iterations           | 21           |
|    time_elapsed         | 6            |
|    total_timesteps      | 10752        |
| train/                  |              |
|    approx_kl            | 0.0051132017 |
|    clip_fraction        | 0.000586     |
|    clip_range           | 0.2          |
|    entropy_loss         | -2.49        |
|    explained_variance   | 0.721        |
|    learning_rate        | 0.0001       |
|    loss                 | 0.273        |
|    n_updates            | 200          |
|    policy_gradient_loss | -0.00476     |
|    value_loss           | 0.608        |
------------------------------------------
-----------------------------------------
| rollout/                |             |
|    ep_len_mean          | 7.54        |
|    ep_rew_mean          | 4.44        |
| time/                   |             |
|    fps                  | 1568        |
|    iterations           | 22          |
|    time_elapsed         | 7           |
|    total_timesteps      | 11264       |
| train/                  |             |
|    approx_kl            | 0.005234454 |
|    clip_fraction        | 0.000195    |
|    clip_range           | 0.2         |
|    entropy_loss         | -2.46       |
|    explained_variance   | 0.759       |
|    learning_rate        | 0.0001      |
|    loss                 | 0.225       |
|    n_updates            | 210         |
|    policy_gradient_loss | -0.00532    |
|    value_loss           | 0.479       |
-----------------------------------------
------------------------------------------
| rollout/                |              |
|    ep_len_mean          | 7.31         |
|    ep_rew_mean          | 4.63         |
| time/                   |              |
|    fps                  | 1539         |
|    iterations           | 23           |
|    time_elapsed         | 7            |
|    total_timesteps      | 11776        |
| train/                  |              |
|    approx_kl            | 0.0016345204 |
|    clip_fraction        | 0            |
|    clip_range           | 0.2          |
|    entropy_loss         | -2.35        |
|    explained_variance   | 0.806        |
|    learning_rate        | 0.0001       |
|    loss                 | 0.155        |
|    n_updates            | 220          |
|    policy_gradient_loss | -0.00397     |
|    value_loss           | 0.381        |
------------------------------------------
------------------------------------------
| rollout/                |              |
|    ep_len_mean          | 6.85         |
|    ep_rew_mean          | 5.71         |
| time/                   |              |
|    fps                  | 1461         |
|    iterations           | 24           |
|    time_elapsed         | 8            |
|    total_timesteps      | 12288        |
| train/                  |              |
|    approx_kl            | 0.0057251756 |
|    clip_fraction        | 0            |
|    clip_range           | 0.2          |
|    entropy_loss         | -2.29        |
|    explained_variance   | 0.862        |
|    learning_rate        | 0.0001       |
|    loss                 | 0.115        |
|    n_updates            | 230          |
|    policy_gradient_loss | -0.00561     |
|    value_loss           | 0.286        |
------------------------------------------
-----------------------------------------
| rollout/                |             |
|    ep_len_mean          | 6.83        |
|    ep_rew_mean          | 5.42        |
| time/                   |             |
|    fps                  | 1400        |
|    iterations           | 25          |
|    time_elapsed         | 9           |
|    total_timesteps      | 12800       |
| train/                  |             |
|    approx_kl            | 0.003264958 |
|    clip_fraction        | 0           |
|    clip_range           | 0.2         |
|    entropy_loss         | -2.19       |
|    explained_variance   | 0.884       |
|    learning_rate        | 0.0001      |
|    loss                 | 0.133       |
|    n_updates            | 240         |
|    policy_gradient_loss | -0.00392    |
|    value_loss           | 0.297       |
-----------------------------------------
------------------------------------------
| rollout/                |              |
|    ep_len_mean          | 6.6          |
|    ep_rew_mean          | 5.71         |
| time/                   |              |
|    fps                  | 1338         |
|    iterations           | 26           |
|    time_elapsed         | 9            |
|    total_timesteps      | 13312        |
| train/                  |              |
|    approx_kl            | 0.0014919667 |
|    clip_fraction        | 0            |
|    clip_range           | 0.2          |
|    entropy_loss         | -2.15        |
|    explained_variance   | 0.906        |
|    learning_rate        | 0.0001       |
|    loss                 | 0.072        |
|    n_updates            | 250          |
|    policy_gradient_loss | -0.00381     |
|    value_loss           | 0.21         |
------------------------------------------
------------------------------------------
| rollout/                |              |
|    ep_len_mean          | 6.41         |
|    ep_rew_mean          | 5.83         |
| time/                   |              |
|    fps                  | 1274         |
|    iterations           | 27           |
|    time_elapsed         | 10           |
|    total_timesteps      | 13824        |
| train/                  |              |
|    approx_kl            | 0.0025723726 |
|    clip_fraction        | 0            |
|    clip_range           | 0.2          |
|    entropy_loss         | -2.07        |
|    explained_variance   | 0.887        |
|    learning_rate        | 0.0001       |
|    loss                 | 0.125        |
|    n_updates            | 260          |
|    policy_gradient_loss | -0.00332     |
|    value_loss           | 0.274        |
------------------------------------------
-----------------------------------------
| rollout/                |             |
|    ep_len_mean          | 6.18        |
|    ep_rew_mean          | 6.08        |
| time/                   |             |
|    fps                  | 1259        |
|    iterations           | 28          |
|    time_elapsed         | 11          |
|    total_timesteps      | 14336       |
| train/                  |             |
|    approx_kl            | 0.010130977 |
|    clip_fraction        | 0.0322      |
|    clip_range           | 0.2         |
|    entropy_loss         | -1.96       |
|    explained_variance   | 0.939       |
|    learning_rate        | 0.0001      |
|    loss                 | 0.0516      |
|    n_updates            | 270         |
|    policy_gradient_loss | -0.00784    |
|    value_loss           | 0.152       |
-----------------------------------------
------------------------------------------
| rollout/                |              |
|    ep_len_mean          | 6.13         |
|    ep_rew_mean          | 6.31         |
| time/                   |              |
|    fps                  | 1238         |
|    iterations           | 29           |
|    time_elapsed         | 11           |
|    total_timesteps      | 14848        |
| train/                  |              |
|    approx_kl            | 0.0014434297 |
|    clip_fraction        | 0            |
|    clip_range           | 0.2          |
|    entropy_loss         | -1.88        |
|    explained_variance   | 0.914        |
|    learning_rate        | 0.0001       |
|    loss                 | 0.0895       |
|    n_updates            | 280          |
|    policy_gradient_loss | -0.0044      |
|    value_loss           | 0.232        |
------------------------------------------
[ckpt 010] t=15360 mean_return_100=6.899
------------------------------------------
| rollout/                |              |
|    ep_len_mean          | 6.49         |
|    ep_rew_mean          | 5.88         |
| time/                   |              |
|    fps                  | 1163         |
|    iterations           | 30           |
|    time_elapsed         | 13           |
|    total_timesteps      | 15360        |
| train/                  |              |
|    approx_kl            | 0.0019941148 |
|    clip_fraction        | 0            |
|    clip_range           | 0.2          |
|    entropy_loss         | -1.89        |
|    explained_variance   | 0.944        |
|    learning_rate        | 0.0001       |
|    loss                 | 0.059        |
|    n_updates            | 290          |
|    policy_gradient_loss | -0.00396     |
|    value_loss           | 0.146        |
------------------------------------------
-----------------------------------------
| rollout/                |             |
|    ep_len_mean          | 5.53        |
|    ep_rew_mean          | 6.65        |
| time/                   |             |
|    fps                  | 1178        |
|    iterations           | 31          |
|    time_elapsed         | 13          |
|    total_timesteps      | 15872       |
| train/                  |             |
|    approx_kl            | 0.015249534 |
|    clip_fraction        | 0.0646      |
|    clip_range           | 0.2         |
|    entropy_loss         | -1.72       |
|    explained_variance   | 0.924       |
|    learning_rate        | 0.0001      |
|    loss                 | 0.0928      |
|    n_updates            | 300         |
|    policy_gradient_loss | -0.0101     |
|    value_loss           | 0.214       |
-----------------------------------------
------------------------------------------
| rollout/                |              |
|    ep_len_mean          | 5.16         |
|    ep_rew_mean          | 6.65         |
| time/                   |              |
|    fps                  | 1189         |
|    iterations           | 32           |
|    time_elapsed         | 13           |
|    total_timesteps      | 16384        |
| train/                  |              |
|    approx_kl            | 0.0048518414 |
|    clip_fraction        | 0.0143       |
|    clip_range           | 0.2          |
|    entropy_loss         | -1.57        |
|    explained_variance   | 0.939        |
|    learning_rate        | 0.0001       |
|    loss                 | 0.0626       |
|    n_updates            | 310          |
|    policy_gradient_loss | -0.00597     |
|    value_loss           | 0.161        |
------------------------------------------
----------------------------------------
| rollout/                |            |
|    ep_len_mean          | 4.96       |
|    ep_rew_mean          | 6.75       |
| time/                   |            |
|    fps                  | 1201       |
|    iterations           | 33         |
|    time_elapsed         | 14         |
|    total_timesteps      | 16896      |
| train/                  |            |
|    approx_kl            | 0.00211043 |
|    clip_fraction        | 0          |
|    clip_range           | 0.2        |
|    entropy_loss         | -1.48      |
|    explained_variance   | 0.917      |
|    learning_rate        | 0.0001     |
|    loss                 | 0.0903     |
|    n_updates            | 320        |
|    policy_gradient_loss | -0.00362   |
|    value_loss           | 0.219      |
----------------------------------------
------------------------------------------
| rollout/                |              |
|    ep_len_mean          | 5.24         |
|    ep_rew_mean          | 6.73         |
| time/                   |              |
|    fps                  | 1211         |
|    iterations           | 34           |
|    time_elapsed         | 14           |
|    total_timesteps      | 17408        |
| train/                  |              |
|    approx_kl            | 0.0011696712 |
|    clip_fraction        | 0.000391     |
|    clip_range           | 0.2          |
|    entropy_loss         | -1.42        |
|    explained_variance   | 0.932        |
|    learning_rate        | 0.0001       |
|    loss                 | 0.0676       |
|    n_updates            | 330          |
|    policy_gradient_loss | -0.00324     |
|    value_loss           | 0.174        |
------------------------------------------
-----------------------------------------
| rollout/                |             |
|    ep_len_mean          | 5.3         |
|    ep_rew_mean          | 6.76        |
| time/                   |             |
|    fps                  | 1220        |
|    iterations           | 35          |
|    time_elapsed         | 14          |
|    total_timesteps      | 17920       |
| train/                  |             |
|    approx_kl            | 0.004135049 |
|    clip_fraction        | 0.0102      |
|    clip_range           | 0.2         |
|    entropy_loss         | -1.38       |
|    explained_variance   | 0.942       |
|    learning_rate        | 0.0001      |
|    loss                 | 0.044       |
|    n_updates            | 340         |
|    policy_gradient_loss | -0.00692    |
|    value_loss           | 0.147       |
-----------------------------------------
------------------------------------------
| rollout/                |              |
|    ep_len_mean          | 4.77         |
|    ep_rew_mean          | 7            |
| time/                   |              |
|    fps                  | 1227         |
|    iterations           | 36           |
|    time_elapsed         | 15           |
|    total_timesteps      | 18432        |
| train/                  |              |
|    approx_kl            | 0.0044730124 |
|    clip_fraction        | 0.0111       |
|    clip_range           | 0.2          |
|    entropy_loss         | -1.25        |
|    explained_variance   | 0.958        |
|    learning_rate        | 0.0001       |
|    loss                 | 0.0296       |
|    n_updates            | 350          |
|    policy_gradient_loss | -0.00713     |
|    value_loss           | 0.107        |
------------------------------------------
-------------------------------------------
| rollout/                |               |
|    ep_len_mean          | 4.77          |
|    ep_rew_mean          | 6.89          |
| time/                   |               |
|    fps                  | 1232          |
|    iterations           | 37            |
|    time_elapsed         | 15            |
|    total_timesteps      | 18944         |
| train/                  |               |
|    approx_kl            | 0.00048731733 |
|    clip_fraction        | 0             |
|    clip_range           | 0.2           |
|    entropy_loss         | -1.2          |
|    explained_variance   | 0.963         |
|    learning_rate        | 0.0001        |
|    loss                 | 0.0383        |
|    n_updates            | 360           |
|    policy_gradient_loss | -0.00117      |
|    value_loss           | 0.0997        |
-------------------------------------------
-----------------------------------------
| rollout/                |             |
|    ep_len_mean          | 5           |
|    ep_rew_mean          | 6.8         |
| time/                   |             |
|    fps                  | 1233        |
|    iterations           | 38          |
|    time_elapsed         | 15          |
|    total_timesteps      | 19456       |
| train/                  |             |
|    approx_kl            | 0.001784041 |
|    clip_fraction        | 0.00215     |
|    clip_range           | 0.2         |
|    entropy_loss         | -1.16       |
|    explained_variance   | 0.955       |
|    learning_rate        | 0.0001      |
|    loss                 | 0.043       |
|    n_updates            | 370         |
|    policy_gradient_loss | -0.00383    |
|    value_loss           | 0.123       |
-----------------------------------------
------------------------------------------
| rollout/                |              |
|    ep_len_mean          | 4.44         |
|    ep_rew_mean          | 7.04         |
| time/                   |              |
|    fps                  | 1238         |
|    iterations           | 39           |
|    time_elapsed         | 16           |
|    total_timesteps      | 19968        |
| train/                  |              |
|    approx_kl            | 0.0020851344 |
|    clip_fraction        | 0.00273      |
|    clip_range           | 0.2          |
|    entropy_loss         | -1.13        |
|    explained_variance   | 0.948        |
|    learning_rate        | 0.0001       |
|    loss                 | 0.0439       |
|    n_updates            | 380          |
|    policy_gradient_loss | -0.00378     |
|    value_loss           | 0.136        |
------------------------------------------
-----------------------------------------
| rollout/                |             |
|    ep_len_mean          | 4.64        |
|    ep_rew_mean          | 6.99        |
| time/                   |             |
|    fps                  | 1244        |
|    iterations           | 40          |
|    time_elapsed         | 16          |
|    total_timesteps      | 20480       |
| train/                  |             |
|    approx_kl            | 0.003202559 |
|    clip_fraction        | 0.0145      |
|    clip_range           | 0.2         |
|    entropy_loss         | -1.05       |
|    explained_variance   | 0.962       |
|    learning_rate        | 0.0001      |
|    loss                 | 0.0392      |
|    n_updates            | 390         |
|    policy_gradient_loss | -0.00629    |
|    value_loss           | 0.107       |
-----------------------------------------
------------------------------------------
| rollout/                |              |
|    ep_len_mean          | 4.6          |
|    ep_rew_mean          | 6.96         |
| time/                   |              |
|    fps                  | 1250         |
|    iterations           | 41           |
|    time_elapsed         | 16           |
|    total_timesteps      | 20992        |
| train/                  |              |
|    approx_kl            | 0.0016007505 |
|    clip_fraction        | 0.00195      |
|    clip_range           | 0.2          |
|    entropy_loss         | -0.997       |
|    explained_variance   | 0.969        |
|    learning_rate        | 0.0001       |
|    loss                 | 0.0288       |
|    n_updates            | 400          |
|    policy_gradient_loss | -0.00352     |
|    value_loss           | 0.0866       |
------------------------------------------
------------------------------------------
| rollout/                |              |
|    ep_len_mean          | 4.63         |
|    ep_rew_mean          | 7.04         |
| time/                   |              |
|    fps                  | 1256         |
|    iterations           | 42           |
|    time_elapsed         | 17           |
|    total_timesteps      | 21504        |
| train/                  |              |
|    approx_kl            | 0.0011860412 |
|    clip_fraction        | 0.000977     |
|    clip_range           | 0.2          |
|    entropy_loss         | -0.997       |
|    explained_variance   | 0.958        |
|    learning_rate        | 0.0001       |
|    loss                 | 0.0344       |
|    n_updates            | 410          |
|    policy_gradient_loss | -0.00487     |
|    value_loss           | 0.11         |
------------------------------------------
------------------------------------------
| rollout/                |              |
|    ep_len_mean          | 4.55         |
|    ep_rew_mean          | 7            |
| time/                   |              |
|    fps                  | 1263         |
|    iterations           | 43           |
|    time_elapsed         | 17           |
|    total_timesteps      | 22016        |
| train/                  |              |
|    approx_kl            | 0.0018320802 |
|    clip_fraction        | 0.000781     |
|    clip_range           | 0.2          |
|    entropy_loss         | -0.977       |
|    explained_variance   | 0.968        |
|    learning_rate        | 0.0001       |
|    loss                 | 0.0237       |
|    n_updates            | 420          |
|    policy_gradient_loss | -0.00392     |
|    value_loss           | 0.089        |
------------------------------------------
------------------------------------------
| rollout/                |              |
|    ep_len_mean          | 4.58         |
|    ep_rew_mean          | 6.94         |
| time/                   |              |
|    fps                  | 1268         |
|    iterations           | 44           |
|    time_elapsed         | 17           |
|    total_timesteps      | 22528        |
| train/                  |              |
|    approx_kl            | 0.0029487514 |
|    clip_fraction        | 0.00625      |
|    clip_range           | 0.2          |
|    entropy_loss         | -0.958       |
|    explained_variance   | 0.964        |
|    learning_rate        | 0.0001       |
|    loss                 | 0.0359       |
|    n_updates            | 430          |
|    policy_gradient_loss | -0.00541     |
|    value_loss           | 0.0964       |
------------------------------------------
------------------------------------------
| rollout/                |              |
|    ep_len_mean          | 4.57         |
|    ep_rew_mean          | 6.88         |
| time/                   |              |
|    fps                  | 1272         |
|    iterations           | 45           |
|    time_elapsed         | 18           |
|    total_timesteps      | 23040        |
| train/                  |              |
|    approx_kl            | 0.0013586667 |
|    clip_fraction        | 0.000977     |
|    clip_range           | 0.2          |
|    entropy_loss         | -0.929       |
|    explained_variance   | 0.956        |
|    learning_rate        | 0.0001       |
|    loss                 | 0.0576       |
|    n_updates            | 440          |
|    policy_gradient_loss | -0.00316     |
|    value_loss           | 0.126        |
------------------------------------------
------------------------------------------
| rollout/                |              |
|    ep_len_mean          | 4.57         |
|    ep_rew_mean          | 6.94         |
| time/                   |              |
|    fps                  | 1274         |
|    iterations           | 46           |
|    time_elapsed         | 18           |
|    total_timesteps      | 23552        |
| train/                  |              |
|    approx_kl            | 0.0025446406 |
|    clip_fraction        | 0.00625      |
|    clip_range           | 0.2          |
|    entropy_loss         | -0.925       |
|    explained_variance   | 0.95         |
|    learning_rate        | 0.0001       |
|    loss                 | 0.0357       |
|    n_updates            | 450          |
|    policy_gradient_loss | -0.00708     |
|    value_loss           | 0.13         |
------------------------------------------
------------------------------------------
| rollout/                |              |
|    ep_len_mean          | 4.54         |
|    ep_rew_mean          | 7.09         |
| time/                   |              |
|    fps                  | 1264         |
|    iterations           | 47           |
|    time_elapsed         | 19           |
|    total_timesteps      | 24064        |
| train/                  |              |
|    approx_kl            | 0.0014608253 |
|    clip_fraction        | 0.0043       |
|    clip_range           | 0.2          |
|    entropy_loss         | -0.846       |
|    explained_variance   | 0.976        |
|    learning_rate        | 0.0001       |
|    loss                 | 0.0323       |
|    n_updates            | 460          |
|    policy_gradient_loss | -0.00369     |
|    value_loss           | 0.0677       |
------------------------------------------
------------------------------------------
| rollout/                |              |
|    ep_len_mean          | 4.52         |
|    ep_rew_mean          | 7.1          |
| time/                   |              |
|    fps                  | 1251         |
|    iterations           | 48           |
|    time_elapsed         | 19           |
|    total_timesteps      | 24576        |
| train/                  |              |
|    approx_kl            | 0.0021845738 |
|    clip_fraction        | 0.00527      |
|    clip_range           | 0.2          |
|    entropy_loss         | -0.804       |
|    explained_variance   | 0.968        |
|    learning_rate        | 0.0001       |
|    loss                 | 0.0203       |
|    n_updates            | 470          |
|    policy_gradient_loss | -0.00584     |
|    value_loss           | 0.0895       |
------------------------------------------
-----------------------------------------
| rollout/                |             |
|    ep_len_mean          | 4.41        |
|    ep_rew_mean          | 6.93        |
| time/                   |             |
|    fps                  | 1253        |
|    iterations           | 49          |
|    time_elapsed         | 20          |
|    total_timesteps      | 25088       |
| train/                  |             |
|    approx_kl            | 0.001861289 |
|    clip_fraction        | 0.00469     |
|    clip_range           | 0.2         |
|    entropy_loss         | -0.775      |
|    explained_variance   | 0.98        |
|    learning_rate        | 0.0001      |
|    loss                 | 0.0165      |
|    n_updates            | 480         |
|    policy_gradient_loss | -0.00499    |
|    value_loss           | 0.0555      |
-----------------------------------------
-------------------------------------------
| rollout/                |               |
|    ep_len_mean          | 4.52          |
|    ep_rew_mean          | 7.02          |
| time/                   |               |
|    fps                  | 1257          |
|    iterations           | 50            |
|    time_elapsed         | 20            |
|    total_timesteps      | 25600         |
| train/                  |               |
|    approx_kl            | 0.00079416705 |
|    clip_fraction        | 0.000195      |
|    clip_range           | 0.2           |
|    entropy_loss         | -0.744        |
|    explained_variance   | 0.956         |
|    learning_rate        | 0.0001        |
|    loss                 | 0.0717        |
|    n_updates            | 490           |
|    policy_gradient_loss | -0.00228      |
|    value_loss           | 0.129         |
-------------------------------------------
-------------------------------------------
| rollout/                |               |
|    ep_len_mean          | 4.67          |
|    ep_rew_mean          | 7.06          |
| time/                   |               |
|    fps                  | 1262          |
|    iterations           | 51            |
|    time_elapsed         | 20            |
|    total_timesteps      | 26112         |
| train/                  |               |
|    approx_kl            | 0.00080222706 |
|    clip_fraction        | 0.000391      |
|    clip_range           | 0.2           |
|    entropy_loss         | -0.726        |
|    explained_variance   | 0.966         |
|    learning_rate        | 0.0001        |
|    loss                 | 0.0325        |
|    n_updates            | 500           |
|    policy_gradient_loss | -0.00203      |
|    value_loss           | 0.094         |
-------------------------------------------
-------------------------------------------
| rollout/                |               |
|    ep_len_mean          | 4.51          |
|    ep_rew_mean          | 6.99          |
| time/                   |               |
|    fps                  | 1267          |
|    iterations           | 52            |
|    time_elapsed         | 21            |
|    total_timesteps      | 26624         |
| train/                  |               |
|    approx_kl            | 0.00060185627 |
|    clip_fraction        | 0             |
|    clip_range           | 0.2           |
|    entropy_loss         | -0.746        |
|    explained_variance   | 0.976         |
|    learning_rate        | 0.0001        |
|    loss                 | 0.0179        |
|    n_updates            | 510           |
|    policy_gradient_loss | -0.00171      |
|    value_loss           | 0.066         |
-------------------------------------------
-----------------------------------------
| rollout/                |             |
|    ep_len_mean          | 4.4         |
|    ep_rew_mean          | 6.77        |
| time/                   |             |
|    fps                  | 1272        |
|    iterations           | 53          |
|    time_elapsed         | 21          |
|    total_timesteps      | 27136       |
| train/                  |             |
|    approx_kl            | 0.000505533 |
|    clip_fraction        | 0           |
|    clip_range           | 0.2         |
|    entropy_loss         | -0.765      |
|    explained_variance   | 0.965       |
|    learning_rate        | 0.0001      |
|    loss                 | 0.0292      |
|    n_updates            | 520         |
|    policy_gradient_loss | -0.00224    |
|    value_loss           | 0.0961      |
-----------------------------------------
------------------------------------------
| rollout/                |              |
|    ep_len_mean          | 4.25         |
|    ep_rew_mean          | 7            |
| time/                   |              |
|    fps                  | 1277         |
|    iterations           | 54           |
|    time_elapsed         | 21           |
|    total_timesteps      | 27648        |
| train/                  |              |
|    approx_kl            | 0.0013184365 |
|    clip_fraction        | 0.00313      |
|    clip_range           | 0.2          |
|    entropy_loss         | -0.746       |
|    explained_variance   | 0.937        |
|    learning_rate        | 0.0001       |
|    loss                 | 0.0822       |
|    n_updates            | 530          |
|    policy_gradient_loss | -0.00357     |
|    value_loss           | 0.167        |
------------------------------------------
------------------------------------------
| rollout/                |              |
|    ep_len_mean          | 4.25         |
|    ep_rew_mean          | 7.04         |
| time/                   |              |
|    fps                  | 1280         |
|    iterations           | 55           |
|    time_elapsed         | 21           |
|    total_timesteps      | 28160        |
| train/                  |              |
|    approx_kl            | 0.0007258873 |
|    clip_fraction        | 0.000586     |
|    clip_range           | 0.2          |
|    entropy_loss         | -0.692       |
|    explained_variance   | 0.971        |
|    learning_rate        | 0.0001       |
|    loss                 | 0.0277       |
|    n_updates            | 540          |
|    policy_gradient_loss | -0.0026      |
|    value_loss           | 0.0787       |
------------------------------------------
-----------------------------------------
| rollout/                |             |
|    ep_len_mean          | 4.42        |
|    ep_rew_mean          | 6.99        |
| time/                   |             |
|    fps                  | 1279        |
|    iterations           | 56          |
|    time_elapsed         | 22          |
|    total_timesteps      | 28672       |
| train/                  |             |
|    approx_kl            | 0.004104862 |
|    clip_fraction        | 0.0232      |
|    clip_range           | 0.2         |
|    entropy_loss         | -0.707      |
|    explained_variance   | 0.966       |
|    learning_rate        | 0.0001      |
|    loss                 | 0.0374      |
|    n_updates            | 550         |
|    policy_gradient_loss | -0.00567    |
|    value_loss           | 0.0978      |
-----------------------------------------
------------------------------------------
| rollout/                |              |
|    ep_len_mean          | 4.47         |
|    ep_rew_mean          | 6.99         |
| time/                   |              |
|    fps                  | 1283         |
|    iterations           | 57           |
|    time_elapsed         | 22           |
|    total_timesteps      | 29184        |
| train/                  |              |
|    approx_kl            | 0.0023834575 |
|    clip_fraction        | 0.00937      |
|    clip_range           | 0.2          |
|    entropy_loss         | -0.653       |
|    explained_variance   | 0.969        |
|    learning_rate        | 0.0001       |
|    loss                 | 0.0283       |
|    n_updates            | 560          |
|    policy_gradient_loss | -0.00561     |
|    value_loss           | 0.0846       |
------------------------------------------
-------------------------------------------
| rollout/                |               |
|    ep_len_mean          | 4.41          |
|    ep_rew_mean          | 6.91          |
| time/                   |               |
|    fps                  | 1287          |
|    iterations           | 58            |
|    time_elapsed         | 23            |
|    total_timesteps      | 29696         |
| train/                  |               |
|    approx_kl            | 0.00067006866 |
|    clip_fraction        | 0             |
|    clip_range           | 0.2           |
|    entropy_loss         | -0.651        |
|    explained_variance   | 0.968         |
|    learning_rate        | 0.0001        |
|    loss                 | 0.0429        |
|    n_updates            | 570           |
|    policy_gradient_loss | -0.00228      |
|    value_loss           | 0.0887        |
-------------------------------------------
------------------------------------------
| rollout/                |              |
|    ep_len_mean          | 4.41         |
|    ep_rew_mean          | 7.07         |
| time/                   |              |
|    fps                  | 1290         |
|    iterations           | 59           |
|    time_elapsed         | 23           |
|    total_timesteps      | 30208        |
| train/                  |              |
|    approx_kl            | 0.0011187193 |
|    clip_fraction        | 0.00117      |
|    clip_range           | 0.2          |
|    entropy_loss         | -0.656       |
|    explained_variance   | 0.963        |
|    learning_rate        | 0.0001       |
|    loss                 | 0.0385       |
|    n_updates            | 580          |
|    policy_gradient_loss | -0.00362     |
|    value_loss           | 0.0966       |
------------------------------------------
-------------------------------------------
| rollout/                |               |
|    ep_len_mean          | 4.4           |
|    ep_rew_mean          | 6.99          |
| time/                   |               |
|    fps                  | 1293          |
|    iterations           | 60            |
|    time_elapsed         | 23            |
|    total_timesteps      | 30720         |
| train/                  |               |
|    approx_kl            | 0.00085781066 |
|    clip_fraction        | 0.000586      |
|    clip_range           | 0.2           |
|    entropy_loss         | -0.62         |
|    explained_variance   | 0.97          |
|    learning_rate        | 0.0001        |
|    loss                 | 0.0418        |
|    n_updates            | 590           |
|    policy_gradient_loss | -0.00225      |
|    value_loss           | 0.0834        |
-------------------------------------------
------------------------------------------
| rollout/                |              |
|    ep_len_mean          | 4.31         |
|    ep_rew_mean          | 7.1          |
| time/                   |              |
|    fps                  | 1296         |
|    iterations           | 61           |
|    time_elapsed         | 24           |
|    total_timesteps      | 31232        |
| train/                  |              |
|    approx_kl            | 0.0017428404 |
|    clip_fraction        | 0.00273      |
|    clip_range           | 0.2          |
|    entropy_loss         | -0.636       |
|    explained_variance   | 0.968        |
|    learning_rate        | 0.0001       |
|    loss                 | 0.0307       |
|    n_updates            | 600          |
|    policy_gradient_loss | -0.00462     |
|    value_loss           | 0.0892       |
------------------------------------------
------------------------------------------
| rollout/                |              |
|    ep_len_mean          | 4.39         |
|    ep_rew_mean          | 7.03         |
| time/                   |              |
|    fps                  | 1298         |
|    iterations           | 62           |
|    time_elapsed         | 24           |
|    total_timesteps      | 31744        |
| train/                  |              |
|    approx_kl            | 0.0007181444 |
|    clip_fraction        | 0.000391     |
|    clip_range           | 0.2          |
|    entropy_loss         | -0.638       |
|    explained_variance   | 0.969        |
|    learning_rate        | 0.0001       |
|    loss                 | 0.0401       |
|    n_updates            | 610          |
|    policy_gradient_loss | -0.0022      |
|    value_loss           | 0.0882       |
------------------------------------------
------------------------------------------
| rollout/                |              |
|    ep_len_mean          | 4.31         |
|    ep_rew_mean          | 7.13         |
| time/                   |              |
|    fps                  | 1300         |
|    iterations           | 63           |
|    time_elapsed         | 24           |
|    total_timesteps      | 32256        |
| train/                  |              |
|    approx_kl            | 0.0011563771 |
|    clip_fraction        | 0.00117      |
|    clip_range           | 0.2          |
|    entropy_loss         | -0.628       |
|    explained_variance   | 0.972        |
|    learning_rate        | 0.0001       |
|    loss                 | 0.019        |
|    n_updates            | 620          |
|    policy_gradient_loss | -0.00368     |
|    value_loss           | 0.0768       |
------------------------------------------
------------------------------------------
| rollout/                |              |
|    ep_len_mean          | 4.3          |
|    ep_rew_mean          | 7.07         |
| time/                   |              |
|    fps                  | 1301         |
|    iterations           | 64           |
|    time_elapsed         | 25           |
|    total_timesteps      | 32768        |
| train/                  |              |
|    approx_kl            | 0.0033244537 |
|    clip_fraction        | 0.0123       |
|    clip_range           | 0.2          |
|    entropy_loss         | -0.614       |
|    explained_variance   | 0.97         |
|    learning_rate        | 0.0001       |
|    loss                 | 0.0135       |
|    n_updates            | 630          |
|    policy_gradient_loss | -0.00551     |
|    value_loss           | 0.0836       |
------------------------------------------
------------------------------------------
| rollout/                |              |
|    ep_len_mean          | 4.51         |
|    ep_rew_mean          | 7.03         |
| time/                   |              |
|    fps                  | 1303         |
|    iterations           | 65           |
|    time_elapsed         | 25           |
|    total_timesteps      | 33280        |
| train/                  |              |
|    approx_kl            | 0.0006871426 |
|    clip_fraction        | 0            |
|    clip_range           | 0.2          |
|    entropy_loss         | -0.593       |
|    explained_variance   | 0.963        |
|    learning_rate        | 0.0001       |
|    loss                 | 0.0222       |
|    n_updates            | 640          |
|    policy_gradient_loss | -0.00299     |
|    value_loss           | 0.0989       |
------------------------------------------
------------------------------------------
| rollout/                |              |
|    ep_len_mean          | 4.42         |
|    ep_rew_mean          | 7.05         |
| time/                   |              |
|    fps                  | 1305         |
|    iterations           | 66           |
|    time_elapsed         | 25           |
|    total_timesteps      | 33792        |
| train/                  |              |
|    approx_kl            | 0.0010512719 |
|    clip_fraction        | 0.00391      |
|    clip_range           | 0.2          |
|    entropy_loss         | -0.617       |
|    explained_variance   | 0.969        |
|    learning_rate        | 0.0001       |
|    loss                 | 0.036        |
|    n_updates            | 650          |
|    policy_gradient_loss | -0.00267     |
|    value_loss           | 0.0894       |
------------------------------------------
------------------------------------------
| rollout/                |              |
|    ep_len_mean          | 4.53         |
|    ep_rew_mean          | 6.98         |
| time/                   |              |
|    fps                  | 1308         |
|    iterations           | 67           |
|    time_elapsed         | 26           |
|    total_timesteps      | 34304        |
| train/                  |              |
|    approx_kl            | 0.0017450062 |
|    clip_fraction        | 0.0104       |
|    clip_range           | 0.2          |
|    entropy_loss         | -0.655       |
|    explained_variance   | 0.967        |
|    learning_rate        | 0.0001       |
|    loss                 | 0.0331       |
|    n_updates            | 660          |
|    policy_gradient_loss | -0.00245     |
|    value_loss           | 0.0896       |
------------------------------------------
------------------------------------------
| rollout/                |              |
|    ep_len_mean          | 4.56         |
|    ep_rew_mean          | 7.12         |
| time/                   |              |
|    fps                  | 1310         |
|    iterations           | 68           |
|    time_elapsed         | 26           |
|    total_timesteps      | 34816        |
| train/                  |              |
|    approx_kl            | 0.0010634353 |
|    clip_fraction        | 0.000195     |
|    clip_range           | 0.2          |
|    entropy_loss         | -0.635       |
|    explained_variance   | 0.968        |
|    learning_rate        | 0.0001       |
|    loss                 | 0.0352       |
|    n_updates            | 670          |
|    policy_gradient_loss | -0.00404     |
|    value_loss           | 0.0882       |
------------------------------------------
-------------------------------------------
| rollout/                |               |
|    ep_len_mean          | 4.46          |
|    ep_rew_mean          | 7.09          |
| time/                   |               |
|    fps                  | 1308          |
|    iterations           | 69            |
|    time_elapsed         | 27            |
|    total_timesteps      | 35328         |
| train/                  |               |
|    approx_kl            | 0.00068837573 |
|    clip_fraction        | 0.000391      |
|    clip_range           | 0.2           |
|    entropy_loss         | -0.583        |
|    explained_variance   | 0.973         |
|    learning_rate        | 0.0001        |
|    loss                 | 0.0332        |
|    n_updates            | 680           |
|    policy_gradient_loss | -0.00275      |
|    value_loss           | 0.0768        |
-------------------------------------------
------------------------------------------
| rollout/                |              |
|    ep_len_mean          | 4.55         |
|    ep_rew_mean          | 7.08         |
| time/                   |              |
|    fps                  | 1309         |
|    iterations           | 70           |
|    time_elapsed         | 27           |
|    total_timesteps      | 35840        |
| train/                  |              |
|    approx_kl            | 0.0011563622 |
|    clip_fraction        | 0.00293      |
|    clip_range           | 0.2          |
|    entropy_loss         | -0.576       |
|    explained_variance   | 0.973        |
|    learning_rate        | 0.0001       |
|    loss                 | 0.0322       |
|    n_updates            | 690          |
|    policy_gradient_loss | -0.00458     |
|    value_loss           | 0.0767       |
------------------------------------------
------------------------------------------
| rollout/                |              |
|    ep_len_mean          | 4.47         |
|    ep_rew_mean          | 7            |
| time/                   |              |
|    fps                  | 1311         |
|    iterations           | 71           |
|    time_elapsed         | 27           |
|    total_timesteps      | 36352        |
| train/                  |              |
|    approx_kl            | 0.0026791575 |
|    clip_fraction        | 0.00625      |
|    clip_range           | 0.2          |
|    entropy_loss         | -0.582       |
|    explained_variance   | 0.957        |
|    learning_rate        | 0.0001       |
|    loss                 | 0.041        |
|    n_updates            | 700          |
|    policy_gradient_loss | -0.00699     |
|    value_loss           | 0.121        |
------------------------------------------
------------------------------------------
| rollout/                |              |
|    ep_len_mean          | 4.23         |
|    ep_rew_mean          | 7.08         |
| time/                   |              |
|    fps                  | 1313         |
|    iterations           | 72           |
|    time_elapsed         | 28           |
|    total_timesteps      | 36864        |
| train/                  |              |
|    approx_kl            | 0.0012038088 |
|    clip_fraction        | 0.0043       |
|    clip_range           | 0.2          |
|    entropy_loss         | -0.55        |
|    explained_variance   | 0.967        |
|    learning_rate        | 0.0001       |
|    loss                 | 0.0219       |
|    n_updates            | 710          |
|    policy_gradient_loss | -0.00281     |
|    value_loss           | 0.0876       |
------------------------------------------
-----------------------------------------
| rollout/                |             |
|    ep_len_mean          | 4.46        |
|    ep_rew_mean          | 7.05        |
| time/                   |             |
|    fps                  | 1314        |
|    iterations           | 73          |
|    time_elapsed         | 28          |
|    total_timesteps      | 37376       |
| train/                  |             |
|    approx_kl            | 0.002140991 |
|    clip_fraction        | 0.0082      |
|    clip_range           | 0.2         |
|    entropy_loss         | -0.54       |
|    explained_variance   | 0.959       |
|    learning_rate        | 0.0001      |
|    loss                 | 0.0449      |
|    n_updates            | 720         |
|    policy_gradient_loss | -0.00413    |
|    value_loss           | 0.118       |
-----------------------------------------
------------------------------------------
| rollout/                |              |
|    ep_len_mean          | 4.3          |
|    ep_rew_mean          | 7.01         |
| time/                   |              |
|    fps                  | 1315         |
|    iterations           | 74           |
|    time_elapsed         | 28           |
|    total_timesteps      | 37888        |
| train/                  |              |
|    approx_kl            | 0.0010308404 |
|    clip_fraction        | 0.00137      |
|    clip_range           | 0.2          |
|    entropy_loss         | -0.539       |
|    explained_variance   | 0.968        |
|    learning_rate        | 0.0001       |
|    loss                 | 0.042        |
|    n_updates            | 730          |
|    policy_gradient_loss | -0.00244     |
|    value_loss           | 0.0882       |
------------------------------------------
------------------------------------------
| rollout/                |              |
|    ep_len_mean          | 4.45         |
|    ep_rew_mean          | 6.98         |
| time/                   |              |
|    fps                  | 1316         |
|    iterations           | 75           |
|    time_elapsed         | 29           |
|    total_timesteps      | 38400        |
| train/                  |              |
|    approx_kl            | 0.0016244617 |
|    clip_fraction        | 0.00508      |
|    clip_range           | 0.2          |
|    entropy_loss         | -0.565       |
|    explained_variance   | 0.978        |
|    learning_rate        | 0.0001       |
|    loss                 | 0.0202       |
|    n_updates            | 740          |
|    policy_gradient_loss | -0.00419     |
|    value_loss           | 0.0636       |
------------------------------------------
-----------------------------------------
| rollout/                |             |
|    ep_len_mean          | 4.59        |
|    ep_rew_mean          | 7.07        |
| time/                   |             |
|    fps                  | 1316        |
|    iterations           | 76          |
|    time_elapsed         | 29          |
|    total_timesteps      | 38912       |
| train/                  |             |
|    approx_kl            | 0.003981516 |
|    clip_fraction        | 0.0152      |
|    clip_range           | 0.2         |
|    entropy_loss         | -0.568      |
|    explained_variance   | 0.971       |
|    learning_rate        | 0.0001      |
|    loss                 | 0.023       |
|    n_updates            | 750         |
|    policy_gradient_loss | -0.00582    |
|    value_loss           | 0.0829      |
-----------------------------------------
-----------------------------------------
| rollout/                |             |
|    ep_len_mean          | 4.49        |
|    ep_rew_mean          | 7.01        |
| time/                   |             |
|    fps                  | 1316        |
|    iterations           | 77          |
|    time_elapsed         | 29          |
|    total_timesteps      | 39424       |
| train/                  |             |
|    approx_kl            | 0.003326444 |
|    clip_fraction        | 0.0121      |
|    clip_range           | 0.2         |
|    entropy_loss         | -0.588      |
|    explained_variance   | 0.971       |
|    learning_rate        | 0.0001      |
|    loss                 | 0.0185      |
|    n_updates            | 760         |
|    policy_gradient_loss | -0.00499    |
|    value_loss           | 0.0801      |
-----------------------------------------
------------------------------------------
| rollout/                |              |
|    ep_len_mean          | 4.53         |
|    ep_rew_mean          | 7.06         |
| time/                   |              |
|    fps                  | 1317         |
|    iterations           | 78           |
|    time_elapsed         | 30           |
|    total_timesteps      | 39936        |
| train/                  |              |
|    approx_kl            | 0.0032523258 |
|    clip_fraction        | 0.015        |
|    clip_range           | 0.2          |
|    entropy_loss         | -0.603       |
|    explained_variance   | 0.973        |
|    learning_rate        | 0.0001       |
|    loss                 | 0.0288       |
|    n_updates            | 770          |
|    policy_gradient_loss | -0.0045      |
|    value_loss           | 0.0766       |
------------------------------------------
------------------------------------------
| rollout/                |              |
|    ep_len_mean          | 4.59         |
|    ep_rew_mean          | 7.12         |
| time/                   |              |
|    fps                  | 1319         |
|    iterations           | 79           |
|    time_elapsed         | 30           |
|    total_timesteps      | 40448        |
| train/                  |              |
|    approx_kl            | 0.0036931424 |
|    clip_fraction        | 0.0104       |
|    clip_range           | 0.2          |
|    entropy_loss         | -0.62        |
|    explained_variance   | 0.978        |
|    learning_rate        | 0.0001       |
|    loss                 | 0.0109       |
|    n_updates            | 780          |
|    policy_gradient_loss | -0.00578     |
|    value_loss           | 0.0626       |
------------------------------------------
-----------------------------------------
| rollout/                |             |
|    ep_len_mean          | 4.54        |
|    ep_rew_mean          | 7.15        |
| time/                   |             |
|    fps                  | 1313        |
|    iterations           | 80          |
|    time_elapsed         | 31          |
|    total_timesteps      | 40960       |
| train/                  |             |
|    approx_kl            | 0.005957391 |
|    clip_fraction        | 0.024       |
|    clip_range           | 0.2         |
|    entropy_loss         | -0.592      |
|    explained_variance   | 0.975       |
|    learning_rate        | 0.0001      |
|    loss                 | 0.0175      |
|    n_updates            | 790         |
|    policy_gradient_loss | -0.00762    |
|    value_loss           | 0.0724      |
-----------------------------------------
------------------------------------------
| rollout/                |              |
|    ep_len_mean          | 4.53         |
|    ep_rew_mean          | 7.13         |
| time/                   |              |
|    fps                  | 1305         |
|    iterations           | 81           |
|    time_elapsed         | 31           |
|    total_timesteps      | 41472        |
| train/                  |              |
|    approx_kl            | 0.0054566255 |
|    clip_fraction        | 0.0295       |
|    clip_range           | 0.2          |
|    entropy_loss         | -0.587       |
|    explained_variance   | 0.992        |
|    learning_rate        | 0.0001       |
|    loss                 | -0.00706     |
|    n_updates            | 800          |
|    policy_gradient_loss | -0.00471     |
|    value_loss           | 0.025        |
------------------------------------------
----------------------------------------
| rollout/                |            |
|    ep_len_mean          | 4.48       |
|    ep_rew_mean          | 7.07       |
| time/                   |            |
|    fps                  | 1305       |
|    iterations           | 82         |
|    time_elapsed         | 32         |
|    total_timesteps      | 41984      |
| train/                  |            |
|    approx_kl            | 0.00599257 |
|    clip_fraction        | 0.0363     |
|    clip_range           | 0.2        |
|    entropy_loss         | -0.599     |
|    explained_variance   | 0.977      |
|    learning_rate        | 0.0001     |
|    loss                 | 0.0038     |
|    n_updates            | 810        |
|    policy_gradient_loss | -0.0072    |
|    value_loss           | 0.0644     |
----------------------------------------
------------------------------------------
| rollout/                |              |
|    ep_len_mean          | 4.82         |
|    ep_rew_mean          | 6.99         |
| time/                   |              |
|    fps                  | 1305         |
|    iterations           | 83           |
|    time_elapsed         | 32           |
|    total_timesteps      | 42496        |
| train/                  |              |
|    approx_kl            | 0.0043515502 |
|    clip_fraction        | 0.017        |
|    clip_range           | 0.2          |
|    entropy_loss         | -0.674       |
|    explained_variance   | 0.988        |
|    learning_rate        | 0.0001       |
|    loss                 | 0.00264      |
|    n_updates            | 820          |
|    policy_gradient_loss | -0.00431     |
|    value_loss           | 0.0337       |
------------------------------------------
-----------------------------------------
| rollout/                |             |
|    ep_len_mean          | 4.82        |
|    ep_rew_mean          | 6.99        |
| time/                   |             |
|    fps                  | 1307        |
|    iterations           | 84          |
|    time_elapsed         | 32          |
|    total_timesteps      | 43008       |
| train/                  |             |
|    approx_kl            | 0.009015663 |
|    clip_fraction        | 0.0471      |
|    clip_range           | 0.2         |
|    entropy_loss         | -0.719      |
|    explained_variance   | 0.979       |
|    learning_rate        | 0.0001      |
|    loss                 | 0.0058      |
|    n_updates            | 830         |
|    policy_gradient_loss | -0.00495    |
|    value_loss           | 0.0594      |
-----------------------------------------
----------------------------------------
| rollout/                |            |
|    ep_len_mean          | 5.01       |
|    ep_rew_mean          | 7.09       |
| time/                   |            |
|    fps                  | 1310       |
|    iterations           | 85         |
|    time_elapsed         | 33         |
|    total_timesteps      | 43520      |
| train/                  |            |
|    approx_kl            | 0.00635284 |
|    clip_fraction        | 0.0467     |
|    clip_range           | 0.2        |
|    entropy_loss         | -0.696     |
|    explained_variance   | 0.978      |
|    learning_rate        | 0.0001     |
|    loss                 | 0.0228     |
|    n_updates            | 840        |
|    policy_gradient_loss | -0.00711   |
|    value_loss           | 0.0648     |
----------------------------------------
------------------------------------------
| rollout/                |              |
|    ep_len_mean          | 4.8          |
|    ep_rew_mean          | 7.16         |
| time/                   |              |
|    fps                  | 1312         |
|    iterations           | 86           |
|    time_elapsed         | 33           |
|    total_timesteps      | 44032        |
| train/                  |              |
|    approx_kl            | 0.0068210866 |
|    clip_fraction        | 0.0266       |
|    clip_range           | 0.2          |
|    entropy_loss         | -0.716       |
|    explained_variance   | 0.985        |
|    learning_rate        | 0.0001       |
|    loss                 | 0.0108       |
|    n_updates            | 850          |
|    policy_gradient_loss | -0.00615     |
|    value_loss           | 0.0443       |
------------------------------------------
-----------------------------------------
| rollout/                |             |
|    ep_len_mean          | 5.05        |
|    ep_rew_mean          | 7           |
| time/                   |             |
|    fps                  | 1315        |
|    iterations           | 87          |
|    time_elapsed         | 33          |
|    total_timesteps      | 44544       |
| train/                  |             |
|    approx_kl            | 0.005948061 |
|    clip_fraction        | 0.0227      |
|    clip_range           | 0.2         |
|    entropy_loss         | -0.694      |
|    explained_variance   | 0.984       |
|    learning_rate        | 0.0001      |
|    loss                 | 0.0106      |
|    n_updates            | 860         |
|    policy_gradient_loss | -0.00355    |
|    value_loss           | 0.0445      |
-----------------------------------------
-----------------------------------------
| rollout/                |             |
|    ep_len_mean          | 5.15        |
|    ep_rew_mean          | 6.9         |
| time/                   |             |
|    fps                  | 1318        |
|    iterations           | 88          |
|    time_elapsed         | 34          |
|    total_timesteps      | 45056       |
| train/                  |             |
|    approx_kl            | 0.015405938 |
|    clip_fraction        | 0.1         |
|    clip_range           | 0.2         |
|    entropy_loss         | -0.801      |
|    explained_variance   | 0.977       |
|    learning_rate        | 0.0001      |
|    loss                 | 0.00645     |
|    n_updates            | 870         |
|    policy_gradient_loss | -0.0118     |
|    value_loss           | 0.0664      |
-----------------------------------------
-----------------------------------------
| rollout/                |             |
|    ep_len_mean          | 5.15        |
|    ep_rew_mean          | 6.94        |
| time/                   |             |
|    fps                  | 1320        |
|    iterations           | 89          |
|    time_elapsed         | 34          |
|    total_timesteps      | 45568       |
| train/                  |             |
|    approx_kl            | 0.007641084 |
|    clip_fraction        | 0.0359      |
|    clip_range           | 0.2         |
|    entropy_loss         | -0.789      |
|    explained_variance   | 0.983       |
|    learning_rate        | 0.0001      |
|    loss                 | 0.00882     |
|    n_updates            | 880         |
|    policy_gradient_loss | -0.00756    |
|    value_loss           | 0.0481      |
-----------------------------------------
-----------------------------------------
| rollout/                |             |
|    ep_len_mean          | 5.43        |
|    ep_rew_mean          | 6.92        |
| time/                   |             |
|    fps                  | 1323        |
|    iterations           | 90          |
|    time_elapsed         | 34          |
|    total_timesteps      | 46080       |
| train/                  |             |
|    approx_kl            | 0.007700069 |
|    clip_fraction        | 0.0443      |
|    clip_range           | 0.2         |
|    entropy_loss         | -0.83       |
|    explained_variance   | 0.983       |
|    learning_rate        | 0.0001      |
|    loss                 | 0.016       |
|    n_updates            | 890         |
|    policy_gradient_loss | -0.00649    |
|    value_loss           | 0.0489      |
-----------------------------------------
-----------------------------------------
| rollout/                |             |
|    ep_len_mean          | 5.1         |
|    ep_rew_mean          | 7.01        |
| time/                   |             |
|    fps                  | 1325        |
|    iterations           | 91          |
|    time_elapsed         | 35          |
|    total_timesteps      | 46592       |
| train/                  |             |
|    approx_kl            | 0.006626629 |
|    clip_fraction        | 0.0396      |
|    clip_range           | 0.2         |
|    entropy_loss         | -0.793      |
|    explained_variance   | 0.984       |
|    learning_rate        | 0.0001      |
|    loss                 | -0.00595    |
|    n_updates            | 900         |
|    policy_gradient_loss | -0.0104     |
|    value_loss           | 0.0479      |
-----------------------------------------
------------------------------------------
| rollout/                |              |
|    ep_len_mean          | 5.27         |
|    ep_rew_mean          | 6.99         |
| time/                   |              |
|    fps                  | 1328         |
|    iterations           | 92           |
|    time_elapsed         | 35           |
|    total_timesteps      | 47104        |
| train/                  |              |
|    approx_kl            | 0.0029952119 |
|    clip_fraction        | 0.0295       |
|    clip_range           | 0.2          |
|    entropy_loss         | -0.707       |
|    explained_variance   | 0.985        |
|    learning_rate        | 0.0001       |
|    loss                 | 0.00679      |
|    n_updates            | 910          |
|    policy_gradient_loss | -0.00572     |
|    value_loss           | 0.0426       |
------------------------------------------
------------------------------------------
| rollout/                |              |
|    ep_len_mean          | 5.28         |
|    ep_rew_mean          | 7.02         |
| time/                   |              |
|    fps                  | 1330         |
|    iterations           | 93           |
|    time_elapsed         | 35           |
|    total_timesteps      | 47616        |
| train/                  |              |
|    approx_kl            | 0.0048690513 |
|    clip_fraction        | 0.0699       |
|    clip_range           | 0.2          |
|    entropy_loss         | -0.739       |
|    explained_variance   | 0.978        |
|    learning_rate        | 0.0001       |
|    loss                 | 0.0118       |
|    n_updates            | 920          |
|    policy_gradient_loss | -0.0101      |
|    value_loss           | 0.0642       |
------------------------------------------
-----------------------------------------
| rollout/                |             |
|    ep_len_mean          | 5.28        |
|    ep_rew_mean          | 7.07        |
| time/                   |             |
|    fps                  | 1333        |
|    iterations           | 94          |
|    time_elapsed         | 36          |
|    total_timesteps      | 48128       |
| train/                  |             |
|    approx_kl            | 0.005422783 |
|    clip_fraction        | 0.0439      |
|    clip_range           | 0.2         |
|    entropy_loss         | -0.776      |
|    explained_variance   | 0.993       |
|    learning_rate        | 0.0001      |
|    loss                 | -0.0019     |
|    n_updates            | 930         |
|    policy_gradient_loss | -0.00495    |
|    value_loss           | 0.0198      |
-----------------------------------------
------------------------------------------
| rollout/                |              |
|    ep_len_mean          | 5.21         |
|    ep_rew_mean          | 7.13         |
| time/                   |              |
|    fps                  | 1335         |
|    iterations           | 95           |
|    time_elapsed         | 36           |
|    total_timesteps      | 48640        |
| train/                  |              |
|    approx_kl            | 0.0072719413 |
|    clip_fraction        | 0.0721       |
|    clip_range           | 0.2          |
|    entropy_loss         | -0.714       |
|    explained_variance   | 0.974        |
|    learning_rate        | 0.0001       |
|    loss                 | 0.0125       |
|    n_updates            | 940          |
|    policy_gradient_loss | -0.00828     |
|    value_loss           | 0.072        |
------------------------------------------
-----------------------------------------
| rollout/                |             |
|    ep_len_mean          | 5.21        |
|    ep_rew_mean          | 7           |
| time/                   |             |
|    fps                  | 1337        |
|    iterations           | 96          |
|    time_elapsed         | 36          |
|    total_timesteps      | 49152       |
| train/                  |             |
|    approx_kl            | 0.005644151 |
|    clip_fraction        | 0.0363      |
|    clip_range           | 0.2         |
|    entropy_loss         | -0.703      |
|    explained_variance   | 0.987       |
|    learning_rate        | 0.0001      |
|    loss                 | 0.00246     |
|    n_updates            | 950         |
|    policy_gradient_loss | -0.00683    |
|    value_loss           | 0.0384      |
-----------------------------------------
------------------------------------------
| rollout/                |              |
|    ep_len_mean          | 5.09         |
|    ep_rew_mean          | 6.92         |
| time/                   |              |
|    fps                  | 1339         |
|    iterations           | 97           |
|    time_elapsed         | 37           |
|    total_timesteps      | 49664        |
| train/                  |              |
|    approx_kl            | 0.0036106282 |
|    clip_fraction        | 0.0348       |
|    clip_range           | 0.2          |
|    entropy_loss         | -0.62        |
|    explained_variance   | 0.982        |
|    learning_rate        | 0.0001       |
|    loss                 | 0.00191      |
|    n_updates            | 960          |
|    policy_gradient_loss | -0.00693     |
|    value_loss           | 0.0509       |
------------------------------------------
-----------------------------------------
| rollout/                |             |
|    ep_len_mean          | 5.07        |
|    ep_rew_mean          | 7.1         |
| time/                   |             |
|    fps                  | 1341        |
|    iterations           | 98          |
|    time_elapsed         | 37          |
|    total_timesteps      | 50176       |
| train/                  |             |
|    approx_kl            | 0.004077659 |
|    clip_fraction        | 0.0326      |
|    clip_range           | 0.2         |
|    entropy_loss         | -0.717      |
|    explained_variance   | 0.987       |
|    learning_rate        | 0.0001      |
|    loss                 | 0.00232     |
|    n_updates            | 970         |
|    policy_gradient_loss | -0.00348    |
|    value_loss           | 0.036       |
-----------------------------------------
-----------------------------------------
| rollout/                |             |
|    ep_len_mean          | 4.94        |
|    ep_rew_mean          | 7.06        |
| time/                   |             |
|    fps                  | 1340        |
|    iterations           | 99          |
|    time_elapsed         | 37          |
|    total_timesteps      | 50688       |
| train/                  |             |
|    approx_kl            | 0.007412457 |
|    clip_fraction        | 0.0627      |
|    clip_range           | 0.2         |
|    entropy_loss         | -0.634      |
|    explained_variance   | 0.995       |
|    learning_rate        | 0.0001      |
|    loss                 | -0.00175    |
|    n_updates            | 980         |
|    policy_gradient_loss | -0.0065     |
|    value_loss           | 0.0156      |
-----------------------------------------
------------------------------------------
| rollout/                |              |
|    ep_len_mean          | 5.07         |
|    ep_rew_mean          | 7.19         |
| time/                   |              |
|    fps                  | 1338         |
|    iterations           | 100          |
|    time_elapsed         | 38           |
|    total_timesteps      | 51200        |
| train/                  |              |
|    approx_kl            | 0.0048568556 |
|    clip_fraction        | 0.0291       |
|    clip_range           | 0.2          |
|    entropy_loss         | -0.671       |
|    explained_variance   | 0.991        |
|    learning_rate        | 0.0001       |
|    loss                 | 0.00199      |
|    n_updates            | 990          |
|    policy_gradient_loss | -0.00508     |
|    value_loss           | 0.0254       |
------------------------------------------
-----------------------------------------
| rollout/                |             |
|    ep_len_mean          | 5.24        |
|    ep_rew_mean          | 6.99        |
| time/                   |             |
|    fps                  | 1337        |
|    iterations           | 101         |
|    time_elapsed         | 38          |
|    total_timesteps      | 51712       |
| train/                  |             |
|    approx_kl            | 0.004420825 |
|    clip_fraction        | 0.0221      |
|    clip_range           | 0.2         |
|    entropy_loss         | -0.684      |
|    explained_variance   | 0.99        |
|    learning_rate        | 0.0001      |
|    loss                 | -0.00186    |
|    n_updates            | 1000        |
|    policy_gradient_loss | -0.00829    |
|    value_loss           | 0.0274      |
-----------------------------------------
------------------------------------------
| rollout/                |              |
|    ep_len_mean          | 5.07         |
|    ep_rew_mean          | 7.1          |
| time/                   |              |
|    fps                  | 1336         |
|    iterations           | 102          |
|    time_elapsed         | 39           |
|    total_timesteps      | 52224        |
| train/                  |              |
|    approx_kl            | 0.0047262665 |
|    clip_fraction        | 0.0184       |
|    clip_range           | 0.2          |
|    entropy_loss         | -0.625       |
|    explained_variance   | 0.991        |
|    learning_rate        | 0.0001       |
|    loss                 | -0.00161     |
|    n_updates            | 1010         |
|    policy_gradient_loss | -0.00468     |
|    value_loss           | 0.0265       |
------------------------------------------
-----------------------------------------
| rollout/                |             |
|    ep_len_mean          | 5.03        |
|    ep_rew_mean          | 7.1         |
| time/                   |             |
|    fps                  | 1335        |
|    iterations           | 103         |
|    time_elapsed         | 39          |
|    total_timesteps      | 52736       |
| train/                  |             |
|    approx_kl            | 0.003643088 |
|    clip_fraction        | 0.0139      |
|    clip_range           | 0.2         |
|    entropy_loss         | -0.654      |
|    explained_variance   | 0.988       |
|    learning_rate        | 0.0001      |
|    loss                 | 0.00686     |
|    n_updates            | 1020        |
|    policy_gradient_loss | -0.00575    |
|    value_loss           | 0.0345      |
-----------------------------------------
------------------------------------------
| rollout/                |              |
|    ep_len_mean          | 5.25         |
|    ep_rew_mean          | 7.07         |
| time/                   |              |
|    fps                  | 1332         |
|    iterations           | 104          |
|    time_elapsed         | 39           |
|    total_timesteps      | 53248        |
| train/                  |              |
|    approx_kl            | 0.0026101558 |
|    clip_fraction        | 0.0205       |
|    clip_range           | 0.2          |
|    entropy_loss         | -0.642       |
|    explained_variance   | 0.989        |
|    learning_rate        | 0.0001       |
|    loss                 | -0.00518     |
|    n_updates            | 1030         |
|    policy_gradient_loss | -0.0064      |
|    value_loss           | 0.032        |
------------------------------------------
-----------------------------------------
| rollout/                |             |
|    ep_len_mean          | 5.19        |
|    ep_rew_mean          | 7.02        |
| time/                   |             |
|    fps                  | 1331        |
|    iterations           | 105         |
|    time_elapsed         | 40          |
|    total_timesteps      | 53760       |
| train/                  |             |
|    approx_kl            | 0.003285766 |
|    clip_fraction        | 0.0105      |
|    clip_range           | 0.2         |
|    entropy_loss         | -0.632      |
|    explained_variance   | 0.986       |
|    learning_rate        | 0.0001      |
|    loss                 | -0.00113    |
|    n_updates            | 1040        |
|    policy_gradient_loss | -0.00454    |
|    value_loss           | 0.0392      |
-----------------------------------------
-----------------------------------------
| rollout/                |             |
|    ep_len_mean          | 5.12        |
|    ep_rew_mean          | 6.96        |
| time/                   |             |
|    fps                  | 1329        |
|    iterations           | 106         |
|    time_elapsed         | 40          |
|    total_timesteps      | 54272       |
| train/                  |             |
|    approx_kl            | 0.005921566 |
|    clip_fraction        | 0.0379      |
|    clip_range           | 0.2         |
|    entropy_loss         | -0.62       |
|    explained_variance   | 0.992       |
|    learning_rate        | 0.0001      |
|    loss                 | -0.00157    |
|    n_updates            | 1050        |
|    policy_gradient_loss | -0.00978    |
|    value_loss           | 0.0238      |
-----------------------------------------
-----------------------------------------
| rollout/                |             |
|    ep_len_mean          | 5.44        |
|    ep_rew_mean          | 6.9         |
| time/                   |             |
|    fps                  | 1328        |
|    iterations           | 107         |
|    time_elapsed         | 41          |
|    total_timesteps      | 54784       |
| train/                  |             |
|    approx_kl            | 0.005766445 |
|    clip_fraction        | 0.0338      |
|    clip_range           | 0.2         |
|    entropy_loss         | -0.595      |
|    explained_variance   | 0.988       |
|    learning_rate        | 0.0001      |
|    loss                 | 0.007       |
|    n_updates            | 1060        |
|    policy_gradient_loss | -0.00859    |
|    value_loss           | 0.0363      |
-----------------------------------------
------------------------------------------
| rollout/                |              |
|    ep_len_mean          | 5.17         |
|    ep_rew_mean          | 7.04         |
| time/                   |              |
|    fps                  | 1328         |
|    iterations           | 108          |
|    time_elapsed         | 41           |
|    total_timesteps      | 55296        |
| train/                  |              |
|    approx_kl            | 0.0025875992 |
|    clip_fraction        | 0.0211       |
|    clip_range           | 0.2          |
|    entropy_loss         | -0.649       |
|    explained_variance   | 0.984        |
|    learning_rate        | 0.0001       |
|    loss                 | 0.00981      |
|    n_updates            | 1070         |
|    policy_gradient_loss | -0.00397     |
|    value_loss           | 0.0453       |
------------------------------------------
------------------------------------------
| rollout/                |              |
|    ep_len_mean          | 5.42         |
|    ep_rew_mean          | 6.95         |
| time/                   |              |
|    fps                  | 1325         |
|    iterations           | 109          |
|    time_elapsed         | 42           |
|    total_timesteps      | 55808        |
| train/                  |              |
|    approx_kl            | 0.0067122895 |
|    clip_fraction        | 0.0328       |
|    clip_range           | 0.2          |
|    entropy_loss         | -0.614       |
|    explained_variance   | 0.994        |
|    learning_rate        | 0.0001       |
|    loss                 | -0.00159     |
|    n_updates            | 1080         |
|    policy_gradient_loss | -0.00408     |
|    value_loss           | 0.019        |
------------------------------------------
-----------------------------------------
| rollout/                |             |
|    ep_len_mean          | 5.54        |
|    ep_rew_mean          | 6.72        |
| time/                   |             |
|    fps                  | 1321        |
|    iterations           | 110         |
|    time_elapsed         | 42          |
|    total_timesteps      | 56320       |
| train/                  |             |
|    approx_kl            | 0.006465225 |
|    clip_fraction        | 0.0525      |
|    clip_range           | 0.2         |
|    entropy_loss         | -0.651      |
|    explained_variance   | 0.986       |
|    learning_rate        | 0.0001      |
|    loss                 | 0.00915     |
|    n_updates            | 1090        |
|    policy_gradient_loss | -0.00645    |
|    value_loss           | 0.0406      |
-----------------------------------------
------------------------------------------
| rollout/                |              |
|    ep_len_mean          | 5.42         |
|    ep_rew_mean          | 6.9          |
| time/                   |              |
|    fps                  | 1320         |
|    iterations           | 111          |
|    time_elapsed         | 43           |
|    total_timesteps      | 56832        |
| train/                  |              |
|    approx_kl            | 0.0035085634 |
|    clip_fraction        | 0.0246       |
|    clip_range           | 0.2          |
|    entropy_loss         | -0.652       |
|    explained_variance   | 0.988        |
|    learning_rate        | 0.0001       |
|    loss                 | -0.00292     |
|    n_updates            | 1100         |
|    policy_gradient_loss | -0.00528     |
|    value_loss           | 0.0324       |
------------------------------------------
------------------------------------------
| rollout/                |              |
|    ep_len_mean          | 5.48         |
|    ep_rew_mean          | 7.15         |
| time/                   |              |
|    fps                  | 1319         |
|    iterations           | 112          |
|    time_elapsed         | 43           |
|    total_timesteps      | 57344        |
| train/                  |              |
|    approx_kl            | 0.0063107787 |
|    clip_fraction        | 0.0289       |
|    clip_range           | 0.2          |
|    entropy_loss         | -0.609       |
|    explained_variance   | 0.992        |
|    learning_rate        | 0.0001       |
|    loss                 | -0.00184     |
|    n_updates            | 1110         |
|    policy_gradient_loss | -0.00647     |
|    value_loss           | 0.0241       |
------------------------------------------
-----------------------------------------
| rollout/                |             |
|    ep_len_mean          | 5.47        |
|    ep_rew_mean          | 7.1         |
| time/                   |             |
|    fps                  | 1319        |
|    iterations           | 113         |
|    time_elapsed         | 43          |
|    total_timesteps      | 57856       |
| train/                  |             |
|    approx_kl            | 0.005174967 |
|    clip_fraction        | 0.0271      |
|    clip_range           | 0.2         |
|    entropy_loss         | -0.626      |
|    explained_variance   | 0.997       |
|    learning_rate        | 0.0001      |
|    loss                 | 0.000476    |
|    n_updates            | 1120        |
|    policy_gradient_loss | -0.00346    |
|    value_loss           | 0.0074      |
-----------------------------------------
------------------------------------------
| rollout/                |              |
|    ep_len_mean          | 5.16         |
|    ep_rew_mean          | 7.16         |
| time/                   |              |
|    fps                  | 1319         |
|    iterations           | 114          |
|    time_elapsed         | 44           |
|    total_timesteps      | 58368        |
| train/                  |              |
|    approx_kl            | 0.0026018352 |
|    clip_fraction        | 0.00918      |
|    clip_range           | 0.2          |
|    entropy_loss         | -0.619       |
|    explained_variance   | 0.989        |
|    learning_rate        | 0.0001       |
|    loss                 | 0.00914      |
|    n_updates            | 1130         |
|    policy_gradient_loss | -0.00398     |
|    value_loss           | 0.0336       |
------------------------------------------
------------------------------------------
| rollout/                |              |
|    ep_len_mean          | 5.44         |
|    ep_rew_mean          | 6.98         |
| time/                   |              |
|    fps                  | 1321         |
|    iterations           | 115          |
|    time_elapsed         | 44           |
|    total_timesteps      | 58880        |
| train/                  |              |
|    approx_kl            | 0.0029075432 |
|    clip_fraction        | 0.0211       |
|    clip_range           | 0.2          |
|    entropy_loss         | -0.584       |
|    explained_variance   | 0.99         |
|    learning_rate        | 0.0001       |
|    loss                 | -0.00877     |
|    n_updates            | 1140         |
|    policy_gradient_loss | -0.00595     |
|    value_loss           | 0.0303       |
------------------------------------------
-------------------------------------------
| rollout/                |               |
|    ep_len_mean          | 5.53          |
|    ep_rew_mean          | 6.97          |
| time/                   |               |
|    fps                  | 1321          |
|    iterations           | 116           |
|    time_elapsed         | 44            |
|    total_timesteps      | 59392         |
| train/                  |               |
|    approx_kl            | 0.00086971046 |
|    clip_fraction        | 0.016         |
|    clip_range           | 0.2           |
|    entropy_loss         | -0.618        |
|    explained_variance   | 0.994         |
|    learning_rate        | 0.0001        |
|    loss                 | -0.0101       |
|    n_updates            | 1150          |
|    policy_gradient_loss | -0.00497      |
|    value_loss           | 0.0182        |
-------------------------------------------
------------------------------------------
| rollout/                |              |
|    ep_len_mean          | 5.06         |
|    ep_rew_mean          | 6.89         |
| time/                   |              |
|    fps                  | 1322         |
|    iterations           | 117          |
|    time_elapsed         | 45           |
|    total_timesteps      | 59904        |
| train/                  |              |
|    approx_kl            | 0.0039265077 |
|    clip_fraction        | 0.00996      |
|    clip_range           | 0.2          |
|    entropy_loss         | -0.621       |
|    explained_variance   | 0.994        |
|    learning_rate        | 0.0001       |
|    loss                 | 0.000551     |
|    n_updates            | 1160         |
|    policy_gradient_loss | -0.00327     |
|    value_loss           | 0.0192       |
------------------------------------------
-----------------------------------------
| rollout/                |             |
|    ep_len_mean          | 5.16        |
|    ep_rew_mean          | 6.94        |
| time/                   |             |
|    fps                  | 1322        |
|    iterations           | 118         |
|    time_elapsed         | 45          |
|    total_timesteps      | 60416       |
| train/                  |             |
|    approx_kl            | 0.010077204 |
|    clip_fraction        | 0.0521      |
|    clip_range           | 0.2         |
|    entropy_loss         | -0.522      |
|    explained_variance   | 0.943       |
|    learning_rate        | 0.0001      |
|    loss                 | 0.0351      |
|    n_updates            | 1170        |
|    policy_gradient_loss | -0.0115     |
|    value_loss           | 0.172       |
-----------------------------------------
------------------------------------------
| rollout/                |              |
|    ep_len_mean          | 5.47         |
|    ep_rew_mean          | 6.97         |
| time/                   |              |
|    fps                  | 1322         |
|    iterations           | 119          |
|    time_elapsed         | 46           |
|    total_timesteps      | 60928        |
| train/                  |              |
|    approx_kl            | 0.0031503886 |
|    clip_fraction        | 0.0234       |
|    clip_range           | 0.2          |
|    entropy_loss         | -0.554       |
|    explained_variance   | 0.993        |
|    learning_rate        | 0.0001       |
|    loss                 | -0.00533     |
|    n_updates            | 1180         |
|    policy_gradient_loss | -0.00693     |
|    value_loss           | 0.0208       |
------------------------------------------
------------------------------------------
| rollout/                |              |
|    ep_len_mean          | 5.18         |
|    ep_rew_mean          | 7.05         |
| time/                   |              |
|    fps                  | 1320         |
|    iterations           | 120          |
|    time_elapsed         | 46           |
|    total_timesteps      | 61440        |
| train/                  |              |
|    approx_kl            | 0.0064040967 |
|    clip_fraction        | 0.0777       |
|    clip_range           | 0.2          |
|    entropy_loss         | -0.576       |
|    explained_variance   | 0.997        |
|    learning_rate        | 0.0001       |
|    loss                 | -0.0144      |
|    n_updates            | 1190         |
|    policy_gradient_loss | -0.0117      |
|    value_loss           | 0.00749      |
------------------------------------------
------------------------------------------
| rollout/                |              |
|    ep_len_mean          | 5.41         |
|    ep_rew_mean          | 7.01         |
| time/                   |              |
|    fps                  | 1320         |
|    iterations           | 121          |
|    time_elapsed         | 46           |
|    total_timesteps      | 61952        |
| train/                  |              |
|    approx_kl            | 0.0014989028 |
|    clip_fraction        | 0.00449      |
|    clip_range           | 0.2          |
|    entropy_loss         | -0.559       |
|    explained_variance   | 0.992        |
|    learning_rate        | 0.0001       |
|    loss                 | 0.00238      |
|    n_updates            | 1200         |
|    policy_gradient_loss | -0.00196     |
|    value_loss           | 0.023        |
------------------------------------------
------------------------------------------
| rollout/                |              |
|    ep_len_mean          | 5.08         |
|    ep_rew_mean          | 7.04         |
| time/                   |              |
|    fps                  | 1317         |
|    iterations           | 122          |
|    time_elapsed         | 47           |
|    total_timesteps      | 62464        |
| train/                  |              |
|    approx_kl            | 0.0020967163 |
|    clip_fraction        | 0.0043       |
|    clip_range           | 0.2          |
|    entropy_loss         | -0.556       |
|    explained_variance   | 0.987        |
|    learning_rate        | 0.0001       |
|    loss                 | 0.0104       |
|    n_updates            | 1210         |
|    policy_gradient_loss | -0.00667     |
|    value_loss           | 0.0382       |
------------------------------------------
-----------------------------------------
| rollout/                |             |
|    ep_len_mean          | 5.16        |
|    ep_rew_mean          | 7.09        |
| time/                   |             |
|    fps                  | 1307        |
|    iterations           | 123         |
|    time_elapsed         | 48          |
|    total_timesteps      | 62976       |
| train/                  |             |
|    approx_kl            | 0.009773757 |
|    clip_fraction        | 0.0602      |
|    clip_range           | 0.2         |
|    entropy_loss         | -0.577      |
|    explained_variance   | 0.988       |
|    learning_rate        | 0.0001      |
|    loss                 | 0.0128      |
|    n_updates            | 1220        |
|    policy_gradient_loss | -0.00617    |
|    value_loss           | 0.0349      |
-----------------------------------------
------------------------------------------
| rollout/                |              |
|    ep_len_mean          | 5.63         |
|    ep_rew_mean          | 6.89         |
| time/                   |              |
|    fps                  | 1299         |
|    iterations           | 124          |
|    time_elapsed         | 48           |
|    total_timesteps      | 63488        |
| train/                  |              |
|    approx_kl            | 0.0039647794 |
|    clip_fraction        | 0.0264       |
|    clip_range           | 0.2          |
|    entropy_loss         | -0.567       |
|    explained_variance   | 0.995        |
|    learning_rate        | 0.0001       |
|    loss                 | -0.0051      |
|    n_updates            | 1230         |
|    policy_gradient_loss | -0.00569     |
|    value_loss           | 0.015        |
------------------------------------------
------------------------------------------
| rollout/                |              |
|    ep_len_mean          | 5.33         |
|    ep_rew_mean          | 6.88         |
| time/                   |              |
|    fps                  | 1284         |
|    iterations           | 125          |
|    time_elapsed         | 49           |
|    total_timesteps      | 64000        |
| train/                  |              |
|    approx_kl            | 0.0038045512 |
|    clip_fraction        | 0.0455       |
|    clip_range           | 0.2          |
|    entropy_loss         | -0.558       |
|    explained_variance   | 0.998        |
|    learning_rate        | 0.0001       |
|    loss                 | -0.0215      |
|    n_updates            | 1240         |
|    policy_gradient_loss | -0.00838     |
|    value_loss           | 0.0047       |
------------------------------------------
-----------------------------------------
| rollout/                |             |
|    ep_len_mean          | 5.53        |
|    ep_rew_mean          | 6.86        |
| time/                   |             |
|    fps                  | 1255        |
|    iterations           | 126         |
|    time_elapsed         | 51          |
|    total_timesteps      | 64512       |
| train/                  |             |
|    approx_kl            | 0.005554548 |
|    clip_fraction        | 0.0705      |
|    clip_range           | 0.2         |
|    entropy_loss         | -0.531      |
|    explained_variance   | 0.991       |
|    learning_rate        | 0.0001      |
|    loss                 | -0.00809    |
|    n_updates            | 1250        |
|    policy_gradient_loss | -0.00887    |
|    value_loss           | 0.0248      |
-----------------------------------------
------------------------------------------
| rollout/                |              |
|    ep_len_mean          | 5.57         |
|    ep_rew_mean          | 6.97         |
| time/                   |              |
|    fps                  | 1230         |
|    iterations           | 127          |
|    time_elapsed         | 52           |
|    total_timesteps      | 65024        |
| train/                  |              |
|    approx_kl            | 0.0037133847 |
|    clip_fraction        | 0.0354       |
|    clip_range           | 0.2          |
|    entropy_loss         | -0.536       |
|    explained_variance   | 0.993        |
|    learning_rate        | 0.0001       |
|    loss                 | -0.0071      |
|    n_updates            | 1260         |
|    policy_gradient_loss | -0.00664     |
|    value_loss           | 0.0211       |
------------------------------------------
-----------------------------------------
| rollout/                |             |
|    ep_len_mean          | 5.73        |
|    ep_rew_mean          | 6.83        |
| time/                   |             |
|    fps                  | 1218        |
|    iterations           | 128         |
|    time_elapsed         | 53          |
|    total_timesteps      | 65536       |
| train/                  |             |
|    approx_kl            | 0.010536454 |
|    clip_fraction        | 0.0771      |
|    clip_range           | 0.2         |
|    entropy_loss         | -0.56       |
|    explained_variance   | 0.992       |
|    learning_rate        | 0.0001      |
|    loss                 | -0.00634    |
|    n_updates            | 1270        |
|    policy_gradient_loss | -0.00869    |
|    value_loss           | 0.0228      |
-----------------------------------------
------------------------------------------
| rollout/                |              |
|    ep_len_mean          | 5.87         |
|    ep_rew_mean          | 6.73         |
| time/                   |              |
|    fps                  | 1212         |
|    iterations           | 129          |
|    time_elapsed         | 54           |
|    total_timesteps      | 66048        |
| train/                  |              |
|    approx_kl            | 0.0026224074 |
|    clip_fraction        | 0.0137       |
|    clip_range           | 0.2          |
|    entropy_loss         | -0.539       |
|    explained_variance   | 0.996        |
|    learning_rate        | 0.0001       |
|    loss                 | -0.00216     |
|    n_updates            | 1280         |
|    policy_gradient_loss | -0.00364     |
|    value_loss           | 0.0126       |
------------------------------------------
------------------------------------------
| rollout/                |              |
|    ep_len_mean          | 6.01         |
|    ep_rew_mean          | 6.79         |
| time/                   |              |
|    fps                  | 1210         |
|    iterations           | 130          |
|    time_elapsed         | 54           |
|    total_timesteps      | 66560        |
| train/                  |              |
|    approx_kl            | 0.0071583358 |
|    clip_fraction        | 0.0727       |
|    clip_range           | 0.2          |
|    entropy_loss         | -0.565       |
|    explained_variance   | 0.987        |
|    learning_rate        | 0.0001       |
|    loss                 | 0.00122      |
|    n_updates            | 1290         |
|    policy_gradient_loss | -0.00652     |
|    value_loss           | 0.0364       |
------------------------------------------
-----------------------------------------
| rollout/                |             |
|    ep_len_mean          | 5.89        |
|    ep_rew_mean          | 6.83        |
| time/                   |             |
|    fps                  | 1208        |
|    iterations           | 131         |
|    time_elapsed         | 55          |
|    total_timesteps      | 67072       |
| train/                  |             |
|    approx_kl            | 0.008288763 |
|    clip_fraction        | 0.057       |
|    clip_range           | 0.2         |
|    entropy_loss         | -0.636      |
|    explained_variance   | 0.993       |
|    learning_rate        | 0.0001      |
|    loss                 | -0.0151     |
|    n_updates            | 1300        |
|    policy_gradient_loss | -0.00935    |
|    value_loss           | 0.0197      |
-----------------------------------------
-----------------------------------------
| rollout/                |             |
|    ep_len_mean          | 6.2         |
|    ep_rew_mean          | 6.3         |
| time/                   |             |
|    fps                  | 1208        |
|    iterations           | 132         |
|    time_elapsed         | 55          |
|    total_timesteps      | 67584       |
| train/                  |             |
|    approx_kl            | 0.006393908 |
|    clip_fraction        | 0.0563      |
|    clip_range           | 0.2         |
|    entropy_loss         | -0.579      |
|    explained_variance   | 0.993       |
|    learning_rate        | 0.0001      |
|    loss                 | -0.00348    |
|    n_updates            | 1310        |
|    policy_gradient_loss | -0.00531    |
|    value_loss           | 0.021       |
-----------------------------------------
------------------------------------------
| rollout/                |              |
|    ep_len_mean          | 6.21         |
|    ep_rew_mean          | 6.56         |
| time/                   |              |
|    fps                  | 1205         |
|    iterations           | 133          |
|    time_elapsed         | 56           |
|    total_timesteps      | 68096        |
| train/                  |              |
|    approx_kl            | 0.0038846992 |
|    clip_fraction        | 0.0205       |
|    clip_range           | 0.2          |
|    entropy_loss         | -0.642       |
|    explained_variance   | 0.992        |
|    learning_rate        | 0.0001       |
|    loss                 | -0.00872     |
|    n_updates            | 1320         |
|    policy_gradient_loss | -0.00413     |
|    value_loss           | 0.0216       |
------------------------------------------
------------------------------------------
| rollout/                |              |
|    ep_len_mean          | 6.15         |
|    ep_rew_mean          | 6.59         |
| time/                   |              |
|    fps                  | 1204         |
|    iterations           | 134          |
|    time_elapsed         | 56           |
|    total_timesteps      | 68608        |
| train/                  |              |
|    approx_kl            | 0.0042092204 |
|    clip_fraction        | 0.0199       |
|    clip_range           | 0.2          |
|    entropy_loss         | -0.614       |
|    explained_variance   | 0.997        |
|    learning_rate        | 0.0001       |
|    loss                 | -0.0109      |
|    n_updates            | 1330         |
|    policy_gradient_loss | -0.00534     |
|    value_loss           | 0.0091       |
------------------------------------------
------------------------------------------
| rollout/                |              |
|    ep_len_mean          | 6.17         |
|    ep_rew_mean          | 6.36         |
| time/                   |              |
|    fps                  | 1205         |
|    iterations           | 135          |
|    time_elapsed         | 57           |
|    total_timesteps      | 69120        |
| train/                  |              |
|    approx_kl            | 0.0028076062 |
|    clip_fraction        | 0.0145       |
|    clip_range           | 0.2          |
|    entropy_loss         | -0.614       |
|    explained_variance   | 0.996        |
|    learning_rate        | 0.0001       |
|    loss                 | -0.00413     |
|    n_updates            | 1340         |
|    policy_gradient_loss | -0.00374     |
|    value_loss           | 0.0109       |
------------------------------------------
-----------------------------------------
| rollout/                |             |
|    ep_len_mean          | 6.15        |
|    ep_rew_mean          | 6.52        |
| time/                   |             |
|    fps                  | 1205        |
|    iterations           | 136         |
|    time_elapsed         | 57          |
|    total_timesteps      | 69632       |
| train/                  |             |
|    approx_kl            | 0.007875595 |
|    clip_fraction        | 0.0701      |
|    clip_range           | 0.2         |
|    entropy_loss         | -0.645      |
|    explained_variance   | 0.994       |
|    learning_rate        | 0.0001      |
|    loss                 | -0.00835    |
|    n_updates            | 1350        |
|    policy_gradient_loss | -0.0084     |
|    value_loss           | 0.0173      |
-----------------------------------------
------------------------------------------
| rollout/                |              |
|    ep_len_mean          | 6.57         |
|    ep_rew_mean          | 6.21         |
| time/                   |              |
|    fps                  | 1206         |
|    iterations           | 137          |
|    time_elapsed         | 58           |
|    total_timesteps      | 70144        |
| train/                  |              |
|    approx_kl            | 0.0077217016 |
|    clip_fraction        | 0.0391       |
|    clip_range           | 0.2          |
|    entropy_loss         | -0.622       |
|    explained_variance   | 0.995        |
|    learning_rate        | 0.0001       |
|    loss                 | -0.00863     |
|    n_updates            | 1360         |
|    policy_gradient_loss | -0.00677     |
|    value_loss           | 0.0142       |
------------------------------------------
------------------------------------------
| rollout/                |              |
|    ep_len_mean          | 6.75         |
|    ep_rew_mean          | 5.67         |
| time/                   |              |
|    fps                  | 1207         |
|    iterations           | 138          |
|    time_elapsed         | 58           |
|    total_timesteps      | 70656        |
| train/                  |              |
|    approx_kl            | 0.0074444115 |
|    clip_fraction        | 0.0807       |
|    clip_range           | 0.2          |
|    entropy_loss         | -0.63        |
|    explained_variance   | 0.994        |
|    learning_rate        | 0.0001       |
|    loss                 | -0.0127      |
|    n_updates            | 1370         |
|    policy_gradient_loss | -0.00945     |
|    value_loss           | 0.018        |
------------------------------------------
------------------------------------------
| rollout/                |              |
|    ep_len_mean          | 6.63         |
|    ep_rew_mean          | 5.71         |
| time/                   |              |
|    fps                  | 1208         |
|    iterations           | 139          |
|    time_elapsed         | 58           |
|    total_timesteps      | 71168        |
| train/                  |              |
|    approx_kl            | 0.0034974432 |
|    clip_fraction        | 0.0416       |
|    clip_range           | 0.2          |
|    entropy_loss         | -0.682       |
|    explained_variance   | 0.994        |
|    learning_rate        | 0.0001       |
|    loss                 | -0.0134      |
|    n_updates            | 1380         |
|    policy_gradient_loss | -0.00882     |
|    value_loss           | 0.0146       |
------------------------------------------
-----------------------------------------
| rollout/                |             |
|    ep_len_mean          | 6.87        |
|    ep_rew_mean          | 5.61        |
| time/                   |             |
|    fps                  | 1209        |
|    iterations           | 140         |
|    time_elapsed         | 59          |
|    total_timesteps      | 71680       |
| train/                  |             |
|    approx_kl            | 0.011068828 |
|    clip_fraction        | 0.0932      |
|    clip_range           | 0.2         |
|    entropy_loss         | -0.685      |
|    explained_variance   | 0.993       |
|    learning_rate        | 0.0001      |
|    loss                 | -0.0134     |
|    n_updates            | 1390        |
|    policy_gradient_loss | -0.00963    |
|    value_loss           | 0.0186      |
-----------------------------------------
-----------------------------------------
| rollout/                |             |
|    ep_len_mean          | 6.92        |
|    ep_rew_mean          | 5.38        |
| time/                   |             |
|    fps                  | 1208        |
|    iterations           | 141         |
|    time_elapsed         | 59          |
|    total_timesteps      | 72192       |
| train/                  |             |
|    approx_kl            | 0.009055639 |
|    clip_fraction        | 0.0656      |
|    clip_range           | 0.2         |
|    entropy_loss         | -0.678      |
|    explained_variance   | 0.994       |
|    learning_rate        | 0.0001      |
|    loss                 | -0.00315    |
|    n_updates            | 1400        |
|    policy_gradient_loss | -0.00714    |
|    value_loss           | 0.0154      |
-----------------------------------------
------------------------------------------
| rollout/                |              |
|    ep_len_mean          | 7            |
|    ep_rew_mean          | 5.11         |
| time/                   |              |
|    fps                  | 1205         |
|    iterations           | 142          |
|    time_elapsed         | 60           |
|    total_timesteps      | 72704        |
| train/                  |              |
|    approx_kl            | 0.0031595235 |
|    clip_fraction        | 0.0176       |
|    clip_range           | 0.2          |
|    entropy_loss         | -0.696       |
|    explained_variance   | 0.993        |
|    learning_rate        | 0.0001       |
|    loss                 | -0.00669     |
|    n_updates            | 1410         |
|    policy_gradient_loss | -0.00484     |
|    value_loss           | 0.019        |
------------------------------------------
-----------------------------------------
| rollout/                |             |
|    ep_len_mean          | 7.34        |
|    ep_rew_mean          | 4.89        |
| time/                   |             |
|    fps                  | 1203        |
|    iterations           | 143         |
|    time_elapsed         | 60          |
|    total_timesteps      | 73216       |
| train/                  |             |
|    approx_kl            | 0.006053922 |
|    clip_fraction        | 0.027       |
|    clip_range           | 0.2         |
|    entropy_loss         | -0.676      |
|    explained_variance   | 0.996       |
|    learning_rate        | 0.0001      |
|    loss                 | -0.0064     |
|    n_updates            | 1420        |
|    policy_gradient_loss | -0.00763    |
|    value_loss           | 0.011       |
-----------------------------------------
-----------------------------------------
| rollout/                |             |
|    ep_len_mean          | 7.46        |
|    ep_rew_mean          | 4.94        |
| time/                   |             |
|    fps                  | 1202        |
|    iterations           | 144         |
|    time_elapsed         | 61          |
|    total_timesteps      | 73728       |
| train/                  |             |
|    approx_kl            | 0.008156959 |
|    clip_fraction        | 0.0395      |
|    clip_range           | 0.2         |
|    entropy_loss         | -0.61       |
|    explained_variance   | 0.994       |
|    learning_rate        | 0.0001      |
|    loss                 | -0.0123     |
|    n_updates            | 1430        |
|    policy_gradient_loss | -0.00837    |
|    value_loss           | 0.0157      |
-----------------------------------------
----------------------------------------
| rollout/                |            |
|    ep_len_mean          | 7.25       |
|    ep_rew_mean          | 5.04       |
| time/                   |            |
|    fps                  | 1201       |
|    iterations           | 145        |
|    time_elapsed         | 61         |
|    total_timesteps      | 74240      |
| train/                  |            |
|    approx_kl            | 0.00287526 |
|    clip_fraction        | 0.0211     |
|    clip_range           | 0.2        |
|    entropy_loss         | -0.626     |
|    explained_variance   | 0.993      |
|    learning_rate        | 0.0001     |
|    loss                 | -0.00984   |
|    n_updates            | 1440       |
|    policy_gradient_loss | -0.00798   |
|    value_loss           | 0.0177     |
----------------------------------------
-----------------------------------------
| rollout/                |             |
|    ep_len_mean          | 7.37        |
|    ep_rew_mean          | 4.79        |
| time/                   |             |
|    fps                  | 1201        |
|    iterations           | 146         |
|    time_elapsed         | 62          |
|    total_timesteps      | 74752       |
| train/                  |             |
|    approx_kl            | 0.007289979 |
|    clip_fraction        | 0.076       |
|    clip_range           | 0.2         |
|    entropy_loss         | -0.586      |
|    explained_variance   | 0.987       |
|    learning_rate        | 0.0001      |
|    loss                 | 0.00461     |
|    n_updates            | 1450        |
|    policy_gradient_loss | -0.0061     |
|    value_loss           | 0.0325      |
-----------------------------------------
[ckpt 050] t=75264 mean_return_100=4.405
------------------------------------------
| rollout/                |              |
|    ep_len_mean          | 7.5          |
|    ep_rew_mean          | 4.54         |
| time/                   |              |
|    fps                  | 1185         |
|    iterations           | 147          |
|    time_elapsed         | 63           |
|    total_timesteps      | 75264        |
| train/                  |              |
|    approx_kl            | 0.0034879672 |
|    clip_fraction        | 0.0139       |
|    clip_range           | 0.2          |
|    entropy_loss         | -0.595       |
|    explained_variance   | 0.987        |
|    learning_rate        | 0.0001       |
|    loss                 | 0.00959      |
|    n_updates            | 1460         |
|    policy_gradient_loss | -0.00506     |
|    value_loss           | 0.033        |
------------------------------------------
------------------------------------------
| rollout/                |              |
|    ep_len_mean          | 7.49         |
|    ep_rew_mean          | 4.43         |
| time/                   |              |
|    fps                  | 1187         |
|    iterations           | 148          |
|    time_elapsed         | 63           |
|    total_timesteps      | 75776        |
| train/                  |              |
|    approx_kl            | 0.0029717071 |
|    clip_fraction        | 0.0131       |
|    clip_range           | 0.2          |
|    entropy_loss         | -0.585       |
|    explained_variance   | 0.99         |
|    learning_rate        | 0.0001       |
|    loss                 | -0.002       |
|    n_updates            | 1470         |
|    policy_gradient_loss | -0.00656     |
|    value_loss           | 0.0231       |
------------------------------------------
-----------------------------------------
| rollout/                |             |
|    ep_len_mean          | 7.66        |
|    ep_rew_mean          | 4.36        |
| time/                   |             |
|    fps                  | 1188        |
|    iterations           | 149         |
|    time_elapsed         | 64          |
|    total_timesteps      | 76288       |
| train/                  |             |
|    approx_kl            | 0.005100341 |
|    clip_fraction        | 0.0623      |
|    clip_range           | 0.2         |
|    entropy_loss         | -0.585      |
|    explained_variance   | 0.992       |
|    learning_rate        | 0.0001      |
|    loss                 | -0.00431    |
|    n_updates            | 1480        |
|    policy_gradient_loss | -0.00704    |
|    value_loss           | 0.02        |
-----------------------------------------
------------------------------------------
| rollout/                |              |
|    ep_len_mean          | 7.79         |
|    ep_rew_mean          | 4.17         |
| time/                   |              |
|    fps                  | 1188         |
|    iterations           | 150          |
|    time_elapsed         | 64           |
|    total_timesteps      | 76800        |
| train/                  |              |
|    approx_kl            | 0.0025549394 |
|    clip_fraction        | 0.0512       |
|    clip_range           | 0.2          |
|    entropy_loss         | -0.562       |
|    explained_variance   | 0.983        |
|    learning_rate        | 0.0001       |
|    loss                 | 0.00194      |
|    n_updates            | 1490         |
|    policy_gradient_loss | -0.00979     |
|    value_loss           | 0.0398       |
------------------------------------------
------------------------------------------
| rollout/                |              |
|    ep_len_mean          | 7.72         |
|    ep_rew_mean          | 4.08         |
| time/                   |              |
|    fps                  | 1180         |
|    iterations           | 151          |
|    time_elapsed         | 65           |
|    total_timesteps      | 77312        |
| train/                  |              |
|    approx_kl            | 0.0032667038 |
|    clip_fraction        | 0.0178       |
|    clip_range           | 0.2          |
|    entropy_loss         | -0.509       |
|    explained_variance   | 0.986        |
|    learning_rate        | 0.0001       |
|    loss                 | 0.00992      |
|    n_updates            | 1500         |
|    policy_gradient_loss | -0.00356     |
|    value_loss           | 0.0314       |
------------------------------------------
------------------------------------------
| rollout/                |              |
|    ep_len_mean          | 7.65         |
|    ep_rew_mean          | 4.38         |
| time/                   |              |
|    fps                  | 1158         |
|    iterations           | 152          |
|    time_elapsed         | 67           |
|    total_timesteps      | 77824        |
| train/                  |              |
|    approx_kl            | 0.0066934866 |
|    clip_fraction        | 0.049        |
|    clip_range           | 0.2          |
|    entropy_loss         | -0.586       |
|    explained_variance   | 0.984        |
|    learning_rate        | 0.0001       |
|    loss                 | 0.00343      |
|    n_updates            | 1510         |
|    policy_gradient_loss | -0.00857     |
|    value_loss           | 0.0368       |
------------------------------------------
------------------------------------------
| rollout/                |              |
|    ep_len_mean          | 7.62         |
|    ep_rew_mean          | 4.46         |
| time/                   |              |
|    fps                  | 1147         |
|    iterations           | 153          |
|    time_elapsed         | 68           |
|    total_timesteps      | 78336        |
| train/                  |              |
|    approx_kl            | 0.0042759688 |
|    clip_fraction        | 0.0301       |
|    clip_range           | 0.2          |
|    entropy_loss         | -0.566       |
|    explained_variance   | 0.985        |
|    learning_rate        | 0.0001       |
|    loss                 | 0.00475      |
|    n_updates            | 1520         |
|    policy_gradient_loss | -0.00733     |
|    value_loss           | 0.0346       |
------------------------------------------
------------------------------------------
| rollout/                |              |
|    ep_len_mean          | 7.7          |
|    ep_rew_mean          | 4.37         |
| time/                   |              |
|    fps                  | 1138         |
|    iterations           | 154          |
|    time_elapsed         | 69           |
|    total_timesteps      | 78848        |
| train/                  |              |
|    approx_kl            | 0.0024031848 |
|    clip_fraction        | 0.033        |
|    clip_range           | 0.2          |
|    entropy_loss         | -0.512       |
|    explained_variance   | 0.983        |
|    learning_rate        | 0.0001       |
|    loss                 | 0.00992      |
|    n_updates            | 1530         |
|    policy_gradient_loss | -0.00423     |
|    value_loss           | 0.0389       |
------------------------------------------
------------------------------------------
| rollout/                |              |
|    ep_len_mean          | 7.76         |
|    ep_rew_mean          | 4.21         |
| time/                   |              |
|    fps                  | 1137         |
|    iterations           | 155          |
|    time_elapsed         | 69           |
|    total_timesteps      | 79360        |
| train/                  |              |
|    approx_kl            | 0.0035520587 |
|    clip_fraction        | 0.0211       |
|    clip_range           | 0.2          |
|    entropy_loss         | -0.541       |
|    explained_variance   | 0.98         |
|    learning_rate        | 0.0001       |
|    loss                 | 0.0151       |
|    n_updates            | 1540         |
|    policy_gradient_loss | -0.00492     |
|    value_loss           | 0.0466       |
------------------------------------------
------------------------------------------
| rollout/                |              |
|    ep_len_mean          | 7.88         |
|    ep_rew_mean          | 3.78         |
| time/                   |              |
|    fps                  | 1138         |
|    iterations           | 156          |
|    time_elapsed         | 70           |
|    total_timesteps      | 79872        |
| train/                  |              |
|    approx_kl            | 0.0046304446 |
|    clip_fraction        | 0.0242       |
|    clip_range           | 0.2          |
|    entropy_loss         | -0.504       |
|    explained_variance   | 0.977        |
|    learning_rate        | 0.0001       |
|    loss                 | 0.0111       |
|    n_updates            | 1550         |
|    policy_gradient_loss | -0.0054      |
|    value_loss           | 0.0525       |
------------------------------------------
------------------------------------------
| rollout/                |              |
|    ep_len_mean          | 7.85         |
|    ep_rew_mean          | 3.87         |
| time/                   |              |
|    fps                  | 1139         |
|    iterations           | 157          |
|    time_elapsed         | 70           |
|    total_timesteps      | 80384        |
| train/                  |              |
|    approx_kl            | 0.0025422173 |
|    clip_fraction        | 0.0211       |
|    clip_range           | 0.2          |
|    entropy_loss         | -0.535       |
|    explained_variance   | 0.976        |
|    learning_rate        | 0.0001       |
|    loss                 | 0.00886      |
|    n_updates            | 1560         |
|    policy_gradient_loss | -0.00631     |
|    value_loss           | 0.0459       |
------------------------------------------
------------------------------------------
| rollout/                |              |
|    ep_len_mean          | 7.89         |
|    ep_rew_mean          | 3.93         |
| time/                   |              |
|    fps                  | 1141         |
|    iterations           | 158          |
|    time_elapsed         | 70           |
|    total_timesteps      | 80896        |
| train/                  |              |
|    approx_kl            | 0.0026042378 |
|    clip_fraction        | 0.0184       |
|    clip_range           | 0.2          |
|    entropy_loss         | -0.509       |
|    explained_variance   | 0.975        |
|    learning_rate        | 0.0001       |
|    loss                 | 0.0168       |
|    n_updates            | 1570         |
|    policy_gradient_loss | -0.00481     |
|    value_loss           | 0.0588       |
------------------------------------------
------------------------------------------
| rollout/                |              |
|    ep_len_mean          | 7.9          |
|    ep_rew_mean          | 3.98         |
| time/                   |              |
|    fps                  | 1143         |
|    iterations           | 159          |
|    time_elapsed         | 71           |
|    total_timesteps      | 81408        |
| train/                  |              |
|    approx_kl            | 0.0022649164 |
|    clip_fraction        | 0.0203       |
|    clip_range           | 0.2          |
|    entropy_loss         | -0.476       |
|    explained_variance   | 0.977        |
|    learning_rate        | 0.0001       |
|    loss                 | 0.0181       |
|    n_updates            | 1580         |
|    policy_gradient_loss | -0.00395     |
|    value_loss           | 0.0521       |
------------------------------------------
------------------------------------------
| rollout/                |              |
|    ep_len_mean          | 7.83         |
|    ep_rew_mean          | 4.05         |
| time/                   |              |
|    fps                  | 1145         |
|    iterations           | 160          |
|    time_elapsed         | 71           |
|    total_timesteps      | 81920        |
| train/                  |              |
|    approx_kl            | 0.0045426334 |
|    clip_fraction        | 0.0246       |
|    clip_range           | 0.2          |
|    entropy_loss         | -0.494       |
|    explained_variance   | 0.973        |
|    learning_rate        | 0.0001       |
|    loss                 | 0.0216       |
|    n_updates            | 1590         |
|    policy_gradient_loss | -0.00376     |
|    value_loss           | 0.0592       |
------------------------------------------
------------------------------------------
| rollout/                |              |
|    ep_len_mean          | 7.86         |
|    ep_rew_mean          | 3.89         |
| time/                   |              |
|    fps                  | 1146         |
|    iterations           | 161          |
|    time_elapsed         | 71           |
|    total_timesteps      | 82432        |
| train/                  |              |
|    approx_kl            | 0.0012147154 |
|    clip_fraction        | 0.0197       |
|    clip_range           | 0.2          |
|    entropy_loss         | -0.468       |
|    explained_variance   | 0.977        |
|    learning_rate        | 0.0001       |
|    loss                 | 0.0167       |
|    n_updates            | 1600         |
|    policy_gradient_loss | -0.00493     |
|    value_loss           | 0.0508       |
------------------------------------------
------------------------------------------
| rollout/                |              |
|    ep_len_mean          | 7.91         |
|    ep_rew_mean          | 3.77         |
| time/                   |              |
|    fps                  | 1146         |
|    iterations           | 162          |
|    time_elapsed         | 72           |
|    total_timesteps      | 82944        |
| train/                  |              |
|    approx_kl            | 0.0021703374 |
|    clip_fraction        | 0.0178       |
|    clip_range           | 0.2          |
|    entropy_loss         | -0.446       |
|    explained_variance   | 0.977        |
|    learning_rate        | 0.0001       |
|    loss                 | 0.0104       |
|    n_updates            | 1610         |
|    policy_gradient_loss | -0.00336     |
|    value_loss           | 0.0535       |
------------------------------------------
------------------------------------------
| rollout/                |              |
|    ep_len_mean          | 7.9          |
|    ep_rew_mean          | 3.69         |
| time/                   |              |
|    fps                  | 1143         |
|    iterations           | 163          |
|    time_elapsed         | 72           |
|    total_timesteps      | 83456        |
| train/                  |              |
|    approx_kl            | 0.0018638121 |
|    clip_fraction        | 0.00625      |
|    clip_range           | 0.2          |
|    entropy_loss         | -0.488       |
|    explained_variance   | 0.97         |
|    learning_rate        | 0.0001       |
|    loss                 | 0.0263       |
|    n_updates            | 1620         |
|    policy_gradient_loss | -0.00272     |
|    value_loss           | 0.0638       |
------------------------------------------
------------------------------------------
| rollout/                |              |
|    ep_len_mean          | 7.86         |
|    ep_rew_mean          | 3.79         |
| time/                   |              |
|    fps                  | 1134         |
|    iterations           | 164          |
|    time_elapsed         | 74           |
|    total_timesteps      | 83968        |
| train/                  |              |
|    approx_kl            | 0.0046463003 |
|    clip_fraction        | 0.0391       |
|    clip_range           | 0.2          |
|    entropy_loss         | -0.46        |
|    explained_variance   | 0.977        |
|    learning_rate        | 0.0001       |
|    loss                 | 0.0142       |
|    n_updates            | 1630         |
|    policy_gradient_loss | -0.00449     |
|    value_loss           | 0.048        |
------------------------------------------
------------------------------------------
| rollout/                |              |
|    ep_len_mean          | 7.84         |
|    ep_rew_mean          | 3.93         |
| time/                   |              |
|    fps                  | 1129         |
|    iterations           | 165          |
|    time_elapsed         | 74           |
|    total_timesteps      | 84480        |
| train/                  |              |
|    approx_kl            | 0.0029459062 |
|    clip_fraction        | 0.0656       |
|    clip_range           | 0.2          |
|    entropy_loss         | -0.518       |
|    explained_variance   | 0.969        |
|    learning_rate        | 0.0001       |
|    loss                 | 0.0207       |
|    n_updates            | 1640         |
|    policy_gradient_loss | -0.00706     |
|    value_loss           | 0.0733       |
------------------------------------------
------------------------------------------
| rollout/                |              |
|    ep_len_mean          | 7.91         |
|    ep_rew_mean          | 3.78         |
| time/                   |              |
|    fps                  | 1128         |
|    iterations           | 166          |
|    time_elapsed         | 75           |
|    total_timesteps      | 84992        |
| train/                  |              |
|    approx_kl            | 0.0031963338 |
|    clip_fraction        | 0.0158       |
|    clip_range           | 0.2          |
|    entropy_loss         | -0.478       |
|    explained_variance   | 0.969        |
|    learning_rate        | 0.0001       |
|    loss                 | 0.0171       |
|    n_updates            | 1650         |
|    policy_gradient_loss | -0.0036      |
|    value_loss           | 0.0635       |
------------------------------------------
-----------------------------------------
| rollout/                |             |
|    ep_len_mean          | 7.87        |
|    ep_rew_mean          | 3.91        |
| time/                   |             |
|    fps                  | 1126        |
|    iterations           | 167         |
|    time_elapsed         | 75          |
|    total_timesteps      | 85504       |
| train/                  |             |
|    approx_kl            | 0.009338377 |
|    clip_fraction        | 0.0527      |
|    clip_range           | 0.2         |
|    entropy_loss         | -0.48       |
|    explained_variance   | 0.963       |
|    learning_rate        | 0.0001      |
|    loss                 | 0.0174      |
|    n_updates            | 1660        |
|    policy_gradient_loss | -0.00925    |
|    value_loss           | 0.0764      |
-----------------------------------------
------------------------------------------
| rollout/                |              |
|    ep_len_mean          | 7.92         |
|    ep_rew_mean          | 3.74         |
| time/                   |              |
|    fps                  | 1126         |
|    iterations           | 168          |
|    time_elapsed         | 76           |
|    total_timesteps      | 86016        |
| train/                  |              |
|    approx_kl            | 0.0016441082 |
|    clip_fraction        | 0.00508      |
|    clip_range           | 0.2          |
|    entropy_loss         | -0.52        |
|    explained_variance   | 0.974        |
|    learning_rate        | 0.0001       |
|    loss                 | 0.023        |
|    n_updates            | 1670         |
|    policy_gradient_loss | -0.00223     |
|    value_loss           | 0.0623       |
------------------------------------------
-----------------------------------------
| rollout/                |             |
|    ep_len_mean          | 7.96        |
|    ep_rew_mean          | 3.56        |
| time/                   |             |
|    fps                  | 1127        |
|    iterations           | 169         |
|    time_elapsed         | 76          |
|    total_timesteps      | 86528       |
| train/                  |             |
|    approx_kl            | 0.005911692 |
|    clip_fraction        | 0.0311      |
|    clip_range           | 0.2         |
|    entropy_loss         | -0.57       |
|    explained_variance   | 0.976       |
|    learning_rate        | 0.0001      |
|    loss                 | 0.00242     |
|    n_updates            | 1680        |
|    policy_gradient_loss | -0.00767    |
|    value_loss           | 0.0474      |
-----------------------------------------
------------------------------------------
| rollout/                |              |
|    ep_len_mean          | 7.93         |
|    ep_rew_mean          | 3.54         |
| time/                   |              |
|    fps                  | 1128         |
|    iterations           | 170          |
|    time_elapsed         | 77           |
|    total_timesteps      | 87040        |
| train/                  |              |
|    approx_kl            | 0.0048105307 |
|    clip_fraction        | 0.0338       |
|    clip_range           | 0.2          |
|    entropy_loss         | -0.598       |
|    explained_variance   | 0.976        |
|    learning_rate        | 0.0001       |
|    loss                 | 0.00972      |
|    n_updates            | 1690         |
|    policy_gradient_loss | -0.00612     |
|    value_loss           | 0.0483       |
------------------------------------------
-----------------------------------------
| rollout/                |             |
|    ep_len_mean          | 7.95        |
|    ep_rew_mean          | 3.69        |
| time/                   |             |
|    fps                  | 1130        |
|    iterations           | 171         |
|    time_elapsed         | 77          |
|    total_timesteps      | 87552       |
| train/                  |             |
|    approx_kl            | 0.008221772 |
|    clip_fraction        | 0.059       |
|    clip_range           | 0.2         |
|    entropy_loss         | -0.575      |
|    explained_variance   | 0.975       |
|    learning_rate        | 0.0001      |
|    loss                 | 0.0173      |
|    n_updates            | 1700        |
|    policy_gradient_loss | -0.00696    |
|    value_loss           | 0.0506      |
-----------------------------------------
------------------------------------------
| rollout/                |              |
|    ep_len_mean          | 7.9          |
|    ep_rew_mean          | 3.81         |
| time/                   |              |
|    fps                  | 1131         |
|    iterations           | 172          |
|    time_elapsed         | 77           |
|    total_timesteps      | 88064        |
| train/                  |              |
|    approx_kl            | 0.0053362073 |
|    clip_fraction        | 0.0314       |
|    clip_range           | 0.2          |
|    entropy_loss         | -0.568       |
|    explained_variance   | 0.973        |
|    learning_rate        | 0.0001       |
|    loss                 | 0.015        |
|    n_updates            | 1710         |
|    policy_gradient_loss | -0.00524     |
|    value_loss           | 0.0603       |
------------------------------------------
------------------------------------------
| rollout/                |              |
|    ep_len_mean          | 7.95         |
|    ep_rew_mean          | 3.83         |
| time/                   |              |
|    fps                  | 1132         |
|    iterations           | 173          |
|    time_elapsed         | 78           |
|    total_timesteps      | 88576        |
| train/                  |              |
|    approx_kl            | 0.0022787564 |
|    clip_fraction        | 0.00781      |
|    clip_range           | 0.2          |
|    entropy_loss         | -0.529       |
|    explained_variance   | 0.928        |
|    learning_rate        | 0.0001       |
|    loss                 | 0.0684       |
|    n_updates            | 1720         |
|    policy_gradient_loss | -0.00357     |
|    value_loss           | 0.165        |
------------------------------------------
-----------------------------------------
| rollout/                |             |
|    ep_len_mean          | 7.92        |
|    ep_rew_mean          | 3.98        |
| time/                   |             |
|    fps                  | 1133        |
|    iterations           | 174         |
|    time_elapsed         | 78          |
|    total_timesteps      | 89088       |
| train/                  |             |
|    approx_kl            | 0.004925155 |
|    clip_fraction        | 0.027       |
|    clip_range           | 0.2         |
|    entropy_loss         | -0.559      |
|    explained_variance   | 0.959       |
|    learning_rate        | 0.0001      |
|    loss                 | 0.0302      |
|    n_updates            | 1730        |
|    policy_gradient_loss | -0.00669    |
|    value_loss           | 0.0981      |
-----------------------------------------
-----------------------------------------
| rollout/                |             |
|    ep_len_mean          | 7.93        |
|    ep_rew_mean          | 3.95        |
| time/                   |             |
|    fps                  | 1135        |
|    iterations           | 175         |
|    time_elapsed         | 78          |
|    total_timesteps      | 89600       |
| train/                  |             |
|    approx_kl            | 0.005618493 |
|    clip_fraction        | 0.0309      |
|    clip_range           | 0.2         |
|    entropy_loss         | -0.439      |
|    explained_variance   | 0.963       |
|    learning_rate        | 0.0001      |
|    loss                 | 0.0228      |
|    n_updates            | 1740        |
|    policy_gradient_loss | -0.005      |
|    value_loss           | 0.0833      |
-----------------------------------------
-----------------------------------------
| rollout/                |             |
|    ep_len_mean          | 7.9         |
|    ep_rew_mean          | 3.95        |
| time/                   |             |
|    fps                  | 1136        |
|    iterations           | 176         |
|    time_elapsed         | 79          |
|    total_timesteps      | 90112       |
| train/                  |             |
|    approx_kl            | 0.004642003 |
|    clip_fraction        | 0.0203      |
|    clip_range           | 0.2         |
|    entropy_loss         | -0.502      |
|    explained_variance   | 0.951       |
|    learning_rate        | 0.0001      |
|    loss                 | 0.0367      |
|    n_updates            | 1750        |
|    policy_gradient_loss | -0.00867    |
|    value_loss           | 0.108       |
-----------------------------------------
------------------------------------------
| rollout/                |              |
|    ep_len_mean          | 7.93         |
|    ep_rew_mean          | 3.89         |
| time/                   |              |
|    fps                  | 1137         |
|    iterations           | 177          |
|    time_elapsed         | 79           |
|    total_timesteps      | 90624        |
| train/                  |              |
|    approx_kl            | 0.0014868607 |
|    clip_fraction        | 0.0174       |
|    clip_range           | 0.2          |
|    entropy_loss         | -0.484       |
|    explained_variance   | 0.944        |
|    learning_rate        | 0.0001       |
|    loss                 | 0.0527       |
|    n_updates            | 1760         |
|    policy_gradient_loss | -0.00483     |
|    value_loss           | 0.13         |
------------------------------------------
------------------------------------------
| rollout/                |              |
|    ep_len_mean          | 7.94         |
|    ep_rew_mean          | 3.93         |
| time/                   |              |
|    fps                  | 1138         |
|    iterations           | 178          |
|    time_elapsed         | 80           |
|    total_timesteps      | 91136        |
| train/                  |              |
|    approx_kl            | 0.0018912142 |
|    clip_fraction        | 0.00898      |
|    clip_range           | 0.2          |
|    entropy_loss         | -0.485       |
|    explained_variance   | 0.946        |
|    learning_rate        | 0.0001       |
|    loss                 | 0.0525       |
|    n_updates            | 1770         |
|    policy_gradient_loss | -0.0026      |
|    value_loss           | 0.117        |
------------------------------------------
------------------------------------------
| rollout/                |              |
|    ep_len_mean          | 7.9          |
|    ep_rew_mean          | 3.97         |
| time/                   |              |
|    fps                  | 1138         |
|    iterations           | 179          |
|    time_elapsed         | 80           |
|    total_timesteps      | 91648        |
| train/                  |              |
|    approx_kl            | 0.0033365283 |
|    clip_fraction        | 0.0283       |
|    clip_range           | 0.2          |
|    entropy_loss         | -0.479       |
|    explained_variance   | 0.938        |
|    learning_rate        | 0.0001       |
|    loss                 | 0.0493       |
|    n_updates            | 1780         |
|    policy_gradient_loss | -0.00499     |
|    value_loss           | 0.134        |
------------------------------------------
----------------------------------------
| rollout/                |            |
|    ep_len_mean          | 7.94       |
|    ep_rew_mean          | 3.89       |
| time/                   |            |
|    fps                  | 1139       |
|    iterations           | 180        |
|    time_elapsed         | 80         |
|    total_timesteps      | 92160      |
| train/                  |            |
|    approx_kl            | 0.00343793 |
|    clip_fraction        | 0.0469     |
|    clip_range           | 0.2        |
|    entropy_loss         | -0.513     |
|    explained_variance   | 0.936      |
|    learning_rate        | 0.0001     |
|    loss                 | 0.0648     |
|    n_updates            | 1790       |
|    policy_gradient_loss | -0.00548   |
|    value_loss           | 0.149      |
----------------------------------------
------------------------------------------
| rollout/                |              |
|    ep_len_mean          | 7.98         |
|    ep_rew_mean          | 3.74         |
| time/                   |              |
|    fps                  | 1140         |
|    iterations           | 181          |
|    time_elapsed         | 81           |
|    total_timesteps      | 92672        |
| train/                  |              |
|    approx_kl            | 0.0031318057 |
|    clip_fraction        | 0.0107       |
|    clip_range           | 0.2          |
|    entropy_loss         | -0.477       |
|    explained_variance   | 0.94         |
|    learning_rate        | 0.0001       |
|    loss                 | 0.0612       |
|    n_updates            | 1800         |
|    policy_gradient_loss | -0.00465     |
|    value_loss           | 0.136        |
------------------------------------------
------------------------------------------
| rollout/                |              |
|    ep_len_mean          | 7.95         |
|    ep_rew_mean          | 3.86         |
| time/                   |              |
|    fps                  | 1141         |
|    iterations           | 182          |
|    time_elapsed         | 81           |
|    total_timesteps      | 93184        |
| train/                  |              |
|    approx_kl            | 0.0046220436 |
|    clip_fraction        | 0.0168       |
|    clip_range           | 0.2          |
|    entropy_loss         | -0.44        |
|    explained_variance   | 0.95         |
|    learning_rate        | 0.0001       |
|    loss                 | 0.0516       |
|    n_updates            | 1810         |
|    policy_gradient_loss | -0.00368     |
|    value_loss           | 0.121        |
------------------------------------------
------------------------------------------
| rollout/                |              |
|    ep_len_mean          | 7.91         |
|    ep_rew_mean          | 3.92         |
| time/                   |              |
|    fps                  | 1142         |
|    iterations           | 183          |
|    time_elapsed         | 81           |
|    total_timesteps      | 93696        |
| train/                  |              |
|    approx_kl            | 0.0031532047 |
|    clip_fraction        | 0.00996      |
|    clip_range           | 0.2          |
|    entropy_loss         | -0.465       |
|    explained_variance   | 0.94         |
|    learning_rate        | 0.0001       |
|    loss                 | 0.0581       |
|    n_updates            | 1820         |
|    policy_gradient_loss | -0.00406     |
|    value_loss           | 0.126        |
------------------------------------------
------------------------------------------
| rollout/                |              |
|    ep_len_mean          | 7.93         |
|    ep_rew_mean          | 3.75         |
| time/                   |              |
|    fps                  | 1143         |
|    iterations           | 184          |
|    time_elapsed         | 82           |
|    total_timesteps      | 94208        |
| train/                  |              |
|    approx_kl            | 0.0031343773 |
|    clip_fraction        | 0.018        |
|    clip_range           | 0.2          |
|    entropy_loss         | -0.432       |
|    explained_variance   | 0.912        |
|    learning_rate        | 0.0001       |
|    loss                 | 0.102        |
|    n_updates            | 1830         |
|    policy_gradient_loss | -0.00617     |
|    value_loss           | 0.196        |
------------------------------------------
-----------------------------------------
| rollout/                |             |
|    ep_len_mean          | 7.96        |
|    ep_rew_mean          | 3.91        |
| time/                   |             |
|    fps                  | 1144        |
|    iterations           | 185         |
|    time_elapsed         | 82          |
|    total_timesteps      | 94720       |
| train/                  |             |
|    approx_kl            | 0.008424429 |
|    clip_fraction        | 0.0445      |
|    clip_range           | 0.2         |
|    entropy_loss         | -0.4        |
|    explained_variance   | 0.942       |
|    learning_rate        | 0.0001      |
|    loss                 | 0.0581      |
|    n_updates            | 1840        |
|    policy_gradient_loss | -0.00546    |
|    value_loss           | 0.125       |
-----------------------------------------
------------------------------------------
| rollout/                |              |
|    ep_len_mean          | 7.82         |
|    ep_rew_mean          | 4.12         |
| time/                   |              |
|    fps                  | 1145         |
|    iterations           | 186          |
|    time_elapsed         | 83           |
|    total_timesteps      | 95232        |
| train/                  |              |
|    approx_kl            | 0.0029846963 |
|    clip_fraction        | 0.0322       |
|    clip_range           | 0.2          |
|    entropy_loss         | -0.392       |
|    explained_variance   | 0.91         |
|    learning_rate        | 0.0001       |
|    loss                 | 0.0999       |
|    n_updates            | 1850         |
|    policy_gradient_loss | -0.00331     |
|    value_loss           | 0.223        |
------------------------------------------
------------------------------------------
| rollout/                |              |
|    ep_len_mean          | 7.83         |
|    ep_rew_mean          | 4.23         |
| time/                   |              |
|    fps                  | 1147         |
|    iterations           | 187          |
|    time_elapsed         | 83           |
|    total_timesteps      | 95744        |
| train/                  |              |
|    approx_kl            | 0.0022508134 |
|    clip_fraction        | 0.0383       |
|    clip_range           | 0.2          |
|    entropy_loss         | -0.426       |
|    explained_variance   | 0.9          |
|    learning_rate        | 0.0001       |
|    loss                 | 0.107        |
|    n_updates            | 1860         |
|    policy_gradient_loss | -0.00649     |
|    value_loss           | 0.254        |
------------------------------------------
-----------------------------------------
| rollout/                |             |
|    ep_len_mean          | 7.96        |
|    ep_rew_mean          | 3.96        |
| time/                   |             |
|    fps                  | 1148        |
|    iterations           | 188         |
|    time_elapsed         | 83          |
|    total_timesteps      | 96256       |
| train/                  |             |
|    approx_kl            | 0.002379742 |
|    clip_fraction        | 0.0205      |
|    clip_range           | 0.2         |
|    entropy_loss         | -0.367      |
|    explained_variance   | 0.908       |
|    learning_rate        | 0.0001      |
|    loss                 | 0.0837      |
|    n_updates            | 1870        |
|    policy_gradient_loss | -0.00546    |
|    value_loss           | 0.244       |
-----------------------------------------
-----------------------------------------
| rollout/                |             |
|    ep_len_mean          | 7.97        |
|    ep_rew_mean          | 3.78        |
| time/                   |             |
|    fps                  | 1149        |
|    iterations           | 189         |
|    time_elapsed         | 84          |
|    total_timesteps      | 96768       |
| train/                  |             |
|    approx_kl            | 0.002470008 |
|    clip_fraction        | 0.00664     |
|    clip_range           | 0.2         |
|    entropy_loss         | -0.39       |
|    explained_variance   | 0.949       |
|    learning_rate        | 0.0001      |
|    loss                 | 0.0399      |
|    n_updates            | 1880        |
|    policy_gradient_loss | -0.00201    |
|    value_loss           | 0.116       |
-----------------------------------------
------------------------------------------
| rollout/                |              |
|    ep_len_mean          | 7.99         |
|    ep_rew_mean          | 3.79         |
| time/                   |              |
|    fps                  | 1150         |
|    iterations           | 190          |
|    time_elapsed         | 84           |
|    total_timesteps      | 97280        |
| train/                  |              |
|    approx_kl            | 0.0039060772 |
|    clip_fraction        | 0.0152       |
|    clip_range           | 0.2          |
|    entropy_loss         | -0.42        |
|    explained_variance   | 0.932        |
|    learning_rate        | 0.0001       |
|    loss                 | 0.0513       |
|    n_updates            | 1890         |
|    policy_gradient_loss | -0.00626     |
|    value_loss           | 0.144        |
------------------------------------------
----------------------------------------
| rollout/                |            |
|    ep_len_mean          | 7.93       |
|    ep_rew_mean          | 3.69       |
| time/                   |            |
|    fps                  | 1151       |
|    iterations           | 191        |
|    time_elapsed         | 84         |
|    total_timesteps      | 97792      |
| train/                  |            |
|    approx_kl            | 0.00428527 |
|    clip_fraction        | 0.0426     |
|    clip_range           | 0.2        |
|    entropy_loss         | -0.493     |
|    explained_variance   | 0.925      |
|    learning_rate        | 0.0001     |
|    loss                 | 0.0567     |
|    n_updates            | 1900       |
|    policy_gradient_loss | -0.00605   |
|    value_loss           | 0.16       |
----------------------------------------
------------------------------------------
| rollout/                |              |
|    ep_len_mean          | 7.93         |
|    ep_rew_mean          | 3.89         |
| time/                   |              |
|    fps                  | 1152         |
|    iterations           | 192          |
|    time_elapsed         | 85           |
|    total_timesteps      | 98304        |
| train/                  |              |
|    approx_kl            | 0.0026471536 |
|    clip_fraction        | 0.0158       |
|    clip_range           | 0.2          |
|    entropy_loss         | -0.5         |
|    explained_variance   | 0.917        |
|    learning_rate        | 0.0001       |
|    loss                 | 0.0854       |
|    n_updates            | 1910         |
|    policy_gradient_loss | -0.00395     |
|    value_loss           | 0.198        |
------------------------------------------
------------------------------------------
| rollout/                |              |
|    ep_len_mean          | 7.97         |
|    ep_rew_mean          | 3.59         |
| time/                   |              |
|    fps                  | 1153         |
|    iterations           | 193          |
|    time_elapsed         | 85           |
|    total_timesteps      | 98816        |
| train/                  |              |
|    approx_kl            | 0.0017333254 |
|    clip_fraction        | 0.0156       |
|    clip_range           | 0.2          |
|    entropy_loss         | -0.474       |
|    explained_variance   | 0.856        |
|    learning_rate        | 0.0001       |
|    loss                 | 0.153        |
|    n_updates            | 1920         |
|    policy_gradient_loss | -0.00243     |
|    value_loss           | 0.342        |
------------------------------------------
-----------------------------------------
| rollout/                |             |
|    ep_len_mean          | 7.91        |
|    ep_rew_mean          | 3.76        |
| time/                   |             |
|    fps                  | 1154        |
|    iterations           | 194         |
|    time_elapsed         | 86          |
|    total_timesteps      | 99328       |
| train/                  |             |
|    approx_kl            | 0.009838114 |
|    clip_fraction        | 0.0418      |
|    clip_range           | 0.2         |
|    entropy_loss         | -0.483      |
|    explained_variance   | 0.924       |
|    learning_rate        | 0.0001      |
|    loss                 | 0.0623      |
|    n_updates            | 1930        |
|    policy_gradient_loss | -0.00608    |
|    value_loss           | 0.141       |
-----------------------------------------
-----------------------------------------
| rollout/                |             |
|    ep_len_mean          | 7.89        |
|    ep_rew_mean          | 3.88        |
| time/                   |             |
|    fps                  | 1155        |
|    iterations           | 195         |
|    time_elapsed         | 86          |
|    total_timesteps      | 99840       |
| train/                  |             |
|    approx_kl            | 0.009588176 |
|    clip_fraction        | 0.0445      |
|    clip_range           | 0.2         |
|    entropy_loss         | -0.477      |
|    explained_variance   | 0.876       |
|    learning_rate        | 0.0001      |
|    loss                 | 0.139       |
|    n_updates            | 1940        |
|    policy_gradient_loss | -0.00819    |
|    value_loss           | 0.31        |
-----------------------------------------
------------------------------------------
| rollout/                |              |
|    ep_len_mean          | 8            |
|    ep_rew_mean          | 3.9          |
| time/                   |              |
|    fps                  | 1156         |
|    iterations           | 196          |
|    time_elapsed         | 86           |
|    total_timesteps      | 100352       |
| train/                  |              |
|    approx_kl            | 0.0049386234 |
|    clip_fraction        | 0.0215       |
|    clip_range           | 0.2          |
|    entropy_loss         | -0.512       |
|    explained_variance   | 0.92         |
|    learning_rate        | 0.0001       |
|    loss                 | 0.0654       |
|    n_updates            | 1950         |
|    policy_gradient_loss | -0.00579     |
|    value_loss           | 0.164        |
------------------------------------------
------------------------------------------
| rollout/                |              |
|    ep_len_mean          | 7.96         |
|    ep_rew_mean          | 3.91         |
| time/                   |              |
|    fps                  | 1157         |
|    iterations           | 197          |
|    time_elapsed         | 87           |
|    total_timesteps      | 100864       |
| train/                  |              |
|    approx_kl            | 0.0030417768 |
|    clip_fraction        | 0.0229       |
|    clip_range           | 0.2          |
|    entropy_loss         | -0.517       |
|    explained_variance   | 0.909        |
|    learning_rate        | 0.0001       |
|    loss                 | 0.125        |
|    n_updates            | 1960         |
|    policy_gradient_loss | -0.00201     |
|    value_loss           | 0.228        |
------------------------------------------
------------------------------------------
| rollout/                |              |
|    ep_len_mean          | 7.96         |
|    ep_rew_mean          | 3.89         |
| time/                   |              |
|    fps                  | 1158         |
|    iterations           | 198          |
|    time_elapsed         | 87           |
|    total_timesteps      | 101376       |
| train/                  |              |
|    approx_kl            | 0.0025383523 |
|    clip_fraction        | 0.0199       |
|    clip_range           | 0.2          |
|    entropy_loss         | -0.555       |
|    explained_variance   | 0.889        |
|    learning_rate        | 0.0001       |
|    loss                 | 0.0997       |
|    n_updates            | 1970         |
|    policy_gradient_loss | -0.00291     |
|    value_loss           | 0.237        |
------------------------------------------
------------------------------------------
| rollout/                |              |
|    ep_len_mean          | 7.98         |
|    ep_rew_mean          | 3.85         |
| time/                   |              |
|    fps                  | 1159         |
|    iterations           | 199          |
|    time_elapsed         | 87           |
|    total_timesteps      | 101888       |
| train/                  |              |
|    approx_kl            | 0.0032505954 |
|    clip_fraction        | 0.0186       |
|    clip_range           | 0.2          |
|    entropy_loss         | -0.553       |
|    explained_variance   | 0.893        |
|    learning_rate        | 0.0001       |
|    loss                 | 0.0939       |
|    n_updates            | 1980         |
|    policy_gradient_loss | -0.00402     |
|    value_loss           | 0.266        |
------------------------------------------
-----------------------------------------
| rollout/                |             |
|    ep_len_mean          | 7.99        |
|    ep_rew_mean          | 3.77        |
| time/                   |             |
|    fps                  | 1161        |
|    iterations           | 200         |
|    time_elapsed         | 88          |
|    total_timesteps      | 102400      |
| train/                  |             |
|    approx_kl            | 0.010853604 |
|    clip_fraction        | 0.0879      |
|    clip_range           | 0.2         |
|    entropy_loss         | -0.622      |
|    explained_variance   | 0.879       |
|    learning_rate        | 0.0001      |
|    loss                 | 0.124       |
|    n_updates            | 1990        |
|    policy_gradient_loss | -0.00766    |
|    value_loss           | 0.293       |
-----------------------------------------
-----------------------------------------
| rollout/                |             |
|    ep_len_mean          | 7.93        |
|    ep_rew_mean          | 3.95        |
| time/                   |             |
|    fps                  | 1163        |
|    iterations           | 201         |
|    time_elapsed         | 88          |
|    total_timesteps      | 102912      |
| train/                  |             |
|    approx_kl            | 0.003997255 |
|    clip_fraction        | 0.0252      |
|    clip_range           | 0.2         |
|    entropy_loss         | -0.611      |
|    explained_variance   | 0.913       |
|    learning_rate        | 0.0001      |
|    loss                 | 0.0977      |
|    n_updates            | 2000        |
|    policy_gradient_loss | -0.00384    |
|    value_loss           | 0.202       |
-----------------------------------------
-----------------------------------------
| rollout/                |             |
|    ep_len_mean          | 7.9         |
|    ep_rew_mean          | 3.9         |
| time/                   |             |
|    fps                  | 1165        |
|    iterations           | 202         |
|    time_elapsed         | 88          |
|    total_timesteps      | 103424      |
| train/                  |             |
|    approx_kl            | 0.008801736 |
|    clip_fraction        | 0.0271      |
|    clip_range           | 0.2         |
|    entropy_loss         | -0.646      |
|    explained_variance   | 0.894       |
|    learning_rate        | 0.0001      |
|    loss                 | 0.126       |
|    n_updates            | 2010        |
|    policy_gradient_loss | -0.00525    |
|    value_loss           | 0.273       |
-----------------------------------------
------------------------------------------
| rollout/                |              |
|    ep_len_mean          | 7.88         |
|    ep_rew_mean          | 4.09         |
| time/                   |              |
|    fps                  | 1166         |
|    iterations           | 203          |
|    time_elapsed         | 89           |
|    total_timesteps      | 103936       |
| train/                  |              |
|    approx_kl            | 0.0015319374 |
|    clip_fraction        | 0.00137      |
|    clip_range           | 0.2          |
|    entropy_loss         | -0.647       |
|    explained_variance   | 0.894        |
|    learning_rate        | 0.0001       |
|    loss                 | 0.133        |
|    n_updates            | 2020         |
|    policy_gradient_loss | -0.00236     |
|    value_loss           | 0.26         |
------------------------------------------
------------------------------------------
| rollout/                |              |
|    ep_len_mean          | 7.81         |
|    ep_rew_mean          | 4.18         |
| time/                   |              |
|    fps                  | 1168         |
|    iterations           | 204          |
|    time_elapsed         | 89           |
|    total_timesteps      | 104448       |
| train/                  |              |
|    approx_kl            | 0.0008584399 |
|    clip_fraction        | 0.017        |
|    clip_range           | 0.2          |
|    entropy_loss         | -0.646       |
|    explained_variance   | 0.89         |
|    learning_rate        | 0.0001       |
|    loss                 | 0.126        |
|    n_updates            | 2030         |
|    policy_gradient_loss | -0.00365     |
|    value_loss           | 0.28         |
------------------------------------------
-----------------------------------------
| rollout/                |             |
|    ep_len_mean          | 7.8         |
|    ep_rew_mean          | 4.32        |
| time/                   |             |
|    fps                  | 1170        |
|    iterations           | 205         |
|    time_elapsed         | 89          |
|    total_timesteps      | 104960      |
| train/                  |             |
|    approx_kl            | 0.003939079 |
|    clip_fraction        | 0.0178      |
|    clip_range           | 0.2         |
|    entropy_loss         | -0.651      |
|    explained_variance   | 0.828       |
|    learning_rate        | 0.0001      |
|    loss                 | 0.225       |
|    n_updates            | 2040        |
|    policy_gradient_loss | -0.00289    |
|    value_loss           | 0.513       |
-----------------------------------------
-----------------------------------------
| rollout/                |             |
|    ep_len_mean          | 7.85        |
|    ep_rew_mean          | 4.1         |
| time/                   |             |
|    fps                  | 1171        |
|    iterations           | 206         |
|    time_elapsed         | 89          |
|    total_timesteps      | 105472      |
| train/                  |             |
|    approx_kl            | 0.010624426 |
|    clip_fraction        | 0.0566      |
|    clip_range           | 0.2         |
|    entropy_loss         | -0.67       |
|    explained_variance   | 0.874       |
|    learning_rate        | 0.0001      |
|    loss                 | 0.152       |
|    n_updates            | 2050        |
|    policy_gradient_loss | -0.00974    |
|    value_loss           | 0.331       |
-----------------------------------------
----------------------------------------
| rollout/                |            |
|    ep_len_mean          | 7.83       |
|    ep_rew_mean          | 4.16       |
| time/                   |            |
|    fps                  | 1172       |
|    iterations           | 207        |
|    time_elapsed         | 90         |
|    total_timesteps      | 105984     |
| train/                  |            |
|    approx_kl            | 0.01494293 |
|    clip_fraction        | 0.0646     |
|    clip_range           | 0.2        |
|    entropy_loss         | -0.628     |
|    explained_variance   | 0.853      |
|    learning_rate        | 0.0001     |
|    loss                 | 0.145      |
|    n_updates            | 2060       |
|    policy_gradient_loss | -0.00879   |
|    value_loss           | 0.392      |
----------------------------------------
------------------------------------------
| rollout/                |              |
|    ep_len_mean          | 7.91         |
|    ep_rew_mean          | 4.09         |
| time/                   |              |
|    fps                  | 1174         |
|    iterations           | 208          |
|    time_elapsed         | 90           |
|    total_timesteps      | 106496       |
| train/                  |              |
|    approx_kl            | 0.0063682394 |
|    clip_fraction        | 0.0285       |
|    clip_range           | 0.2          |
|    entropy_loss         | -0.618       |
|    explained_variance   | 0.852        |
|    learning_rate        | 0.0001       |
|    loss                 | 0.177        |
|    n_updates            | 2070         |
|    policy_gradient_loss | -0.00336     |
|    value_loss           | 0.388        |
------------------------------------------
-----------------------------------------
| rollout/                |             |
|    ep_len_mean          | 7.95        |
|    ep_rew_mean          | 3.81        |
| time/                   |             |
|    fps                  | 1175        |
|    iterations           | 209         |
|    time_elapsed         | 91          |
|    total_timesteps      | 107008      |
| train/                  |             |
|    approx_kl            | 0.006770418 |
|    clip_fraction        | 0.0305      |
|    clip_range           | 0.2         |
|    entropy_loss         | -0.654      |
|    explained_variance   | 0.85        |
|    learning_rate        | 0.0001      |
|    loss                 | 0.157       |
|    n_updates            | 2080        |
|    policy_gradient_loss | -0.00752    |
|    value_loss           | 0.373       |
-----------------------------------------
-----------------------------------------
| rollout/                |             |
|    ep_len_mean          | 7.95        |
|    ep_rew_mean          | 3.87        |
| time/                   |             |
|    fps                  | 1176        |
|    iterations           | 210         |
|    time_elapsed         | 91          |
|    total_timesteps      | 107520      |
| train/                  |             |
|    approx_kl            | 0.005092069 |
|    clip_fraction        | 0.0187      |
|    clip_range           | 0.2         |
|    entropy_loss         | -0.609      |
|    explained_variance   | 0.844       |
|    learning_rate        | 0.0001      |
|    loss                 | 0.198       |
|    n_updates            | 2090        |
|    policy_gradient_loss | -0.00726    |
|    value_loss           | 0.398       |
-----------------------------------------
-----------------------------------------
| rollout/                |             |
|    ep_len_mean          | 7.95        |
|    ep_rew_mean          | 3.68        |
| time/                   |             |
|    fps                  | 1178        |
|    iterations           | 211         |
|    time_elapsed         | 91          |
|    total_timesteps      | 108032      |
| train/                  |             |
|    approx_kl            | 0.009388354 |
|    clip_fraction        | 0.0447      |
|    clip_range           | 0.2         |
|    entropy_loss         | -0.612      |
|    explained_variance   | 0.847       |
|    learning_rate        | 0.0001      |
|    loss                 | 0.169       |
|    n_updates            | 2100        |
|    policy_gradient_loss | -0.0072     |
|    value_loss           | 0.401       |
-----------------------------------------
------------------------------------------
| rollout/                |              |
|    ep_len_mean          | 7.93         |
|    ep_rew_mean          | 3.74         |
| time/                   |              |
|    fps                  | 1179         |
|    iterations           | 212          |
|    time_elapsed         | 91           |
|    total_timesteps      | 108544       |
| train/                  |              |
|    approx_kl            | 0.0059823813 |
|    clip_fraction        | 0.0174       |
|    clip_range           | 0.2          |
|    entropy_loss         | -0.598       |
|    explained_variance   | 0.883        |
|    learning_rate        | 0.0001       |
|    loss                 | 0.11         |
|    n_updates            | 2110         |
|    policy_gradient_loss | -0.005       |
|    value_loss           | 0.279        |
------------------------------------------
-----------------------------------------
| rollout/                |             |
|    ep_len_mean          | 7.94        |
|    ep_rew_mean          | 3.86        |
| time/                   |             |
|    fps                  | 1181        |
|    iterations           | 213         |
|    time_elapsed         | 92          |
|    total_timesteps      | 109056      |
| train/                  |             |
|    approx_kl            | 0.003002822 |
|    clip_fraction        | 0.00937     |
|    clip_range           | 0.2         |
|    entropy_loss         | -0.56       |
|    explained_variance   | 0.844       |
|    learning_rate        | 0.0001      |
|    loss                 | 0.177       |
|    n_updates            | 2120        |
|    policy_gradient_loss | -0.00286    |
|    value_loss           | 0.404       |
-----------------------------------------
------------------------------------------
| rollout/                |              |
|    ep_len_mean          | 7.98         |
|    ep_rew_mean          | 3.65         |
| time/                   |              |
|    fps                  | 1183         |
|    iterations           | 214          |
|    time_elapsed         | 92           |
|    total_timesteps      | 109568       |
| train/                  |              |
|    approx_kl            | 0.0064962357 |
|    clip_fraction        | 0.0283       |
|    clip_range           | 0.2          |
|    entropy_loss         | -0.565       |
|    explained_variance   | 0.859        |
|    learning_rate        | 0.0001       |
|    loss                 | 0.168        |
|    n_updates            | 2130         |
|    policy_gradient_loss | -0.0057      |
|    value_loss           | 0.36         |
------------------------------------------
-----------------------------------------
| rollout/                |             |
|    ep_len_mean          | 7.87        |
|    ep_rew_mean          | 3.73        |
| time/                   |             |
|    fps                  | 1185        |
|    iterations           | 215         |
|    time_elapsed         | 92          |
|    total_timesteps      | 110080      |
| train/                  |             |
|    approx_kl            | 0.008964703 |
|    clip_fraction        | 0.0473      |
|    clip_range           | 0.2         |
|    entropy_loss         | -0.584      |
|    explained_variance   | 0.905       |
|    learning_rate        | 0.0001      |
|    loss                 | 0.0711      |
|    n_updates            | 2140        |
|    policy_gradient_loss | -0.00542    |
|    value_loss           | 0.217       |
-----------------------------------------
-----------------------------------------
| rollout/                |             |
|    ep_len_mean          | 7.85        |
|    ep_rew_mean          | 3.92        |
| time/                   |             |
|    fps                  | 1186        |
|    iterations           | 216         |
|    time_elapsed         | 93          |
|    total_timesteps      | 110592      |
| train/                  |             |
|    approx_kl            | 0.004479011 |
|    clip_fraction        | 0.0264      |
|    clip_range           | 0.2         |
|    entropy_loss         | -0.611      |
|    explained_variance   | 0.786       |
|    learning_rate        | 0.0001      |
|    loss                 | 0.289       |
|    n_updates            | 2150        |
|    policy_gradient_loss | -0.00567    |
|    value_loss           | 0.582       |
-----------------------------------------
------------------------------------------
| rollout/                |              |
|    ep_len_mean          | 7.94         |
|    ep_rew_mean          | 3.65         |
| time/                   |              |
|    fps                  | 1188         |
|    iterations           | 217          |
|    time_elapsed         | 93           |
|    total_timesteps      | 111104       |
| train/                  |              |
|    approx_kl            | 0.0059014326 |
|    clip_fraction        | 0.0148       |
|    clip_range           | 0.2          |
|    entropy_loss         | -0.591       |
|    explained_variance   | 0.832        |
|    learning_rate        | 0.0001       |
|    loss                 | 0.225        |
|    n_updates            | 2160         |
|    policy_gradient_loss | -0.00437     |
|    value_loss           | 0.447        |
------------------------------------------
------------------------------------------
| rollout/                |              |
|    ep_len_mean          | 7.94         |
|    ep_rew_mean          | 3.53         |
| time/                   |              |
|    fps                  | 1190         |
|    iterations           | 218          |
|    time_elapsed         | 93           |
|    total_timesteps      | 111616       |
| train/                  |              |
|    approx_kl            | 0.0038925002 |
|    clip_fraction        | 0.0143       |
|    clip_range           | 0.2          |
|    entropy_loss         | -0.616       |
|    explained_variance   | 0.822        |
|    learning_rate        | 0.0001       |
|    loss                 | 0.194        |
|    n_updates            | 2170         |
|    policy_gradient_loss | -0.00472     |
|    value_loss           | 0.416        |
------------------------------------------
-----------------------------------------
| rollout/                |             |
|    ep_len_mean          | 7.95        |
|    ep_rew_mean          | 3.61        |
| time/                   |             |
|    fps                  | 1191        |
|    iterations           | 219         |
|    time_elapsed         | 94          |
|    total_timesteps      | 112128      |
| train/                  |             |
|    approx_kl            | 0.006923897 |
|    clip_fraction        | 0.0326      |
|    clip_range           | 0.2         |
|    entropy_loss         | -0.566      |
|    explained_variance   | 0.833       |
|    learning_rate        | 0.0001      |
|    loss                 | 0.204       |
|    n_updates            | 2180        |
|    policy_gradient_loss | -0.00752    |
|    value_loss           | 0.377       |
-----------------------------------------
------------------------------------------
| rollout/                |              |
|    ep_len_mean          | 7.95         |
|    ep_rew_mean          | 3.8          |
| time/                   |              |
|    fps                  | 1193         |
|    iterations           | 220          |
|    time_elapsed         | 94           |
|    total_timesteps      | 112640       |
| train/                  |              |
|    approx_kl            | 0.0031052893 |
|    clip_fraction        | 0.0041       |
|    clip_range           | 0.2          |
|    entropy_loss         | -0.556       |
|    explained_variance   | 0.739        |
|    learning_rate        | 0.0001       |
|    loss                 | 0.413        |
|    n_updates            | 2190         |
|    policy_gradient_loss | -0.00161     |
|    value_loss           | 0.795        |
------------------------------------------
------------------------------------------
| rollout/                |              |
|    ep_len_mean          | 7.97         |
|    ep_rew_mean          | 3.67         |
| time/                   |              |
|    fps                  | 1195         |
|    iterations           | 221          |
|    time_elapsed         | 94           |
|    total_timesteps      | 113152       |
| train/                  |              |
|    approx_kl            | 0.0020213337 |
|    clip_fraction        | 0.00566      |
|    clip_range           | 0.2          |
|    entropy_loss         | -0.559       |
|    explained_variance   | 0.781        |
|    learning_rate        | 0.0001       |
|    loss                 | 0.333        |
|    n_updates            | 2200         |
|    policy_gradient_loss | -0.00352     |
|    value_loss           | 0.582        |
------------------------------------------
-----------------------------------------
| rollout/                |             |
|    ep_len_mean          | 7.99        |
|    ep_rew_mean          | 3.69        |
| time/                   |             |
|    fps                  | 1196        |
|    iterations           | 222         |
|    time_elapsed         | 94          |
|    total_timesteps      | 113664      |
| train/                  |             |
|    approx_kl            | 0.008137193 |
|    clip_fraction        | 0.035       |
|    clip_range           | 0.2         |
|    entropy_loss         | -0.58       |
|    explained_variance   | 0.86        |
|    learning_rate        | 0.0001      |
|    loss                 | 0.167       |
|    n_updates            | 2210        |
|    policy_gradient_loss | -0.00583    |
|    value_loss           | 0.327       |
-----------------------------------------
------------------------------------------
| rollout/                |              |
|    ep_len_mean          | 7.92         |
|    ep_rew_mean          | 3.84         |
| time/                   |              |
|    fps                  | 1198         |
|    iterations           | 223          |
|    time_elapsed         | 95           |
|    total_timesteps      | 114176       |
| train/                  |              |
|    approx_kl            | 0.0045139943 |
|    clip_fraction        | 0.0166       |
|    clip_range           | 0.2          |
|    entropy_loss         | -0.577       |
|    explained_variance   | 0.807        |
|    learning_rate        | 0.0001       |
|    loss                 | 0.286        |
|    n_updates            | 2220         |
|    policy_gradient_loss | -0.00439     |
|    value_loss           | 0.543        |
------------------------------------------
------------------------------------------
| rollout/                |              |
|    ep_len_mean          | 7.93         |
|    ep_rew_mean          | 3.86         |
| time/                   |              |
|    fps                  | 1200         |
|    iterations           | 224          |
|    time_elapsed         | 95           |
|    total_timesteps      | 114688       |
| train/                  |              |
|    approx_kl            | 0.0024102274 |
|    clip_fraction        | 0.00957      |
|    clip_range           | 0.2          |
|    entropy_loss         | -0.555       |
|    explained_variance   | 0.733        |
|    learning_rate        | 0.0001       |
|    loss                 | 0.373        |
|    n_updates            | 2230         |
|    policy_gradient_loss | -0.00229     |
|    value_loss           | 0.848        |
------------------------------------------
-----------------------------------------
| rollout/                |             |
|    ep_len_mean          | 7.94        |
|    ep_rew_mean          | 3.78        |
| time/                   |             |
|    fps                  | 1202        |
|    iterations           | 225         |
|    time_elapsed         | 95          |
|    total_timesteps      | 115200      |
| train/                  |             |
|    approx_kl            | 0.006888194 |
|    clip_fraction        | 0.0355      |
|    clip_range           | 0.2         |
|    entropy_loss         | -0.578      |
|    explained_variance   | 0.742       |
|    learning_rate        | 0.0001      |
|    loss                 | 0.324       |
|    n_updates            | 2240        |
|    policy_gradient_loss | -0.00642    |
|    value_loss           | 0.764       |
-----------------------------------------
------------------------------------------
| rollout/                |              |
|    ep_len_mean          | 7.91         |
|    ep_rew_mean          | 3.87         |
| time/                   |              |
|    fps                  | 1204         |
|    iterations           | 226          |
|    time_elapsed         | 96           |
|    total_timesteps      | 115712       |
| train/                  |              |
|    approx_kl            | 0.0027035894 |
|    clip_fraction        | 0.00762      |
|    clip_range           | 0.2          |
|    entropy_loss         | -0.554       |
|    explained_variance   | 0.735        |
|    learning_rate        | 0.0001       |
|    loss                 | 0.36         |
|    n_updates            | 2250         |
|    policy_gradient_loss | -0.00281     |
|    value_loss           | 0.816        |
------------------------------------------
------------------------------------------
| rollout/                |              |
|    ep_len_mean          | 7.91         |
|    ep_rew_mean          | 3.8          |
| time/                   |              |
|    fps                  | 1206         |
|    iterations           | 227          |
|    time_elapsed         | 96           |
|    total_timesteps      | 116224       |
| train/                  |              |
|    approx_kl            | 0.0022715102 |
|    clip_fraction        | 0.00586      |
|    clip_range           | 0.2          |
|    entropy_loss         | -0.548       |
|    explained_variance   | 0.79         |
|    learning_rate        | 0.0001       |
|    loss                 | 0.299        |
|    n_updates            | 2260         |
|    policy_gradient_loss | -0.00219     |
|    value_loss           | 0.619        |
------------------------------------------
-----------------------------------------
| rollout/                |             |
|    ep_len_mean          | 7.97        |
|    ep_rew_mean          | 3.83        |
| time/                   |             |
|    fps                  | 1208        |
|    iterations           | 228         |
|    time_elapsed         | 96          |
|    total_timesteps      | 116736      |
| train/                  |             |
|    approx_kl            | 0.006762887 |
|    clip_fraction        | 0.0373      |
|    clip_range           | 0.2         |
|    entropy_loss         | -0.547      |
|    explained_variance   | 0.819       |
|    learning_rate        | 0.0001      |
|    loss                 | 0.296       |
|    n_updates            | 2270        |
|    policy_gradient_loss | -0.00565    |
|    value_loss           | 0.564       |
-----------------------------------------
-----------------------------------------
| rollout/                |             |
|    ep_len_mean          | 7.96        |
|    ep_rew_mean          | 3.76        |
| time/                   |             |
|    fps                  | 1210        |
|    iterations           | 229         |
|    time_elapsed         | 96          |
|    total_timesteps      | 117248      |
| train/                  |             |
|    approx_kl            | 0.002538241 |
|    clip_fraction        | 0.00508     |
|    clip_range           | 0.2         |
|    entropy_loss         | -0.571      |
|    explained_variance   | 0.797       |
|    learning_rate        | 0.0001      |
|    loss                 | 0.273       |
|    n_updates            | 2280        |
|    policy_gradient_loss | -0.00259    |
|    value_loss           | 0.527       |
-----------------------------------------
------------------------------------------
| rollout/                |              |
|    ep_len_mean          | 7.93         |
|    ep_rew_mean          | 3.8          |
| time/                   |              |
|    fps                  | 1211         |
|    iterations           | 230          |
|    time_elapsed         | 97           |
|    total_timesteps      | 117760       |
| train/                  |              |
|    approx_kl            | 0.0011448178 |
|    clip_fraction        | 0.000781     |
|    clip_range           | 0.2          |
|    entropy_loss         | -0.563       |
|    explained_variance   | 0.74         |
|    learning_rate        | 0.0001       |
|    loss                 | 0.343        |
|    n_updates            | 2290         |
|    policy_gradient_loss | -0.00127     |
|    value_loss           | 0.777        |
------------------------------------------
------------------------------------------
| rollout/                |              |
|    ep_len_mean          | 7.91         |
|    ep_rew_mean          | 3.88         |
| time/                   |              |
|    fps                  | 1213         |
|    iterations           | 231          |
|    time_elapsed         | 97           |
|    total_timesteps      | 118272       |
| train/                  |              |
|    approx_kl            | 0.0039810897 |
|    clip_fraction        | 0.0232       |
|    clip_range           | 0.2          |
|    entropy_loss         | -0.563       |
|    explained_variance   | 0.801        |
|    learning_rate        | 0.0001       |
|    loss                 | 0.327        |
|    n_updates            | 2300         |
|    policy_gradient_loss | -0.00414     |
|    value_loss           | 0.559        |
------------------------------------------
-----------------------------------------
| rollout/                |             |
|    ep_len_mean          | 7.91        |
|    ep_rew_mean          | 3.9         |
| time/                   |             |
|    fps                  | 1215        |
|    iterations           | 232         |
|    time_elapsed         | 97          |
|    total_timesteps      | 118784      |
| train/                  |             |
|    approx_kl            | 0.008277839 |
|    clip_fraction        | 0.0344      |
|    clip_range           | 0.2         |
|    entropy_loss         | -0.527      |
|    explained_variance   | 0.746       |
|    learning_rate        | 0.0001      |
|    loss                 | 0.459       |
|    n_updates            | 2310        |
|    policy_gradient_loss | -0.00657    |
|    value_loss           | 0.912       |
-----------------------------------------
------------------------------------------
| rollout/                |              |
|    ep_len_mean          | 7.93         |
|    ep_rew_mean          | 3.9          |
| time/                   |              |
|    fps                  | 1216         |
|    iterations           | 233          |
|    time_elapsed         | 98           |
|    total_timesteps      | 119296       |
| train/                  |              |
|    approx_kl            | 0.0018527914 |
|    clip_fraction        | 0.00937      |
|    clip_range           | 0.2          |
|    entropy_loss         | -0.565       |
|    explained_variance   | 0.623        |
|    learning_rate        | 0.0001       |
|    loss                 | 0.378        |
|    n_updates            | 2320         |
|    policy_gradient_loss | -0.00301     |
|    value_loss           | 1.09         |
------------------------------------------
------------------------------------------
| rollout/                |              |
|    ep_len_mean          | 7.97         |
|    ep_rew_mean          | 3.69         |
| time/                   |              |
|    fps                  | 1218         |
|    iterations           | 234          |
|    time_elapsed         | 98           |
|    total_timesteps      | 119808       |
| train/                  |              |
|    approx_kl            | 0.0035379226 |
|    clip_fraction        | 0.0129       |
|    clip_range           | 0.2          |
|    entropy_loss         | -0.581       |
|    explained_variance   | 0.768        |
|    learning_rate        | 0.0001       |
|    loss                 | 0.355        |
|    n_updates            | 2330         |
|    policy_gradient_loss | -0.00378     |
|    value_loss           | 0.746        |
------------------------------------------
-----------------------------------------
| rollout/                |             |
|    ep_len_mean          | 7.94        |
|    ep_rew_mean          | 3.61        |
| time/                   |             |
|    fps                  | 1219        |
|    iterations           | 235         |
|    time_elapsed         | 98          |
|    total_timesteps      | 120320      |
| train/                  |             |
|    approx_kl            | 0.006793717 |
|    clip_fraction        | 0.0227      |
|    clip_range           | 0.2         |
|    entropy_loss         | -0.586      |
|    explained_variance   | 0.718       |
|    learning_rate        | 0.0001      |
|    loss                 | 0.345       |
|    n_updates            | 2340        |
|    policy_gradient_loss | -0.00471    |
|    value_loss           | 0.842       |
-----------------------------------------
-----------------------------------------
| rollout/                |             |
|    ep_len_mean          | 7.95        |
|    ep_rew_mean          | 3.65        |
| time/                   |             |
|    fps                  | 1221        |
|    iterations           | 236         |
|    time_elapsed         | 98          |
|    total_timesteps      | 120832      |
| train/                  |             |
|    approx_kl            | 0.010648487 |
|    clip_fraction        | 0.051       |
|    clip_range           | 0.2         |
|    entropy_loss         | -0.571      |
|    explained_variance   | 0.684       |
|    learning_rate        | 0.0001      |
|    loss                 | 0.497       |
|    n_updates            | 2350        |
|    policy_gradient_loss | -0.00565    |
|    value_loss           | 1.06        |
-----------------------------------------
-----------------------------------------
| rollout/                |             |
|    ep_len_mean          | 7.99        |
|    ep_rew_mean          | 3.65        |
| time/                   |             |
|    fps                  | 1222        |
|    iterations           | 237         |
|    time_elapsed         | 99          |
|    total_timesteps      | 121344      |
| train/                  |             |
|    approx_kl            | 0.006033307 |
|    clip_fraction        | 0.0219      |
|    clip_range           | 0.2         |
|    entropy_loss         | -0.567      |
|    explained_variance   | 0.764       |
|    learning_rate        | 0.0001      |
|    loss                 | 0.364       |
|    n_updates            | 2360        |
|    policy_gradient_loss | -0.00529    |
|    value_loss           | 0.645       |
-----------------------------------------
------------------------------------------
| rollout/                |              |
|    ep_len_mean          | 8            |
|    ep_rew_mean          | 3.54         |
| time/                   |              |
|    fps                  | 1224         |
|    iterations           | 238          |
|    time_elapsed         | 99           |
|    total_timesteps      | 121856       |
| train/                  |              |
|    approx_kl            | 0.0009767137 |
|    clip_fraction        | 0.00234      |
|    clip_range           | 0.2          |
|    entropy_loss         | -0.588       |
|    explained_variance   | 0.828        |
|    learning_rate        | 0.0001       |
|    loss                 | 0.193        |
|    n_updates            | 2370         |
|    policy_gradient_loss | -0.00159     |
|    value_loss           | 0.449        |
------------------------------------------
------------------------------------------
| rollout/                |              |
|    ep_len_mean          | 7.97         |
|    ep_rew_mean          | 3.73         |
| time/                   |              |
|    fps                  | 1225         |
|    iterations           | 239          |
|    time_elapsed         | 99           |
|    total_timesteps      | 122368       |
| train/                  |              |
|    approx_kl            | 0.0048995074 |
|    clip_fraction        | 0.0127       |
|    clip_range           | 0.2          |
|    entropy_loss         | -0.601       |
|    explained_variance   | 0.828        |
|    learning_rate        | 0.0001       |
|    loss                 | 0.166        |
|    n_updates            | 2380         |
|    policy_gradient_loss | -0.00508     |
|    value_loss           | 0.402        |
------------------------------------------
-----------------------------------------
| rollout/                |             |
|    ep_len_mean          | 7.99        |
|    ep_rew_mean          | 3.58        |
| time/                   |             |
|    fps                  | 1226        |
|    iterations           | 240         |
|    time_elapsed         | 100         |
|    total_timesteps      | 122880      |
| train/                  |             |
|    approx_kl            | 0.001289844 |
|    clip_fraction        | 0.00488     |
|    clip_range           | 0.2         |
|    entropy_loss         | -0.539      |
|    explained_variance   | 0.637       |
|    learning_rate        | 0.0001      |
|    loss                 | 0.641       |
|    n_updates            | 2390        |
|    policy_gradient_loss | -0.00196    |
|    value_loss           | 1.4         |
-----------------------------------------
------------------------------------------
| rollout/                |              |
|    ep_len_mean          | 7.99         |
|    ep_rew_mean          | 3.64         |
| time/                   |              |
|    fps                  | 1227         |
|    iterations           | 241          |
|    time_elapsed         | 100          |
|    total_timesteps      | 123392       |
| train/                  |              |
|    approx_kl            | 0.0036266542 |
|    clip_fraction        | 0.0164       |
|    clip_range           | 0.2          |
|    entropy_loss         | -0.561       |
|    explained_variance   | 0.605        |
|    learning_rate        | 0.0001       |
|    loss                 | 0.565        |
|    n_updates            | 2400         |
|    policy_gradient_loss | -0.00469     |
|    value_loss           | 1.25         |
------------------------------------------
------------------------------------------
| rollout/                |              |
|    ep_len_mean          | 7.99         |
|    ep_rew_mean          | 3.38         |
| time/                   |              |
|    fps                  | 1228         |
|    iterations           | 242          |
|    time_elapsed         | 100          |
|    total_timesteps      | 123904       |
| train/                  |              |
|    approx_kl            | 0.0017601545 |
|    clip_fraction        | 0.00156      |
|    clip_range           | 0.2          |
|    entropy_loss         | -0.585       |
|    explained_variance   | 0.697        |
|    learning_rate        | 0.0001       |
|    loss                 | 0.514        |
|    n_updates            | 2410         |
|    policy_gradient_loss | -0.00127     |
|    value_loss           | 1.04         |
------------------------------------------
------------------------------------------
| rollout/                |              |
|    ep_len_mean          | 7.97         |
|    ep_rew_mean          | 3.54         |
| time/                   |              |
|    fps                  | 1229         |
|    iterations           | 243          |
|    time_elapsed         | 101          |
|    total_timesteps      | 124416       |
| train/                  |              |
|    approx_kl            | 0.0017010162 |
|    clip_fraction        | 0.00645      |
|    clip_range           | 0.2          |
|    entropy_loss         | -0.606       |
|    explained_variance   | 0.761        |
|    learning_rate        | 0.0001       |
|    loss                 | 0.317        |
|    n_updates            | 2420         |
|    policy_gradient_loss | -0.00368     |
|    value_loss           | 0.708        |
------------------------------------------
------------------------------------------
| rollout/                |              |
|    ep_len_mean          | 7.97         |
|    ep_rew_mean          | 3.72         |
| time/                   |              |
|    fps                  | 1230         |
|    iterations           | 244          |
|    time_elapsed         | 101          |
|    total_timesteps      | 124928       |
| train/                  |              |
|    approx_kl            | 0.0005975668 |
|    clip_fraction        | 0.000195     |
|    clip_range           | 0.2          |
|    entropy_loss         | -0.581       |
|    explained_variance   | 0.598        |
|    learning_rate        | 0.0001       |
|    loss                 | 0.953        |
|    n_updates            | 2430         |
|    policy_gradient_loss | -0.00111     |
|    value_loss           | 1.79         |
------------------------------------------
------------------------------------------
| rollout/                |              |
|    ep_len_mean          | 7.99         |
|    ep_rew_mean          | 3.49         |
| time/                   |              |
|    fps                  | 1232         |
|    iterations           | 245          |
|    time_elapsed         | 101          |
|    total_timesteps      | 125440       |
| train/                  |              |
|    approx_kl            | 0.0026857678 |
|    clip_fraction        | 0.0145       |
|    clip_range           | 0.2          |
|    entropy_loss         | -0.558       |
|    explained_variance   | 0.841        |
|    learning_rate        | 0.0001       |
|    loss                 | 0.181        |
|    n_updates            | 2440         |
|    policy_gradient_loss | -0.00389     |
|    value_loss           | 0.461        |
------------------------------------------
-----------------------------------------
| rollout/                |             |
|    ep_len_mean          | 7.95        |
|    ep_rew_mean          | 3.74        |
| time/                   |             |
|    fps                  | 1233        |
|    iterations           | 246         |
|    time_elapsed         | 102         |
|    total_timesteps      | 125952      |
| train/                  |             |
|    approx_kl            | 0.008684441 |
|    clip_fraction        | 0.0369      |
|    clip_range           | 0.2         |
|    entropy_loss         | -0.582      |
|    explained_variance   | 0.673       |
|    learning_rate        | 0.0001      |
|    loss                 | 0.732       |
|    n_updates            | 2450        |
|    policy_gradient_loss | -0.00687    |
|    value_loss           | 1.3         |
-----------------------------------------
------------------------------------------
| rollout/                |              |
|    ep_len_mean          | 7.97         |
|    ep_rew_mean          | 3.41         |
| time/                   |              |
|    fps                  | 1235         |
|    iterations           | 247          |
|    time_elapsed         | 102          |
|    total_timesteps      | 126464       |
| train/                  |              |
|    approx_kl            | 0.0036327476 |
|    clip_fraction        | 0.00703      |
|    clip_range           | 0.2          |
|    entropy_loss         | -0.546       |
|    explained_variance   | 0.586        |
|    learning_rate        | 0.0001       |
|    loss                 | 0.716        |
|    n_updates            | 2460         |
|    policy_gradient_loss | -0.00422     |
|    value_loss           | 1.59         |
------------------------------------------
------------------------------------------
| rollout/                |              |
|    ep_len_mean          | 7.98         |
|    ep_rew_mean          | 3.42         |
| time/                   |              |
|    fps                  | 1236         |
|    iterations           | 248          |
|    time_elapsed         | 102          |
|    total_timesteps      | 126976       |
| train/                  |              |
|    approx_kl            | 0.0054424563 |
|    clip_fraction        | 0.026        |
|    clip_range           | 0.2          |
|    entropy_loss         | -0.557       |
|    explained_variance   | 0.652        |
|    learning_rate        | 0.0001       |
|    loss                 | 0.622        |
|    n_updates            | 2470         |
|    policy_gradient_loss | -0.00468     |
|    value_loss           | 1.01         |
------------------------------------------
------------------------------------------
| rollout/                |              |
|    ep_len_mean          | 7.98         |
|    ep_rew_mean          | 3.44         |
| time/                   |              |
|    fps                  | 1238         |
|    iterations           | 249          |
|    time_elapsed         | 102          |
|    total_timesteps      | 127488       |
| train/                  |              |
|    approx_kl            | 0.0040026153 |
|    clip_fraction        | 0.0104       |
|    clip_range           | 0.2          |
|    entropy_loss         | -0.534       |
|    explained_variance   | 0.608        |
|    learning_rate        | 0.0001       |
|    loss                 | 0.525        |
|    n_updates            | 2480         |
|    policy_gradient_loss | -0.00351     |
|    value_loss           | 1.22         |
------------------------------------------
------------------------------------------
| rollout/                |              |
|    ep_len_mean          | 7.97         |
|    ep_rew_mean          | 3.55         |
| time/                   |              |
|    fps                  | 1240         |
|    iterations           | 250          |
|    time_elapsed         | 103          |
|    total_timesteps      | 128000       |
| train/                  |              |
|    approx_kl            | 0.0035421737 |
|    clip_fraction        | 0.0129       |
|    clip_range           | 0.2          |
|    entropy_loss         | -0.523       |
|    explained_variance   | 0.667        |
|    learning_rate        | 0.0001       |
|    loss                 | 0.476        |
|    n_updates            | 2490         |
|    policy_gradient_loss | -0.00296     |
|    value_loss           | 0.878        |
------------------------------------------
------------------------------------------
| rollout/                |              |
|    ep_len_mean          | 7.96         |
|    ep_rew_mean          | 3.6          |
| time/                   |              |
|    fps                  | 1241         |
|    iterations           | 251          |
|    time_elapsed         | 103          |
|    total_timesteps      | 128512       |
| train/                  |              |
|    approx_kl            | 0.0040987483 |
|    clip_fraction        | 0.0193       |
|    clip_range           | 0.2          |
|    entropy_loss         | -0.551       |
|    explained_variance   | 0.54         |
|    learning_rate        | 0.0001       |
|    loss                 | 1.28         |
|    n_updates            | 2500         |
|    policy_gradient_loss | -0.00355     |
|    value_loss           | 2.44         |
------------------------------------------
-----------------------------------------
| rollout/                |             |
|    ep_len_mean          | 7.88        |
|    ep_rew_mean          | 3.88        |
| time/                   |             |
|    fps                  | 1243        |
|    iterations           | 252         |
|    time_elapsed         | 103         |
|    total_timesteps      | 129024      |
| train/                  |             |
|    approx_kl            | 0.011880193 |
|    clip_fraction        | 0.0342      |
|    clip_range           | 0.2         |
|    entropy_loss         | -0.568      |
|    explained_variance   | 0.554       |
|    learning_rate        | 0.0001      |
|    loss                 | 1.23        |
|    n_updates            | 2510        |
|    policy_gradient_loss | -0.00722    |
|    value_loss           | 2.37        |
-----------------------------------------
-----------------------------------------
| rollout/                |             |
|    ep_len_mean          | 7.94        |
|    ep_rew_mean          | 3.59        |
| time/                   |             |
|    fps                  | 1245        |
|    iterations           | 253         |
|    time_elapsed         | 104         |
|    total_timesteps      | 129536      |
| train/                  |             |
|    approx_kl            | 0.002157546 |
|    clip_fraction        | 0.0113      |
|    clip_range           | 0.2         |
|    entropy_loss         | -0.579      |
|    explained_variance   | 0.481       |
|    learning_rate        | 0.0001      |
|    loss                 | 1.66        |
|    n_updates            | 2520        |
|    policy_gradient_loss | -0.00319    |
|    value_loss           | 3.45        |
-----------------------------------------
-----------------------------------------
| rollout/                |             |
|    ep_len_mean          | 7.99        |
|    ep_rew_mean          | 3.28        |
| time/                   |             |
|    fps                  | 1246        |
|    iterations           | 254         |
|    time_elapsed         | 104         |
|    total_timesteps      | 130048      |
| train/                  |             |
|    approx_kl            | 0.005164597 |
|    clip_fraction        | 0.0244      |
|    clip_range           | 0.2         |
|    entropy_loss         | -0.584      |
|    explained_variance   | 0.546       |
|    learning_rate        | 0.0001      |
|    loss                 | 0.811       |
|    n_updates            | 2530        |
|    policy_gradient_loss | -0.00463    |
|    value_loss           | 1.57        |
-----------------------------------------
------------------------------------------
| rollout/                |              |
|    ep_len_mean          | 7.99         |
|    ep_rew_mean          | 3.5          |
| time/                   |              |
|    fps                  | 1248         |
|    iterations           | 255          |
|    time_elapsed         | 104          |
|    total_timesteps      | 130560       |
| train/                  |              |
|    approx_kl            | 0.0003341636 |
|    clip_fraction        | 0.000586     |
|    clip_range           | 0.2          |
|    entropy_loss         | -0.575       |
|    explained_variance   | 0.693        |
|    learning_rate        | 0.0001       |
|    loss                 | 0.585        |
|    n_updates            | 2540         |
|    policy_gradient_loss | -0.000141    |
|    value_loss           | 1.29         |
------------------------------------------
-----------------------------------------
| rollout/                |             |
|    ep_len_mean          | 7.97        |
|    ep_rew_mean          | 3.64        |
| time/                   |             |
|    fps                  | 1249        |
|    iterations           | 256         |
|    time_elapsed         | 104         |
|    total_timesteps      | 131072      |
| train/                  |             |
|    approx_kl            | 0.001218807 |
|    clip_fraction        | 0.00352     |
|    clip_range           | 0.2         |
|    entropy_loss         | -0.55       |
|    explained_variance   | 0.49        |
|    learning_rate        | 0.0001      |
|    loss                 | 1.13        |
|    n_updates            | 2550        |
|    policy_gradient_loss | -0.00111    |
|    value_loss           | 2.29        |
-----------------------------------------
------------------------------------------
| rollout/                |              |
|    ep_len_mean          | 7.98         |
|    ep_rew_mean          | 3.67         |
| time/                   |              |
|    fps                  | 1251         |
|    iterations           | 257          |
|    time_elapsed         | 105          |
|    total_timesteps      | 131584       |
| train/                  |              |
|    approx_kl            | 0.0033019106 |
|    clip_fraction        | 0.0203       |
|    clip_range           | 0.2          |
|    entropy_loss         | -0.598       |
|    explained_variance   | 0.517        |
|    learning_rate        | 0.0001       |
|    loss                 | 1.01         |
|    n_updates            | 2560         |
|    policy_gradient_loss | -0.00374     |
|    value_loss           | 2.22         |
------------------------------------------
------------------------------------------
| rollout/                |              |
|    ep_len_mean          | 7.99         |
|    ep_rew_mean          | 3.38         |
| time/                   |              |
|    fps                  | 1251         |
|    iterations           | 258          |
|    time_elapsed         | 105          |
|    total_timesteps      | 132096       |
| train/                  |              |
|    approx_kl            | 0.0042399815 |
|    clip_fraction        | 0.024        |
|    clip_range           | 0.2          |
|    entropy_loss         | -0.572       |
|    explained_variance   | 0.577        |
|    learning_rate        | 0.0001       |
|    loss                 | 0.786        |
|    n_updates            | 2570         |
|    policy_gradient_loss | -0.00707     |
|    value_loss           | 1.78         |
------------------------------------------
-------------------------------------------
| rollout/                |               |
|    ep_len_mean          | 7.98          |
|    ep_rew_mean          | 3.61          |
| time/                   |               |
|    fps                  | 1252          |
|    iterations           | 259           |
|    time_elapsed         | 105           |
|    total_timesteps      | 132608        |
| train/                  |               |
|    approx_kl            | 0.00082773867 |
|    clip_fraction        | 0.00723       |
|    clip_range           | 0.2           |
|    entropy_loss         | -0.578        |
|    explained_variance   | 0.643         |
|    learning_rate        | 0.0001        |
|    loss                 | 0.452         |
|    n_updates            | 2580          |
|    policy_gradient_loss | -0.00265      |
|    value_loss           | 1.21          |
-------------------------------------------
----------------------------------------
| rollout/                |            |
|    ep_len_mean          | 7.99       |
|    ep_rew_mean          | 3.52       |
| time/                   |            |
|    fps                  | 1254       |
|    iterations           | 260        |
|    time_elapsed         | 106        |
|    total_timesteps      | 133120     |
| train/                  |            |
|    approx_kl            | 0.00072931 |
|    clip_fraction        | 0          |
|    clip_range           | 0.2        |
|    entropy_loss         | -0.567     |
|    explained_variance   | 0.49       |
|    learning_rate        | 0.0001     |
|    loss                 | 1.42       |
|    n_updates            | 2590       |
|    policy_gradient_loss | -0.00233   |
|    value_loss           | 3.19       |
----------------------------------------
------------------------------------------
| rollout/                |              |
|    ep_len_mean          | 7.99         |
|    ep_rew_mean          | 3.47         |
| time/                   |              |
|    fps                  | 1255         |
|    iterations           | 261          |
|    time_elapsed         | 106          |
|    total_timesteps      | 133632       |
| train/                  |              |
|    approx_kl            | 0.0016523178 |
|    clip_fraction        | 0.000781     |
|    clip_range           | 0.2          |
|    entropy_loss         | -0.579       |
|    explained_variance   | 0.622        |
|    learning_rate        | 0.0001       |
|    loss                 | 0.726        |
|    n_updates            | 2600         |
|    policy_gradient_loss | -0.00201     |
|    value_loss           | 1.36         |
------------------------------------------
-----------------------------------------
| rollout/                |             |
|    ep_len_mean          | 7.94        |
|    ep_rew_mean          | 3.57        |
| time/                   |             |
|    fps                  | 1256        |
|    iterations           | 262         |
|    time_elapsed         | 106         |
|    total_timesteps      | 134144      |
| train/                  |             |
|    approx_kl            | 0.005077201 |
|    clip_fraction        | 0.0154      |
|    clip_range           | 0.2         |
|    entropy_loss         | -0.56       |
|    explained_variance   | 0.536       |
|    learning_rate        | 0.0001      |
|    loss                 | 1.23        |
|    n_updates            | 2610        |
|    policy_gradient_loss | -0.00378    |
|    value_loss           | 2.6         |
-----------------------------------------
-----------------------------------------
| rollout/                |             |
|    ep_len_mean          | 7.94        |
|    ep_rew_mean          | 3.65        |
| time/                   |             |
|    fps                  | 1258        |
|    iterations           | 263         |
|    time_elapsed         | 107         |
|    total_timesteps      | 134656      |
| train/                  |             |
|    approx_kl            | 0.011400724 |
|    clip_fraction        | 0.0455      |
|    clip_range           | 0.2         |
|    entropy_loss         | -0.565      |
|    explained_variance   | 0.516       |
|    learning_rate        | 0.0001      |
|    loss                 | 1.07        |
|    n_updates            | 2620        |
|    policy_gradient_loss | -0.00756    |
|    value_loss           | 2.36        |
-----------------------------------------
-----------------------------------------
| rollout/                |             |
|    ep_len_mean          | 7.96        |
|    ep_rew_mean          | 3.58        |
| time/                   |             |
|    fps                  | 1259        |
|    iterations           | 264         |
|    time_elapsed         | 107         |
|    total_timesteps      | 135168      |
| train/                  |             |
|    approx_kl            | 0.004716848 |
|    clip_fraction        | 0.017       |
|    clip_range           | 0.2         |
|    entropy_loss         | -0.54       |
|    explained_variance   | 0.44        |
|    learning_rate        | 0.0001      |
|    loss                 | 2.02        |
|    n_updates            | 2630        |
|    policy_gradient_loss | -0.00418    |
|    value_loss           | 3.82        |
-----------------------------------------
------------------------------------------
| rollout/                |              |
|    ep_len_mean          | 7.99         |
|    ep_rew_mean          | 3.38         |
| time/                   |              |
|    fps                  | 1260         |
|    iterations           | 265          |
|    time_elapsed         | 107          |
|    total_timesteps      | 135680       |
| train/                  |              |
|    approx_kl            | 0.0025534043 |
|    clip_fraction        | 0.00586      |
|    clip_range           | 0.2          |
|    entropy_loss         | -0.552       |
|    explained_variance   | 0.47         |
|    learning_rate        | 0.0001       |
|    loss                 | 1.5          |
|    n_updates            | 2640         |
|    policy_gradient_loss | -0.00368     |
|    value_loss           | 3.03         |
------------------------------------------
------------------------------------------
| rollout/                |              |
|    ep_len_mean          | 7.97         |
|    ep_rew_mean          | 3.42         |
| time/                   |              |
|    fps                  | 1262         |
|    iterations           | 266          |
|    time_elapsed         | 107          |
|    total_timesteps      | 136192       |
| train/                  |              |
|    approx_kl            | 0.0014972091 |
|    clip_fraction        | 0.00234      |
|    clip_range           | 0.2          |
|    entropy_loss         | -0.569       |
|    explained_variance   | 0.466        |
|    learning_rate        | 0.0001       |
|    loss                 | 1.25         |
|    n_updates            | 2650         |
|    policy_gradient_loss | -0.00265     |
|    value_loss           | 2.51         |
------------------------------------------
------------------------------------------
| rollout/                |              |
|    ep_len_mean          | 7.94         |
|    ep_rew_mean          | 3.39         |
| time/                   |              |
|    fps                  | 1263         |
|    iterations           | 267          |
|    time_elapsed         | 108          |
|    total_timesteps      | 136704       |
| train/                  |              |
|    approx_kl            | 0.0013222378 |
|    clip_fraction        | 0.000781     |
|    clip_range           | 0.2          |
|    entropy_loss         | -0.564       |
|    explained_variance   | 0.615        |
|    learning_rate        | 0.0001       |
|    loss                 | 0.744        |
|    n_updates            | 2660         |
|    policy_gradient_loss | 0.000411     |
|    value_loss           | 1.68         |
------------------------------------------
------------------------------------------
| rollout/                |              |
|    ep_len_mean          | 7.97         |
|    ep_rew_mean          | 3.55         |
| time/                   |              |
|    fps                  | 1265         |
|    iterations           | 268          |
|    time_elapsed         | 108          |
|    total_timesteps      | 137216       |
| train/                  |              |
|    approx_kl            | 0.0017903971 |
|    clip_fraction        | 0.0129       |
|    clip_range           | 0.2          |
|    entropy_loss         | -0.56        |
|    explained_variance   | 0.584        |
|    learning_rate        | 0.0001       |
|    loss                 | 0.86         |
|    n_updates            | 2670         |
|    policy_gradient_loss | -0.00376     |
|    value_loss           | 1.84         |
------------------------------------------
------------------------------------------
| rollout/                |              |
|    ep_len_mean          | 7.97         |
|    ep_rew_mean          | 3.52         |
| time/                   |              |
|    fps                  | 1266         |
|    iterations           | 269          |
|    time_elapsed         | 108          |
|    total_timesteps      | 137728       |
| train/                  |              |
|    approx_kl            | 0.0030889013 |
|    clip_fraction        | 0.0109       |
|    clip_range           | 0.2          |
|    entropy_loss         | -0.576       |
|    explained_variance   | 0.418        |
|    learning_rate        | 0.0001       |
|    loss                 | 1.71         |
|    n_updates            | 2680         |
|    policy_gradient_loss | -0.00333     |
|    value_loss           | 3.78         |
------------------------------------------
-------------------------------------------
| rollout/                |               |
|    ep_len_mean          | 8             |
|    ep_rew_mean          | 3.34          |
| time/                   |               |
|    fps                  | 1267          |
|    iterations           | 270           |
|    time_elapsed         | 109           |
|    total_timesteps      | 138240        |
| train/                  |               |
|    approx_kl            | 0.00035791192 |
|    clip_fraction        | 0             |
|    clip_range           | 0.2           |
|    entropy_loss         | -0.569        |
|    explained_variance   | 0.73          |
|    learning_rate        | 0.0001        |
|    loss                 | 0.516         |
|    n_updates            | 2690          |
|    policy_gradient_loss | -0.000569     |
|    value_loss           | 1.12          |
-------------------------------------------
-------------------------------------------
| rollout/                |               |
|    ep_len_mean          | 7.95          |
|    ep_rew_mean          | 3.59          |
| time/                   |               |
|    fps                  | 1268          |
|    iterations           | 271           |
|    time_elapsed         | 109           |
|    total_timesteps      | 138752        |
| train/                  |               |
|    approx_kl            | 0.00055539183 |
|    clip_fraction        | 0             |
|    clip_range           | 0.2           |
|    entropy_loss         | -0.585        |
|    explained_variance   | 0.655         |
|    learning_rate        | 0.0001        |
|    loss                 | 0.841         |
|    n_updates            | 2700          |
|    policy_gradient_loss | -0.0014       |
|    value_loss           | 1.53          |
-------------------------------------------
-----------------------------------------
| rollout/                |             |
|    ep_len_mean          | 7.96        |
|    ep_rew_mean          | 3.41        |
| time/                   |             |
|    fps                  | 1270        |
|    iterations           | 272         |
|    time_elapsed         | 109         |
|    total_timesteps      | 139264      |
| train/                  |             |
|    approx_kl            | 0.001569618 |
|    clip_fraction        | 0.00645     |
|    clip_range           | 0.2         |
|    entropy_loss         | -0.587      |
|    explained_variance   | 0.384       |
|    learning_rate        | 0.0001      |
|    loss                 | 1.63        |
|    n_updates            | 2710        |
|    policy_gradient_loss | -0.00515    |
|    value_loss           | 4.1         |
-----------------------------------------
------------------------------------------
| rollout/                |              |
|    ep_len_mean          | 7.99         |
|    ep_rew_mean          | 3.24         |
| time/                   |              |
|    fps                  | 1271         |
|    iterations           | 273          |
|    time_elapsed         | 109          |
|    total_timesteps      | 139776       |
| train/                  |              |
|    approx_kl            | 0.0013064609 |
|    clip_fraction        | 0            |
|    clip_range           | 0.2          |
|    entropy_loss         | -0.566       |
|    explained_variance   | 0.446        |
|    learning_rate        | 0.0001       |
|    loss                 | 1.89         |
|    n_updates            | 2720         |
|    policy_gradient_loss | -0.000619    |
|    value_loss           | 3.74         |
------------------------------------------
------------------------------------------
| rollout/                |              |
|    ep_len_mean          | 7.99         |
|    ep_rew_mean          | 3.27         |
| time/                   |              |
|    fps                  | 1273         |
|    iterations           | 274          |
|    time_elapsed         | 110          |
|    total_timesteps      | 140288       |
| train/                  |              |
|    approx_kl            | 0.0027789008 |
|    clip_fraction        | 0.00117      |
|    clip_range           | 0.2          |
|    entropy_loss         | -0.543       |
|    explained_variance   | 0.622        |
|    learning_rate        | 0.0001       |
|    loss                 | 0.837        |
|    n_updates            | 2730         |
|    policy_gradient_loss | -0.00177     |
|    value_loss           | 1.88         |
------------------------------------------
------------------------------------------
| rollout/                |              |
|    ep_len_mean          | 8            |
|    ep_rew_mean          | 3.33         |
| time/                   |              |
|    fps                  | 1274         |
|    iterations           | 275          |
|    time_elapsed         | 110          |
|    total_timesteps      | 140800       |
| train/                  |              |
|    approx_kl            | 0.0038564226 |
|    clip_fraction        | 0.00625      |
|    clip_range           | 0.2          |
|    entropy_loss         | -0.557       |
|    explained_variance   | 0.499        |
|    learning_rate        | 0.0001       |
|    loss                 | 1.86         |
|    n_updates            | 2740         |
|    policy_gradient_loss | -0.00499     |
|    value_loss           | 3.44         |
------------------------------------------
------------------------------------------
| rollout/                |              |
|    ep_len_mean          | 8            |
|    ep_rew_mean          | 3.47         |
| time/                   |              |
|    fps                  | 1276         |
|    iterations           | 276          |
|    time_elapsed         | 110          |
|    total_timesteps      | 141312       |
| train/                  |              |
|    approx_kl            | 0.0012144861 |
|    clip_fraction        | 0.000781     |
|    clip_range           | 0.2          |
|    entropy_loss         | -0.529       |
|    explained_variance   | 0.57         |
|    learning_rate        | 0.0001       |
|    loss                 | 1.8          |
|    n_updates            | 2750         |
|    policy_gradient_loss | -0.00121     |
|    value_loss           | 2.65         |
------------------------------------------
-----------------------------------------
| rollout/                |             |
|    ep_len_mean          | 8           |
|    ep_rew_mean          | 3.29        |
| time/                   |             |
|    fps                  | 1277        |
|    iterations           | 277         |
|    time_elapsed         | 111         |
|    total_timesteps      | 141824      |
| train/                  |             |
|    approx_kl            | 0.002286126 |
|    clip_fraction        | 0.00273     |
|    clip_range           | 0.2         |
|    entropy_loss         | -0.563      |
|    explained_variance   | 0.332       |
|    learning_rate        | 0.0001      |
|    loss                 | 2.56        |
|    n_updates            | 2760        |
|    policy_gradient_loss | -0.00218    |
|    value_loss           | 4.87        |
-----------------------------------------
------------------------------------------
| rollout/                |              |
|    ep_len_mean          | 8            |
|    ep_rew_mean          | 3.3          |
| time/                   |              |
|    fps                  | 1278         |
|    iterations           | 278          |
|    time_elapsed         | 111          |
|    total_timesteps      | 142336       |
| train/                  |              |
|    approx_kl            | 0.0015282943 |
|    clip_fraction        | 0.000195     |
|    clip_range           | 0.2          |
|    entropy_loss         | -0.542       |
|    explained_variance   | 0.539        |
|    learning_rate        | 0.0001       |
|    loss                 | 0.728        |
|    n_updates            | 2770         |
|    policy_gradient_loss | -0.00158     |
|    value_loss           | 1.85         |
------------------------------------------
-----------------------------------------
| rollout/                |             |
|    ep_len_mean          | 8           |
|    ep_rew_mean          | 3.35        |
| time/                   |             |
|    fps                  | 1280        |
|    iterations           | 279         |
|    time_elapsed         | 111         |
|    total_timesteps      | 142848      |
| train/                  |             |
|    approx_kl            | 0.002539654 |
|    clip_fraction        | 0.00332     |
|    clip_range           | 0.2         |
|    entropy_loss         | -0.53       |
|    explained_variance   | 0.54        |
|    learning_rate        | 0.0001      |
|    loss                 | 0.861       |
|    n_updates            | 2780        |
|    policy_gradient_loss | -0.00293    |
|    value_loss           | 2.16        |
-----------------------------------------
------------------------------------------
| rollout/                |              |
|    ep_len_mean          | 8            |
|    ep_rew_mean          | 3.44         |
| time/                   |              |
|    fps                  | 1281         |
|    iterations           | 280          |
|    time_elapsed         | 111          |
|    total_timesteps      | 143360       |
| train/                  |              |
|    approx_kl            | 0.0056750076 |
|    clip_fraction        | 0.0172       |
|    clip_range           | 0.2          |
|    entropy_loss         | -0.532       |
|    explained_variance   | 0.352        |
|    learning_rate        | 0.0001       |
|    loss                 | 2.09         |
|    n_updates            | 2790         |
|    policy_gradient_loss | -0.00403     |
|    value_loss           | 4.65         |
------------------------------------------
-------------------------------------------
| rollout/                |               |
|    ep_len_mean          | 8             |
|    ep_rew_mean          | 3.3           |
| time/                   |               |
|    fps                  | 1282          |
|    iterations           | 281           |
|    time_elapsed         | 112           |
|    total_timesteps      | 143872        |
| train/                  |               |
|    approx_kl            | 0.00042470236 |
|    clip_fraction        | 0             |
|    clip_range           | 0.2           |
|    entropy_loss         | -0.534        |
|    explained_variance   | 0.611         |
|    learning_rate        | 0.0001        |
|    loss                 | 0.924         |
|    n_updates            | 2800          |
|    policy_gradient_loss | -0.000836     |
|    value_loss           | 1.85          |
-------------------------------------------
------------------------------------------
| rollout/                |              |
|    ep_len_mean          | 7.99         |
|    ep_rew_mean          | 3.19         |
| time/                   |              |
|    fps                  | 1282         |
|    iterations           | 282          |
|    time_elapsed         | 112          |
|    total_timesteps      | 144384       |
| train/                  |              |
|    approx_kl            | 0.0018517978 |
|    clip_fraction        | 0.0041       |
|    clip_range           | 0.2          |
|    entropy_loss         | -0.53        |
|    explained_variance   | 0.667        |
|    learning_rate        | 0.0001       |
|    loss                 | 0.576        |
|    n_updates            | 2810         |
|    policy_gradient_loss | -0.00183     |
|    value_loss           | 1.21         |
------------------------------------------
-------------------------------------------
| rollout/                |               |
|    ep_len_mean          | 7.99          |
|    ep_rew_mean          | 3.45          |
| time/                   |               |
|    fps                  | 1283          |
|    iterations           | 283           |
|    time_elapsed         | 112           |
|    total_timesteps      | 144896        |
| train/                  |               |
|    approx_kl            | 0.00049440673 |
|    clip_fraction        | 0             |
|    clip_range           | 0.2           |
|    entropy_loss         | -0.528        |
|    explained_variance   | 0.493         |
|    learning_rate        | 0.0001        |
|    loss                 | 1.19          |
|    n_updates            | 2820          |
|    policy_gradient_loss | -0.000196     |
|    value_loss           | 3.75          |
-------------------------------------------
-------------------------------------------
| rollout/                |               |
|    ep_len_mean          | 7.97          |
|    ep_rew_mean          | 3.5           |
| time/                   |               |
|    fps                  | 1284          |
|    iterations           | 284           |
|    time_elapsed         | 113           |
|    total_timesteps      | 145408        |
| train/                  |               |
|    approx_kl            | 0.00091121014 |
|    clip_fraction        | 0.00176       |
|    clip_range           | 0.2           |
|    entropy_loss         | -0.545        |
|    explained_variance   | 0.585         |
|    learning_rate        | 0.0001        |
|    loss                 | 1.13          |
|    n_updates            | 2830          |
|    policy_gradient_loss | -0.00291      |
|    value_loss           | 2.37          |
-------------------------------------------
-------------------------------------------
| rollout/                |               |
|    ep_len_mean          | 7.98          |
|    ep_rew_mean          | 3.46          |
| time/                   |               |
|    fps                  | 1284          |
|    iterations           | 285           |
|    time_elapsed         | 113           |
|    total_timesteps      | 145920        |
| train/                  |               |
|    approx_kl            | 0.00035785922 |
|    clip_fraction        | 0.00117       |
|    clip_range           | 0.2           |
|    entropy_loss         | -0.58         |
|    explained_variance   | 0.324         |
|    learning_rate        | 0.0001        |
|    loss                 | 6.35          |
|    n_updates            | 2840          |
|    policy_gradient_loss | 0.000225      |
|    value_loss           | 10.3          |
-------------------------------------------
------------------------------------------
| rollout/                |              |
|    ep_len_mean          | 8            |
|    ep_rew_mean          | 3.25         |
| time/                   |              |
|    fps                  | 1286         |
|    iterations           | 286          |
|    time_elapsed         | 113          |
|    total_timesteps      | 146432       |
| train/                  |              |
|    approx_kl            | 0.0027611032 |
|    clip_fraction        | 0.00117      |
|    clip_range           | 0.2          |
|    entropy_loss         | -0.516       |
|    explained_variance   | 0.378        |
|    learning_rate        | 0.0001       |
|    loss                 | 1.59         |
|    n_updates            | 2850         |
|    policy_gradient_loss | -0.00333     |
|    value_loss           | 3.96         |
------------------------------------------
-----------------------------------------
| rollout/                |             |
|    ep_len_mean          | 7.99        |
|    ep_rew_mean          | 3.31        |
| time/                   |             |
|    fps                  | 1287        |
|    iterations           | 287         |
|    time_elapsed         | 114         |
|    total_timesteps      | 146944      |
| train/                  |             |
|    approx_kl            | 0.001463673 |
|    clip_fraction        | 0.00391     |
|    clip_range           | 0.2         |
|    entropy_loss         | -0.512      |
|    explained_variance   | 0.47        |
|    learning_rate        | 0.0001      |
|    loss                 | 1.6         |
|    n_updates            | 2860        |
|    policy_gradient_loss | -0.00174    |
|    value_loss           | 3.42        |
-----------------------------------------
------------------------------------------
| rollout/                |              |
|    ep_len_mean          | 8            |
|    ep_rew_mean          | 3.34         |
| time/                   |              |
|    fps                  | 1288         |
|    iterations           | 288          |
|    time_elapsed         | 114          |
|    total_timesteps      | 147456       |
| train/                  |              |
|    approx_kl            | 0.0040695174 |
|    clip_fraction        | 0.0207       |
|    clip_range           | 0.2          |
|    entropy_loss         | -0.559       |
|    explained_variance   | 0.309        |
|    learning_rate        | 0.0001       |
|    loss                 | 4.44         |
|    n_updates            | 2870         |
|    policy_gradient_loss | -0.0046      |
|    value_loss           | 7.97         |
------------------------------------------
-----------------------------------------
| rollout/                |             |
|    ep_len_mean          | 7.94        |
|    ep_rew_mean          | 3.36        |
| time/                   |             |
|    fps                  | 1290        |
|    iterations           | 289         |
|    time_elapsed         | 114         |
|    total_timesteps      | 147968      |
| train/                  |             |
|    approx_kl            | 0.003610203 |
|    clip_fraction        | 0.00859     |
|    clip_range           | 0.2         |
|    entropy_loss         | -0.541      |
|    explained_variance   | 0.345       |
|    learning_rate        | 0.0001      |
|    loss                 | 2.5         |
|    n_updates            | 2880        |
|    policy_gradient_loss | -0.00274    |
|    value_loss           | 4.64        |
-----------------------------------------
------------------------------------------
| rollout/                |              |
|    ep_len_mean          | 7.99         |
|    ep_rew_mean          | 3.41         |
| time/                   |              |
|    fps                  | 1291         |
|    iterations           | 290          |
|    time_elapsed         | 114          |
|    total_timesteps      | 148480       |
| train/                  |              |
|    approx_kl            | 0.0019635689 |
|    clip_fraction        | 0.00625      |
|    clip_range           | 0.2          |
|    entropy_loss         | -0.533       |
|    explained_variance   | 0.309        |
|    learning_rate        | 0.0001       |
|    loss                 | 3.36         |
|    n_updates            | 2890         |
|    policy_gradient_loss | -0.0028      |
|    value_loss           | 9.18         |
------------------------------------------
----------------------------------------
| rollout/                |            |
|    ep_len_mean          | 8          |
|    ep_rew_mean          | 3.29       |
| time/                   |            |
|    fps                  | 1292       |
|    iterations           | 291        |
|    time_elapsed         | 115        |
|    total_timesteps      | 148992     |
| train/                  |            |
|    approx_kl            | 0.00250038 |
|    clip_fraction        | 0.0129     |
|    clip_range           | 0.2        |
|    entropy_loss         | -0.541     |
|    explained_variance   | 0.316      |
|    learning_rate        | 0.0001     |
|    loss                 | 5          |
|    n_updates            | 2900       |
|    policy_gradient_loss | -0.00237   |
|    value_loss           | 7.75       |
----------------------------------------
-------------------------------------------
| rollout/                |               |
|    ep_len_mean          | 7.98          |
|    ep_rew_mean          | 3.17          |
| time/                   |               |
|    fps                  | 1294          |
|    iterations           | 292           |
|    time_elapsed         | 115           |
|    total_timesteps      | 149504        |
| train/                  |               |
|    approx_kl            | 0.00023283779 |
|    clip_fraction        | 0             |
|    clip_range           | 0.2           |
|    entropy_loss         | -0.525        |
|    explained_variance   | 0.527         |
|    learning_rate        | 0.0001        |
|    loss                 | 1.4           |
|    n_updates            | 2910          |
|    policy_gradient_loss | -0.000787     |
|    value_loss           | 3.54          |
-------------------------------------------
[ckpt 100] t=150016 mean_return_100=3.324
-------------------------------------------
| rollout/                |               |
|    ep_len_mean          | 7.96          |
|    ep_rew_mean          | 3.47          |
| time/                   |               |
|    fps                  | 1288          |
|    iterations           | 293           |
|    time_elapsed         | 116           |
|    total_timesteps      | 150016        |
| train/                  |               |
|    approx_kl            | 0.00064493186 |
|    clip_fraction        | 0.000781      |
|    clip_range           | 0.2           |
|    entropy_loss         | -0.565        |
|    explained_variance   | 0.351         |
|    learning_rate        | 0.0001        |
|    loss                 | 4.33          |
|    n_updates            | 2920          |
|    policy_gradient_loss | -0.00195      |
|    value_loss           | 8.21          |
-------------------------------------------
Traceback (most recent call last):
  File "/Users/Nicolas/.omp/wt/t31f39e546/m/prototypes/ai-spine/python/train_ppo.py", line 276, in <module>
    main()
  File "/Users/Nicolas/.omp/wt/t31f39e546/m/prototypes/ai-spine/python/train_ppo.py", line 230, in main
    gate_ts, gate_wall = row[0], row[2]
                                 ~~~^^^
IndexError: list index out of range
