t,ball,x_mm,y_mm,z_mm,v_mm_s,mode
0.00000,0,-400.000,-300.000,28.575,2500.0,Sliding
0.00000,1,200.000,200.000,28.575,0.0,Stationary
0.00500,0,-390.192,-292.290,28.575,2490.2,Sliding
0.00500,1,200.000,200.000,28.575,0.0,Stationary
0.01000,0,-380.422,-284.611,28.575,2480.4,Sliding
0.01000,1,200.000,200.000,28.575,0.0,Stationary
0.01500,0,-370.691,-276.962,28.575,2470.6,Sliding
0.01500,1,200.000,200.000,28.575,0.0,Stationary
0.02000,0,-360.999,-269.343,28.575,2460.8,Sliding
0.02000,1,200.000,200.000,28.575,0.0,Stationary
0.02500,0,-351.345,-261.755,28.575,2451.0,Sliding
0.02500,1,200.000,200.000,28.575,0.0,Stationary
0.03000,0,-341.729,-254.197,28.575,2441.2,Sliding
0.03000,1,200.000,200.000,28.575,0.0,Stationary
0.03500,0,-332.153,-246.669,28.575,2431.4,Sliding
0.03500,1,200.000,200.000,28.575,0.0,Stationary
0.04000,0,-322.614,-239.172,28.575,2421.5,Sliding
0.04000,1,200.000,200.000,28.575,0.0,Stationary
0.04500,0,-313.114,-231.704,28.575,2411.7,Sliding
0.04500,1,200.000,200.000,28.575,0.0,Stationary
0.05000,0,-303.653,-224.268,28.575,2401.9,Sliding
0.05000,1,200.000,200.000,28.575,0.0,Stationary
0.05500,0,-294.231,-216.861,28.575,2392.1,Sliding
0.05500,1,200.000,200.000,28.575,0.0,Stationary
0.06000,0,-284.847,-209.485,28.575,2382.3,Sliding
0.06000,1,200.000,200.000,28.575,0.0,Stationary
0.06500,0,-275.501,-202.139,28.575,2372.5,Sliding
0.06500,1,200.000,200.000,28.575,0.0,Stationary
0.07000,0,-266.194,-194.823,28.575,2362.7,Sliding
0.07000,1,200.000,200.000,28.575,0.0,Stationary
0.07500,0,-256.926,-187.538,28.575,2352.9,Sliding
0.07500,1,200.000,200.000,28.575,0.0,Stationary
0.08000,0,-247.696,-180.283,28.575,2343.1,Sliding
0.08000,1,200.000,200.000,28.575,0.0,Stationary
0.08500,0,-238.504,-173.058,28.575,2333.3,Sliding
0.08500,1,200.000,200.000,28.575,0.0,Stationary
0.09000,0,-229.351,-165.863,28.575,2323.5,Sliding
0.09000,1,200.000,200.000,28.575,0.0,Stationary
0.09500,0,-220.237,-158.699,28.575,2313.7,Sliding
0.09500,1,200.000,200.000,28.575,0.0,Stationary
0.10000,0,-211.162,-151.565,28.575,2303.9,Sliding
0.10000,1,200.000,200.000,28.575,0.0,Stationary
0.10500,0,-202.124,-144.462,28.575,2294.1,Sliding
0.10500,1,200.000,200.000,28.575,0.0,Stationary
0.11000,0,-193.126,-137.388,28.575,2284.3,Sliding
0.11000,1,200.000,200.000,28.575,0.0,Stationary
0.11500,0,-184.166,-130.345,28.575,2274.4,Sliding
0.11500,1,200.000,200.000,28.575,0.0,Stationary
0.12000,0,-175.244,-123.333,28.575,2264.6,Sliding
0.12000,1,200.000,200.000,28.575,0.0,Stationary
0.12500,0,-166.361,-116.350,28.575,2254.8,Sliding
0.12500,1,200.000,200.000,28.575,0.0,Stationary
0.13000,0,-157.517,-109.398,28.575,2245.0,Sliding
0.13000,1,200.000,200.000,28.575,0.0,Stationary
0.13500,0,-148.711,-102.477,28.575,2235.2,Sliding
0.13500,1,200.000,200.000,28.575,0.0,Stationary
0.14000,0,-139.944,-95.585,28.575,2225.4,Sliding
0.14000,1,200.000,200.000,28.575,0.0,Stationary
0.14500,0,-131.215,-88.724,28.575,2215.6,Sliding
0.14500,1,200.000,200.000,28.575,0.0,Stationary
0.15000,0,-122.525,-81.893,28.575,2205.8,Sliding
0.15000,1,200.000,200.000,28.575,0.0,Stationary
0.15500,0,-113.873,-75.093,28.575,2196.0,Sliding
0.15500,1,200.000,200.000,28.575,0.0,Stationary
0.16000,0,-105.260,-68.322,28.575,2186.2,Sliding
0.16000,1,200.000,200.000,28.575,0.0,Stationary
0.16500,0,-96.685,-61.582,28.575,2176.4,Sliding
0.16500,1,200.000,200.000,28.575,0.0,Stationary
0.17000,0,-88.149,-54.873,28.575,2166.6,Sliding
0.17000,1,200.000,200.000,28.575,0.0,Stationary
0.17500,0,-79.652,-48.193,28.575,2156.8,Sliding
0.17500,1,200.000,200.000,28.575,0.0,Stationary
0.18000,0,-71.193,-41.544,28.575,2147.0,Sliding
0.18000,1,200.000,200.000,28.575,0.0,Stationary
0.18500,0,-62.766,-34.921,28.575,2142.6,Rolling
0.18500,1,200.000,200.000,28.575,0.0,Stationary
0.19000,0,-54.345,-28.301,28.575,2142.1,Rolling
0.19000,1,200.000,200.000,28.575,0.0,Stationary
0.19500,0,-45.926,-21.683,28.575,2141.6,Rolling
0.19500,1,200.000,200.000,28.575,0.0,Stationary
0.20000,0,-37.508,-15.067,28.575,2141.1,Rolling
0.20000,1,200.000,200.000,28.575,0.0,Stationary
0.20500,0,-29.092,-8.451,28.575,2140.6,Rolling
0.20500,1,200.000,200.000,28.575,0.0,Stationary
0.21000,0,-20.679,-1.838,28.575,2140.1,Rolling
0.21000,1,200.000,200.000,28.575,0.0,Stationary
0.21500,0,-12.267,4.774,28.575,2139.6,Rolling
0.21500,1,200.000,200.000,28.575,0.0,Stationary
0.22000,0,-3.857,11.385,28.575,2139.1,Rolling
0.22000,1,200.000,200.000,28.575,0.0,Stationary
0.22500,0,4.551,17.993,28.575,2138.6,Rolling
0.22500,1,200.000,200.000,28.575,0.0,Stationary
0.23000,0,12.957,24.601,28.575,2138.2,Rolling
0.23000,1,200.000,200.000,28.575,0.0,Stationary
0.23500,0,21.361,31.207,28.575,2137.7,Rolling
0.23500,1,200.000,200.000,28.575,0.0,Stationary
0.24000,0,29.763,37.811,28.575,2137.2,Rolling
0.24000,1,200.000,200.000,28.575,0.0,Stationary
0.24500,0,38.163,44.414,28.575,2136.7,Rolling
0.24500,1,200.000,200.000,28.575,0.0,Stationary
0.25000,0,46.562,51.016,28.575,2136.2,Rolling
0.25000,1,200.000,200.000,28.575,0.0,Stationary
0.25500,0,54.958,57.616,28.575,2135.7,Rolling
0.25500,1,200.000,200.000,28.575,0.0,Stationary
0.26000,0,63.352,64.214,28.575,2135.2,Rolling
0.26000,1,200.000,200.000,28.575,0.0,Stationary
0.26500,0,71.745,70.811,28.575,2134.7,Rolling
0.26500,1,200.000,200.000,28.575,0.0,Stationary
0.27000,0,80.136,77.406,28.575,2134.2,Rolling
0.27000,1,200.000,200.000,28.575,0.0,Stationary
0.27500,0,88.524,84.000,28.575,2133.7,Rolling
0.27500,1,200.000,200.000,28.575,0.0,Stationary
0.28000,0,96.911,90.592,28.575,2133.3,Rolling
0.28000,1,200.000,200.000,28.575,0.0,Stationary
0.28500,0,105.296,97.183,28.575,2132.8,Rolling
0.28500,1,200.000,200.000,28.575,0.0,Stationary
0.29000,0,113.679,103.772,28.575,2132.3,Rolling
0.29000,1,200.000,200.000,28.575,0.0,Stationary
0.29500,0,122.059,110.360,28.575,2131.8,Rolling
0.29500,1,200.000,200.000,28.575,0.0,Stationary
0.30000,0,130.439,116.946,28.575,2131.3,Rolling
0.30000,1,200.000,200.000,28.575,0.0,Stationary
0.30500,0,138.816,123.531,28.575,2130.8,Rolling
0.30500,1,200.000,200.000,28.575,0.0,Stationary
0.31000,0,147.191,130.114,28.575,2130.3,Rolling
0.31000,1,200.000,200.000,28.575,0.0,Stationary
0.31500,0,155.564,136.696,28.575,2129.8,Rolling
0.31500,1,200.000,200.000,28.575,0.0,Stationary
0.32000,0,163.935,143.276,28.575,2129.3,Rolling
0.32000,1,200.000,200.000,28.575,0.0,Stationary
0.32500,0,172.305,149.855,28.575,2128.8,Rolling
0.32500,1,200.000,200.000,28.575,0.0,Stationary
0.33000,0,176.208,148.134,28.602,851.8,Airborne
0.33000,1,204.465,208.299,28.581,1911.0,Airborne
0.33500,0,180.049,146.297,28.577,851.6,Airborne
0.33500,1,208.992,216.713,28.575,1909.4,Sliding
0.34000,0,183.891,144.460,28.575,851.6,Airborne
0.34000,1,213.503,225.099,28.575,1899.6,Sliding
0.34500,0,187.743,142.643,28.575,852.1,Sliding
0.34500,1,217.992,233.441,28.575,1889.8,Sliding
0.35000,0,191.618,140.870,28.575,852.7,Sliding
0.35000,1,222.457,241.741,28.575,1880.0,Sliding
0.35500,0,195.516,139.139,28.575,853.4,Sliding
0.35500,1,226.899,249.997,28.575,1870.2,Sliding
0.36000,0,199.437,137.451,28.575,854.3,Sliding
0.36000,1,231.317,258.210,28.575,1860.4,Sliding
0.36500,0,203.382,135.807,28.575,855.2,Sliding
0.36500,1,235.713,266.380,28.575,1850.5,Sliding
0.37000,0,207.350,134.206,28.575,856.3,Sliding
0.37000,1,240.085,274.507,28.575,1840.7,Sliding
0.37500,0,211.341,132.648,28.575,857.5,Sliding
0.37500,1,244.434,282.590,28.575,1830.9,Sliding
0.38000,0,215.355,131.133,28.575,858.8,Sliding
0.38000,1,248.759,290.631,28.575,1821.1,Sliding
0.38500,0,219.393,129.662,28.575,860.2,Sliding
0.38500,1,253.062,298.628,28.575,1811.3,Sliding
0.39000,0,223.454,128.234,28.575,861.7,Sliding
0.39000,1,257.341,306.582,28.575,1801.5,Sliding
0.39500,0,227.538,126.849,28.575,863.3,Sliding
0.39500,1,261.597,314.493,28.575,1791.7,Sliding
0.40000,0,231.645,125.507,28.575,865.1,Sliding
0.40000,1,265.829,322.361,28.575,1781.9,Sliding
0.40500,0,235.775,124.208,28.575,866.9,Sliding
0.40500,1,270.039,330.185,28.575,1772.1,Sliding
0.41000,0,239.929,122.952,28.575,868.8,Sliding
0.41000,1,274.225,337.967,28.575,1762.3,Sliding
0.41500,0,244.106,121.740,28.575,870.9,Sliding
0.41500,1,278.388,345.705,28.575,1752.5,Sliding
0.42000,0,248.306,120.571,28.575,873.0,Sliding
0.42000,1,282.527,353.400,28.575,1742.7,Sliding
0.42500,0,252.529,119.445,28.575,875.3,Sliding
0.42500,1,286.644,361.052,28.575,1732.9,Sliding
0.43000,0,256.776,118.362,28.575,877.7,Sliding
0.43000,1,290.737,368.661,28.575,1723.1,Sliding
0.43500,0,261.045,117.322,28.575,880.1,Sliding
0.43500,1,294.807,376.226,28.575,1713.3,Sliding
0.44000,0,265.338,116.326,28.575,882.7,Sliding
0.44000,1,298.853,383.749,28.575,1703.4,Sliding
0.44500,0,269.654,115.373,28.575,885.4,Sliding
0.44500,1,302.877,391.228,28.575,1693.6,Sliding
0.45000,0,273.994,114.463,28.575,888.1,Sliding
0.45000,1,306.877,398.664,28.575,1683.8,Sliding
0.45500,0,278.356,113.596,28.575,891.0,Sliding
0.45500,1,310.854,406.057,28.575,1674.0,Sliding
0.46000,0,282.742,112.772,28.575,894.0,Sliding
0.46000,1,314.808,413.406,28.575,1664.2,Sliding
0.46500,0,287.151,111.992,28.575,897.0,Sliding
0.46500,1,318.738,420.713,28.575,1654.4,Sliding
0.47000,0,291.583,111.254,28.575,900.2,Sliding
0.47000,1,322.645,427.976,28.575,1644.6,Sliding
0.47500,0,296.039,110.560,28.575,903.5,Sliding
0.47500,1,326.529,435.196,28.575,1634.8,Sliding
0.48000,0,300.517,109.909,28.575,906.8,Sliding
0.48000,1,330.390,442.373,28.575,1625.0,Sliding
0.48500,0,305.019,109.302,28.575,910.3,Sliding
0.48500,1,334.227,449.507,28.575,1615.2,Sliding
0.49000,0,309.544,108.737,28.575,913.8,Sliding
0.49000,1,338.041,456.598,28.575,1605.4,Sliding
0.49500,0,314.092,108.216,28.575,917.4,Sliding
0.49500,1,341.832,463.645,28.575,1595.6,Sliding
0.50000,0,318.664,107.738,28.575,921.2,Sliding
0.50000,1,345.600,470.649,28.575,1585.8,Sliding
0.50500,0,323.258,107.303,28.575,925.0,Sliding
0.50500,1,349.345,477.611,28.575,1576.0,Sliding
0.51000,0,327.876,106.911,28.575,928.9,Sliding
0.51000,1,353.066,484.529,28.575,1566.2,Sliding
0.51500,0,332.517,106.562,28.575,932.8,Sliding
0.51500,1,356.764,491.403,28.575,1556.3,Sliding
0.52000,0,337.182,106.257,28.575,936.9,Sliding
0.52000,1,360.438,498.235,28.575,1546.5,Sliding
0.52500,0,341.869,105.995,28.575,941.1,Sliding
0.52500,1,364.090,505.023,28.575,1536.7,Sliding
0.53000,0,346.580,105.776,28.575,945.3,Sliding
0.53000,1,367.718,511.769,28.575,1526.9,Sliding
0.53500,0,351.314,105.600,28.575,949.6,Sliding
0.53500,1,371.323,518.471,28.575,1517.1,Sliding
0.54000,0,356.071,105.467,28.575,954.0,Sliding
0.54000,1,374.905,525.130,28.575,1507.3,Sliding
0.54500,0,360.852,105.378,28.575,958.5,Sliding
0.54500,1,378.463,531.745,28.575,1497.5,Sliding
0.55000,0,365.655,105.332,28.575,963.1,Sliding
0.55000,1,381.998,538.318,28.575,1487.7,Sliding
0.55500,0,370.482,105.329,28.575,967.7,Sliding
0.55500,1,385.510,544.847,28.575,1477.9,Sliding
0.56000,0,375.332,105.369,28.575,972.4,Sliding
0.56000,1,388.999,551.334,28.575,1468.1,Sliding
0.56500,0,380.205,105.452,28.575,977.2,Sliding
0.56500,1,392.465,557.777,28.575,1458.3,Sliding
0.57000,0,385.102,105.579,28.575,982.1,Sliding
0.57000,1,395.907,564.177,28.575,1448.5,Sliding
0.57500,0,390.022,105.748,28.575,987.0,Sliding
0.57500,1,399.326,570.533,28.575,1438.7,Sliding
0.58000,0,394.964,105.961,28.575,992.0,Sliding
0.58000,1,402.721,576.847,28.575,1428.9,Sliding
0.58500,0,399.931,106.217,28.575,997.1,Sliding
0.58500,1,406.094,583.117,28.575,1419.1,Sliding
0.59000,0,404.920,106.517,28.575,1002.2,Sliding
0.59000,1,409.443,589.345,28.575,1409.2,Sliding
0.59500,0,409.932,106.859,28.575,1007.5,Sliding
0.59500,1,412.769,595.529,28.575,1399.4,Sliding
0.60000,0,414.968,107.245,28.575,1012.8,Sliding
0.60000,1,416.072,601.669,28.575,1389.6,Sliding
0.60500,0,420.027,107.674,28.575,1018.1,Sliding
0.60500,1,419.249,605.418,28.742,1081.4,Airborne
0.61000,0,425.107,108.141,28.575,1020.9,Rolling
0.61000,1,422.054,600.853,29.351,1075.9,Airborne
0.61500,0,430.188,108.616,28.575,1020.4,Rolling
0.61500,1,424.860,596.289,29.715,1072.6,Airborne
0.62000,0,435.267,109.090,28.575,1019.9,Rolling
0.62000,1,427.665,591.725,29.833,1071.5,Airborne
0.62500,0,440.343,109.564,28.575,1019.4,Rolling
0.62500,1,430.470,587.161,29.706,1072.7,Airborne
0.63000,0,445.417,110.037,28.575,1018.9,Rolling
0.63000,1,433.276,582.596,29.334,1076.1,Airborne
0.63500,0,450.488,110.510,28.575,1018.5,Rolling
0.63500,1,436.081,578.032,28.717,1081.7,Airborne
0.64000,0,455.557,110.984,28.575,1018.0,Rolling
0.64000,1,438.887,573.468,28.877,1072.9,Airborne
0.64500,0,460.624,111.457,28.575,1017.5,Rolling
0.64500,1,441.692,568.904,29.026,1071.5,Airborne
0.65000,0,465.688,111.929,28.575,1017.0,Rolling
0.65000,1,444.498,564.340,28.930,1072.4,Airborne
0.65500,0,470.750,112.402,28.575,1016.5,Rolling
0.65500,1,447.303,559.775,28.589,1075.5,Airborne
0.66000,0,475.809,112.874,28.575,1016.0,Rolling
0.66000,1,450.108,555.211,28.734,1071.5,Airborne
0.66500,0,480.866,113.346,28.575,1015.5,Rolling
0.66500,1,452.914,550.647,28.656,1072.2,Airborne
0.67000,0,485.920,113.818,28.575,1015.0,Rolling
0.67000,1,455.719,546.083,28.634,1071.5,Airborne
0.67500,0,490.972,114.289,28.575,1014.5,Rolling
0.67500,1,458.525,541.518,28.594,1071.5,Airborne
0.68000,0,496.022,114.761,28.575,1014.0,Rolling
0.68000,1,461.330,536.954,28.578,1071.5,Airborne
0.68500,0,501.069,115.232,28.575,1013.5,Rolling
0.68500,1,464.136,532.391,28.575,1069.8,Sliding
0.69000,0,506.113,115.703,28.575,1013.1,Rolling
0.69000,1,466.942,527.861,28.575,1061.6,Sliding
0.69500,0,511.155,116.173,28.575,1012.6,Rolling
0.69500,1,469.749,523.381,28.575,1053.4,Sliding
0.70000,0,516.195,116.644,28.575,1012.1,Rolling
0.70000,1,472.556,518.949,28.575,1045.2,Sliding
0.70500,0,521.232,117.114,28.575,1011.6,Rolling
0.70500,1,475.365,514.566,28.575,1037.0,Sliding
0.71000,0,526.267,117.584,28.575,1011.1,Rolling
0.71000,1,478.175,510.233,28.575,1028.9,Sliding
0.71500,0,531.299,118.053,28.575,1010.6,Rolling
0.71500,1,480.986,505.948,28.575,1020.8,Sliding
0.72000,0,536.329,118.523,28.575,1010.1,Rolling
0.72000,1,483.797,501.713,28.575,1012.7,Sliding
0.72500,0,541.357,118.992,28.575,1009.6,Rolling
0.72500,1,486.610,497.526,28.575,1004.7,Sliding
0.73000,0,546.382,119.461,28.575,1009.1,Rolling
0.73000,1,489.423,493.389,28.575,996.7,Sliding
0.73500,0,551.405,119.930,28.575,1008.6,Rolling
0.73500,1,492.237,489.300,28.575,988.7,Sliding
0.74000,0,556.425,120.399,28.575,1008.2,Rolling
0.74000,1,495.052,485.261,28.575,980.8,Sliding
0.74500,0,561.442,120.867,28.575,1007.7,Rolling
0.74500,1,497.869,481.270,28.575,972.9,Sliding
0.75000,0,566.458,121.335,28.575,1007.2,Rolling
0.75000,1,500.686,477.329,28.575,965.0,Sliding
0.75500,0,571.471,121.803,28.575,1006.7,Rolling
0.75500,1,503.504,473.436,28.575,957.2,Sliding
0.76000,0,576.481,122.271,28.575,1006.2,Rolling
0.76000,1,506.322,469.593,28.575,949.4,Sliding
0.76500,0,581.489,122.738,28.575,1005.7,Rolling
0.76500,1,509.142,465.799,28.575,941.6,Sliding
0.77000,0,586.495,123.205,28.575,1005.2,Rolling
0.77000,1,511.963,462.053,28.575,933.9,Sliding
0.77500,0,591.498,123.672,28.575,1004.7,Rolling
0.77500,1,514.784,458.357,28.575,926.2,Sliding
0.78000,0,596.498,124.139,28.575,1004.2,Rolling
0.78000,1,517.607,454.710,28.575,918.6,Sliding
0.78500,0,601.497,124.606,28.575,1003.7,Rolling
0.78500,1,520.430,451.112,28.575,911.0,Sliding
0.79000,0,606.492,125.072,28.575,1003.3,Rolling
0.79000,1,523.255,447.562,28.575,903.4,Sliding
0.79500,0,611.486,125.538,28.575,1002.8,Rolling
0.79500,1,526.080,444.062,28.575,895.9,Sliding
0.80000,0,616.476,126.004,28.575,1002.3,Rolling
0.80000,1,528.906,440.611,28.575,888.4,Sliding
0.80500,0,621.465,126.470,28.575,1001.8,Rolling
0.80500,1,531.733,437.209,28.575,881.0,Sliding
0.81000,0,626.451,126.935,28.575,1001.3,Rolling
0.81000,1,534.561,433.856,28.575,873.6,Sliding
0.81500,0,631.434,127.400,28.575,1000.8,Rolling
0.81500,1,537.390,430.552,28.575,866.3,Sliding
0.82000,0,636.416,127.865,28.575,1000.3,Rolling
0.82000,1,540.220,427.297,28.575,859.0,Sliding
0.82500,0,641.394,128.330,28.575,999.8,Rolling
0.82500,1,543.051,424.090,28.575,851.8,Sliding
0.83000,0,646.371,128.794,28.575,999.3,Rolling
0.83000,1,545.882,420.933,28.575,844.6,Sliding
0.83500,0,651.344,129.259,28.575,998.8,Rolling
0.83500,1,548.715,417.825,28.575,837.5,Sliding
0.84000,0,656.316,129.723,28.575,998.3,Rolling
0.84000,1,551.548,414.767,28.575,830.4,Sliding
0.84500,0,661.285,130.186,28.575,997.9,Rolling
0.84500,1,554.383,411.757,28.575,823.4,Sliding
0.85000,0,666.251,130.650,28.575,997.4,Rolling
0.85000,1,557.218,408.796,28.575,816.4,Sliding
0.85500,0,671.215,131.113,28.575,996.9,Rolling
0.85500,1,560.054,405.884,28.575,809.5,Sliding
0.86000,0,676.177,131.576,28.575,996.4,Rolling
0.86000,1,562.891,403.021,28.575,802.7,Sliding
0.86500,0,681.136,132.039,28.575,995.9,Rolling
0.86500,1,565.729,400.207,28.575,795.9,Sliding
0.87000,0,686.093,132.502,28.575,995.4,Rolling
0.87000,1,568.568,397.442,28.575,789.2,Sliding
0.87500,0,691.047,132.964,28.575,994.9,Rolling
0.87500,1,571.408,394.726,28.575,782.6,Sliding
0.88000,0,695.999,133.427,28.575,994.4,Rolling
0.88000,1,574.249,392.060,28.575,776.0,Sliding
0.88500,0,700.948,133.889,28.575,993.9,Rolling
0.88500,1,577.090,389.442,28.575,769.5,Sliding
0.89000,0,705.895,134.350,28.575,993.4,Rolling
0.89000,1,579.933,386.873,28.575,763.0,Sliding
0.89500,0,710.839,134.812,28.575,993.0,Rolling
0.89500,1,582.776,384.353,28.575,756.7,Sliding
0.90000,0,715.782,135.273,28.575,992.5,Rolling
0.90000,1,585.621,381.883,28.575,750.4,Sliding
0.90500,0,720.721,135.734,28.575,992.0,Rolling
0.90500,1,588.466,379.461,28.575,744.2,Sliding
0.91000,0,725.658,136.195,28.575,991.5,Rolling
0.91000,1,591.312,377.089,28.575,738.0,Sliding
0.91500,0,730.593,136.656,28.575,991.0,Rolling
0.91500,1,594.160,374.765,28.575,732.0,Sliding
0.92000,0,735.525,137.116,28.575,990.5,Rolling
0.92000,1,597.008,372.490,28.575,726.0,Rolling
0.92500,0,740.455,137.576,28.575,990.0,Rolling
0.92500,1,599.855,370.241,28.575,725.5,Rolling
0.93000,0,745.383,138.036,28.575,989.5,Rolling
0.93000,1,602.701,367.993,28.575,725.1,Rolling
0.93500,0,750.308,138.496,28.575,989.0,Rolling
0.93500,1,605.545,365.746,28.575,724.6,Rolling
0.94000,0,755.230,138.955,28.575,988.5,Rolling
0.94000,1,608.386,363.501,28.575,724.1,Rolling
0.94500,0,760.150,139.415,28.575,988.1,Rolling
0.94500,1,611.226,361.257,28.575,723.6,Rolling
0.95000,0,765.068,139.874,28.575,987.6,Rolling
0.95000,1,614.064,359.015,28.575,723.1,Rolling
0.95500,0,769.983,140.332,28.575,987.1,Rolling
0.95500,1,616.900,356.775,28.575,722.6,Rolling
0.96000,0,774.896,140.791,28.575,986.6,Rolling
0.96000,1,619.734,354.536,28.575,722.1,Rolling
0.96500,0,779.806,141.249,28.575,986.1,Rolling
0.96500,1,622.566,352.298,28.575,721.6,Rolling
0.97000,0,784.714,141.707,28.575,985.6,Rolling
0.97000,1,625.397,350.062,28.575,721.1,Rolling
0.97500,0,789.620,142.165,28.575,985.1,Rolling
0.97500,1,628.225,347.828,28.575,720.6,Rolling
0.98000,0,794.523,142.623,28.575,984.6,Rolling
0.98000,1,631.051,345.595,28.575,720.2,Rolling
0.98500,0,799.423,143.080,28.575,984.1,Rolling
0.98500,1,633.876,343.363,28.575,719.7,Rolling
0.99000,0,804.321,143.538,28.575,983.6,Rolling
0.99000,1,636.698,341.133,28.575,719.2,Rolling
0.99500,0,809.217,143.995,28.575,983.1,Rolling
0.99500,1,639.519,338.905,28.575,718.7,Rolling
1.00000,0,814.110,144.451,28.575,982.7,Rolling
1.00000,1,642.338,336.678,28.575,718.2,Rolling
1.00500,0,819.001,144.908,28.575,982.2,Rolling
1.00500,1,645.154,334.453,28.575,717.7,Rolling
1.01000,0,823.889,145.364,28.575,981.7,Rolling
1.01000,1,647.969,332.229,28.575,717.2,Rolling
1.01500,0,828.775,145.820,28.575,981.2,Rolling
1.01500,1,650.782,330.007,28.575,716.7,Rolling
1.02000,0,833.659,146.276,28.575,980.7,Rolling
1.02000,1,653.593,327.786,28.575,716.2,Rolling
1.02500,0,838.540,146.732,28.575,980.2,Rolling
1.02500,1,656.402,325.567,28.575,715.7,Rolling
1.03000,0,843.418,147.187,28.575,979.7,Rolling
1.03000,1,659.209,323.349,28.575,715.3,Rolling
1.03500,0,848.295,147.642,28.575,979.2,Rolling
1.03500,1,662.014,321.133,28.575,714.8,Rolling
1.04000,0,853.168,148.097,28.575,978.7,Rolling
1.04000,1,664.818,318.918,28.575,714.3,Rolling
1.04500,0,858.040,148.552,28.575,978.2,Rolling
1.04500,1,667.619,316.705,28.575,713.8,Rolling
1.05000,0,862.908,149.006,28.575,977.8,Rolling
1.05000,1,670.419,314.493,28.575,713.3,Rolling
1.05500,0,867.775,149.460,28.575,977.3,Rolling
1.05500,1,673.216,312.283,28.575,712.8,Rolling
1.06000,0,872.639,149.914,28.575,976.8,Rolling
1.06000,1,676.012,310.074,28.575,712.3,Rolling
1.06500,0,877.500,150.368,28.575,976.3,Rolling
1.06500,1,678.805,307.867,28.575,711.8,Rolling
1.07000,0,882.359,150.822,28.575,975.8,Rolling
1.07000,1,681.597,305.662,28.575,711.3,Rolling
1.07500,0,887.216,151.275,28.575,975.3,Rolling
1.07500,1,684.387,303.458,28.575,710.8,Rolling
1.08000,0,892.070,151.728,28.575,974.8,Rolling
1.08000,1,687.175,301.255,28.575,710.3,Rolling
1.08500,0,896.922,152.181,28.575,974.3,Rolling
1.08500,1,689.961,299.054,28.575,709.9,Rolling
1.09000,0,901.771,152.634,28.575,973.8,Rolling
1.09000,1,692.745,296.855,28.575,709.4,Rolling
1.09500,0,906.618,153.086,28.575,973.3,Rolling
1.09500,1,695.527,294.657,28.575,708.9,Rolling
1.10000,0,911.462,153.538,28.575,972.9,Rolling
1.10000,1,698.307,292.460,28.575,708.4,Rolling
1.10500,0,916.304,153.990,28.575,972.4,Rolling
1.10500,1,701.086,290.265,28.575,707.9,Rolling
1.11000,0,921.144,154.442,28.575,971.9,Rolling
1.11000,1,703.862,288.072,28.575,707.4,Rolling
1.11500,0,925.981,154.893,28.575,971.4,Rolling
1.11500,1,706.636,285.880,28.575,706.9,Rolling
1.12000,0,930.816,155.345,28.575,970.9,Rolling
1.12000,1,709.409,283.690,28.575,706.4,Rolling
1.12500,0,935.648,155.796,28.575,970.4,Rolling
1.12500,1,712.179,281.501,28.575,705.9,Rolling
1.13000,0,940.478,156.246,28.575,969.9,Rolling
1.13000,1,714.948,279.313,28.575,705.4,Rolling
1.13500,0,945.305,156.697,28.575,969.4,Rolling
1.13500,1,717.715,277.128,28.575,705.0,Rolling
1.14000,0,950.130,157.147,28.575,968.9,Rolling
1.14000,1,720.480,274.943,28.575,704.5,Rolling
1.14500,0,954.952,157.598,28.575,968.4,Rolling
1.14500,1,723.243,272.760,28.575,704.0,Rolling
1.15000,0,959.772,158.047,28.575,967.9,Rolling
1.15000,1,726.004,270.579,28.575,703.5,Rolling
1.15500,0,964.590,158.497,28.575,967.5,Rolling
1.15500,1,728.763,268.399,28.575,703.0,Rolling
1.16000,0,969.405,158.947,28.575,967.0,Rolling
1.16000,1,731.520,266.221,28.575,702.5,Rolling
1.16500,0,974.218,159.396,28.575,966.5,Rolling
1.16500,1,734.275,264.045,28.575,702.0,Rolling
1.17000,0,979.028,159.845,28.575,966.0,Rolling
1.17000,1,737.028,261.869,28.575,701.5,Rolling
1.17500,0,983.836,160.294,28.575,965.5,Rolling
1.17500,1,739.780,259.696,28.575,701.0,Rolling
1.18000,0,988.641,160.742,28.575,965.0,Rolling
1.18000,1,742.529,257.524,28.575,700.5,Rolling
1.18500,0,993.444,161.190,28.575,964.5,Rolling
1.18500,1,745.277,255.353,28.575,700.1,Rolling
1.19000,0,998.245,161.639,28.575,964.0,Rolling
1.19000,1,748.022,253.184,28.575,699.6,Rolling
1.19500,0,1003.043,162.086,28.575,963.5,Rolling
1.19500,1,750.766,251.016,28.575,699.1,Rolling
1.20000,0,1007.838,162.534,28.575,963.0,Rolling
1.20000,1,753.508,248.850,28.575,698.6,Rolling
1.20500,0,1012.631,162.981,28.575,962.6,Rolling
1.20500,1,756.247,246.686,28.575,698.1,Rolling
1.21000,0,1017.422,163.429,28.575,962.1,Rolling
1.21000,1,758.985,244.523,28.575,697.6,Rolling
1.21500,0,1022.210,163.875,28.575,961.6,Rolling
1.21500,1,761.721,242.361,28.575,697.1,Rolling
1.22000,0,1026.996,164.322,28.575,961.1,Rolling
1.22000,1,764.455,240.201,28.575,696.6,Rolling
1.22500,0,1031.780,164.769,28.575,960.6,Rolling
1.22500,1,767.187,238.043,28.575,696.1,Rolling
1.23000,0,1036.561,165.215,28.575,960.1,Rolling
1.23000,1,769.918,235.886,28.575,695.6,Rolling
1.23500,0,1041.339,165.661,28.575,959.6,Rolling
1.23500,1,772.646,233.730,28.575,695.1,Rolling
1.24000,0,1046.115,166.107,28.575,959.1,Rolling
1.24000,1,775.372,231.576,28.575,694.7,Rolling
1.24500,0,1050.889,166.552,28.575,958.6,Rolling
1.24500,1,778.097,229.424,28.575,694.2,Rolling
1.25000,0,1055.660,166.998,28.575,958.1,Rolling
1.25000,1,780.819,227.273,28.575,693.7,Rolling
1.25500,0,1060.429,167.443,28.575,957.7,Rolling
1.25500,1,783.540,225.124,28.575,693.2,Rolling
1.26000,0,1065.195,167.888,28.575,957.2,Rolling
1.26000,1,786.258,222.976,28.575,692.7,Rolling
1.26500,0,1069.959,168.332,28.575,956.7,Rolling
1.26500,1,788.975,220.830,28.575,692.2,Rolling
1.27000,0,1074.720,168.777,28.575,956.2,Rolling
1.27000,1,791.690,218.685,28.575,691.7,Rolling
1.27500,0,1079.479,169.221,28.575,955.7,Rolling
1.27500,1,794.403,216.542,28.575,691.2,Rolling
1.28000,0,1084.236,169.665,28.575,955.2,Rolling
1.28000,1,797.114,214.400,28.575,690.7,Rolling
1.28500,0,1088.990,170.109,28.575,954.7,Rolling
1.28500,1,799.823,212.260,28.575,690.2,Rolling
1.29000,0,1093.742,170.552,28.575,954.2,Rolling
1.29000,1,802.530,210.121,28.575,689.8,Rolling
1.29500,0,1098.491,170.996,28.575,953.7,Rolling
1.29500,1,805.235,207.984,28.575,689.3,Rolling
1.30000,0,1103.238,171.439,28.575,953.2,Rolling
1.30000,1,807.938,205.848,28.575,688.8,Rolling
1.30500,0,1107.982,171.881,28.575,952.7,Rolling
1.30500,1,810.640,203.714,28.575,688.3,Rolling
1.31000,0,1112.724,172.324,28.575,952.3,Rolling
1.31000,1,813.339,201.581,28.575,687.8,Rolling
1.31500,0,1117.463,172.766,28.575,951.8,Rolling
1.31500,1,816.036,199.450,28.575,687.3,Rolling
1.32000,0,1122.200,173.209,28.575,951.3,Rolling
1.32000,1,818.732,197.320,28.575,686.8,Rolling
1.32500,0,1126.935,173.651,28.575,950.8,Rolling
1.32500,1,821.426,195.192,28.575,686.3,Rolling
1.33000,0,1131.667,174.092,28.575,950.3,Rolling
1.33000,1,824.117,193.066,28.575,685.8,Rolling
1.33500,0,1136.397,174.534,28.575,949.8,Rolling
1.33500,1,826.807,190.941,28.575,685.3,Rolling
1.34000,0,1141.124,174.975,28.575,949.3,Rolling
1.34000,1,829.495,188.817,28.575,684.9,Rolling
1.34500,0,1145.849,175.416,28.575,948.8,Rolling
1.34500,1,832.181,186.695,28.575,684.4,Rolling
1.35000,0,1150.571,175.857,28.575,948.3,Rolling
1.35000,1,834.865,184.575,28.575,683.9,Rolling
1.35500,0,1155.291,176.297,28.575,947.8,Rolling
1.35500,1,837.547,182.456,28.575,683.4,Rolling
1.36000,0,1160.009,176.738,28.575,947.4,Rolling
1.36000,1,840.227,180.338,28.575,682.9,Rolling
1.36500,0,1164.724,177.178,28.575,946.9,Rolling
1.36500,1,842.906,178.223,28.575,682.4,Rolling
1.37000,0,1169.436,177.618,28.575,946.4,Rolling
1.37000,1,845.582,176.108,28.575,681.9,Rolling
1.37500,0,1174.146,178.057,28.575,945.9,Rolling
1.37500,1,848.256,173.995,28.575,681.4,Rolling
1.38000,0,1178.854,178.497,28.575,945.4,Rolling
1.38000,1,850.929,171.884,28.575,680.9,Rolling
1.38500,0,1183.559,178.936,28.575,944.9,Rolling
1.38500,1,853.599,169.774,28.575,680.4,Rolling
1.39000,0,1188.262,179.375,28.575,944.4,Rolling
1.39000,1,856.268,167.666,28.575,679.9,Rolling
1.39500,0,1192.963,179.814,28.575,943.9,Rolling
1.39500,1,858.935,165.559,28.575,679.5,Rolling
1.40000,0,1197.661,180.252,28.575,943.4,Rolling
1.40000,1,861.599,163.454,28.575,679.0,Rolling
1.40500,0,1202.356,180.690,28.575,942.9,Rolling
1.40500,1,864.262,161.350,28.575,678.5,Rolling
1.41000,0,1207.049,181.129,28.575,942.4,Rolling
1.41000,1,866.923,159.248,28.575,678.0,Rolling
1.41500,0,1211.740,181.566,28.575,942.0,Rolling
1.41500,1,869.582,157.147,28.575,677.5,Rolling
1.42000,0,1216.428,182.004,28.575,941.5,Rolling
1.42000,1,872.239,155.048,28.575,677.0,Rolling
1.42500,0,1221.114,182.441,28.575,941.0,Rolling
1.42500,1,874.895,152.950,28.575,676.5,Rolling
1.43000,0,1225.797,182.878,28.575,940.5,Rolling
1.43000,1,877.548,150.854,28.575,676.0,Rolling
1.43500,0,1230.478,183.315,28.575,940.0,Rolling
1.43500,1,880.199,148.759,28.575,675.5,Rolling
1.44000,0,1235.156,183.752,28.575,939.5,Rolling
1.44000,1,882.849,146.666,28.575,675.0,Rolling
1.44500,0,1239.832,184.189,28.575,939.0,Rolling
1.44500,1,885.496,144.575,28.575,674.6,Rolling
1.45000,0,1239.114,183.769,28.962,729.0,Airborne
1.45000,1,888.142,142.485,28.575,674.1,Rolling
1.45500,0,1235.609,182.907,29.345,723.9,Airborne
1.45500,1,890.785,140.396,28.575,673.6,Rolling
1.46000,0,1232.103,182.044,29.484,722.0,Airborne
1.46000,1,893.427,138.309,28.575,673.1,Rolling
1.46500,0,1228.598,181.182,29.377,723.4,Airborne
1.46500,1,896.067,136.223,28.575,672.6,Rolling
1.47000,0,1225.092,180.320,29.025,728.2,Airborne
1.47000,1,898.705,134.139,28.575,672.1,Rolling
1.47500,0,1221.587,179.458,28.655,725.3,Airborne
1.47500,1,901.340,132.057,28.575,671.6,Rolling
1.48000,0,1218.081,178.596,28.881,722.3,Airborne
1.48000,1,903.974,129.976,28.575,671.1,Rolling
1.48500,0,1214.576,177.734,28.861,722.5,Airborne
1.48500,1,906.607,127.897,28.575,670.6,Rolling
1.49000,0,1211.070,176.871,28.597,726.1,Airborne
1.49000,1,909.237,125.819,28.575,670.1,Rolling
1.49500,0,1207.565,176.009,28.693,722.0,Airborne
1.49500,1,911.865,123.742,28.575,669.7,Rolling
1.50000,0,1204.059,175.147,28.579,723.5,Airborne
1.50000,1,914.491,121.667,28.575,669.2,Rolling
1.50500,0,1200.554,174.285,28.598,722.2,Airborne
1.50500,1,917.116,119.594,28.575,668.7,Rolling
1.51000,0,1197.049,173.423,28.579,722.0,Airborne
1.51000,1,919.738,117.522,28.575,668.2,Rolling
1.51500,0,1193.543,172.561,28.575,721.6,Sliding
1.51500,1,922.359,115.452,28.575,667.7,Rolling
1.52000,0,1190.064,171.704,28.575,711.8,Sliding
1.52000,1,924.977,113.383,28.575,667.2,Rolling
1.52500,0,1186.632,170.856,28.575,702.0,Sliding
1.52500,1,927.594,111.316,28.575,666.7,Rolling
1.53000,0,1183.249,170.018,28.575,692.2,Sliding
1.53000,1,930.209,109.250,28.575,666.2,Rolling
1.53500,0,1179.914,169.190,28.575,682.4,Sliding
1.53500,1,932.822,107.186,28.575,665.7,Rolling
1.54000,0,1176.627,168.372,28.575,672.6,Sliding
1.54000,1,935.432,105.123,28.575,665.2,Rolling
1.54500,0,1173.388,167.563,28.575,662.8,Sliding
1.54500,1,938.041,103.062,28.575,664.7,Rolling
1.55000,0,1170.197,166.763,28.575,653.0,Sliding
1.55000,1,940.649,101.002,28.575,664.3,Rolling
1.55500,0,1167.054,165.973,28.575,643.2,Sliding
1.55500,1,943.254,98.944,28.575,663.8,Rolling
1.56000,0,1163.960,165.193,28.575,633.4,Sliding
1.56000,1,945.857,96.887,28.575,663.3,Rolling
1.56500,0,1160.913,164.422,28.575,623.6,Sliding
1.56500,1,948.458,94.832,28.575,662.8,Rolling
1.57000,0,1157.915,163.661,28.575,613.8,Sliding
1.57000,1,951.058,92.779,28.575,662.3,Rolling
1.57500,0,1154.964,162.910,28.575,604.0,Sliding
1.57500,1,953.655,90.727,28.575,661.8,Rolling
1.58000,0,1152.062,162.168,28.575,594.2,Sliding
1.58000,1,956.251,88.676,28.575,661.3,Rolling
1.58500,0,1149.207,161.436,28.575,584.4,Sliding
1.58500,1,958.844,86.627,28.575,660.8,Rolling
1.59000,0,1146.401,160.713,28.575,574.7,Sliding
1.59000,1,961.436,84.579,28.575,660.3,Rolling
1.59500,0,1143.643,160.000,28.575,564.9,Sliding
1.59500,1,964.026,82.533,28.575,659.8,Rolling
1.60000,0,1140.933,159.296,28.575,555.1,Sliding
1.60000,1,966.613,80.489,28.575,659.4,Rolling
1.60500,0,1138.271,158.603,28.575,545.3,Sliding
1.60500,1,969.199,78.446,28.575,658.9,Rolling
1.61000,0,1135.657,157.918,28.575,535.5,Sliding
1.61000,1,971.783,76.405,28.575,658.4,Rolling
1.61500,0,1133.092,157.243,28.575,525.7,Sliding
1.61500,1,974.365,74.365,28.575,657.9,Rolling
1.62000,0,1130.574,156.578,28.575,515.9,Sliding
1.62000,1,976.946,72.326,28.575,657.4,Rolling
1.62500,0,1128.104,155.923,28.575,506.1,Sliding
1.62500,1,979.524,70.289,28.575,656.9,Rolling
1.63000,0,1125.683,155.277,28.575,496.3,Sliding
1.63000,1,982.100,68.254,28.575,656.4,Rolling
1.63500,0,1123.309,154.640,28.575,486.6,Sliding
1.63500,1,984.674,66.220,28.575,655.9,Rolling
1.64000,0,1120.984,154.014,28.575,476.8,Sliding
1.64000,1,987.247,64.188,28.575,655.4,Rolling
1.64500,0,1118.707,153.396,28.575,467.0,Sliding
1.64500,1,989.817,62.157,28.575,654.9,Rolling
1.65000,0,1116.478,152.789,28.575,457.2,Sliding
1.65000,1,992.386,60.128,28.575,654.5,Rolling
1.65500,0,1114.297,152.191,28.575,447.4,Sliding
1.65500,1,994.953,58.100,28.575,654.0,Rolling
1.66000,0,1112.164,151.602,28.575,437.6,Sliding
1.66000,1,997.517,56.074,28.575,653.5,Rolling
1.66500,0,1110.079,151.023,28.575,427.9,Sliding
1.66500,1,1000.080,54.049,28.575,653.0,Rolling
1.67000,0,1108.042,150.454,28.575,418.1,Sliding
1.67000,1,1002.641,52.026,28.575,652.5,Rolling
1.67500,0,1106.053,149.895,28.575,408.3,Sliding
1.67500,1,1005.200,50.004,28.575,652.0,Rolling
1.68000,0,1104.113,149.344,28.575,398.5,Sliding
1.68000,1,1007.757,47.984,28.575,651.5,Rolling
1.68500,0,1102.220,148.804,28.575,388.8,Sliding
1.68500,1,1010.312,45.965,28.575,651.0,Rolling
1.69000,0,1100.376,148.273,28.575,379.0,Sliding
1.69000,1,1012.866,43.948,28.575,650.5,Rolling
1.69500,0,1098.579,147.752,28.575,369.2,Sliding
1.69500,1,1015.417,41.933,28.575,650.0,Rolling
1.70000,0,1096.831,147.240,28.575,359.4,Sliding
1.70000,1,1017.966,39.919,28.575,649.5,Rolling
1.70500,0,1095.131,146.738,28.575,349.7,Sliding
1.70500,1,1020.514,37.906,28.575,649.1,Rolling
1.71000,0,1093.476,146.245,28.575,343.3,Rolling
1.71000,1,1023.059,35.895,28.575,648.6,Rolling
1.71500,0,1091.832,145.754,28.575,342.8,Rolling
1.71500,1,1025.603,33.885,28.575,648.1,Rolling
1.72000,0,1090.191,145.264,28.575,342.3,Rolling
1.72000,1,1028.144,31.877,28.575,647.6,Rolling
1.72500,0,1088.552,144.775,28.575,341.8,Rolling
1.72500,1,1030.684,29.871,28.575,647.1,Rolling
1.73000,0,1086.916,144.287,28.575,341.3,Rolling
1.73000,1,1033.222,27.866,28.575,646.6,Rolling
1.73500,0,1085.282,143.799,28.575,340.8,Rolling
1.73500,1,1035.758,25.863,28.575,646.1,Rolling
1.74000,0,1083.650,143.312,28.575,340.3,Rolling
1.74000,1,1038.292,23.861,28.575,645.6,Rolling
1.74500,0,1082.021,142.826,28.575,339.8,Rolling
1.74500,1,1040.824,21.860,28.575,645.1,Rolling
1.75000,0,1080.394,142.340,28.575,339.3,Rolling
1.75000,1,1043.354,19.861,28.575,644.6,Rolling
1.75500,0,1078.770,141.855,28.575,338.8,Rolling
1.75500,1,1045.882,17.864,28.575,644.2,Rolling
1.76000,0,1077.147,141.371,28.575,338.4,Rolling
1.76000,1,1048.409,15.868,28.575,643.7,Rolling
1.76500,0,1075.527,140.887,28.575,337.9,Rolling
1.76500,1,1050.933,13.874,28.575,643.2,Rolling
1.77000,0,1073.910,140.404,28.575,337.4,Rolling
1.77000,1,1053.455,11.881,28.575,642.7,Rolling
1.77500,0,1072.295,139.922,28.575,336.9,Rolling
1.77500,1,1055.976,9.890,28.575,642.2,Rolling
1.78000,0,1070.682,139.441,28.575,336.4,Rolling
1.78000,1,1058.494,7.900,28.575,641.7,Rolling
1.78500,0,1069.071,138.960,28.575,335.9,Rolling
1.78500,1,1061.011,5.912,28.575,641.2,Rolling
1.79000,0,1067.463,138.480,28.575,335.4,Rolling
1.79000,1,1063.526,3.925,28.575,640.7,Rolling
1.79500,0,1065.857,138.000,28.575,334.9,Rolling
1.79500,1,1066.039,1.940,28.575,640.2,Rolling
1.80000,0,1064.254,137.522,28.575,334.4,Rolling
1.80000,1,1068.549,-0.044,28.575,639.7,Rolling
1.80500,0,1062.653,137.044,28.575,333.9,Rolling
1.80500,1,1071.058,-2.026,28.575,639.3,Rolling
1.81000,0,1061.054,136.566,28.575,333.4,Rolling
1.81000,1,1073.565,-4.007,28.575,638.8,Rolling
1.81500,0,1059.458,136.090,28.575,333.0,Rolling
1.81500,1,1076.071,-5.986,28.575,638.3,Rolling
1.82000,0,1057.864,135.614,28.575,332.5,Rolling
1.82000,1,1078.574,-7.964,28.575,637.8,Rolling
1.82500,0,1056.272,135.139,28.575,332.0,Rolling
1.82500,1,1081.075,-9.940,28.575,637.3,Rolling
1.83000,0,1054.682,134.664,28.575,331.5,Rolling
1.83000,1,1083.574,-11.914,28.575,636.8,Rolling
1.83500,0,1053.095,134.191,28.575,331.0,Rolling
1.83500,1,1086.072,-13.887,28.575,636.3,Rolling
1.84000,0,1051.511,133.718,28.575,330.5,Rolling
1.84000,1,1088.567,-15.859,28.575,635.8,Rolling
1.84500,0,1049.928,133.245,28.575,330.0,Rolling
1.84500,1,1091.061,-17.829,28.575,635.3,Rolling
1.85000,0,1048.349,132.774,28.575,329.5,Rolling
1.85000,1,1093.553,-19.797,28.575,634.8,Rolling
1.85500,0,1046.771,132.303,28.575,329.0,Rolling
1.85500,1,1096.042,-21.764,28.575,634.3,Rolling
1.86000,0,1045.196,131.832,28.575,328.5,Rolling
1.86000,1,1098.530,-23.730,28.575,633.9,Rolling
1.86500,0,1043.623,131.363,28.575,328.1,Rolling
1.86500,1,1101.016,-25.694,28.575,633.4,Rolling
1.87000,0,1042.052,130.894,28.575,327.6,Rolling
1.87000,1,1103.500,-27.656,28.575,632.9,Rolling
1.87500,0,1040.484,130.426,28.575,327.1,Rolling
1.87500,1,1105.982,-29.617,28.575,632.4,Rolling
1.88000,0,1038.918,129.958,28.575,326.6,Rolling
1.88000,1,1108.462,-31.576,28.575,631.9,Rolling
1.88500,0,1037.355,129.492,28.575,326.1,Rolling
1.88500,1,1110.940,-33.534,28.575,631.4,Rolling
1.89000,0,1035.793,129.026,28.575,325.6,Rolling
1.89000,1,1113.417,-35.490,28.575,630.9,Rolling
1.89500,0,1034.235,128.560,28.575,325.1,Rolling
1.89500,1,1115.891,-37.445,28.575,630.4,Rolling
1.90000,0,1032.678,128.096,28.575,324.6,Rolling
1.90000,1,1118.363,-39.399,28.575,629.9,Rolling
1.90500,0,1031.124,127.632,28.575,324.1,Rolling
1.90500,1,1120.834,-41.350,28.575,629.4,Rolling
1.91000,0,1029.572,127.169,28.575,323.6,Rolling
1.91000,1,1123.302,-43.301,28.575,629.0,Rolling
1.91500,0,1028.023,126.706,28.575,323.2,Rolling
1.91500,1,1125.769,-45.249,28.575,628.5,Rolling
1.92000,0,1026.476,126.244,28.575,322.7,Rolling
1.92000,1,1128.234,-47.197,28.575,628.0,Rolling
1.92500,0,1024.931,125.783,28.575,322.2,Rolling
1.92500,1,1130.696,-49.142,28.575,627.5,Rolling
1.93000,0,1023.389,125.323,28.575,321.7,Rolling
1.93000,1,1133.157,-51.086,28.575,627.0,Rolling
1.93500,0,1021.849,124.863,28.575,321.2,Rolling
1.93500,1,1135.616,-53.029,28.575,626.5,Rolling
1.94000,0,1020.311,124.404,28.575,320.7,Rolling
1.94000,1,1138.073,-54.970,28.575,626.0,Rolling
1.94500,0,1018.776,123.946,28.575,320.2,Rolling
1.94500,1,1140.528,-56.910,28.575,625.5,Rolling
1.95000,0,1017.243,123.488,28.575,319.7,Rolling
1.95000,1,1142.982,-58.848,28.575,625.0,Rolling
1.95500,0,1015.712,123.031,28.575,319.2,Rolling
1.95500,1,1145.433,-60.784,28.575,624.5,Rolling
1.96000,0,1014.184,122.575,28.575,318.7,Rolling
1.96000,1,1147.882,-62.720,28.575,624.1,Rolling
1.96500,0,1012.658,122.119,28.575,318.2,Rolling
1.96500,1,1150.330,-64.653,28.575,623.6,Rolling
1.97000,0,1011.134,121.664,28.575,317.8,Rolling
1.97000,1,1152.775,-66.585,28.575,623.1,Rolling
1.97500,0,1009.613,121.210,28.575,317.3,Rolling
1.97500,1,1155.219,-68.516,28.575,622.6,Rolling
1.98000,0,1008.094,120.757,28.575,316.8,Rolling
1.98000,1,1157.660,-70.445,28.575,622.1,Rolling
1.98500,0,1006.577,120.304,28.575,316.3,Rolling
1.98500,1,1160.100,-72.372,28.575,621.6,Rolling
1.99000,0,1005.063,119.852,28.575,315.8,Rolling
1.99000,1,1162.538,-74.298,28.575,621.1,Rolling
1.99500,0,1003.551,119.401,28.575,315.3,Rolling
1.99500,1,1164.974,-76.222,28.575,620.6,Rolling
2.00000,0,1002.042,118.950,28.575,314.8,Rolling
2.00000,1,1167.408,-78.145,28.575,620.1,Rolling
2.00500,0,1000.535,118.500,28.575,314.3,Rolling
2.00500,1,1169.840,-80.067,28.575,619.6,Rolling
2.01000,0,999.030,118.051,28.575,313.8,Rolling
2.01000,1,1172.270,-81.986,28.575,619.1,Rolling
2.01500,0,997.528,117.603,28.575,313.3,Rolling
2.01500,1,1174.698,-83.905,28.575,618.7,Rolling
2.02000,0,996.027,117.155,28.575,312.9,Rolling
2.02000,1,1177.124,-85.822,28.575,618.2,Rolling
2.02500,0,994.530,116.708,28.575,312.4,Rolling
2.02500,1,1179.548,-87.737,28.575,617.7,Rolling
2.03000,0,993.034,116.261,28.575,311.9,Rolling
2.03000,1,1181.971,-89.651,28.575,617.2,Rolling
2.03500,0,991.541,115.816,28.575,311.4,Rolling
2.03500,1,1184.391,-91.563,28.575,616.7,Rolling
2.04000,0,990.051,115.371,28.575,310.9,Rolling
2.04000,1,1186.810,-93.474,28.575,616.2,Rolling
2.04500,0,988.562,114.926,28.575,310.4,Rolling
2.04500,1,1189.226,-95.383,28.575,615.7,Rolling
2.05000,0,987.076,114.483,28.575,309.9,Rolling
2.05000,1,1191.641,-97.291,28.575,615.2,Rolling
2.05500,0,985.593,114.040,28.575,309.4,Rolling
2.05500,1,1194.054,-99.197,28.575,614.7,Rolling
2.06000,0,984.111,113.598,28.575,308.9,Rolling
2.06000,1,1196.465,-101.101,28.575,614.2,Rolling
2.06500,0,982.632,113.156,28.575,308.4,Rolling
2.06500,1,1198.874,-103.005,28.575,613.8,Rolling
2.07000,0,981.156,112.715,28.575,308.0,Rolling
2.07000,1,1201.281,-104.906,28.575,613.3,Rolling
2.07500,0,979.682,112.275,28.575,307.5,Rolling
2.07500,1,1203.686,-106.806,28.575,612.8,Rolling
2.08000,0,978.210,111.836,28.575,307.0,Rolling
2.08000,1,1206.089,-108.705,28.575,612.3,Rolling
2.08500,0,976.740,111.397,28.575,306.5,Rolling
2.08500,1,1208.490,-110.602,28.575,611.8,Rolling
2.09000,0,975.273,110.959,28.575,306.0,Rolling
2.09000,1,1210.889,-112.497,28.575,611.3,Rolling
2.09500,0,973.808,110.522,28.575,305.5,Rolling
2.09500,1,1213.287,-114.391,28.575,610.8,Rolling
2.10000,0,972.346,110.085,28.575,305.0,Rolling
2.10000,1,1215.682,-116.284,28.575,610.3,Rolling
2.10500,0,970.885,109.650,28.575,304.5,Rolling
2.10500,1,1218.076,-118.175,28.575,609.8,Rolling
2.11000,0,969.428,109.214,28.575,304.0,Rolling
2.11000,1,1220.467,-120.064,28.575,609.3,Rolling
2.11500,0,967.972,108.780,28.575,303.5,Rolling
2.11500,1,1222.857,-121.952,28.575,608.9,Rolling
2.12000,0,966.519,108.346,28.575,303.0,Rolling
2.12000,1,1225.245,-123.839,28.575,608.4,Rolling
2.12500,0,965.068,107.913,28.575,302.6,Rolling
2.12500,1,1227.631,-125.724,28.575,607.9,Rolling
2.13000,0,963.620,107.481,28.575,302.1,Rolling
2.13000,1,1230.015,-127.607,28.575,607.4,Rolling
2.13500,0,962.174,107.049,28.575,301.6,Rolling
2.13500,1,1232.397,-129.489,28.575,606.9,Rolling
2.14000,0,960.730,106.618,28.575,301.1,Rolling
2.14000,1,1234.777,-131.369,28.575,606.4,Rolling
2.14500,0,959.289,106.188,28.575,300.6,Rolling
2.14500,1,1237.155,-133.248,28.575,605.9,Rolling
2.15000,0,957.850,105.758,28.575,300.1,Rolling
2.15000,1,1239.531,-135.125,28.575,605.4,Rolling
2.15500,0,956.413,105.329,28.575,299.6,Rolling
2.15500,1,1241.065,-136.947,28.639,483.2,Airborne
2.16000,0,954.979,104.901,28.575,299.1,Rolling
2.16000,1,1239.284,-138.554,28.806,479.8,Airborne
2.16500,0,953.547,104.474,28.575,298.6,Rolling
2.16500,1,1237.504,-140.162,28.727,481.4,Airborne
2.17000,0,952.117,104.047,28.575,298.1,Rolling
2.17000,1,1235.724,-141.769,28.640,480.1,Airborne
2.17500,0,950.690,103.621,28.575,297.7,Rolling
2.17500,1,1233.943,-143.377,28.614,480.6,Airborne
2.18000,0,949.265,103.195,28.575,297.2,Rolling
2.18000,1,1232.163,-144.984,28.596,479.9,Airborne
2.18500,0,947.842,102.771,28.575,296.7,Rolling
2.18500,1,1230.383,-146.592,28.579,479.7,Airborne
2.19000,0,946.422,102.347,28.575,296.2,Rolling
2.19000,1,1228.605,-148.199,28.575,477.8,Sliding
2.19500,0,945.004,101.924,28.575,295.7,Rolling
2.19500,1,1226.863,-149.810,28.575,471.2,Sliding
2.20000,0,943.589,101.501,28.575,295.2,Rolling
2.20000,1,1225.170,-151.424,28.575,464.6,Sliding
2.20500,0,942.176,101.079,28.575,294.7,Rolling
2.20500,1,1223.526,-153.043,28.575,458.2,Sliding
2.21000,0,940.765,100.658,28.575,294.2,Rolling
2.21000,1,1221.930,-154.665,28.575,451.9,Sliding
2.21500,0,939.356,100.238,28.575,293.7,Rolling
2.21500,1,1220.384,-156.291,28.575,445.8,Sliding
2.22000,0,937.950,99.818,28.575,293.2,Rolling
2.22000,1,1218.887,-157.922,28.575,439.7,Sliding
2.22500,0,936.546,99.399,28.575,292.8,Rolling
2.22500,1,1217.438,-159.556,28.575,433.9,Sliding
2.23000,0,935.145,98.980,28.575,292.3,Rolling
2.23000,1,1216.038,-161.194,28.575,428.1,Sliding
2.23500,0,933.746,98.563,28.575,291.8,Rolling
2.23500,1,1214.687,-162.837,28.575,422.5,Sliding
2.24000,0,932.349,98.146,28.575,291.3,Rolling
2.24000,1,1213.385,-164.483,28.575,417.1,Sliding
2.24500,0,930.955,97.730,28.575,290.8,Rolling
2.24500,1,1212.132,-166.133,28.575,411.8,Sliding
2.25000,0,929.563,97.314,28.575,290.3,Rolling
2.25000,1,1210.928,-167.787,28.575,406.7,Sliding
2.25500,0,928.173,96.899,28.575,289.8,Rolling
2.25500,1,1209.773,-169.445,28.575,401.7,Sliding
2.26000,0,926.786,96.485,28.575,289.3,Rolling
2.26000,1,1208.666,-171.107,28.575,397.0,Sliding
2.26500,0,925.401,96.072,28.575,288.8,Rolling
2.26500,1,1207.608,-172.773,28.575,392.4,Sliding
2.27000,0,924.018,95.659,28.575,288.3,Rolling
2.27000,1,1206.600,-174.443,28.575,388.0,Sliding
2.27500,0,922.638,95.247,28.575,287.8,Rolling
2.27500,1,1205.640,-176.117,28.575,383.9,Sliding
2.28000,0,921.260,94.835,28.575,287.4,Rolling
2.28000,1,1204.729,-177.795,28.575,379.9,Sliding
2.28500,0,919.884,94.425,28.575,286.9,Rolling
2.28500,1,1203.867,-179.477,28.575,376.1,Sliding
2.29000,0,918.511,94.015,28.575,286.4,Rolling
2.29000,1,1203.031,-181.159,28.575,375.5,Rolling
2.29500,0,917.140,93.606,28.575,285.9,Rolling
2.29500,1,1202.197,-182.840,28.575,375.0,Rolling
2.30000,0,915.772,93.197,28.575,285.4,Rolling
2.30000,1,1201.364,-184.519,28.575,374.5,Rolling
2.30500,0,914.406,92.789,28.575,284.9,Rolling
2.30500,1,1200.533,-186.195,28.575,374.0,Rolling
2.31000,0,913.042,92.382,28.575,284.4,Rolling
2.31000,1,1199.702,-187.869,28.575,373.6,Rolling
2.31500,0,911.680,91.976,28.575,283.9,Rolling
2.31500,1,1198.872,-189.541,28.575,373.1,Rolling
2.32000,0,910.321,91.570,28.575,283.4,Rolling
2.32000,1,1198.043,-191.211,28.575,372.6,Rolling
2.32500,0,908.964,91.165,28.575,282.9,Rolling
2.32500,1,1197.216,-192.879,28.575,372.1,Rolling
2.33000,0,907.610,90.761,28.575,282.5,Rolling
2.33000,1,1196.390,-194.544,28.575,371.6,Rolling
2.33500,0,906.258,90.357,28.575,282.0,Rolling
2.33500,1,1195.564,-196.207,28.575,371.1,Rolling
2.34000,0,904.908,89.954,28.575,281.5,Rolling
2.34000,1,1194.740,-197.868,28.575,370.6,Rolling
2.34500,0,903.561,89.552,28.575,281.0,Rolling
2.34500,1,1193.917,-199.527,28.575,370.1,Rolling
2.35000,0,902.216,89.150,28.575,280.5,Rolling
2.35000,1,1193.095,-201.184,28.575,369.6,Rolling
2.35500,0,900.873,88.750,28.575,280.0,Rolling
2.35500,1,1192.274,-202.838,28.575,369.1,Rolling
2.36000,0,899.533,88.349,28.575,279.5,Rolling
2.36000,1,1191.454,-204.490,28.575,368.6,Rolling
2.36500,0,898.195,87.950,28.575,279.0,Rolling
2.36500,1,1190.635,-206.140,28.575,368.2,Rolling
2.37000,0,896.859,87.551,28.575,278.5,Rolling
2.37000,1,1189.817,-207.788,28.575,367.7,Rolling
2.37500,0,895.526,87.153,28.575,278.0,Rolling
2.37500,1,1189.001,-209.434,28.575,367.2,Rolling
2.38000,0,894.195,86.756,28.575,277.6,Rolling
2.38000,1,1188.185,-211.077,28.575,366.7,Rolling
2.38500,0,892.866,86.359,28.575,277.1,Rolling
2.38500,1,1187.371,-212.718,28.575,366.2,Rolling
2.39000,0,891.540,85.963,28.575,276.6,Rolling
2.39000,1,1186.557,-214.358,28.575,365.7,Rolling
2.39500,0,890.216,85.568,28.575,276.1,Rolling
2.39500,1,1185.745,-215.994,28.575,365.2,Rolling
2.40000,0,888.894,85.174,28.575,275.6,Rolling
2.40000,1,1184.934,-217.629,28.575,364.7,Rolling
2.40500,0,887.575,84.780,28.575,275.1,Rolling
2.40500,1,1184.124,-219.261,28.575,364.2,Rolling
2.41000,0,886.258,84.387,28.575,274.6,Rolling
2.41000,1,1183.315,-220.892,28.575,363.7,Rolling
2.41500,0,884.944,83.994,28.575,274.1,Rolling
2.41500,1,1182.507,-222.520,28.575,363.3,Rolling
2.42000,0,883.632,83.603,28.575,273.6,Rolling
2.42000,1,1181.700,-224.146,28.575,362.8,Rolling
2.42500,0,882.322,83.212,28.575,273.1,Rolling
2.42500,1,1180.894,-225.769,28.575,362.3,Rolling
2.43000,0,881.014,82.821,28.575,272.6,Rolling
2.43000,1,1180.090,-227.391,28.575,361.8,Rolling
2.43500,0,879.709,82.432,28.575,272.2,Rolling
2.43500,1,1179.286,-229.010,28.575,361.3,Rolling
2.44000,0,878.406,82.043,28.575,271.7,Rolling
2.44000,1,1178.484,-230.627,28.575,360.8,Rolling
2.44500,0,877.106,81.655,28.575,271.2,Rolling
2.44500,1,1177.682,-232.242,28.575,360.3,Rolling
2.45000,0,875.808,81.267,28.575,270.7,Rolling
2.45000,1,1176.882,-233.855,28.575,359.8,Rolling
2.45500,0,874.512,80.880,28.575,270.2,Rolling
2.45500,1,1176.083,-235.465,28.575,359.3,Rolling
2.46000,0,873.219,80.494,28.575,269.7,Rolling
2.46000,1,1175.285,-237.073,28.575,358.8,Rolling
2.46500,0,871.928,80.109,28.575,269.2,Rolling
2.46500,1,1174.488,-238.680,28.575,358.4,Rolling
2.47000,0,870.639,79.724,28.575,268.7,Rolling
2.47000,1,1173.692,-240.283,28.575,357.9,Rolling
2.47500,0,869.353,79.340,28.575,268.2,Rolling
2.47500,1,1172.897,-241.885,28.575,357.4,Rolling
2.48000,0,868.069,78.957,28.575,267.7,Rolling
2.48000,1,1172.103,-243.485,28.575,356.9,Rolling
2.48500,0,866.787,78.574,28.575,267.3,Rolling
2.48500,1,1171.311,-245.082,28.575,356.4,Rolling
2.49000,0,865.508,78.193,28.575,266.8,Rolling
2.49000,1,1170.519,-246.677,28.575,355.9,Rolling
2.49500,0,864.231,77.811,28.575,266.3,Rolling
2.49500,1,1169.729,-248.270,28.575,355.4,Rolling
2.50000,0,862.957,77.431,28.575,265.8,Rolling
2.50000,1,1168.939,-249.861,28.575,354.9,Rolling
2.50500,0,861.684,77.051,28.575,265.3,Rolling
2.50500,1,1168.151,-251.449,28.575,354.4,Rolling
2.51000,0,860.415,76.672,28.575,264.8,Rolling
2.51000,1,1167.364,-253.036,28.575,353.9,Rolling
2.51500,0,859.147,76.294,28.575,264.3,Rolling
2.51500,1,1166.578,-254.620,28.575,353.4,Rolling
2.52000,0,857.882,75.916,28.575,263.8,Rolling
2.52000,1,1165.793,-256.202,28.575,353.0,Rolling
2.52500,0,856.619,75.539,28.575,263.3,Rolling
2.52500,1,1165.009,-257.781,28.575,352.5,Rolling
2.53000,0,855.359,75.163,28.575,262.8,Rolling
2.53000,1,1164.226,-259.359,28.575,352.0,Rolling
2.53500,0,854.100,74.787,28.575,262.4,Rolling
2.53500,1,1163.444,-260.934,28.575,351.5,Rolling
2.54000,0,852.845,74.412,28.575,261.9,Rolling
2.54000,1,1162.663,-262.508,28.575,351.0,Rolling
2.54500,0,851.591,74.038,28.575,261.4,Rolling
2.54500,1,1161.884,-264.078,28.575,350.5,Rolling
2.55000,0,850.340,73.665,28.575,260.9,Rolling
2.55000,1,1161.105,-265.647,28.575,350.0,Rolling
2.55500,0,849.091,73.292,28.575,260.4,Rolling
2.55500,1,1160.328,-267.214,28.575,349.5,Rolling
2.56000,0,847.845,72.920,28.575,259.9,Rolling
2.56000,1,1159.552,-268.778,28.575,349.0,Rolling
2.56500,0,846.601,72.548,28.575,259.4,Rolling
2.56500,1,1158.777,-270.340,28.575,348.5,Rolling
2.57000,0,845.359,72.178,28.575,258.9,Rolling
2.57000,1,1158.002,-271.900,28.575,348.1,Rolling
2.57500,0,844.120,71.808,28.575,258.4,Rolling
2.57500,1,1157.229,-273.458,28.575,347.6,Rolling
2.58000,0,842.883,71.439,28.575,257.9,Rolling
2.58000,1,1156.457,-275.014,28.575,347.1,Rolling
2.58500,0,841.648,71.070,28.575,257.4,Rolling
2.58500,1,1155.687,-276.567,28.575,346.6,Rolling
2.59000,0,840.416,70.702,28.575,257.0,Rolling
2.59000,1,1154.917,-278.118,28.575,346.1,Rolling
2.59500,0,839.186,70.335,28.575,256.5,Rolling
2.59500,1,1154.148,-279.667,28.575,345.6,Rolling
2.60000,0,837.959,69.968,28.575,256.0,Rolling
2.60000,1,1153.381,-281.214,28.575,345.1,Rolling
2.60500,0,836.733,69.603,28.575,255.5,Rolling
2.60500,1,1152.614,-282.759,28.575,344.6,Rolling
2.61000,0,835.511,69.238,28.575,255.0,Rolling
2.61000,1,1151.849,-284.301,28.575,344.1,Rolling
2.61500,0,834.290,68.873,28.575,254.5,Rolling
2.61500,1,1151.084,-285.841,28.575,343.6,Rolling
2.62000,0,833.072,68.510,28.575,254.0,Rolling
2.62000,1,1150.321,-287.379,28.575,343.2,Rolling
2.62500,0,831.856,68.147,28.575,253.5,Rolling
2.62500,1,1149.559,-288.915,28.575,342.7,Rolling
2.63000,0,830.642,67.784,28.575,253.0,Rolling
2.63000,1,1148.798,-290.449,28.575,342.2,Rolling
2.63500,0,829.431,67.423,28.575,252.5,Rolling
2.63500,1,1148.038,-291.980,28.575,341.7,Rolling
2.64000,0,828.223,67.062,28.575,252.1,Rolling
2.64000,1,1147.279,-293.509,28.575,341.2,Rolling
2.64500,0,827.016,66.702,28.575,251.6,Rolling
2.64500,1,1146.521,-295.036,28.575,340.7,Rolling
2.65000,0,825.812,66.343,28.575,251.1,Rolling
2.65000,1,1145.765,-296.561,28.575,340.2,Rolling
2.65500,0,824.610,65.984,28.575,250.6,Rolling
2.65500,1,1145.009,-298.084,28.575,339.7,Rolling
2.66000,0,823.411,65.626,28.575,250.1,Rolling
2.66000,1,1144.255,-299.604,28.575,339.2,Rolling
2.66500,0,822.214,65.268,28.575,249.6,Rolling
2.66500,1,1143.501,-301.123,28.575,338.7,Rolling
2.67000,0,821.019,64.912,28.575,249.1,Rolling
2.67000,1,1142.749,-302.639,28.575,338.2,Rolling
2.67500,0,819.827,64.556,28.575,248.6,Rolling
2.67500,1,1141.998,-304.153,28.575,337.8,Rolling
2.68000,0,818.637,64.201,28.575,248.1,Rolling
2.68000,1,1141.247,-305.664,28.575,337.3,Rolling
2.68500,0,817.449,63.846,28.575,247.6,Rolling
2.68500,1,1140.498,-307.174,28.575,336.8,Rolling
2.69000,0,816.264,63.492,28.575,247.2,Rolling
2.69000,1,1139.750,-308.681,28.575,336.3,Rolling
2.69500,0,815.081,63.139,28.575,246.7,Rolling
2.69500,1,1139.004,-310.186,28.575,335.8,Rolling
2.70000,0,813.900,62.787,28.575,246.2,Rolling
2.70000,1,1138.258,-311.689,28.575,335.3,Rolling
2.70500,0,812.722,62.435,28.575,245.7,Rolling
2.70500,1,1137.513,-313.190,28.575,334.8,Rolling
2.71000,0,811.546,62.084,28.575,245.2,Rolling
2.71000,1,1136.769,-314.688,28.575,334.3,Rolling
2.71500,0,810.373,61.734,28.575,244.7,Rolling
2.71500,1,1136.027,-316.184,28.575,333.8,Rolling
2.72000,0,809.201,61.384,28.575,244.2,Rolling
2.72000,1,1135.286,-317.679,28.575,333.3,Rolling
2.72500,0,808.033,61.035,28.575,243.7,Rolling
2.72500,1,1134.545,-319.170,28.575,332.9,Rolling
2.73000,0,806.866,60.687,28.575,243.2,Rolling
2.73000,1,1133.806,-320.660,28.575,332.4,Rolling
2.73500,0,805.702,60.339,28.575,242.7,Rolling
2.73500,1,1133.068,-322.148,28.575,331.9,Rolling
2.74000,0,804.540,59.992,28.575,242.2,Rolling
2.74000,1,1132.331,-323.633,28.575,331.4,Rolling
2.74500,0,803.381,59.646,28.575,241.8,Rolling
2.74500,1,1131.595,-325.116,28.575,330.9,Rolling
2.75000,0,802.224,59.301,28.575,241.3,Rolling
2.75000,1,1130.860,-326.597,28.575,330.4,Rolling
2.75500,0,801.069,58.956,28.575,240.8,Rolling
2.75500,1,1130.126,-328.076,28.575,329.9,Rolling
2.76000,0,799.916,58.612,28.575,240.3,Rolling
2.76000,1,1129.393,-329.552,28.575,329.4,Rolling
2.76500,0,798.766,58.269,28.575,239.8,Rolling
2.76500,1,1128.662,-331.027,28.575,328.9,Rolling
2.77000,0,797.619,57.926,28.575,239.3,Rolling
2.77000,1,1127.931,-332.499,28.575,328.4,Rolling
2.77500,0,796.473,57.584,28.575,238.8,Rolling
2.77500,1,1127.202,-333.969,28.575,327.9,Rolling
2.78000,0,795.330,57.243,28.575,238.3,Rolling
2.78000,1,1126.473,-335.436,28.575,327.5,Rolling
2.78500,0,794.190,56.903,28.575,237.8,Rolling
2.78500,1,1125.746,-336.902,28.575,327.0,Rolling
2.79000,0,793.051,56.563,28.575,237.3,Rolling
2.79000,1,1125.020,-338.365,28.575,326.5,Rolling
2.79500,0,791.915,56.224,28.575,236.9,Rolling
2.79500,1,1124.295,-339.826,28.575,326.0,Rolling
2.80000,0,790.782,55.885,28.575,236.4,Rolling
2.80000,1,1123.571,-341.285,28.575,325.5,Rolling
2.80500,0,789.650,55.548,28.575,235.9,Rolling
2.80500,1,1122.848,-342.742,28.575,325.0,Rolling
2.81000,0,788.522,55.211,28.575,235.4,Rolling
2.81000,1,1122.126,-344.197,28.575,324.5,Rolling
2.81500,0,787.395,54.874,28.575,234.9,Rolling
2.81500,1,1121.405,-345.649,28.575,324.0,Rolling
2.82000,0,786.271,54.539,28.575,234.4,Rolling
2.82000,1,1120.686,-347.099,28.575,323.5,Rolling
2.82500,0,785.149,54.204,28.575,233.9,Rolling
2.82500,1,1119.967,-348.547,28.575,323.0,Rolling
2.83000,0,784.029,53.870,28.575,233.4,Rolling
2.83000,1,1119.250,-349.993,28.575,322.6,Rolling
2.83500,0,782.912,53.536,28.575,232.9,Rolling
2.83500,1,1118.533,-351.437,28.575,322.1,Rolling
2.84000,0,781.797,53.203,28.575,232.4,Rolling
2.84000,1,1117.818,-352.878,28.575,321.6,Rolling
2.84500,0,780.685,52.871,28.575,232.0,Rolling
2.84500,1,1117.104,-354.317,28.575,321.1,Rolling
2.85000,0,779.575,52.540,28.575,231.5,Rolling
2.85000,1,1116.391,-355.754,28.575,320.6,Rolling
2.85500,0,778.467,52.209,28.575,231.0,Rolling
2.85500,1,1115.679,-357.189,28.575,320.1,Rolling
2.86000,0,777.362,51.879,28.575,230.5,Rolling
2.86000,1,1114.968,-358.622,28.575,319.6,Rolling
2.86500,0,776.259,51.550,28.575,230.0,Rolling
2.86500,1,1114.258,-360.052,28.575,319.1,Rolling
2.87000,0,775.158,51.221,28.575,229.5,Rolling
2.87000,1,1113.549,-361.480,28.575,318.6,Rolling
2.87500,0,774.059,50.893,28.575,229.0,Rolling
2.87500,1,1112.842,-362.906,28.575,318.1,Rolling
2.88000,0,772.963,50.566,28.575,228.5,Rolling
2.88000,1,1112.135,-364.330,28.575,317.7,Rolling
2.88500,0,771.870,50.240,28.575,228.0,Rolling
2.88500,1,1111.430,-365.752,28.575,317.2,Rolling
2.89000,0,770.778,49.914,28.575,227.5,Rolling
2.89000,1,1110.725,-367.171,28.575,316.7,Rolling
2.89500,0,769.689,49.589,28.575,227.0,Rolling
2.89500,1,1110.022,-368.588,28.575,316.2,Rolling
2.90000,0,768.603,49.265,28.575,226.6,Rolling
2.90000,1,1109.320,-370.003,28.575,315.7,Rolling
2.90500,0,767.519,48.941,28.575,226.1,Rolling
2.90500,1,1108.619,-371.416,28.575,315.2,Rolling
2.91000,0,766.437,48.618,28.575,225.6,Rolling
2.91000,1,1107.919,-372.827,28.575,314.7,Rolling
2.91500,0,765.357,48.296,28.575,225.1,Rolling
2.91500,1,1107.220,-374.235,28.575,314.2,Rolling
2.92000,0,764.280,47.974,28.575,224.6,Rolling
2.92000,1,1106.522,-375.642,28.575,313.7,Rolling
2.92500,0,763.205,47.653,28.575,224.1,Rolling
2.92500,1,1105.825,-377.046,28.575,313.2,Rolling
2.93000,0,762.132,47.333,28.575,223.6,Rolling
2.93000,1,1105.130,-378.447,28.575,312.7,Rolling
2.93500,0,761.062,47.014,28.575,223.1,Rolling
2.93500,1,1104.435,-379.847,28.575,312.3,Rolling
2.94000,0,759.994,46.695,28.575,222.6,Rolling
2.94000,1,1103.742,-381.245,28.575,311.8,Rolling
2.94500,0,758.929,46.377,28.575,222.1,Rolling
2.94500,1,1103.049,-382.640,28.575,311.3,Rolling
2.95000,0,757.866,46.059,28.575,221.7,Rolling
2.95000,1,1102.358,-384.033,28.575,310.8,Rolling
2.95500,0,756.805,45.743,28.575,221.2,Rolling
2.95500,1,1101.668,-385.424,28.575,310.3,Rolling
2.96000,0,755.746,45.427,28.575,220.7,Rolling
2.96000,1,1100.979,-386.812,28.575,309.8,Rolling
2.96500,0,754.690,45.111,28.575,220.2,Rolling
2.96500,1,1100.291,-388.199,28.575,309.3,Rolling
2.97000,0,753.637,44.797,28.575,219.7,Rolling
2.97000,1,1099.604,-389.583,28.575,308.8,Rolling
2.97500,0,752.585,44.483,28.575,219.2,Rolling
2.97500,1,1098.918,-390.965,28.575,308.3,Rolling
2.98000,0,751.536,44.170,28.575,218.7,Rolling
2.98000,1,1098.233,-392.345,28.575,307.8,Rolling
2.98500,0,750.490,43.857,28.575,218.2,Rolling
2.98500,1,1097.549,-393.723,28.575,307.4,Rolling
2.99000,0,749.445,43.546,28.575,217.7,Rolling
2.99000,1,1096.867,-395.098,28.575,306.9,Rolling
2.99500,0,748.403,43.235,28.575,217.2,Rolling
2.99500,1,1096.185,-396.472,28.575,306.4,Rolling
3.00000,0,747.364,42.924,28.575,216.8,Rolling
3.00000,1,1095.505,-397.843,28.575,305.9,Rolling
3.00500,0,746.326,42.615,28.575,216.3,Rolling
3.00500,1,1094.826,-399.212,28.575,305.4,Rolling
3.01000,0,745.291,42.306,28.575,215.8,Rolling
3.01000,1,1094.147,-400.578,28.575,304.9,Rolling
3.01500,0,744.259,41.997,28.575,215.3,Rolling
3.01500,1,1093.470,-401.943,28.575,304.4,Rolling
3.02000,0,743.228,41.690,28.575,214.8,Rolling
3.02000,1,1092.794,-403.305,28.575,303.9,Rolling
3.02500,0,742.201,41.383,28.575,214.3,Rolling
3.02500,1,1092.119,-404.665,28.575,303.4,Rolling
3.03000,0,741.175,41.077,28.575,213.8,Rolling
3.03000,1,1091.445,-406.023,28.575,302.9,Rolling
3.03500,0,740.152,40.771,28.575,213.3,Rolling
3.03500,1,1090.773,-407.379,28.575,302.5,Rolling
3.04000,0,739.131,40.467,28.575,212.8,Rolling
3.04000,1,1090.101,-408.733,28.575,302.0,Rolling
3.04500,0,738.112,40.163,28.575,212.3,Rolling
3.04500,1,1089.430,-410.084,28.575,301.5,Rolling
3.05000,0,737.096,39.859,28.575,211.8,Rolling
3.05000,1,1088.761,-411.433,28.575,301.0,Rolling
3.05500,0,736.083,39.557,28.575,211.4,Rolling
3.05500,1,1088.092,-412.780,28.575,300.5,Rolling
3.06000,0,735.071,39.255,28.575,210.9,Rolling
3.06000,1,1087.425,-414.125,28.575,300.0,Rolling
3.06500,0,734.062,38.953,28.575,210.4,Rolling
3.06500,1,1086.759,-415.467,28.575,299.5,Rolling
3.07000,0,733.055,38.653,28.575,209.9,Rolling
3.07000,1,1086.094,-416.808,28.575,299.0,Rolling
3.07500,0,732.051,38.353,28.575,209.4,Rolling
3.07500,1,1085.430,-418.146,28.575,298.5,Rolling
3.08000,0,731.049,38.054,28.575,208.9,Rolling
3.08000,1,1084.767,-419.482,28.575,298.0,Rolling
3.08500,0,730.049,37.756,28.575,208.4,Rolling
3.08500,1,1084.105,-420.816,28.575,297.5,Rolling
3.09000,0,729.052,37.458,28.575,207.9,Rolling
3.09000,1,1083.444,-422.147,28.575,297.1,Rolling
3.09500,0,728.057,37.161,28.575,207.4,Rolling
3.09500,1,1082.784,-423.477,28.575,296.6,Rolling
3.10000,0,727.064,36.864,28.575,206.9,Rolling
3.10000,1,1082.126,-424.804,28.575,296.1,Rolling
3.10500,0,726.074,36.569,28.575,206.5,Rolling
3.10500,1,1081.468,-426.129,28.575,295.6,Rolling
3.11000,0,725.086,36.274,28.575,206.0,Rolling
3.11000,1,1080.812,-427.452,28.575,295.1,Rolling
3.11500,0,724.100,35.980,28.575,205.5,Rolling
3.11500,1,1080.157,-428.772,28.575,294.6,Rolling
3.12000,0,723.117,35.686,28.575,205.0,Rolling
3.12000,1,1079.502,-430.091,28.575,294.1,Rolling
3.12500,0,722.136,35.393,28.575,204.5,Rolling
3.12500,1,1078.849,-431.407,28.575,293.6,Rolling
3.13000,0,721.157,35.101,28.575,204.0,Rolling
3.13000,1,1078.197,-432.721,28.575,293.1,Rolling
3.13500,0,720.181,34.810,28.575,203.5,Rolling
3.13500,1,1077.546,-434.033,28.575,292.6,Rolling
3.14000,0,719.207,34.519,28.575,203.0,Rolling
3.14000,1,1076.896,-435.342,28.575,292.2,Rolling
3.14500,0,718.236,34.229,28.575,202.5,Rolling
3.14500,1,1076.247,-436.650,28.575,291.7,Rolling
3.15000,0,717.267,33.940,28.575,202.0,Rolling
3.15000,1,1075.600,-437.955,28.575,291.2,Rolling
3.15500,0,716.300,33.651,28.575,201.6,Rolling
3.15500,1,1074.953,-439.258,28.575,290.7,Rolling
3.16000,0,715.335,33.363,28.575,201.1,Rolling
3.16000,1,1074.308,-440.559,28.575,290.2,Rolling
3.16500,0,714.373,33.076,28.575,200.6,Rolling
3.16500,1,1073.663,-441.858,28.575,289.7,Rolling
3.17000,0,713.413,32.790,28.575,200.1,Rolling
3.17000,1,1073.020,-443.154,28.575,289.2,Rolling
3.17500,0,712.456,32.504,28.575,199.6,Rolling
3.17500,1,1072.378,-444.448,28.575,288.7,Rolling
3.18000,0,711.501,32.219,28.575,199.1,Rolling
3.18000,1,1071.736,-445.740,28.575,288.2,Rolling
3.18500,0,710.548,31.934,28.575,198.6,Rolling
3.18500,1,1071.096,-447.030,28.575,287.7,Rolling
3.19000,0,709.598,31.651,28.575,198.1,Rolling
3.19000,1,1070.457,-448.318,28.575,287.3,Rolling
3.19500,0,708.650,31.368,28.575,197.6,Rolling
3.19500,1,1069.819,-449.603,28.575,286.8,Rolling
3.20000,0,707.704,31.085,28.575,197.1,Rolling
3.20000,1,1069.183,-450.886,28.575,286.3,Rolling
3.20500,0,706.761,30.804,28.575,196.6,Rolling
3.20500,1,1068.547,-452.168,28.575,285.8,Rolling
3.21000,0,705.820,30.523,28.575,196.2,Rolling
3.21000,1,1067.912,-453.446,28.575,285.3,Rolling
3.21500,0,704.881,30.243,28.575,195.7,Rolling
3.21500,1,1067.279,-454.723,28.575,284.8,Rolling
3.22000,0,703.945,29.963,28.575,195.2,Rolling
3.22000,1,1066.646,-455.998,28.575,284.3,Rolling
3.22500,0,703.011,29.684,28.575,194.7,Rolling
3.22500,1,1066.015,-457.270,28.575,283.8,Rolling
3.23000,0,702.079,29.406,28.575,194.2,Rolling
3.23000,1,1065.385,-458.540,28.575,283.3,Rolling
3.23500,0,701.150,29.129,28.575,193.7,Rolling
3.23500,1,1064.755,-459.808,28.575,282.8,Rolling
3.24000,0,700.223,28.852,28.575,193.2,Rolling
3.24000,1,1064.127,-461.074,28.575,282.3,Rolling
3.24500,0,699.299,28.576,28.575,192.7,Rolling
3.24500,1,1063.500,-462.337,28.575,281.9,Rolling
3.25000,0,698.377,28.301,28.575,192.2,Rolling
3.25000,1,1062.874,-463.598,28.575,281.4,Rolling
3.25500,0,697.457,28.026,28.575,191.7,Rolling
3.25500,1,1062.250,-464.857,28.575,280.9,Rolling
3.26000,0,696.539,27.752,28.575,191.3,Rolling
3.26000,1,1061.626,-466.114,28.575,280.4,Rolling
3.26500,0,695.624,27.479,28.575,190.8,Rolling
3.26500,1,1061.003,-467.369,28.575,279.9,Rolling
3.27000,0,694.711,27.207,28.575,190.3,Rolling
3.27000,1,1060.382,-468.622,28.575,279.4,Rolling
3.27500,0,693.801,26.935,28.575,189.8,Rolling
3.27500,1,1059.761,-469.872,28.575,278.9,Rolling
3.28000,0,692.893,26.664,28.575,189.3,Rolling
3.28000,1,1059.142,-471.120,28.575,278.4,Rolling
3.28500,0,691.987,26.393,28.575,188.8,Rolling
3.28500,1,1058.524,-472.366,28.575,277.9,Rolling
3.29000,0,691.084,26.124,28.575,188.3,Rolling
3.29000,1,1057.906,-473.610,28.575,277.4,Rolling
3.29500,0,690.183,25.855,28.575,187.8,Rolling
3.29500,1,1057.290,-474.851,28.575,277.0,Rolling
3.30000,0,689.284,25.586,28.575,187.3,Rolling
3.30000,1,1056.675,-476.091,28.575,276.5,Rolling
3.30500,0,688.388,25.319,28.575,186.8,Rolling
3.30500,1,1056.061,-477.328,28.575,276.0,Rolling
3.31000,0,687.494,25.052,28.575,186.3,Rolling
3.31000,1,1055.449,-478.563,28.575,275.5,Rolling
3.31500,0,686.602,24.786,28.575,185.9,Rolling
3.31500,1,1054.837,-479.796,28.575,275.0,Rolling
3.32000,0,685.713,24.520,28.575,185.4,Rolling
3.32000,1,1054.226,-481.026,28.575,274.5,Rolling
3.32500,0,684.826,24.256,28.575,184.9,Rolling
3.32500,1,1053.617,-482.254,28.575,274.0,Rolling
3.33000,0,683.941,23.992,28.575,184.4,Rolling
3.33000,1,1053.008,-483.481,28.575,273.5,Rolling
3.33500,0,683.059,23.728,28.575,183.9,Rolling
3.33500,1,1052.401,-484.705,28.575,273.0,Rolling
3.34000,0,682.179,23.465,28.575,183.4,Rolling
3.34000,1,1051.794,-485.926,28.575,272.5,Rolling
3.34500,0,681.301,23.204,28.575,182.9,Rolling
3.34500,1,1051.189,-487.146,28.575,272.1,Rolling
3.35000,0,680.426,22.942,28.575,182.4,Rolling
3.35000,1,1050.585,-488.363,28.575,271.6,Rolling
3.35500,0,679.553,22.682,28.575,181.9,Rolling
3.35500,1,1049.982,-489.578,28.575,271.1,Rolling
3.36000,0,678.683,22.422,28.575,181.4,Rolling
3.36000,1,1049.380,-490.791,28.575,270.6,Rolling
3.36500,0,677.815,22.163,28.575,181.0,Rolling
3.36500,1,1048.779,-492.002,28.575,270.1,Rolling
3.37000,0,676.949,21.904,28.575,180.5,Rolling
3.37000,1,1048.180,-493.211,28.575,269.6,Rolling
3.37500,0,676.086,21.646,28.575,180.0,Rolling
3.37500,1,1047.581,-494.417,28.575,269.1,Rolling
3.38000,0,675.224,21.389,28.575,179.5,Rolling
3.38000,1,1046.983,-495.621,28.575,268.6,Rolling
3.38500,0,674.366,21.133,28.575,179.0,Rolling
3.38500,1,1046.387,-496.824,28.575,268.1,Rolling
3.39000,0,673.509,20.877,28.575,178.5,Rolling
3.39000,1,1045.792,-498.023,28.575,267.6,Rolling
3.39500,0,672.655,20.622,28.575,178.0,Rolling
3.39500,1,1045.197,-499.221,28.575,267.1,Rolling
3.40000,0,671.803,20.368,28.575,177.5,Rolling
3.40000,1,1044.604,-500.416,28.575,266.7,Rolling
3.40500,0,670.954,20.115,28.575,177.0,Rolling
3.40500,1,1044.012,-501.610,28.575,266.2,Rolling
3.41000,0,670.107,19.862,28.575,176.5,Rolling
3.41000,1,1043.421,-502.801,28.575,265.7,Rolling
3.41500,0,669.262,19.610,28.575,176.1,Rolling
3.41500,1,1042.831,-503.989,28.575,265.2,Rolling
3.42000,0,668.420,19.358,28.575,175.6,Rolling
3.42000,1,1042.242,-505.176,28.575,264.7,Rolling
3.42500,0,667.580,19.107,28.575,175.1,Rolling
3.42500,1,1041.654,-506.361,28.575,264.2,Rolling
3.43000,0,666.743,18.857,28.575,174.6,Rolling
3.43000,1,1041.068,-507.543,28.575,263.7,Rolling
3.43500,0,665.907,18.608,28.575,174.1,Rolling
3.43500,1,1040.482,-508.723,28.575,263.2,Rolling
3.44000,0,665.074,18.359,28.575,173.6,Rolling
3.44000,1,1039.898,-509.901,28.575,262.7,Rolling
3.44500,0,664.244,18.112,28.575,173.1,Rolling
3.44500,1,1039.314,-511.076,28.575,262.2,Rolling
3.45000,0,663.416,17.864,28.575,172.6,Rolling
3.45000,1,1038.732,-512.250,28.575,261.8,Rolling
3.45500,0,662.590,17.618,28.575,172.1,Rolling
3.45500,1,1038.151,-513.421,28.575,261.3,Rolling
3.46000,0,661.766,17.372,28.575,171.6,Rolling
3.46000,1,1037.570,-514.590,28.575,260.8,Rolling
3.46500,0,660.945,17.127,28.575,171.1,Rolling
3.46500,1,1036.991,-515.757,28.575,260.3,Rolling
3.47000,0,660.126,16.882,28.575,170.7,Rolling
3.47000,1,1036.413,-516.922,28.575,259.8,Rolling
3.47500,0,659.310,16.639,28.575,170.2,Rolling
3.47500,1,1035.837,-518.084,28.575,259.3,Rolling
3.48000,0,658.496,16.396,28.575,169.7,Rolling
3.48000,1,1035.261,-519.244,28.575,258.8,Rolling
3.48500,0,657.684,16.153,28.575,169.2,Rolling
3.48500,1,1034.686,-520.403,28.575,258.3,Rolling
3.49000,0,656.874,15.912,28.575,168.7,Rolling
3.49000,1,1034.113,-521.558,28.575,257.8,Rolling
3.49500,0,656.067,15.671,28.575,168.2,Rolling
3.49500,1,1033.540,-522.712,28.575,257.3,Rolling
3.50000,0,655.263,15.430,28.575,167.7,Rolling
3.50000,1,1032.969,-523.864,28.575,256.9,Rolling
3.50500,0,654.460,15.191,28.575,167.2,Rolling
3.50500,1,1032.398,-525.013,28.575,256.4,Rolling
3.51000,0,653.660,14.952,28.575,166.7,Rolling
3.51000,1,1031.829,-526.160,28.575,255.9,Rolling
3.51500,0,652.863,14.714,28.575,166.2,Rolling
3.51500,1,1031.261,-527.305,28.575,255.4,Rolling
3.52000,0,652.067,14.477,28.575,165.8,Rolling
3.52000,1,1030.694,-528.448,28.575,254.9,Rolling
3.52500,0,651.274,14.240,28.575,165.3,Rolling
3.52500,1,1030.128,-529.588,28.575,254.4,Rolling
3.53000,0,650.484,14.004,28.575,164.8,Rolling
3.53000,1,1029.563,-530.726,28.575,253.9,Rolling
3.53500,0,649.695,13.769,28.575,164.3,Rolling
3.53500,1,1028.999,-531.863,28.575,253.4,Rolling
3.54000,0,648.909,13.534,28.575,163.8,Rolling
3.54000,1,1028.436,-532.997,28.575,252.9,Rolling
3.54500,0,648.126,13.300,28.575,163.3,Rolling
3.54500,1,1027.875,-534.128,28.575,252.4,Rolling
3.55000,0,647.345,13.067,28.575,162.8,Rolling
3.55000,1,1027.314,-535.258,28.575,251.9,Rolling
3.55500,0,646.566,12.834,28.575,162.3,Rolling
3.55500,1,1026.755,-536.385,28.575,251.5,Rolling
3.56000,0,645.789,12.603,28.575,161.8,Rolling
3.56000,1,1026.197,-537.510,28.575,251.0,Rolling
3.56500,0,645.015,12.371,28.575,161.3,Rolling
3.56500,1,1025.639,-538.633,28.575,250.5,Rolling
3.57000,0,644.243,12.141,28.575,160.9,Rolling
3.57000,1,1025.083,-539.754,28.575,250.0,Rolling
3.57500,0,643.474,11.911,28.575,160.4,Rolling
3.57500,1,1024.528,-540.873,28.575,249.5,Rolling
3.58000,0,642.707,11.682,28.575,159.9,Rolling
3.58000,1,1023.974,-541.989,28.575,249.0,Rolling
3.58500,0,641.942,11.454,28.575,159.4,Rolling
3.58500,1,1023.421,-543.103,28.575,248.5,Rolling
3.59000,0,641.179,11.226,28.575,158.9,Rolling
3.59000,1,1022.869,-544.215,28.575,248.0,Rolling
3.59500,0,640.419,10.999,28.575,158.4,Rolling
3.59500,1,1022.319,-545.325,28.575,247.5,Rolling
3.60000,0,639.662,10.773,28.575,157.9,Rolling
3.60000,1,1021.769,-546.432,28.575,247.0,Rolling
3.60500,0,638.906,10.548,28.575,157.4,Rolling
3.60500,1,1021.221,-547.538,28.575,246.6,Rolling
3.61000,0,638.153,10.323,28.575,156.9,Rolling
3.61000,1,1020.673,-548.641,28.575,246.1,Rolling
3.61500,0,637.402,10.099,28.575,156.4,Rolling
3.61500,1,1020.127,-549.742,28.575,245.6,Rolling
3.62000,0,636.654,9.876,28.575,155.9,Rolling
3.62000,1,1019.581,-550.841,28.575,245.1,Rolling
3.62500,0,635.908,9.653,28.575,155.5,Rolling
3.62500,1,1019.037,-551.937,28.575,244.6,Rolling
3.63000,0,635.164,9.431,28.575,155.0,Rolling
3.63000,1,1018.494,-553.032,28.575,244.1,Rolling
3.63500,0,634.423,9.210,28.575,154.5,Rolling
3.63500,1,1017.952,-554.124,28.575,243.6,Rolling
3.64000,0,633.684,8.989,28.575,154.0,Rolling
3.64000,1,1017.411,-555.214,28.575,243.1,Rolling
3.64500,0,632.948,8.769,28.575,153.5,Rolling
3.64500,1,1016.872,-556.302,28.575,242.6,Rolling
3.65000,0,632.213,8.550,28.575,153.0,Rolling
3.65000,1,1016.333,-557.387,28.575,242.1,Rolling
3.65500,0,631.482,8.331,28.575,152.5,Rolling
3.65500,1,1015.795,-558.471,28.575,241.7,Rolling
3.66000,0,630.752,8.114,28.575,152.0,Rolling
3.66000,1,1015.259,-559.552,28.575,241.2,Rolling
3.66500,0,630.025,7.897,28.575,151.5,Rolling
3.66500,1,1014.723,-560.631,28.575,240.7,Rolling
3.67000,0,629.300,7.680,28.575,151.0,Rolling
3.67000,1,1014.189,-561.708,28.575,240.2,Rolling
3.67500,0,628.577,7.464,28.575,150.6,Rolling
3.67500,1,1013.656,-562.783,28.575,239.7,Rolling
3.68000,0,627.857,7.249,28.575,150.1,Rolling
3.68000,1,1013.123,-563.855,28.575,239.2,Rolling
3.68500,0,627.139,7.035,28.575,149.6,Rolling
3.68500,1,1012.592,-564.925,28.575,238.7,Rolling
3.69000,0,626.424,6.822,28.575,149.1,Rolling
3.69000,1,1012.062,-565.993,28.575,238.2,Rolling
3.69500,0,625.711,6.609,28.575,148.6,Rolling
3.69500,1,1011.533,-567.059,28.575,237.7,Rolling
3.70000,0,625.000,6.397,28.575,148.1,Rolling
3.70000,1,1011.005,-568.123,28.575,237.2,Rolling
3.70500,0,624.292,6.185,28.575,147.6,Rolling
3.70500,1,1010.479,-569.184,28.575,236.7,Rolling
3.71000,0,623.586,5.974,28.575,147.1,Rolling
3.71000,1,1009.953,-570.243,28.575,236.3,Rolling
3.71500,0,622.882,5.764,28.575,146.6,Rolling
3.71500,1,1009.429,-571.301,28.575,235.8,Rolling
3.72000,0,622.181,5.555,28.575,146.1,Rolling
3.72000,1,1008.905,-572.355,28.575,235.3,Rolling
3.72500,0,621.482,5.346,28.575,145.7,Rolling
3.72500,1,1008.383,-573.408,28.575,234.8,Rolling
3.73000,0,620.785,5.138,28.575,145.2,Rolling
3.73000,1,1007.861,-574.459,28.575,234.3,Rolling
3.73500,0,620.091,4.931,28.575,144.7,Rolling
3.73500,1,1007.341,-575.507,28.575,233.8,Rolling
3.74000,0,619.399,4.724,28.575,144.2,Rolling
3.74000,1,1006.822,-576.553,28.575,233.3,Rolling
3.74500,0,618.709,4.519,28.575,143.7,Rolling
3.74500,1,1006.304,-577.597,28.575,232.8,Rolling
3.75000,0,618.022,4.313,28.575,143.2,Rolling
3.75000,1,1005.787,-578.639,28.575,232.3,Rolling
3.75500,0,617.337,4.109,28.575,142.7,Rolling
3.75500,1,1005.271,-579.678,28.575,231.8,Rolling
3.76000,0,616.654,3.905,28.575,142.2,Rolling
3.76000,1,1004.757,-580.715,28.575,231.4,Rolling
3.76500,0,615.974,3.702,28.575,141.7,Rolling
3.76500,1,1004.243,-581.750,28.575,230.9,Rolling
3.77000,0,615.296,3.500,28.575,141.2,Rolling
3.77000,1,1003.730,-582.783,28.575,230.4,Rolling
3.77500,0,614.621,3.298,28.575,140.7,Rolling
3.77500,1,1003.219,-583.814,28.575,229.9,Rolling
3.78000,0,613.948,3.097,28.575,140.3,Rolling
3.78000,1,1002.708,-584.843,28.575,229.4,Rolling
3.78500,0,613.277,2.897,28.575,139.8,Rolling
3.78500,1,1002.199,-585.869,28.575,228.9,Rolling
3.79000,0,612.608,2.697,28.575,139.3,Rolling
3.79000,1,1001.691,-586.893,28.575,228.4,Rolling
3.79500,0,611.942,2.499,28.575,138.8,Rolling
3.79500,1,1001.184,-587.915,28.575,227.9,Rolling
3.80000,0,611.278,2.300,28.575,138.3,Rolling
3.80000,1,1000.678,-588.935,28.575,227.4,Rolling
3.80500,0,610.617,2.103,28.575,137.8,Rolling
3.80500,1,1000.173,-589.952,28.575,226.9,Rolling
3.81000,0,609.958,1.906,28.575,137.3,Rolling
3.81000,1,999.669,-590.968,28.575,226.5,Rolling
3.81500,0,609.301,1.710,28.575,136.8,Rolling
3.81500,1,999.166,-591.981,28.575,226.0,Rolling
3.82000,0,608.647,1.515,28.575,136.3,Rolling
3.82000,1,998.665,-592.992,28.575,225.5,Rolling
3.82500,0,607.995,1.320,28.575,135.8,Rolling
3.82500,1,998.164,-594.000,28.575,225.0,Rolling
3.83000,0,607.345,1.126,28.575,135.4,Rolling
3.83000,1,997.665,-595.007,28.575,224.5,Rolling
3.83500,0,606.698,0.933,28.575,134.9,Rolling
3.83500,1,997.166,-596.011,28.575,224.0,Rolling
3.84000,0,606.053,0.740,28.575,134.4,Rolling
3.84000,1,996.669,-597.013,28.575,223.5,Rolling
3.84500,0,605.410,0.549,28.575,133.9,Rolling
3.84500,1,996.173,-598.013,28.575,223.0,Rolling
3.85000,0,604.770,0.358,28.575,133.4,Rolling
3.85000,1,995.677,-599.011,28.575,222.5,Rolling
3.85500,0,604.132,0.167,28.575,132.9,Rolling
3.85500,1,995.183,-600.007,28.575,222.0,Rolling
3.86000,0,603.496,-0.023,28.575,132.4,Rolling
3.86000,1,994.690,-601.000,28.575,221.5,Rolling
3.86500,0,602.863,-0.212,28.575,131.9,Rolling
3.86500,1,994.199,-601.991,28.575,221.1,Rolling
3.87000,0,602.232,-0.400,28.575,131.4,Rolling
3.87000,1,993.708,-602.980,28.575,220.6,Rolling
3.87500,0,601.604,-0.588,28.575,130.9,Rolling
3.87500,1,993.218,-603.967,28.575,220.1,Rolling
3.88000,0,600.978,-0.775,28.575,130.5,Rolling
3.88000,1,992.730,-604.952,28.575,219.6,Rolling
3.88500,0,600.354,-0.961,28.575,130.0,Rolling
3.88500,1,992.242,-605.934,28.575,219.1,Rolling
3.89000,0,599.732,-1.146,28.575,129.5,Rolling
3.89000,1,991.790,-606.058,28.614,169.1,Airborne
3.89500,0,599.113,-1.331,28.575,129.0,Rolling
3.89500,1,991.373,-605.323,28.589,169.0,Airborne
3.90000,0,598.496,-1.515,28.575,128.5,Rolling
3.90000,1,990.956,-604.588,28.575,169.1,Airborne
3.90500,0,597.882,-1.699,28.575,128.0,Rolling
3.90500,1,990.539,-603.863,28.575,163.7,Sliding
3.91000,0,597.270,-1.881,28.575,127.5,Rolling
3.91000,1,990.119,-603.183,28.575,155.7,Sliding
3.91500,0,596.660,-2.063,28.575,127.0,Rolling
3.91500,1,989.697,-602.553,28.575,147.8,Sliding
3.92000,0,596.053,-2.245,28.575,126.5,Rolling
3.92000,1,989.272,-601.972,28.575,140.2,Sliding
3.92500,0,595.448,-2.425,28.575,126.0,Rolling
3.92500,1,988.845,-601.440,28.575,132.9,Sliding
3.93000,0,594.845,-2.605,28.575,125.5,Rolling
3.93000,1,988.415,-600.956,28.575,125.9,Sliding
3.93500,0,594.245,-2.784,28.575,125.1,Rolling
3.93500,1,987.983,-600.522,28.575,119.3,Sliding
3.94000,0,593.647,-2.963,28.575,124.6,Rolling
3.94000,1,987.548,-600.137,28.575,113.2,Sliding
3.94500,0,593.051,-3.141,28.575,124.1,Rolling
3.94500,1,987.112,-599.790,28.575,111.0,Rolling
3.95000,0,592.458,-3.318,28.575,123.6,Rolling
3.95000,1,986.677,-599.446,28.575,110.5,Rolling
3.95500,0,591.867,-3.494,28.575,123.1,Rolling
3.95500,1,986.245,-599.105,28.575,110.0,Rolling
3.96000,0,591.278,-3.670,28.575,122.6,Rolling
3.96000,1,985.814,-598.764,28.575,109.5,Rolling
3.96500,0,590.692,-3.845,28.575,122.1,Rolling
3.96500,1,985.385,-598.426,28.575,109.0,Rolling
3.97000,0,590.108,-4.019,28.575,121.6,Rolling
3.97000,1,984.959,-598.088,28.575,108.5,Rolling
3.97500,0,589.527,-4.193,28.575,121.1,Rolling
3.97500,1,984.534,-597.753,28.575,108.1,Rolling
3.98000,0,588.947,-4.366,28.575,120.6,Rolling
3.98000,1,984.111,-597.419,28.575,107.6,Rolling
3.98500,0,588.371,-4.538,28.575,120.2,Rolling
3.98500,1,983.690,-597.086,28.575,107.1,Rolling
3.99000,0,587.796,-4.710,28.575,119.7,Rolling
3.99000,1,983.271,-596.755,28.575,106.6,Rolling
3.99500,0,587.224,-4.880,28.575,119.2,Rolling
3.99500,1,982.853,-596.425,28.575,106.1,Rolling
4.00000,0,586.654,-5.050,28.575,118.7,Rolling
4.00000,1,982.438,-596.097,28.575,105.6,Rolling
4.00500,0,586.087,-5.220,28.575,118.2,Rolling
4.00500,1,982.025,-595.771,28.575,105.1,Rolling
4.01000,0,585.522,-5.388,28.575,117.7,Rolling
4.01000,1,981.613,-595.446,28.575,104.6,Rolling
4.01500,0,584.959,-5.556,28.575,117.2,Rolling
4.01500,1,981.204,-595.122,28.575,104.1,Rolling
4.02000,0,584.398,-5.724,28.575,116.7,Rolling
4.02000,1,980.796,-594.800,28.575,103.6,Rolling
4.02500,0,583.840,-5.890,28.575,116.2,Rolling
4.02500,1,980.391,-594.480,28.575,103.2,Rolling
4.03000,0,583.285,-6.056,28.575,115.7,Rolling
4.03000,1,979.987,-594.161,28.575,102.7,Rolling
4.03500,0,582.731,-6.221,28.575,115.3,Rolling
4.03500,1,979.585,-593.843,28.575,102.2,Rolling
4.04000,0,582.180,-6.386,28.575,114.8,Rolling
4.04000,1,979.185,-593.527,28.575,101.7,Rolling
4.04500,0,581.632,-6.550,28.575,114.3,Rolling
4.04500,1,978.787,-593.213,28.575,101.2,Rolling
4.05000,0,581.085,-6.713,28.575,113.8,Rolling
4.05000,1,978.391,-592.900,28.575,100.7,Rolling
4.05500,0,580.541,-6.875,28.575,113.3,Rolling
4.05500,1,977.997,-592.589,28.575,100.2,Rolling
4.06000,0,580.000,-7.037,28.575,112.8,Rolling
4.06000,1,977.605,-592.279,28.575,99.7,Rolling
4.06500,0,579.460,-7.198,28.575,112.3,Rolling
4.06500,1,977.215,-591.970,28.575,99.2,Rolling
4.07000,0,578.924,-7.358,28.575,111.8,Rolling
4.07000,1,976.826,-591.664,28.575,98.7,Rolling
4.07500,0,578.389,-7.518,28.575,111.3,Rolling
4.07500,1,976.440,-591.358,28.575,98.2,Rolling
4.08000,0,577.857,-7.677,28.575,110.8,Rolling
4.08000,1,976.055,-591.055,28.575,97.8,Rolling
4.08500,0,577.327,-7.835,28.575,110.3,Rolling
4.08500,1,975.673,-590.752,28.575,97.3,Rolling
4.09000,0,576.799,-7.992,28.575,109.9,Rolling
4.09000,1,975.292,-590.452,28.575,96.8,Rolling
4.09500,0,576.274,-8.149,28.575,109.4,Rolling
4.09500,1,974.913,-590.152,28.575,96.3,Rolling
4.10000,0,575.751,-8.305,28.575,108.9,Rolling
4.10000,1,974.537,-589.855,28.575,95.8,Rolling
4.10500,0,575.231,-8.460,28.575,108.4,Rolling
4.10500,1,974.162,-589.558,28.575,95.3,Rolling
4.11000,0,574.713,-8.615,28.575,107.9,Rolling
4.11000,1,973.789,-589.264,28.575,94.8,Rolling
4.11500,0,574.197,-8.769,28.575,107.4,Rolling
4.11500,1,973.418,-588.971,28.575,94.3,Rolling
4.12000,0,573.684,-8.922,28.575,106.9,Rolling
4.12000,1,973.049,-588.679,28.575,93.8,Rolling
4.12500,0,573.173,-9.075,28.575,106.4,Rolling
4.12500,1,972.681,-588.389,28.575,93.3,Rolling
4.13000,0,572.664,-9.227,28.575,105.9,Rolling
4.13000,1,972.316,-588.100,28.575,92.9,Rolling
4.13500,0,572.157,-9.378,28.575,105.4,Rolling
4.13500,1,971.953,-587.813,28.575,92.4,Rolling
4.14000,0,571.653,-9.528,28.575,105.0,Rolling
4.14000,1,971.591,-587.528,28.575,91.9,Rolling
4.14500,0,571.152,-9.678,28.575,104.5,Rolling
4.14500,1,971.232,-587.244,28.575,91.4,Rolling
4.15000,0,570.652,-9.827,28.575,104.0,Rolling
4.15000,1,970.874,-586.961,28.575,90.9,Rolling
4.15500,0,570.155,-9.976,28.575,103.5,Rolling
4.15500,1,970.519,-586.680,28.575,90.4,Rolling
4.16000,0,569.661,-10.123,28.575,103.0,Rolling
4.16000,1,970.165,-586.401,28.575,89.9,Rolling
4.16500,0,569.169,-10.270,28.575,102.5,Rolling
4.16500,1,969.813,-586.123,28.575,89.4,Rolling
4.17000,0,568.679,-10.416,28.575,102.0,Rolling
4.17000,1,969.463,-585.847,28.575,88.9,Rolling
4.17500,0,568.191,-10.562,28.575,101.5,Rolling
4.17500,1,969.115,-585.572,28.575,88.4,Rolling
4.18000,0,567.706,-10.707,28.575,101.0,Rolling
4.18000,1,968.769,-585.298,28.575,88.0,Rolling
4.18500,0,567.223,-10.851,28.575,100.5,Rolling
4.18500,1,968.425,-585.027,28.575,87.5,Rolling
4.19000,0,566.742,-10.994,28.575,100.1,Rolling
4.19000,1,968.083,-584.756,28.575,87.0,Rolling
4.19500,0,566.264,-11.137,28.575,99.6,Rolling
4.19500,1,967.743,-584.487,28.575,86.5,Rolling
4.20000,0,565.788,-11.279,28.575,99.1,Rolling
4.20000,1,967.405,-584.220,28.575,86.0,Rolling
4.20500,0,565.315,-11.421,28.575,98.6,Rolling
4.20500,1,967.068,-583.954,28.575,85.5,Rolling
4.21000,0,564.844,-11.561,28.575,98.1,Rolling
4.21000,1,966.734,-583.690,28.575,85.0,Rolling
4.21500,0,564.375,-11.701,28.575,97.6,Rolling
4.21500,1,966.401,-583.427,28.575,84.5,Rolling
4.22000,0,563.909,-11.840,28.575,97.1,Rolling
4.22000,1,966.071,-583.166,28.575,84.0,Rolling
4.22500,0,563.445,-11.979,28.575,96.6,Rolling
4.22500,1,965.742,-582.906,28.575,83.5,Rolling
4.23000,0,562.983,-12.117,28.575,96.1,Rolling
4.23000,1,965.415,-582.648,28.575,83.0,Rolling
4.23500,0,562.523,-12.254,28.575,95.6,Rolling
4.23500,1,965.090,-582.392,28.575,82.6,Rolling
4.24000,0,562.066,-12.390,28.575,95.1,Rolling
4.24000,1,964.767,-582.137,28.575,82.1,Rolling
4.24500,0,561.612,-12.526,28.575,94.7,Rolling
4.24500,1,964.446,-581.883,28.575,81.6,Rolling
4.25000,0,561.159,-12.661,28.575,94.2,Rolling
4.25000,1,964.127,-581.631,28.575,81.1,Rolling
4.25500,0,560.709,-12.795,28.575,93.7,Rolling
4.25500,1,963.810,-581.380,28.575,80.6,Rolling
4.26000,0,560.262,-12.929,28.575,93.2,Rolling
4.26000,1,963.495,-581.131,28.575,80.1,Rolling
4.26500,0,559.816,-13.062,28.575,92.7,Rolling
4.26500,1,963.181,-580.884,28.575,79.6,Rolling
4.27000,0,559.373,-13.194,28.575,92.2,Rolling
4.27000,1,962.870,-580.638,28.575,79.1,Rolling
4.27500,0,558.933,-13.326,28.575,91.7,Rolling
4.27500,1,962.561,-580.393,28.575,78.6,Rolling
4.28000,0,558.495,-13.457,28.575,91.2,Rolling
4.28000,1,962.253,-580.150,28.575,78.1,Rolling
4.28500,0,558.059,-13.587,28.575,90.7,Rolling
4.28500,1,961.947,-579.909,28.575,77.7,Rolling
4.29000,0,557.625,-13.716,28.575,90.2,Rolling
4.29000,1,961.644,-579.669,28.575,77.2,Rolling
4.29500,0,557.194,-13.845,28.575,89.8,Rolling
4.29500,1,961.342,-579.430,28.575,76.7,Rolling
4.30000,0,556.765,-13.973,28.575,89.3,Rolling
4.30000,1,961.042,-579.193,28.575,76.2,Rolling
4.30500,0,556.339,-14.100,28.575,88.8,Rolling
4.30500,1,960.744,-578.958,28.575,75.7,Rolling
4.31000,0,555.915,-14.227,28.575,88.3,Rolling
4.31000,1,960.448,-578.724,28.575,75.2,Rolling
4.31500,0,555.493,-14.353,28.575,87.8,Rolling
4.31500,1,960.154,-578.492,28.575,74.7,Rolling
4.32000,0,555.073,-14.478,28.575,87.3,Rolling
4.32000,1,959.862,-578.261,28.575,74.2,Rolling
4.32500,0,554.656,-14.602,28.575,86.8,Rolling
4.32500,1,959.572,-578.032,28.575,73.7,Rolling
4.33000,0,554.241,-14.726,28.575,86.3,Rolling
4.33000,1,959.283,-577.804,28.575,73.2,Rolling
4.33500,0,553.829,-14.849,28.575,85.8,Rolling
4.33500,1,958.997,-577.578,28.575,72.7,Rolling
4.34000,0,553.419,-14.972,28.575,85.3,Rolling
4.34000,1,958.712,-577.353,28.575,72.3,Rolling
4.34500,0,553.011,-15.093,28.575,84.9,Rolling
4.34500,1,958.430,-577.130,28.575,71.8,Rolling
4.35000,0,552.606,-15.214,28.575,84.4,Rolling
4.35000,1,958.149,-576.908,28.575,71.3,Rolling
4.35500,0,552.203,-15.335,28.575,83.9,Rolling
4.35500,1,957.871,-576.688,28.575,70.8,Rolling
4.36000,0,551.802,-15.454,28.575,83.4,Rolling
4.36000,1,957.594,-576.469,28.575,70.3,Rolling
4.36500,0,551.404,-15.573,28.575,82.9,Rolling
4.36500,1,957.319,-576.252,28.575,69.8,Rolling
4.37000,0,551.008,-15.691,28.575,82.4,Rolling
4.37000,1,957.046,-576.037,28.575,69.3,Rolling
4.37500,0,550.614,-15.809,28.575,81.9,Rolling
4.37500,1,956.775,-575.822,28.575,68.8,Rolling
4.38000,0,550.223,-15.926,28.575,81.4,Rolling
4.38000,1,956.506,-575.610,28.575,68.3,Rolling
4.38500,0,549.834,-16.042,28.575,80.9,Rolling
4.38500,1,956.239,-575.399,28.575,67.8,Rolling
4.39000,0,549.448,-16.157,28.575,80.4,Rolling
4.39000,1,955.974,-575.189,28.575,67.4,Rolling
4.39500,0,549.063,-16.272,28.575,79.9,Rolling
4.39500,1,955.710,-574.981,28.575,66.9,Rolling
4.40000,0,548.682,-16.386,28.575,79.5,Rolling
4.40000,1,955.449,-574.775,28.575,66.4,Rolling
4.40500,0,548.302,-16.499,28.575,79.0,Rolling
4.40500,1,955.190,-574.570,28.575,65.9,Rolling
4.41000,0,547.925,-16.612,28.575,78.5,Rolling
4.41000,1,954.932,-574.366,28.575,65.4,Rolling
4.41500,0,547.550,-16.724,28.575,78.0,Rolling
4.41500,1,954.676,-574.164,28.575,64.9,Rolling
4.42000,0,547.178,-16.835,28.575,77.5,Rolling
4.42000,1,954.423,-573.964,28.575,64.4,Rolling
4.42500,0,546.807,-16.945,28.575,77.0,Rolling
4.42500,1,954.171,-573.765,28.575,63.9,Rolling
4.43000,0,546.440,-17.055,28.575,76.5,Rolling
4.43000,1,953.921,-573.568,28.575,63.4,Rolling
4.43500,0,546.074,-17.164,28.575,76.0,Rolling
4.43500,1,953.673,-573.372,28.575,62.9,Rolling
4.44000,0,545.711,-17.273,28.575,75.5,Rolling
4.44000,1,953.427,-573.178,28.575,62.5,Rolling
4.44500,0,545.351,-17.380,28.575,75.0,Rolling
4.44500,1,953.183,-572.985,28.575,62.0,Rolling
4.45000,0,544.992,-17.487,28.575,74.6,Rolling
4.45000,1,952.941,-572.793,28.575,61.5,Rolling
4.45500,0,544.636,-17.594,28.575,74.1,Rolling
4.45500,1,952.701,-572.604,28.575,61.0,Rolling
4.46000,0,544.282,-17.699,28.575,73.6,Rolling
4.46000,1,952.463,-572.415,28.575,60.5,Rolling
4.46500,0,543.931,-17.804,28.575,73.1,Rolling
4.46500,1,952.226,-572.229,28.575,60.0,Rolling
4.47000,0,543.582,-17.908,28.575,72.6,Rolling
4.47000,1,951.992,-572.043,28.575,59.5,Rolling
4.47500,0,543.236,-18.012,28.575,72.1,Rolling
4.47500,1,951.759,-571.860,28.575,59.0,Rolling
4.48000,0,542.891,-18.114,28.575,71.6,Rolling
4.48000,1,951.529,-571.678,28.575,58.5,Rolling
4.48500,0,542.549,-18.216,28.575,71.1,Rolling
4.48500,1,951.300,-571.497,28.575,58.0,Rolling
4.49000,0,542.210,-18.318,28.575,70.6,Rolling
4.49000,1,951.073,-571.318,28.575,57.5,Rolling
4.49500,0,541.873,-18.418,28.575,70.1,Rolling
4.49500,1,950.848,-571.140,28.575,57.1,Rolling
4.50000,0,541.538,-18.518,28.575,69.7,Rolling
4.50000,1,950.625,-570.964,28.575,56.6,Rolling
4.50500,0,541.205,-18.618,28.575,69.2,Rolling
4.50500,1,950.404,-570.789,28.575,56.1,Rolling
4.51000,0,540.875,-18.716,28.575,68.7,Rolling
4.51000,1,950.185,-570.616,28.575,55.6,Rolling
4.51500,0,540.547,-18.814,28.575,68.2,Rolling
4.51500,1,949.968,-570.445,28.575,55.1,Rolling
4.52000,0,540.222,-18.911,28.575,67.7,Rolling
4.52000,1,949.753,-570.275,28.575,54.6,Rolling
4.52500,0,539.899,-19.008,28.575,67.2,Rolling
4.52500,1,949.540,-570.106,28.575,54.1,Rolling
4.53000,0,539.578,-19.104,28.575,66.7,Rolling
4.53000,1,949.328,-569.939,28.575,53.6,Rolling
4.53500,0,539.259,-19.199,28.575,66.2,Rolling
4.53500,1,949.119,-569.774,28.575,53.1,Rolling
4.54000,0,538.943,-19.293,28.575,65.7,Rolling
4.54000,1,948.912,-569.610,28.575,52.6,Rolling
4.54500,0,538.629,-19.387,28.575,65.2,Rolling
4.54500,1,948.706,-569.448,28.575,52.2,Rolling
4.55000,0,538.318,-19.480,28.575,64.7,Rolling
4.55000,1,948.502,-569.287,28.575,51.7,Rolling
4.55500,0,538.009,-19.572,28.575,64.3,Rolling
4.55500,1,948.301,-569.127,28.575,51.2,Rolling
4.56000,0,537.702,-19.663,28.575,63.8,Rolling
4.56000,1,948.101,-568.969,28.575,50.7,Rolling
4.56500,0,537.398,-19.754,28.575,63.3,Rolling
4.56500,1,947.903,-568.813,28.575,50.2,Rolling
4.57000,0,537.096,-19.844,28.575,62.8,Rolling
4.57000,1,947.707,-568.658,28.575,49.7,Rolling
4.57500,0,536.796,-19.934,28.575,62.3,Rolling
4.57500,1,947.513,-568.505,28.575,49.2,Rolling
4.58000,0,536.499,-20.023,28.575,61.8,Rolling
4.58000,1,947.321,-568.353,28.575,48.7,Rolling
4.58500,0,536.204,-20.111,28.575,61.3,Rolling
4.58500,1,947.130,-568.203,28.575,48.2,Rolling
4.59000,0,535.912,-20.198,28.575,60.8,Rolling
4.59000,1,946.942,-568.054,28.575,47.7,Rolling
4.59500,0,535.621,-20.285,28.575,60.3,Rolling
4.59500,1,946.756,-567.907,28.575,47.3,Rolling
4.60000,0,535.333,-20.371,28.575,59.8,Rolling
4.60000,1,946.571,-567.761,28.575,46.8,Rolling
4.60500,0,535.048,-20.456,28.575,59.4,Rolling
4.60500,1,946.389,-567.617,28.575,46.3,Rolling
4.61000,0,534.765,-20.540,28.575,58.9,Rolling
4.61000,1,946.208,-567.474,28.575,45.8,Rolling
4.61500,0,534.484,-20.624,28.575,58.4,Rolling
4.61500,1,946.030,-567.333,28.575,45.3,Rolling
4.62000,0,534.205,-20.707,28.575,57.9,Rolling
4.62000,1,945.853,-567.194,28.575,44.8,Rolling
4.62500,0,533.929,-20.790,28.575,57.4,Rolling
4.62500,1,945.678,-567.055,28.575,44.3,Rolling
4.63000,0,533.655,-20.871,28.575,56.9,Rolling
4.63000,1,945.505,-566.919,28.575,43.8,Rolling
4.63500,0,533.384,-20.952,28.575,56.4,Rolling
4.63500,1,945.334,-566.784,28.575,43.3,Rolling
4.64000,0,533.115,-21.033,28.575,55.9,Rolling
4.64000,1,945.165,-566.650,28.575,42.8,Rolling
4.64500,0,532.848,-21.112,28.575,55.4,Rolling
4.64500,1,944.998,-566.518,28.575,42.3,Rolling
4.65000,0,532.584,-21.191,28.575,54.9,Rolling
4.65000,1,944.833,-566.388,28.575,41.9,Rolling
4.65500,0,532.322,-21.270,28.575,54.5,Rolling
4.65500,1,944.670,-566.259,28.575,41.4,Rolling
4.66000,0,532.062,-21.347,28.575,54.0,Rolling
4.66000,1,944.508,-566.131,28.575,40.9,Rolling
4.66500,0,531.805,-21.424,28.575,53.5,Rolling
4.66500,1,944.349,-566.005,28.575,40.4,Rolling
4.67000,0,531.550,-21.500,28.575,53.0,Rolling
4.67000,1,944.191,-565.881,28.575,39.9,Rolling
4.67500,0,531.297,-21.575,28.575,52.5,Rolling
4.67500,1,944.036,-565.758,28.575,39.4,Rolling
4.68000,0,531.047,-21.650,28.575,52.0,Rolling
4.68000,1,943.882,-565.637,28.575,38.9,Rolling
4.68500,0,530.799,-21.724,28.575,51.5,Rolling
4.68500,1,943.731,-565.517,28.575,38.4,Rolling
4.69000,0,530.553,-21.798,28.575,51.0,Rolling
4.69000,1,943.581,-565.398,28.575,37.9,Rolling
4.69500,0,530.310,-21.870,28.575,50.5,Rolling
4.69500,1,943.433,-565.282,28.575,37.4,Rolling
4.70000,0,530.069,-21.942,28.575,50.0,Rolling
4.70000,1,943.287,-565.166,28.575,37.0,Rolling
4.70500,0,529.830,-22.013,28.575,49.5,Rolling
4.70500,1,943.143,-565.053,28.575,36.5,Rolling
4.71000,0,529.594,-22.084,28.575,49.1,Rolling
4.71000,1,943.001,-564.940,28.575,36.0,Rolling
4.71500,0,529.360,-22.154,28.575,48.6,Rolling
4.71500,1,942.861,-564.830,28.575,35.5,Rolling
4.72000,0,529.129,-22.223,28.575,48.1,Rolling
4.72000,1,942.722,-564.720,28.575,35.0,Rolling
4.72500,0,528.900,-22.291,28.575,47.6,Rolling
4.72500,1,942.586,-564.613,28.575,34.5,Rolling
4.73000,0,528.673,-22.359,28.575,47.1,Rolling
4.73000,1,942.452,-564.506,28.575,34.0,Rolling
4.73500,0,528.448,-22.426,28.575,46.6,Rolling
4.73500,1,942.319,-564.402,28.575,33.5,Rolling
4.74000,0,528.226,-22.492,28.575,46.1,Rolling
4.74000,1,942.189,-564.299,28.575,33.0,Rolling
4.74500,0,528.006,-22.558,28.575,45.6,Rolling
4.74500,1,942.060,-564.197,28.575,32.5,Rolling
4.75000,0,527.789,-22.623,28.575,45.1,Rolling
4.75000,1,941.933,-564.097,28.575,32.1,Rolling
4.75500,0,527.574,-22.687,28.575,44.6,Rolling
4.75500,1,941.808,-563.998,28.575,31.6,Rolling
4.76000,0,527.361,-22.750,28.575,44.2,Rolling
4.76000,1,941.686,-563.901,28.575,31.1,Rolling
4.76500,0,527.151,-22.813,28.575,43.7,Rolling
4.76500,1,941.565,-563.806,28.575,30.6,Rolling
4.77000,0,526.943,-22.875,28.575,43.2,Rolling
4.77000,1,941.446,-563.712,28.575,30.1,Rolling
4.77500,0,526.737,-22.937,28.575,42.7,Rolling
4.77500,1,941.328,-563.619,28.575,29.6,Rolling
4.78000,0,526.534,-22.997,28.575,42.2,Rolling
4.78000,1,941.213,-563.528,28.575,29.1,Rolling
4.78500,0,526.333,-23.057,28.575,41.7,Rolling
4.78500,1,941.100,-563.439,28.575,28.6,Rolling
4.79000,0,526.134,-23.117,28.575,41.2,Rolling
4.79000,1,940.989,-563.351,28.575,28.1,Rolling
4.79500,0,525.938,-23.175,28.575,40.7,Rolling
4.79500,1,940.879,-563.264,28.575,27.6,Rolling
4.80000,0,525.744,-23.233,28.575,40.2,Rolling
4.80000,1,940.772,-563.179,28.575,27.1,Rolling
4.80500,0,525.553,-23.290,28.575,39.7,Rolling
4.80500,1,940.666,-563.096,28.575,26.7,Rolling
4.81000,0,525.363,-23.347,28.575,39.3,Rolling
4.81000,1,940.563,-563.014,28.575,26.2,Rolling
4.81500,0,525.176,-23.403,28.575,38.8,Rolling
4.81500,1,940.461,-562.934,28.575,25.7,Rolling
4.82000,0,524.992,-23.458,28.575,38.3,Rolling
4.82000,1,940.361,-562.855,28.575,25.2,Rolling
4.82500,0,524.810,-23.512,28.575,37.8,Rolling
4.82500,1,940.263,-562.778,28.575,24.7,Rolling
4.83000,0,524.630,-23.566,28.575,37.3,Rolling
4.83000,1,940.167,-562.702,28.575,24.2,Rolling
4.83500,0,524.452,-23.619,28.575,36.8,Rolling
4.83500,1,940.073,-562.628,28.575,23.7,Rolling
4.84000,0,524.277,-23.671,28.575,36.3,Rolling
4.84000,1,939.981,-562.555,28.575,23.2,Rolling
4.84500,0,524.104,-23.723,28.575,35.8,Rolling
4.84500,1,939.891,-562.484,28.575,22.7,Rolling
4.85000,0,523.934,-23.773,28.575,35.3,Rolling
4.85000,1,939.803,-562.414,28.575,22.2,Rolling
4.85500,0,523.766,-23.824,28.575,34.8,Rolling
4.85500,1,939.717,-562.346,28.575,21.8,Rolling
4.86000,0,523.600,-23.873,28.575,34.3,Rolling
4.86000,1,939.632,-562.279,28.575,21.3,Rolling
4.86500,0,523.437,-23.922,28.575,33.9,Rolling
4.86500,1,939.550,-562.214,28.575,20.8,Rolling
4.87000,0,523.276,-23.970,28.575,33.4,Rolling
4.87000,1,939.469,-562.150,28.575,20.3,Rolling
4.87500,0,523.117,-24.017,28.575,32.9,Rolling
4.87500,1,939.391,-562.088,28.575,19.8,Rolling
4.88000,0,522.961,-24.064,28.575,32.4,Rolling
4.88000,1,939.314,-562.027,28.575,19.3,Rolling
4.88500,0,522.807,-24.110,28.575,31.9,Rolling
4.88500,1,939.239,-561.968,28.575,18.8,Rolling
4.89000,0,522.655,-24.155,28.575,31.4,Rolling
4.89000,1,939.166,-561.911,28.575,18.3,Rolling
4.89500,0,522.506,-24.200,28.575,30.9,Rolling
4.89500,1,939.095,-561.855,28.575,17.8,Rolling
4.90000,0,522.359,-24.244,28.575,30.4,Rolling
4.90000,1,939.026,-561.800,28.575,17.3,Rolling
4.90500,0,522.214,-24.287,28.575,29.9,Rolling
4.90500,1,938.959,-561.747,28.575,16.9,Rolling
4.91000,0,522.072,-24.329,28.575,29.4,Rolling
4.91000,1,938.894,-561.696,28.575,16.4,Rolling
4.91500,0,521.932,-24.371,28.575,29.0,Rolling
4.91500,1,938.831,-561.646,28.575,15.9,Rolling
4.92000,0,521.795,-24.412,28.575,28.5,Rolling
4.92000,1,938.770,-561.597,28.575,15.4,Rolling
4.92500,0,521.659,-24.452,28.575,28.0,Rolling
4.92500,1,938.710,-561.551,28.575,14.9,Rolling
4.93000,0,521.527,-24.492,28.575,27.5,Rolling
4.93000,1,938.653,-561.505,28.575,14.4,Rolling
4.93500,0,521.396,-24.531,28.575,27.0,Rolling
4.93500,1,938.597,-561.461,28.575,13.9,Rolling
4.94000,0,521.268,-24.569,28.575,26.5,Rolling
4.94000,1,938.544,-561.419,28.575,13.4,Rolling
4.94500,0,521.142,-24.607,28.575,26.0,Rolling
4.94500,1,938.492,-561.378,28.575,12.9,Rolling
4.95000,0,521.019,-24.644,28.575,25.5,Rolling
4.95000,1,938.442,-561.339,28.575,12.4,Rolling
4.95500,0,520.898,-24.680,28.575,25.0,Rolling
4.95500,1,938.394,-561.301,28.575,11.9,Rolling
4.96000,0,520.779,-24.715,28.575,24.5,Rolling
4.96000,1,938.348,-561.265,28.575,11.5,Rolling
4.96500,0,520.663,-24.750,28.575,24.0,Rolling
4.96500,1,938.304,-561.230,28.575,11.0,Rolling
4.97000,0,520.548,-24.784,28.575,23.6,Rolling
4.97000,1,938.262,-561.197,28.575,10.5,Rolling
4.97500,0,520.437,-24.817,28.575,23.1,Rolling
4.97500,1,938.222,-561.165,28.575,10.0,Rolling
4.98000,0,520.327,-24.850,28.575,22.6,Rolling
4.98000,1,938.184,-561.135,28.575,9.5,Rolling
4.98500,0,520.220,-24.882,28.575,22.1,Rolling
4.98500,1,938.148,-561.106,28.575,9.0,Rolling
4.99000,0,520.116,-24.913,28.575,21.6,Rolling
4.99000,1,938.113,-561.079,28.575,8.5,Rolling
4.99500,0,520.013,-24.944,28.575,21.1,Rolling
4.99500,1,938.081,-561.053,28.575,8.0,Rolling
5.00000,0,519.913,-24.974,28.575,20.6,Rolling
5.00000,1,938.050,-561.029,28.575,7.5,Rolling
5.00500,0,519.816,-25.003,28.575,20.1,Rolling
5.00500,1,938.022,-561.007,28.575,7.0,Rolling
5.01000,0,519.721,-25.031,28.575,19.6,Rolling
5.01000,1,937.995,-560.986,28.575,6.6,Rolling
5.01500,0,519.628,-25.059,28.575,19.1,Rolling
5.01500,1,937.970,-560.966,28.575,6.1,Rolling
5.02000,0,519.537,-25.086,28.575,18.7,Rolling
5.02000,1,937.947,-560.948,28.575,5.6,Rolling
5.02500,0,519.449,-25.112,28.575,18.2,Rolling
5.02500,1,937.926,-560.931,28.575,5.1,Rolling
5.03000,0,519.363,-25.138,28.575,17.7,Rolling
5.03000,1,937.908,-560.916,28.575,4.6,Rolling
5.03500,0,519.280,-25.163,28.575,17.2,Rolling
5.03500,1,937.890,-560.903,28.575,4.1,Rolling
5.04000,0,519.198,-25.187,28.575,16.7,Rolling
5.04000,1,937.875,-560.891,28.575,3.6,Rolling
5.04500,0,519.120,-25.211,28.575,16.2,Rolling
5.04500,1,937.862,-560.881,28.575,3.1,Rolling
5.05000,0,519.043,-25.233,28.575,15.7,Rolling
5.05000,1,937.851,-560.872,28.575,2.6,Rolling
5.05500,0,518.969,-25.256,28.575,15.2,Rolling
5.05500,1,937.841,-560.864,28.575,2.1,Rolling
5.06000,0,518.897,-25.277,28.575,14.7,Rolling
5.06000,1,937.834,-560.858,28.575,1.7,Rolling
5.06500,0,518.828,-25.298,28.575,14.2,Rolling
5.06500,1,937.828,-560.854,28.575,1.2,Rolling
5.07000,0,518.761,-25.318,28.575,13.8,Rolling
5.07000,1,937.825,-560.851,28.575,0.7,Rolling
5.07500,0,518.696,-25.337,28.575,13.3,Rolling
5.07500,1,937.823,-560.850,28.575,0.2,Rolling
5.08000,0,518.634,-25.356,28.575,12.8,Rolling
5.08000,1,937.823,-560.850,28.575,0.0,Stationary
5.08500,0,518.574,-25.374,28.575,12.3,Rolling
5.08500,1,937.823,-560.850,28.575,0.0,Stationary
5.09000,0,518.516,-25.391,28.575,11.8,Rolling
5.09000,1,937.823,-560.850,28.575,0.0,Stationary
5.09500,0,518.461,-25.407,28.575,11.3,Rolling
5.09500,1,937.823,-560.850,28.575,0.0,Stationary
5.10000,0,518.408,-25.423,28.575,10.8,Rolling
5.10000,1,937.823,-560.850,28.575,0.0,Stationary
5.10500,0,518.357,-25.438,28.575,10.3,Rolling
5.10500,1,937.823,-560.850,28.575,0.0,Stationary
5.11000,0,518.309,-25.453,28.575,9.8,Rolling
5.11000,1,937.823,-560.850,28.575,0.0,Stationary
5.11500,0,518.263,-25.466,28.575,9.3,Rolling
5.11500,1,937.823,-560.850,28.575,0.0,Stationary
5.12000,0,518.219,-25.479,28.575,8.8,Rolling
5.12000,1,937.823,-560.850,28.575,0.0,Stationary
5.12500,0,518.178,-25.492,28.575,8.4,Rolling
5.12500,1,937.823,-560.850,28.575,0.0,Stationary
5.13000,0,518.139,-25.503,28.575,7.9,Rolling
5.13000,1,937.823,-560.850,28.575,0.0,Stationary
5.13500,0,518.103,-25.514,28.575,7.4,Rolling
5.13500,1,937.823,-560.850,28.575,0.0,Stationary
5.14000,0,518.069,-25.524,28.575,6.9,Rolling
5.14000,1,937.823,-560.850,28.575,0.0,Stationary
5.14500,0,518.037,-25.534,28.575,6.4,Rolling
5.14500,1,937.823,-560.850,28.575,0.0,Stationary
5.15000,0,518.007,-25.543,28.575,5.9,Rolling
5.15000,1,937.823,-560.850,28.575,0.0,Stationary
5.15500,0,517.980,-25.551,28.575,5.4,Rolling
5.15500,1,937.823,-560.850,28.575,0.0,Stationary
5.16000,0,517.955,-25.558,28.575,4.9,Rolling
5.16000,1,937.823,-560.850,28.575,0.0,Stationary
5.16500,0,517.933,-25.565,28.575,4.4,Rolling
5.16500,1,937.823,-560.850,28.575,0.0,Stationary
5.17000,0,517.913,-25.571,28.575,3.9,Rolling
5.17000,1,937.823,-560.850,28.575,0.0,Stationary
5.17500,0,517.895,-25.576,28.575,3.5,Rolling
5.17500,1,937.823,-560.850,28.575,0.0,Stationary
5.18000,0,517.880,-25.581,28.575,3.0,Rolling
5.18000,1,937.823,-560.850,28.575,0.0,Stationary
5.18500,0,517.867,-25.585,28.575,2.5,Rolling
5.18500,1,937.823,-560.850,28.575,0.0,Stationary
5.19000,0,517.856,-25.588,28.575,2.0,Rolling
5.19000,1,937.823,-560.850,28.575,0.0,Stationary
5.19500,0,517.848,-25.590,28.575,1.5,Rolling
5.19500,1,937.823,-560.850,28.575,0.0,Stationary
5.20000,0,517.842,-25.592,28.575,1.0,Rolling
5.20000,1,937.823,-560.850,28.575,0.0,Stationary
5.20500,0,517.838,-25.593,28.575,0.5,Rolling
5.20500,1,937.823,-560.850,28.575,0.0,Stationary
5.21000,0,517.837,-25.594,28.575,0.0,Rolling
5.21000,1,937.823,-560.850,28.575,0.0,Stationary
5.21500,0,517.837,-25.594,28.575,0.0,Spinning
5.21500,1,937.823,-560.850,28.575,0.0,Stationary
5.22000,0,517.837,-25.594,28.575,0.0,Spinning
5.22000,1,937.823,-560.850,28.575,0.0,Stationary
5.22500,0,517.837,-25.594,28.575,0.0,Spinning
5.22500,1,937.823,-560.850,28.575,0.0,Stationary
5.23000,0,517.837,-25.594,28.575,0.0,Spinning
5.23000,1,937.823,-560.850,28.575,0.0,Stationary
5.23500,0,517.837,-25.594,28.575,0.0,Spinning
5.23500,1,937.823,-560.850,28.575,0.0,Stationary
5.24000,0,517.837,-25.594,28.575,0.0,Spinning
5.24000,1,937.823,-560.850,28.575,0.0,Stationary
5.24500,0,517.837,-25.594,28.575,0.0,Spinning
5.24500,1,937.823,-560.850,28.575,0.0,Stationary
5.25000,0,517.837,-25.594,28.575,0.0,Spinning
5.25000,1,937.823,-560.850,28.575,0.0,Stationary
5.25500,0,517.837,-25.594,28.575,0.0,Spinning
5.25500,1,937.823,-560.850,28.575,0.0,Stationary
5.26000,0,517.837,-25.594,28.575,0.0,Spinning
5.26000,1,937.823,-560.850,28.575,0.0,Stationary
5.26500,0,517.837,-25.594,28.575,0.0,Spinning
5.26500,1,937.823,-560.850,28.575,0.0,Stationary
5.27000,0,517.837,-25.594,28.575,0.0,Spinning
5.27000,1,937.823,-560.850,28.575,0.0,Stationary
5.27500,0,517.837,-25.594,28.575,0.0,Spinning
5.27500,1,937.823,-560.850,28.575,0.0,Stationary
5.28000,0,517.837,-25.594,28.575,0.0,Spinning
5.28000,1,937.823,-560.850,28.575,0.0,Stationary
5.28500,0,517.837,-25.594,28.575,0.0,Spinning
5.28500,1,937.823,-560.850,28.575,0.0,Stationary
5.29000,0,517.837,-25.594,28.575,0.0,Spinning
5.29000,1,937.823,-560.850,28.575,0.0,Stationary
5.29500,0,517.837,-25.594,28.575,0.0,Spinning
5.29500,1,937.823,-560.850,28.575,0.0,Stationary
