t,ball,x_mm,y_mm,z_mm,v_mm_s,mode
0.00000,0,-800.000,0.000,28.575,6200.0,Sliding
0.00000,1,635.000,0.000,28.575,0.0,Stationary
0.00000,2,783.480,-28.575,28.575,0.0,Stationary
0.00000,3,733.987,57.150,28.575,0.0,Stationary
0.00000,4,684.493,-28.575,28.575,0.0,Stationary
0.00000,5,832.973,0.000,28.575,0.0,Stationary
0.00000,6,832.973,57.150,28.575,0.0,Stationary
0.00000,7,832.973,114.300,28.575,0.0,Stationary
0.00000,8,733.987,0.000,28.575,0.0,Stationary
0.00000,9,684.493,28.575,28.575,0.0,Stationary
0.00000,10,832.973,-57.150,28.575,0.0,Stationary
0.00000,11,783.480,-85.725,28.575,0.0,Stationary
0.00000,12,783.480,85.725,28.575,0.0,Stationary
0.00000,13,783.480,28.575,28.575,0.0,Stationary
0.00000,14,832.973,-114.300,28.575,0.0,Stationary
0.00000,15,733.987,-57.150,28.575,0.0,Stationary
0.00500,0,-769.025,0.000,28.575,6190.2,Sliding
0.00500,1,635.000,0.000,28.575,0.0,Stationary
0.00500,2,783.480,-28.575,28.575,0.0,Stationary
0.00500,3,733.987,57.150,28.575,0.0,Stationary
0.00500,4,684.493,-28.575,28.575,0.0,Stationary
0.00500,5,832.973,0.000,28.575,0.0,Stationary
0.00500,6,832.973,57.150,28.575,0.0,Stationary
0.00500,7,832.973,114.300,28.575,0.0,Stationary
0.00500,8,733.987,0.000,28.575,0.0,Stationary
0.00500,9,684.493,28.575,28.575,0.0,Stationary
0.00500,10,832.973,-57.150,28.575,0.0,Stationary
0.00500,11,783.480,-85.725,28.575,0.0,Stationary
0.00500,12,783.480,85.725,28.575,0.0,Stationary
0.00500,13,783.480,28.575,28.575,0.0,Stationary
0.00500,14,832.973,-114.300,28.575,0.0,Stationary
0.00500,15,733.987,-57.150,28.575,0.0,Stationary
0.01000,0,-738.098,0.000,28.575,6180.4,Sliding
0.01000,1,635.000,0.000,28.575,0.0,Stationary
0.01000,2,783.480,-28.575,28.575,0.0,Stationary
0.01000,3,733.987,57.150,28.575,0.0,Stationary
0.01000,4,684.493,-28.575,28.575,0.0,Stationary
0.01000,5,832.973,0.000,28.575,0.0,Stationary
0.01000,6,832.973,57.150,28.575,0.0,Stationary
0.01000,7,832.973,114.300,28.575,0.0,Stationary
0.01000,8,733.987,0.000,28.575,0.0,Stationary
0.01000,9,684.493,28.575,28.575,0.0,Stationary
0.01000,10,832.973,-57.150,28.575,0.0,Stationary
0.01000,11,783.480,-85.725,28.575,0.0,Stationary
0.01000,12,783.480,85.725,28.575,0.0,Stationary
0.01000,13,783.480,28.575,28.575,0.0,Stationary
0.01000,14,832.973,-114.300,28.575,0.0,Stationary
0.01000,15,733.987,-57.150,28.575,0.0,Stationary
0.01500,0,-707.221,0.000,28.575,6170.6,Sliding
0.01500,1,635.000,0.000,28.575,0.0,Stationary
0.01500,2,783.480,-28.575,28.575,0.0,Stationary
0.01500,3,733.987,57.150,28.575,0.0,Stationary
0.01500,4,684.493,-28.575,28.575,0.0,Stationary
0.01500,5,832.973,0.000,28.575,0.0,Stationary
0.01500,6,832.973,57.150,28.575,0.0,Stationary
0.01500,7,832.973,114.300,28.575,0.0,Stationary
0.01500,8,733.987,0.000,28.575,0.0,Stationary
0.01500,9,684.493,28.575,28.575,0.0,Stationary
0.01500,10,832.973,-57.150,28.575,0.0,Stationary
0.01500,11,783.480,-85.725,28.575,0.0,Stationary
0.01500,12,783.480,85.725,28.575,0.0,Stationary
0.01500,13,783.480,28.575,28.575,0.0,Stationary
0.01500,14,832.973,-114.300,28.575,0.0,Stationary
0.01500,15,733.987,-57.150,28.575,0.0,Stationary
0.02000,0,-676.392,0.000,28.575,6160.8,Sliding
0.02000,1,635.000,0.000,28.575,0.0,Stationary
0.02000,2,783.480,-28.575,28.575,0.0,Stationary
0.02000,3,733.987,57.150,28.575,0.0,Stationary
0.02000,4,684.493,-28.575,28.575,0.0,Stationary
0.02000,5,832.973,0.000,28.575,0.0,Stationary
0.02000,6,832.973,57.150,28.575,0.0,Stationary
0.02000,7,832.973,114.300,28.575,0.0,Stationary
0.02000,8,733.987,0.000,28.575,0.0,Stationary
0.02000,9,684.493,28.575,28.575,0.0,Stationary
0.02000,10,832.973,-57.150,28.575,0.0,Stationary
0.02000,11,783.480,-85.725,28.575,0.0,Stationary
0.02000,12,783.480,85.725,28.575,0.0,Stationary
0.02000,13,783.480,28.575,28.575,0.0,Stationary
0.02000,14,832.973,-114.300,28.575,0.0,Stationary
0.02000,15,733.987,-57.150,28.575,0.0,Stationary
0.02500,0,-645.613,0.000,28.575,6151.0,Sliding
0.02500,1,635.000,0.000,28.575,0.0,Stationary
0.02500,2,783.480,-28.575,28.575,0.0,Stationary
0.02500,3,733.987,57.150,28.575,0.0,Stationary
0.02500,4,684.493,-28.575,28.575,0.0,Stationary
0.02500,5,832.973,0.000,28.575,0.0,Stationary
0.02500,6,832.973,57.150,28.575,0.0,Stationary
0.02500,7,832.973,114.300,28.575,0.0,Stationary
0.02500,8,733.987,0.000,28.575,0.0,Stationary
0.02500,9,684.493,28.575,28.575,0.0,Stationary
0.02500,10,832.973,-57.150,28.575,0.0,Stationary
0.02500,11,783.480,-85.725,28.575,0.0,Stationary
0.02500,12,783.480,85.725,28.575,0.0,Stationary
0.02500,13,783.480,28.575,28.575,0.0,Stationary
0.02500,14,832.973,-114.300,28.575,0.0,Stationary
0.02500,15,733.987,-57.150,28.575,0.0,Stationary
0.03000,0,-614.883,0.000,28.575,6141.2,Sliding
0.03000,1,635.000,0.000,28.575,0.0,Stationary
0.03000,2,783.480,-28.575,28.575,0.0,Stationary
0.03000,3,733.987,57.150,28.575,0.0,Stationary
0.03000,4,684.493,-28.575,28.575,0.0,Stationary
0.03000,5,832.973,0.000,28.575,0.0,Stationary
0.03000,6,832.973,57.150,28.575,0.0,Stationary
0.03000,7,832.973,114.300,28.575,0.0,Stationary
0.03000,8,733.987,0.000,28.575,0.0,Stationary
0.03000,9,684.493,28.575,28.575,0.0,Stationary
0.03000,10,832.973,-57.150,28.575,0.0,Stationary
0.03000,11,783.480,-85.725,28.575,0.0,Stationary
0.03000,12,783.480,85.725,28.575,0.0,Stationary
0.03000,13,783.480,28.575,28.575,0.0,Stationary
0.03000,14,832.973,-114.300,28.575,0.0,Stationary
0.03000,15,733.987,-57.150,28.575,0.0,Stationary
0.03500,0,-584.201,0.000,28.575,6131.4,Sliding
0.03500,1,635.000,0.000,28.575,0.0,Stationary
0.03500,2,783.480,-28.575,28.575,0.0,Stationary
0.03500,3,733.987,57.150,28.575,0.0,Stationary
0.03500,4,684.493,-28.575,28.575,0.0,Stationary
0.03500,5,832.973,0.000,28.575,0.0,Stationary
0.03500,6,832.973,57.150,28.575,0.0,Stationary
0.03500,7,832.973,114.300,28.575,0.0,Stationary
0.03500,8,733.987,0.000,28.575,0.0,Stationary
0.03500,9,684.493,28.575,28.575,0.0,Stationary
0.03500,10,832.973,-57.150,28.575,0.0,Stationary
0.03500,11,783.480,-85.725,28.575,0.0,Stationary
0.03500,12,783.480,85.725,28.575,0.0,Stationary
0.03500,13,783.480,28.575,28.575,0.0,Stationary
0.03500,14,832.973,-114.300,28.575,0.0,Stationary
0.03500,15,733.987,-57.150,28.575,0.0,Stationary
0.04000,0,-553.569,0.000,28.575,6121.5,Sliding
0.04000,1,635.000,0.000,28.575,0.0,Stationary
0.04000,2,783.480,-28.575,28.575,0.0,Stationary
0.04000,3,733.987,57.150,28.575,0.0,Stationary
0.04000,4,684.493,-28.575,28.575,0.0,Stationary
0.04000,5,832.973,0.000,28.575,0.0,Stationary
0.04000,6,832.973,57.150,28.575,0.0,Stationary
0.04000,7,832.973,114.300,28.575,0.0,Stationary
0.04000,8,733.987,0.000,28.575,0.0,Stationary
0.04000,9,684.493,28.575,28.575,0.0,Stationary
0.04000,10,832.973,-57.150,28.575,0.0,Stationary
0.04000,11,783.480,-85.725,28.575,0.0,Stationary
0.04000,12,783.480,85.725,28.575,0.0,Stationary
0.04000,13,783.480,28.575,28.575,0.0,Stationary
0.04000,14,832.973,-114.300,28.575,0.0,Stationary
0.04000,15,733.987,-57.150,28.575,0.0,Stationary
0.04500,0,-522.986,0.000,28.575,6111.7,Sliding
0.04500,1,635.000,0.000,28.575,0.0,Stationary
0.04500,2,783.480,-28.575,28.575,0.0,Stationary
0.04500,3,733.987,57.150,28.575,0.0,Stationary
0.04500,4,684.493,-28.575,28.575,0.0,Stationary
0.04500,5,832.973,0.000,28.575,0.0,Stationary
0.04500,6,832.973,57.150,28.575,0.0,Stationary
0.04500,7,832.973,114.300,28.575,0.0,Stationary
0.04500,8,733.987,0.000,28.575,0.0,Stationary
0.04500,9,684.493,28.575,28.575,0.0,Stationary
0.04500,10,832.973,-57.150,28.575,0.0,Stationary
0.04500,11,783.480,-85.725,28.575,0.0,Stationary
0.04500,12,783.480,85.725,28.575,0.0,Stationary
0.04500,13,783.480,28.575,28.575,0.0,Stationary
0.04500,14,832.973,-114.300,28.575,0.0,Stationary
0.04500,15,733.987,-57.150,28.575,0.0,Stationary
0.05000,0,-492.452,0.000,28.575,6101.9,Sliding
0.05000,1,635.000,0.000,28.575,0.0,Stationary
0.05000,2,783.480,-28.575,28.575,0.0,Stationary
0.05000,3,733.987,57.150,28.575,0.0,Stationary
0.05000,4,684.493,-28.575,28.575,0.0,Stationary
0.05000,5,832.973,0.000,28.575,0.0,Stationary
0.05000,6,832.973,57.150,28.575,0.0,Stationary
0.05000,7,832.973,114.300,28.575,0.0,Stationary
0.05000,8,733.987,0.000,28.575,0.0,Stationary
0.05000,9,684.493,28.575,28.575,0.0,Stationary
0.05000,10,832.973,-57.150,28.575,0.0,Stationary
0.05000,11,783.480,-85.725,28.575,0.0,Stationary
0.05000,12,783.480,85.725,28.575,0.0,Stationary
0.05000,13,783.480,28.575,28.575,0.0,Stationary
0.05000,14,832.973,-114.300,28.575,0.0,Stationary
0.05000,15,733.987,-57.150,28.575,0.0,Stationary
0.05500,0,-461.967,0.000,28.575,6092.1,Sliding
0.05500,1,635.000,0.000,28.575,0.0,Stationary
0.05500,2,783.480,-28.575,28.575,0.0,Stationary
0.05500,3,733.987,57.150,28.575,0.0,Stationary
0.05500,4,684.493,-28.575,28.575,0.0,Stationary
0.05500,5,832.973,0.000,28.575,0.0,Stationary
0.05500,6,832.973,57.150,28.575,0.0,Stationary
0.05500,7,832.973,114.300,28.575,0.0,Stationary
0.05500,8,733.987,0.000,28.575,0.0,Stationary
0.05500,9,684.493,28.575,28.575,0.0,Stationary
0.05500,10,832.973,-57.150,28.575,0.0,Stationary
0.05500,11,783.480,-85.725,28.575,0.0,Stationary
0.05500,12,783.480,85.725,28.575,0.0,Stationary
0.05500,13,783.480,28.575,28.575,0.0,Stationary
0.05500,14,832.973,-114.300,28.575,0.0,Stationary
0.05500,15,733.987,-57.150,28.575,0.0,Stationary
0.06000,0,-431.530,0.000,28.575,6082.3,Sliding
0.06000,1,635.000,0.000,28.575,0.0,Stationary
0.06000,2,783.480,-28.575,28.575,0.0,Stationary
0.06000,3,733.987,57.150,28.575,0.0,Stationary
0.06000,4,684.493,-28.575,28.575,0.0,Stationary
0.06000,5,832.973,0.000,28.575,0.0,Stationary
0.06000,6,832.973,57.150,28.575,0.0,Stationary
0.06000,7,832.973,114.300,28.575,0.0,Stationary
0.06000,8,733.987,0.000,28.575,0.0,Stationary
0.06000,9,684.493,28.575,28.575,0.0,Stationary
0.06000,10,832.973,-57.150,28.575,0.0,Stationary
0.06000,11,783.480,-85.725,28.575,0.0,Stationary
0.06000,12,783.480,85.725,28.575,0.0,Stationary
0.06000,13,783.480,28.575,28.575,0.0,Stationary
0.06000,14,832.973,-114.300,28.575,0.0,Stationary
0.06000,15,733.987,-57.150,28.575,0.0,Stationary
0.06500,0,-401.143,0.000,28.575,6072.5,Sliding
0.06500,1,635.000,0.000,28.575,0.0,Stationary
0.06500,2,783.480,-28.575,28.575,0.0,Stationary
0.06500,3,733.987,57.150,28.575,0.0,Stationary
0.06500,4,684.493,-28.575,28.575,0.0,Stationary
0.06500,5,832.973,0.000,28.575,0.0,Stationary
0.06500,6,832.973,57.150,28.575,0.0,Stationary
0.06500,7,832.973,114.300,28.575,0.0,Stationary
0.06500,8,733.987,0.000,28.575,0.0,Stationary
0.06500,9,684.493,28.575,28.575,0.0,Stationary
0.06500,10,832.973,-57.150,28.575,0.0,Stationary
0.06500,11,783.480,-85.725,28.575,0.0,Stationary
0.06500,12,783.480,85.725,28.575,0.0,Stationary
0.06500,13,783.480,28.575,28.575,0.0,Stationary
0.06500,14,832.973,-114.300,28.575,0.0,Stationary
0.06500,15,733.987,-57.150,28.575,0.0,Stationary
0.07000,0,-370.805,0.000,28.575,6062.7,Sliding
0.07000,1,635.000,0.000,28.575,0.0,Stationary
0.07000,2,783.480,-28.575,28.575,0.0,Stationary
0.07000,3,733.987,57.150,28.575,0.0,Stationary
0.07000,4,684.493,-28.575,28.575,0.0,Stationary
0.07000,5,832.973,0.000,28.575,0.0,Stationary
0.07000,6,832.973,57.150,28.575,0.0,Stationary
0.07000,7,832.973,114.300,28.575,0.0,Stationary
0.07000,8,733.987,0.000,28.575,0.0,Stationary
0.07000,9,684.493,28.575,28.575,0.0,Stationary
0.07000,10,832.973,-57.150,28.575,0.0,Stationary
0.07000,11,783.480,-85.725,28.575,0.0,Stationary
0.07000,12,783.480,85.725,28.575,0.0,Stationary
0.07000,13,783.480,28.575,28.575,0.0,Stationary
0.07000,14,832.973,-114.300,28.575,0.0,Stationary
0.07000,15,733.987,-57.150,28.575,0.0,Stationary
0.07500,0,-340.516,0.000,28.575,6052.9,Sliding
0.07500,1,635.000,0.000,28.575,0.0,Stationary
0.07500,2,783.480,-28.575,28.575,0.0,Stationary
0.07500,3,733.987,57.150,28.575,0.0,Stationary
0.07500,4,684.493,-28.575,28.575,0.0,Stationary
0.07500,5,832.973,0.000,28.575,0.0,Stationary
0.07500,6,832.973,57.150,28.575,0.0,Stationary
0.07500,7,832.973,114.300,28.575,0.0,Stationary
0.07500,8,733.987,0.000,28.575,0.0,Stationary
0.07500,9,684.493,28.575,28.575,0.0,Stationary
0.07500,10,832.973,-57.150,28.575,0.0,Stationary
0.07500,11,783.480,-85.725,28.575,0.0,Stationary
0.07500,12,783.480,85.725,28.575,0.0,Stationary
0.07500,13,783.480,28.575,28.575,0.0,Stationary
0.07500,14,832.973,-114.300,28.575,0.0,Stationary
0.07500,15,733.987,-57.150,28.575,0.0,Stationary
0.08000,0,-310.276,0.000,28.575,6043.1,Sliding
0.08000,1,635.000,0.000,28.575,0.0,Stationary
0.08000,2,783.480,-28.575,28.575,0.0,Stationary
0.08000,3,733.987,57.150,28.575,0.0,Stationary
0.08000,4,684.493,-28.575,28.575,0.0,Stationary
0.08000,5,832.973,0.000,28.575,0.0,Stationary
0.08000,6,832.973,57.150,28.575,0.0,Stationary
0.08000,7,832.973,114.300,28.575,0.0,Stationary
0.08000,8,733.987,0.000,28.575,0.0,Stationary
0.08000,9,684.493,28.575,28.575,0.0,Stationary
0.08000,10,832.973,-57.150,28.575,0.0,Stationary
0.08000,11,783.480,-85.725,28.575,0.0,Stationary
0.08000,12,783.480,85.725,28.575,0.0,Stationary
0.08000,13,783.480,28.575,28.575,0.0,Stationary
0.08000,14,832.973,-114.300,28.575,0.0,Stationary
0.08000,15,733.987,-57.150,28.575,0.0,Stationary
0.08500,0,-280.085,0.000,28.575,6033.3,Sliding
0.08500,1,635.000,0.000,28.575,0.0,Stationary
0.08500,2,783.480,-28.575,28.575,0.0,Stationary
0.08500,3,733.987,57.150,28.575,0.0,Stationary
0.08500,4,684.493,-28.575,28.575,0.0,Stationary
0.08500,5,832.973,0.000,28.575,0.0,Stationary
0.08500,6,832.973,57.150,28.575,0.0,Stationary
0.08500,7,832.973,114.300,28.575,0.0,Stationary
0.08500,8,733.987,0.000,28.575,0.0,Stationary
0.08500,9,684.493,28.575,28.575,0.0,Stationary
0.08500,10,832.973,-57.150,28.575,0.0,Stationary
0.08500,11,783.480,-85.725,28.575,0.0,Stationary
0.08500,12,783.480,85.725,28.575,0.0,Stationary
0.08500,13,783.480,28.575,28.575,0.0,Stationary
0.08500,14,832.973,-114.300,28.575,0.0,Stationary
0.08500,15,733.987,-57.150,28.575,0.0,Stationary
0.09000,0,-249.943,0.000,28.575,6023.5,Sliding
0.09000,1,635.000,0.000,28.575,0.0,Stationary
0.09000,2,783.480,-28.575,28.575,0.0,Stationary
0.09000,3,733.987,57.150,28.575,0.0,Stationary
0.09000,4,684.493,-28.575,28.575,0.0,Stationary
0.09000,5,832.973,0.000,28.575,0.0,Stationary
0.09000,6,832.973,57.150,28.575,0.0,Stationary
0.09000,7,832.973,114.300,28.575,0.0,Stationary
0.09000,8,733.987,0.000,28.575,0.0,Stationary
0.09000,9,684.493,28.575,28.575,0.0,Stationary
0.09000,10,832.973,-57.150,28.575,0.0,Stationary
0.09000,11,783.480,-85.725,28.575,0.0,Stationary
0.09000,12,783.480,85.725,28.575,0.0,Stationary
0.09000,13,783.480,28.575,28.575,0.0,Stationary
0.09000,14,832.973,-114.300,28.575,0.0,Stationary
0.09000,15,733.987,-57.150,28.575,0.0,Stationary
0.09500,0,-219.851,0.000,28.575,6013.7,Sliding
0.09500,1,635.000,0.000,28.575,0.0,Stationary
0.09500,2,783.480,-28.575,28.575,0.0,Stationary
0.09500,3,733.987,57.150,28.575,0.0,Stationary
0.09500,4,684.493,-28.575,28.575,0.0,Stationary
0.09500,5,832.973,0.000,28.575,0.0,Stationary
0.09500,6,832.973,57.150,28.575,0.0,Stationary
0.09500,7,832.973,114.300,28.575,0.0,Stationary
0.09500,8,733.987,0.000,28.575,0.0,Stationary
0.09500,9,684.493,28.575,28.575,0.0,Stationary
0.09500,10,832.973,-57.150,28.575,0.0,Stationary
0.09500,11,783.480,-85.725,28.575,0.0,Stationary
0.09500,12,783.480,85.725,28.575,0.0,Stationary
0.09500,13,783.480,28.575,28.575,0.0,Stationary
0.09500,14,832.973,-114.300,28.575,0.0,Stationary
0.09500,15,733.987,-57.150,28.575,0.0,Stationary
0.10000,0,-189.807,0.000,28.575,6003.9,Sliding
0.10000,1,635.000,0.000,28.575,0.0,Stationary
0.10000,2,783.480,-28.575,28.575,0.0,Stationary
0.10000,3,733.987,57.150,28.575,0.0,Stationary
0.10000,4,684.493,-28.575,28.575,0.0,Stationary
0.10000,5,832.973,0.000,28.575,0.0,Stationary
0.10000,6,832.973,57.150,28.575,0.0,Stationary
0.10000,7,832.973,114.300,28.575,0.0,Stationary
0.10000,8,733.987,0.000,28.575,0.0,Stationary
0.10000,9,684.493,28.575,28.575,0.0,Stationary
0.10000,10,832.973,-57.150,28.575,0.0,Stationary
0.10000,11,783.480,-85.725,28.575,0.0,Stationary
0.10000,12,783.480,85.725,28.575,0.0,Stationary
0.10000,13,783.480,28.575,28.575,0.0,Stationary
0.10000,14,832.973,-114.300,28.575,0.0,Stationary
0.10000,15,733.987,-57.150,28.575,0.0,Stationary
0.10500,0,-159.812,0.000,28.575,5994.1,Sliding
0.10500,1,635.000,0.000,28.575,0.0,Stationary
0.10500,2,783.480,-28.575,28.575,0.0,Stationary
0.10500,3,733.987,57.150,28.575,0.0,Stationary
0.10500,4,684.493,-28.575,28.575,0.0,Stationary
0.10500,5,832.973,0.000,28.575,0.0,Stationary
0.10500,6,832.973,57.150,28.575,0.0,Stationary
0.10500,7,832.973,114.300,28.575,0.0,Stationary
0.10500,8,733.987,0.000,28.575,0.0,Stationary
0.10500,9,684.493,28.575,28.575,0.0,Stationary
0.10500,10,832.973,-57.150,28.575,0.0,Stationary
0.10500,11,783.480,-85.725,28.575,0.0,Stationary
0.10500,12,783.480,85.725,28.575,0.0,Stationary
0.10500,13,783.480,28.575,28.575,0.0,Stationary
0.10500,14,832.973,-114.300,28.575,0.0,Stationary
0.10500,15,733.987,-57.150,28.575,0.0,Stationary
0.11000,0,-129.866,0.000,28.575,5984.3,Sliding
0.11000,1,635.000,0.000,28.575,0.0,Stationary
0.11000,2,783.480,-28.575,28.575,0.0,Stationary
0.11000,3,733.987,57.150,28.575,0.0,Stationary
0.11000,4,684.493,-28.575,28.575,0.0,Stationary
0.11000,5,832.973,0.000,28.575,0.0,Stationary
0.11000,6,832.973,57.150,28.575,0.0,Stationary
0.11000,7,832.973,114.300,28.575,0.0,Stationary
0.11000,8,733.987,0.000,28.575,0.0,Stationary
0.11000,9,684.493,28.575,28.575,0.0,Stationary
0.11000,10,832.973,-57.150,28.575,0.0,Stationary
0.11000,11,783.480,-85.725,28.575,0.0,Stationary
0.11000,12,783.480,85.725,28.575,0.0,Stationary
0.11000,13,783.480,28.575,28.575,0.0,Stationary
0.11000,14,832.973,-114.300,28.575,0.0,Stationary
0.11000,15,733.987,-57.150,28.575,0.0,Stationary
0.11500,0,-99.969,0.000,28.575,5974.4,Sliding
0.11500,1,635.000,0.000,28.575,0.0,Stationary
0.11500,2,783.480,-28.575,28.575,0.0,Stationary
0.11500,3,733.987,57.150,28.575,0.0,Stationary
0.11500,4,684.493,-28.575,28.575,0.0,Stationary
0.11500,5,832.973,0.000,28.575,0.0,Stationary
0.11500,6,832.973,57.150,28.575,0.0,Stationary
0.11500,7,832.973,114.300,28.575,0.0,Stationary
0.11500,8,733.987,0.000,28.575,0.0,Stationary
0.11500,9,684.493,28.575,28.575,0.0,Stationary
0.11500,10,832.973,-57.150,28.575,0.0,Stationary
0.11500,11,783.480,-85.725,28.575,0.0,Stationary
0.11500,12,783.480,85.725,28.575,0.0,Stationary
0.11500,13,783.480,28.575,28.575,0.0,Stationary
0.11500,14,832.973,-114.300,28.575,0.0,Stationary
0.11500,15,733.987,-57.150,28.575,0.0,Stationary
0.12000,0,-70.122,0.000,28.575,5964.6,Sliding
0.12000,1,635.000,0.000,28.575,0.0,Stationary
0.12000,2,783.480,-28.575,28.575,0.0,Stationary
0.12000,3,733.987,57.150,28.575,0.0,Stationary
0.12000,4,684.493,-28.575,28.575,0.0,Stationary
0.12000,5,832.973,0.000,28.575,0.0,Stationary
0.12000,6,832.973,57.150,28.575,0.0,Stationary
0.12000,7,832.973,114.300,28.575,0.0,Stationary
0.12000,8,733.987,0.000,28.575,0.0,Stationary
0.12000,9,684.493,28.575,28.575,0.0,Stationary
0.12000,10,832.973,-57.150,28.575,0.0,Stationary
0.12000,11,783.480,-85.725,28.575,0.0,Stationary
0.12000,12,783.480,85.725,28.575,0.0,Stationary
0.12000,13,783.480,28.575,28.575,0.0,Stationary
0.12000,14,832.973,-114.300,28.575,0.0,Stationary
0.12000,15,733.987,-57.150,28.575,0.0,Stationary
0.12500,0,-40.323,0.000,28.575,5954.8,Sliding
0.12500,1,635.000,0.000,28.575,0.0,Stationary
0.12500,2,783.480,-28.575,28.575,0.0,Stationary
0.12500,3,733.987,57.150,28.575,0.0,Stationary
0.12500,4,684.493,-28.575,28.575,0.0,Stationary
0.12500,5,832.973,0.000,28.575,0.0,Stationary
0.12500,6,832.973,57.150,28.575,0.0,Stationary
0.12500,7,832.973,114.300,28.575,0.0,Stationary
0.12500,8,733.987,0.000,28.575,0.0,Stationary
0.12500,9,684.493,28.575,28.575,0.0,Stationary
0.12500,10,832.973,-57.150,28.575,0.0,Stationary
0.12500,11,783.480,-85.725,28.575,0.0,Stationary
0.12500,12,783.480,85.725,28.575,0.0,Stationary
0.12500,13,783.480,28.575,28.575,0.0,Stationary
0.12500,14,832.973,-114.300,28.575,0.0,Stationary
0.12500,15,733.987,-57.150,28.575,0.0,Stationary
0.13000,0,-10.573,0.000,28.575,5945.0,Sliding
0.13000,1,635.000,0.000,28.575,0.0,Stationary
0.13000,2,783.480,-28.575,28.575,0.0,Stationary
0.13000,3,733.987,57.150,28.575,0.0,Stationary
0.13000,4,684.493,-28.575,28.575,0.0,Stationary
0.13000,5,832.973,0.000,28.575,0.0,Stationary
0.13000,6,832.973,57.150,28.575,0.0,Stationary
0.13000,7,832.973,114.300,28.575,0.0,Stationary
0.13000,8,733.987,0.000,28.575,0.0,Stationary
0.13000,9,684.493,28.575,28.575,0.0,Stationary
0.13000,10,832.973,-57.150,28.575,0.0,Stationary
0.13000,11,783.480,-85.725,28.575,0.0,Stationary
0.13000,12,783.480,85.725,28.575,0.0,Stationary
0.13000,13,783.480,28.575,28.575,0.0,Stationary
0.13000,14,832.973,-114.300,28.575,0.0,Stationary
0.13000,15,733.987,-57.150,28.575,0.0,Stationary
0.13500,0,19.127,0.000,28.575,5935.2,Sliding
0.13500,1,635.000,0.000,28.575,0.0,Stationary
0.13500,2,783.480,-28.575,28.575,0.0,Stationary
0.13500,3,733.987,57.150,28.575,0.0,Stationary
0.13500,4,684.493,-28.575,28.575,0.0,Stationary
0.13500,5,832.973,0.000,28.575,0.0,Stationary
0.13500,6,832.973,57.150,28.575,0.0,Stationary
0.13500,7,832.973,114.300,28.575,0.0,Stationary
0.13500,8,733.987,0.000,28.575,0.0,Stationary
0.13500,9,684.493,28.575,28.575,0.0,Stationary
0.13500,10,832.973,-57.150,28.575,0.0,Stationary
0.13500,11,783.480,-85.725,28.575,0.0,Stationary
0.13500,12,783.480,85.725,28.575,0.0,Stationary
0.13500,13,783.480,28.575,28.575,0.0,Stationary
0.13500,14,832.973,-114.300,28.575,0.0,Stationary
0.13500,15,733.987,-57.150,28.575,0.0,Stationary
0.14000,0,48.779,0.000,28.575,5925.4,Sliding
0.14000,1,635.000,0.000,28.575,0.0,Stationary
0.14000,2,783.480,-28.575,28.575,0.0,Stationary
0.14000,3,733.987,57.150,28.575,0.0,Stationary
0.14000,4,684.493,-28.575,28.575,0.0,Stationary
0.14000,5,832.973,0.000,28.575,0.0,Stationary
0.14000,6,832.973,57.150,28.575,0.0,Stationary
0.14000,7,832.973,114.300,28.575,0.0,Stationary
0.14000,8,733.987,0.000,28.575,0.0,Stationary
0.14000,9,684.493,28.575,28.575,0.0,Stationary
0.14000,10,832.973,-57.150,28.575,0.0,Stationary
0.14000,11,783.480,-85.725,28.575,0.0,Stationary
0.14000,12,783.480,85.725,28.575,0.0,Stationary
0.14000,13,783.480,28.575,28.575,0.0,Stationary
0.14000,14,832.973,-114.300,28.575,0.0,Stationary
0.14000,15,733.987,-57.150,28.575,0.0,Stationary
0.14500,0,78.382,0.000,28.575,5915.6,Sliding
0.14500,1,635.000,0.000,28.575,0.0,Stationary
0.14500,2,783.480,-28.575,28.575,0.0,Stationary
0.14500,3,733.987,57.150,28.575,0.0,Stationary
0.14500,4,684.493,-28.575,28.575,0.0,Stationary
0.14500,5,832.973,0.000,28.575,0.0,Stationary
0.14500,6,832.973,57.150,28.575,0.0,Stationary
0.14500,7,832.973,114.300,28.575,0.0,Stationary
0.14500,8,733.987,0.000,28.575,0.0,Stationary
0.14500,9,684.493,28.575,28.575,0.0,Stationary
0.14500,10,832.973,-57.150,28.575,0.0,Stationary
0.14500,11,783.480,-85.725,28.575,0.0,Stationary
0.14500,12,783.480,85.725,28.575,0.0,Stationary
0.14500,13,783.480,28.575,28.575,0.0,Stationary
0.14500,14,832.973,-114.300,28.575,0.0,Stationary
0.14500,15,733.987,-57.150,28.575,0.0,Stationary
0.15000,0,107.935,0.000,28.575,5905.8,Sliding
0.15000,1,635.000,0.000,28.575,0.0,Stationary
0.15000,2,783.480,-28.575,28.575,0.0,Stationary
0.15000,3,733.987,57.150,28.575,0.0,Stationary
0.15000,4,684.493,-28.575,28.575,0.0,Stationary
0.15000,5,832.973,0.000,28.575,0.0,Stationary
0.15000,6,832.973,57.150,28.575,0.0,Stationary
0.15000,7,832.973,114.300,28.575,0.0,Stationary
0.15000,8,733.987,0.000,28.575,0.0,Stationary
0.15000,9,684.493,28.575,28.575,0.0,Stationary
0.15000,10,832.973,-57.150,28.575,0.0,Stationary
0.15000,11,783.480,-85.725,28.575,0.0,Stationary
0.15000,12,783.480,85.725,28.575,0.0,Stationary
0.15000,13,783.480,28.575,28.575,0.0,Stationary
0.15000,14,832.973,-114.300,28.575,0.0,Stationary
0.15000,15,733.987,-57.150,28.575,0.0,Stationary
0.15500,0,137.440,0.000,28.575,5896.0,Sliding
0.15500,1,635.000,0.000,28.575,0.0,Stationary
0.15500,2,783.480,-28.575,28.575,0.0,Stationary
0.15500,3,733.987,57.150,28.575,0.0,Stationary
0.15500,4,684.493,-28.575,28.575,0.0,Stationary
0.15500,5,832.973,0.000,28.575,0.0,Stationary
0.15500,6,832.973,57.150,28.575,0.0,Stationary
0.15500,7,832.973,114.300,28.575,0.0,Stationary
0.15500,8,733.987,0.000,28.575,0.0,Stationary
0.15500,9,684.493,28.575,28.575,0.0,Stationary
0.15500,10,832.973,-57.150,28.575,0.0,Stationary
0.15500,11,783.480,-85.725,28.575,0.0,Stationary
0.15500,12,783.480,85.725,28.575,0.0,Stationary
0.15500,13,783.480,28.575,28.575,0.0,Stationary
0.15500,14,832.973,-114.300,28.575,0.0,Stationary
0.15500,15,733.987,-57.150,28.575,0.0,Stationary
0.16000,0,166.895,0.000,28.575,5886.2,Sliding
0.16000,1,635.000,0.000,28.575,0.0,Stationary
0.16000,2,783.480,-28.575,28.575,0.0,Stationary
0.16000,3,733.987,57.150,28.575,0.0,Stationary
0.16000,4,684.493,-28.575,28.575,0.0,Stationary
0.16000,5,832.973,0.000,28.575,0.0,Stationary
0.16000,6,832.973,57.150,28.575,0.0,Stationary
0.16000,7,832.973,114.300,28.575,0.0,Stationary
0.16000,8,733.987,0.000,28.575,0.0,Stationary
0.16000,9,684.493,28.575,28.575,0.0,Stationary
0.16000,10,832.973,-57.150,28.575,0.0,Stationary
0.16000,11,783.480,-85.725,28.575,0.0,Stationary
0.16000,12,783.480,85.725,28.575,0.0,Stationary
0.16000,13,783.480,28.575,28.575,0.0,Stationary
0.16000,14,832.973,-114.300,28.575,0.0,Stationary
0.16000,15,733.987,-57.150,28.575,0.0,Stationary
0.16500,0,196.301,0.000,28.575,5876.4,Sliding
0.16500,1,635.000,0.000,28.575,0.0,Stationary
0.16500,2,783.480,-28.575,28.575,0.0,Stationary
0.16500,3,733.987,57.150,28.575,0.0,Stationary
0.16500,4,684.493,-28.575,28.575,0.0,Stationary
0.16500,5,832.973,0.000,28.575,0.0,Stationary
0.16500,6,832.973,57.150,28.575,0.0,Stationary
0.16500,7,832.973,114.300,28.575,0.0,Stationary
0.16500,8,733.987,0.000,28.575,0.0,Stationary
0.16500,9,684.493,28.575,28.575,0.0,Stationary
0.16500,10,832.973,-57.150,28.575,0.0,Stationary
0.16500,11,783.480,-85.725,28.575,0.0,Stationary
0.16500,12,783.480,85.725,28.575,0.0,Stationary
0.16500,13,783.480,28.575,28.575,0.0,Stationary
0.16500,14,832.973,-114.300,28.575,0.0,Stationary
0.16500,15,733.987,-57.150,28.575,0.0,Stationary
0.17000,0,225.659,0.000,28.575,5866.6,Sliding
0.17000,1,635.000,0.000,28.575,0.0,Stationary
0.17000,2,783.480,-28.575,28.575,0.0,Stationary
0.17000,3,733.987,57.150,28.575,0.0,Stationary
0.17000,4,684.493,-28.575,28.575,0.0,Stationary
0.17000,5,832.973,0.000,28.575,0.0,Stationary
0.17000,6,832.973,57.150,28.575,0.0,Stationary
0.17000,7,832.973,114.300,28.575,0.0,Stationary
0.17000,8,733.987,0.000,28.575,0.0,Stationary
0.17000,9,684.493,28.575,28.575,0.0,Stationary
0.17000,10,832.973,-57.150,28.575,0.0,Stationary
0.17000,11,783.480,-85.725,28.575,0.0,Stationary
0.17000,12,783.480,85.725,28.575,0.0,Stationary
0.17000,13,783.480,28.575,28.575,0.0,Stationary
0.17000,14,832.973,-114.300,28.575,0.0,Stationary
0.17000,15,733.987,-57.150,28.575,0.0,Stationary
0.17500,0,254.967,0.000,28.575,5856.8,Sliding
0.17500,1,635.000,0.000,28.575,0.0,Stationary
0.17500,2,783.480,-28.575,28.575,0.0,Stationary
0.17500,3,733.987,57.150,28.575,0.0,Stationary
0.17500,4,684.493,-28.575,28.575,0.0,Stationary
0.17500,5,832.973,0.000,28.575,0.0,Stationary
0.17500,6,832.973,57.150,28.575,0.0,Stationary
0.17500,7,832.973,114.300,28.575,0.0,Stationary
0.17500,8,733.987,0.000,28.575,0.0,Stationary
0.17500,9,684.493,28.575,28.575,0.0,Stationary
0.17500,10,832.973,-57.150,28.575,0.0,Stationary
0.17500,11,783.480,-85.725,28.575,0.0,Stationary
0.17500,12,783.480,85.725,28.575,0.0,Stationary
0.17500,13,783.480,28.575,28.575,0.0,Stationary
0.17500,14,832.973,-114.300,28.575,0.0,Stationary
0.17500,15,733.987,-57.150,28.575,0.0,Stationary
0.18000,0,284.226,0.000,28.575,5847.0,Sliding
0.18000,1,635.000,0.000,28.575,0.0,Stationary
0.18000,2,783.480,-28.575,28.575,0.0,Stationary
0.18000,3,733.987,57.150,28.575,0.0,Stationary
0.18000,4,684.493,-28.575,28.575,0.0,Stationary
0.18000,5,832.973,0.000,28.575,0.0,Stationary
0.18000,6,832.973,57.150,28.575,0.0,Stationary
0.18000,7,832.973,114.300,28.575,0.0,Stationary
0.18000,8,733.987,0.000,28.575,0.0,Stationary
0.18000,9,684.493,28.575,28.575,0.0,Stationary
0.18000,10,832.973,-57.150,28.575,0.0,Stationary
0.18000,11,783.480,-85.725,28.575,0.0,Stationary
0.18000,12,783.480,85.725,28.575,0.0,Stationary
0.18000,13,783.480,28.575,28.575,0.0,Stationary
0.18000,14,832.973,-114.300,28.575,0.0,Stationary
0.18000,15,733.987,-57.150,28.575,0.0,Stationary
0.18500,0,313.437,0.000,28.575,5837.2,Sliding
0.18500,1,635.000,0.000,28.575,0.0,Stationary
0.18500,2,783.480,-28.575,28.575,0.0,Stationary
0.18500,3,733.987,57.150,28.575,0.0,Stationary
0.18500,4,684.493,-28.575,28.575,0.0,Stationary
0.18500,5,832.973,0.000,28.575,0.0,Stationary
0.18500,6,832.973,57.150,28.575,0.0,Stationary
0.18500,7,832.973,114.300,28.575,0.0,Stationary
0.18500,8,733.987,0.000,28.575,0.0,Stationary
0.18500,9,684.493,28.575,28.575,0.0,Stationary
0.18500,10,832.973,-57.150,28.575,0.0,Stationary
0.18500,11,783.480,-85.725,28.575,0.0,Stationary
0.18500,12,783.480,85.725,28.575,0.0,Stationary
0.18500,13,783.480,28.575,28.575,0.0,Stationary
0.18500,14,832.973,-114.300,28.575,0.0,Stationary
0.18500,15,733.987,-57.150,28.575,0.0,Stationary
0.19000,0,342.598,0.000,28.575,5827.3,Sliding
0.19000,1,635.000,0.000,28.575,0.0,Stationary
0.19000,2,783.480,-28.575,28.575,0.0,Stationary
0.19000,3,733.987,57.150,28.575,0.0,Stationary
0.19000,4,684.493,-28.575,28.575,0.0,Stationary
0.19000,5,832.973,0.000,28.575,0.0,Stationary
0.19000,6,832.973,57.150,28.575,0.0,Stationary
0.19000,7,832.973,114.300,28.575,0.0,Stationary
0.19000,8,733.987,0.000,28.575,0.0,Stationary
0.19000,9,684.493,28.575,28.575,0.0,Stationary
0.19000,10,832.973,-57.150,28.575,0.0,Stationary
0.19000,11,783.480,-85.725,28.575,0.0,Stationary
0.19000,12,783.480,85.725,28.575,0.0,Stationary
0.19000,13,783.480,28.575,28.575,0.0,Stationary
0.19000,14,832.973,-114.300,28.575,0.0,Stationary
0.19000,15,733.987,-57.150,28.575,0.0,Stationary
0.19500,0,371.710,0.000,28.575,5817.5,Sliding
0.19500,1,635.000,0.000,28.575,0.0,Stationary
0.19500,2,783.480,-28.575,28.575,0.0,Stationary
0.19500,3,733.987,57.150,28.575,0.0,Stationary
0.19500,4,684.493,-28.575,28.575,0.0,Stationary
0.19500,5,832.973,0.000,28.575,0.0,Stationary
0.19500,6,832.973,57.150,28.575,0.0,Stationary
0.19500,7,832.973,114.300,28.575,0.0,Stationary
0.19500,8,733.987,0.000,28.575,0.0,Stationary
0.19500,9,684.493,28.575,28.575,0.0,Stationary
0.19500,10,832.973,-57.150,28.575,0.0,Stationary
0.19500,11,783.480,-85.725,28.575,0.0,Stationary
0.19500,12,783.480,85.725,28.575,0.0,Stationary
0.19500,13,783.480,28.575,28.575,0.0,Stationary
0.19500,14,832.973,-114.300,28.575,0.0,Stationary
0.19500,15,733.987,-57.150,28.575,0.0,Stationary
0.20000,0,400.773,0.000,28.575,5807.7,Sliding
0.20000,1,635.000,0.000,28.575,0.0,Stationary
0.20000,2,783.480,-28.575,28.575,0.0,Stationary
0.20000,3,733.987,57.150,28.575,0.0,Stationary
0.20000,4,684.493,-28.575,28.575,0.0,Stationary
0.20000,5,832.973,0.000,28.575,0.0,Stationary
0.20000,6,832.973,57.150,28.575,0.0,Stationary
0.20000,7,832.973,114.300,28.575,0.0,Stationary
0.20000,8,733.987,0.000,28.575,0.0,Stationary
0.20000,9,684.493,28.575,28.575,0.0,Stationary
0.20000,10,832.973,-57.150,28.575,0.0,Stationary
0.20000,11,783.480,-85.725,28.575,0.0,Stationary
0.20000,12,783.480,85.725,28.575,0.0,Stationary
0.20000,13,783.480,28.575,28.575,0.0,Stationary
0.20000,14,832.973,-114.300,28.575,0.0,Stationary
0.20000,15,733.987,-57.150,28.575,0.0,Stationary
0.20500,0,429.788,0.000,28.575,5797.9,Sliding
0.20500,1,635.000,0.000,28.575,0.0,Stationary
0.20500,2,783.480,-28.575,28.575,0.0,Stationary
0.20500,3,733.987,57.150,28.575,0.0,Stationary
0.20500,4,684.493,-28.575,28.575,0.0,Stationary
0.20500,5,832.973,0.000,28.575,0.0,Stationary
0.20500,6,832.973,57.150,28.575,0.0,Stationary
0.20500,7,832.973,114.300,28.575,0.0,Stationary
0.20500,8,733.987,0.000,28.575,0.0,Stationary
0.20500,9,684.493,28.575,28.575,0.0,Stationary
0.20500,10,832.973,-57.150,28.575,0.0,Stationary
0.20500,11,783.480,-85.725,28.575,0.0,Stationary
0.20500,12,783.480,85.725,28.575,0.0,Stationary
0.20500,13,783.480,28.575,28.575,0.0,Stationary
0.20500,14,832.973,-114.300,28.575,0.0,Stationary
0.20500,15,733.987,-57.150,28.575,0.0,Stationary
0.21000,0,458.753,0.000,28.575,5788.1,Sliding
0.21000,1,635.000,0.000,28.575,0.0,Stationary
0.21000,2,783.480,-28.575,28.575,0.0,Stationary
0.21000,3,733.987,57.150,28.575,0.0,Stationary
0.21000,4,684.493,-28.575,28.575,0.0,Stationary
0.21000,5,832.973,0.000,28.575,0.0,Stationary
0.21000,6,832.973,57.150,28.575,0.0,Stationary
0.21000,7,832.973,114.300,28.575,0.0,Stationary
0.21000,8,733.987,0.000,28.575,0.0,Stationary
0.21000,9,684.493,28.575,28.575,0.0,Stationary
0.21000,10,832.973,-57.150,28.575,0.0,Stationary
0.21000,11,783.480,-85.725,28.575,0.0,Stationary
0.21000,12,783.480,85.725,28.575,0.0,Stationary
0.21000,13,783.480,28.575,28.575,0.0,Stationary
0.21000,14,832.973,-114.300,28.575,0.0,Stationary
0.21000,15,733.987,-57.150,28.575,0.0,Stationary
0.21500,0,487.669,0.000,28.575,5778.3,Sliding
0.21500,1,635.000,0.000,28.575,0.0,Stationary
0.21500,2,783.480,-28.575,28.575,0.0,Stationary
0.21500,3,733.987,57.150,28.575,0.0,Stationary
0.21500,4,684.493,-28.575,28.575,0.0,Stationary
0.21500,5,832.973,0.000,28.575,0.0,Stationary
0.21500,6,832.973,57.150,28.575,0.0,Stationary
0.21500,7,832.973,114.300,28.575,0.0,Stationary
0.21500,8,733.987,0.000,28.575,0.0,Stationary
0.21500,9,684.493,28.575,28.575,0.0,Stationary
0.21500,10,832.973,-57.150,28.575,0.0,Stationary
0.21500,11,783.480,-85.725,28.575,0.0,Stationary
0.21500,12,783.480,85.725,28.575,0.0,Stationary
0.21500,13,783.480,28.575,28.575,0.0,Stationary
0.21500,14,832.973,-114.300,28.575,0.0,Stationary
0.21500,15,733.987,-57.150,28.575,0.0,Stationary
0.22000,0,516.536,0.000,28.575,5768.5,Sliding
0.22000,1,635.000,0.000,28.575,0.0,Stationary
0.22000,2,783.480,-28.575,28.575,0.0,Stationary
0.22000,3,733.987,57.150,28.575,0.0,Stationary
0.22000,4,684.493,-28.575,28.575,0.0,Stationary
0.22000,5,832.973,0.000,28.575,0.0,Stationary
0.22000,6,832.973,57.150,28.575,0.0,Stationary
0.22000,7,832.973,114.300,28.575,0.0,Stationary
0.22000,8,733.987,0.000,28.575,0.0,Stationary
0.22000,9,684.493,28.575,28.575,0.0,Stationary
0.22000,10,832.973,-57.150,28.575,0.0,Stationary
0.22000,11,783.480,-85.725,28.575,0.0,Stationary
0.22000,12,783.480,85.725,28.575,0.0,Stationary
0.22000,13,783.480,28.575,28.575,0.0,Stationary
0.22000,14,832.973,-114.300,28.575,0.0,Stationary
0.22000,15,733.987,-57.150,28.575,0.0,Stationary
0.22500,0,545.354,0.000,28.575,5758.7,Sliding
0.22500,1,635.000,0.000,28.575,0.0,Stationary
0.22500,2,783.480,-28.575,28.575,0.0,Stationary
0.22500,3,733.987,57.150,28.575,0.0,Stationary
0.22500,4,684.493,-28.575,28.575,0.0,Stationary
0.22500,5,832.973,0.000,28.575,0.0,Stationary
0.22500,6,832.973,57.150,28.575,0.0,Stationary
0.22500,7,832.973,114.300,28.575,0.0,Stationary
0.22500,8,733.987,0.000,28.575,0.0,Stationary
0.22500,9,684.493,28.575,28.575,0.0,Stationary
0.22500,10,832.973,-57.150,28.575,0.0,Stationary
0.22500,11,783.480,-85.725,28.575,0.0,Stationary
0.22500,12,783.480,85.725,28.575,0.0,Stationary
0.22500,13,783.480,28.575,28.575,0.0,Stationary
0.22500,14,832.973,-114.300,28.575,0.0,Stationary
0.22500,15,733.987,-57.150,28.575,0.0,Stationary
0.23000,0,574.123,0.000,28.575,5748.9,Sliding
0.23000,1,635.000,0.000,28.575,0.0,Stationary
0.23000,2,783.480,-28.575,28.575,0.0,Stationary
0.23000,3,733.987,57.150,28.575,0.0,Stationary
0.23000,4,684.493,-28.575,28.575,0.0,Stationary
0.23000,5,832.973,0.000,28.575,0.0,Stationary
0.23000,6,832.973,57.150,28.575,0.0,Stationary
0.23000,7,832.973,114.300,28.575,0.0,Stationary
0.23000,8,733.987,0.000,28.575,0.0,Stationary
0.23000,9,684.493,28.575,28.575,0.0,Stationary
0.23000,10,832.973,-57.150,28.575,0.0,Stationary
0.23000,11,783.480,-85.725,28.575,0.0,Stationary
0.23000,12,783.480,85.725,28.575,0.0,Stationary
0.23000,13,783.480,28.575,28.575,0.0,Stationary
0.23000,14,832.973,-114.300,28.575,0.0,Stationary
0.23000,15,733.987,-57.150,28.575,0.0,Stationary
0.23500,0,578.468,0.000,29.185,186.5,Airborne
0.23500,1,659.393,0.000,28.904,5604.2,Airborne
0.23500,2,783.480,-28.575,28.575,0.0,Stationary
0.23500,3,733.987,57.150,28.575,0.0,Stationary
0.23500,4,684.493,-28.575,28.575,0.0,Stationary
0.23500,5,832.973,0.000,28.575,0.0,Stationary
0.23500,6,832.973,57.150,28.575,0.0,Stationary
0.23500,7,832.973,114.300,28.575,0.0,Stationary
0.23500,8,733.987,0.000,28.575,0.0,Stationary
0.23500,9,684.493,28.575,28.575,0.0,Stationary
0.23500,10,832.973,-57.150,28.575,0.0,Stationary
0.23500,11,783.480,-85.725,28.575,0.0,Stationary
0.23500,12,783.480,85.725,28.575,0.0,Stationary
0.23500,13,783.480,28.575,28.575,0.0,Stationary
0.23500,14,832.973,-114.300,28.575,0.0,Stationary
0.23500,15,733.987,-57.150,28.575,0.0,Stationary
0.24000,0,579.187,0.000,29.657,159.8,Airborne
0.24000,1,653.983,-0.051,30.457,476.4,Airborne
0.24000,2,786.036,-28.600,28.575,780.4,Sliding
0.24000,3,739.956,58.540,28.873,707.3,Airborne
0.24000,4,684.105,-46.885,28.578,656.1,Airborne
0.24000,5,836.775,2.009,28.575,2029.5,Airborne
0.24000,6,836.655,59.232,28.575,2195.2,Airborne
0.24000,7,836.469,116.432,28.575,1114.3,Airborne
0.24000,8,733.020,1.893,28.630,604.5,Airborne
0.24000,9,684.637,44.189,28.575,210.4,Airborne
0.24000,10,838.340,-58.167,28.575,2841.4,Sliding
0.24000,11,785.345,-86.811,28.575,8.5,Rolling
0.24000,12,787.446,88.357,28.575,537.6,Airborne
0.24000,13,785.043,27.733,28.575,68.7,Sliding
0.24000,14,834.685,-117.525,28.575,1717.7,Sliding
0.24000,15,734.642,-60.343,28.635,1231.2,Airborne
0.24500,0,579.905,0.000,29.884,145.2,Airborne
0.24500,1,652.069,1.367,30.298,479.7,Airborne
0.24500,2,788.081,-29.804,28.575,396.3,Sliding
0.24500,3,738.993,61.942,28.714,709.5,Airborne
0.24500,4,681.258,-48.510,28.575,653.4,Sliding
0.24500,5,846.886,2.594,28.575,2020.6,Sliding
0.24500,6,846.196,64.612,28.575,2185.8,Sliding
0.24500,7,837.169,121.936,28.575,1104.8,Sliding
0.24500,8,730.067,2.533,28.580,604.7,Airborne
0.24500,9,683.933,44.939,28.575,201.0,Sliding
0.24500,10,852.498,-59.008,28.575,2831.6,Sliding
0.24500,11,785.453,-88.878,28.575,617.2,Sliding
0.24500,12,789.552,90.001,28.575,529.6,Sliding
0.24500,13,785.280,27.947,28.575,58.9,Sliding
0.24500,14,835.963,-125.993,28.575,1707.8,Sliding
0.24500,15,731.606,-65.697,28.598,1231.1,Airborne
0.25000,0,580.624,0.000,29.865,146.4,Airborne
0.25000,1,650.155,2.784,29.894,487.9,Airborne
0.25000,2,790.031,-29.970,28.575,386.5,Sliding
0.25000,3,738.030,65.345,28.667,707.5,Airborne
0.25000,4,678.443,-50.119,28.575,643.6,Sliding
0.25000,5,856.947,3.177,28.575,2010.8,Sliding
0.25000,6,855.695,69.968,28.575,2176.0,Sliding
0.25000,7,837.863,127.392,28.575,1095.0,Sliding
0.25000,8,727.113,3.174,28.583,604.4,Airborne
0.25000,9,683.266,45.658,28.575,191.3,Sliding
0.25000,10,866.606,-59.846,28.575,2821.8,Sliding
0.25000,11,785.613,-91.935,28.575,607.4,Sliding
0.25000,12,791.620,91.616,28.575,519.8,Sliding
0.25000,13,785.478,28.130,28.575,49.1,Sliding
0.25000,14,837.234,-134.412,28.575,1698.0,Sliding
0.25000,15,728.569,-71.052,28.577,1231.1,Airborne
0.25500,0,581.342,0.000,29.602,163.1,Airborne
0.25500,1,648.241,4.202,29.246,500.7,Airborne
0.25500,2,791.933,-30.132,28.575,376.7,Sliding
0.25500,3,737.067,68.748,28.633,707.9,Airborne
0.25500,4,675.671,-51.705,28.575,633.8,Sliding
0.25500,5,866.960,3.757,28.575,2001.0,Sliding
0.25500,6,865.151,75.299,28.575,2166.2,Sliding
0.25500,7,838.551,132.799,28.575,1085.2,Sliding
0.25500,8,724.160,3.814,28.575,604.4,Airborne
0.25500,9,682.638,46.346,28.575,181.6,Sliding
0.25500,10,880.666,-60.681,28.575,2812.0,Sliding
0.25500,11,785.771,-94.944,28.575,597.6,Sliding
0.25500,12,793.649,93.201,28.575,510.0,Sliding
0.25500,13,785.644,28.286,28.575,44.1,Rolling
0.25500,14,838.497,-142.783,28.575,1688.2,Sliding
0.25500,15,725.533,-76.404,28.575,1228.3,Sliding
0.26000,0,582.061,0.000,29.093,191.3,Airborne
0.26000,1,645.408,5.693,28.688,665.8,Airborne
0.26000,2,793.785,-30.290,28.575,366.9,Sliding
0.26000,3,736.105,72.150,28.612,707.3,Airborne
0.26000,4,672.942,-53.269,28.575,624.0,Sliding
0.26000,5,876.923,4.335,28.575,1991.2,Sliding
0.26000,6,874.565,80.607,28.575,2156.4,Sliding
0.26000,7,839.232,138.158,28.575,1075.4,Sliding
0.26000,8,722.134,4.380,28.575,397.7,Sliding
0.26000,9,682.048,47.004,28.575,171.9,Sliding
0.26000,10,894.676,-61.513,28.575,2802.2,Sliding
0.26000,11,785.926,-97.904,28.575,587.8,Sliding
0.26000,12,795.639,94.756,28.575,500.2,Sliding
0.26000,13,785.803,28.437,28.575,43.6,Rolling
0.26000,14,839.752,-151.105,28.575,1678.4,Sliding
0.26000,15,722.515,-81.725,28.575,1218.5,Sliding
0.26500,0,582.779,0.000,28.701,166.0,Airborne
0.26500,1,642.480,7.191,29.079,660.0,Airborne
0.26500,2,795.589,-30.444,28.575,357.1,Sliding
0.26500,3,735.142,75.553,28.582,707.3,Airborne
0.26500,4,670.258,-54.810,28.575,614.2,Sliding
0.26500,5,886.838,4.909,28.575,1981.4,Sliding
0.26500,6,883.935,85.890,28.575,2146.6,Sliding
0.26500,7,839.907,143.467,28.575,1065.6,Sliding
0.26500,8,720.249,4.928,28.575,387.9,Sliding
0.26500,9,681.496,47.631,28.575,162.2,Sliding
0.26500,10,908.638,-62.342,28.575,2792.4,Sliding
0.26500,11,786.078,-100.814,28.575,578.0,Sliding
0.26500,12,797.591,96.281,28.575,490.4,Sliding
0.26500,13,785.960,28.586,28.575,43.1,Rolling
0.26500,14,841.001,-159.379,28.575,1668.6,Sliding
0.26500,15,719.521,-87.003,28.575,1208.7,Sliding
0.27000,0,583.083,-0.044,29.010,521.3,Airborne
0.27000,1,639.841,8.626,29.199,237.7,Airborne
0.27000,2,797.343,-30.595,28.575,347.3,Sliding
0.27000,3,734.179,78.956,28.575,707.3,Airborne
0.27000,4,667.616,-56.329,28.575,604.4,Sliding
0.27000,5,896.704,5.481,28.575,1971.6,Sliding
0.27000,6,893.263,91.149,28.575,2136.8,Sliding
0.27000,7,840.576,148.729,28.575,1055.8,Sliding
0.27000,8,718.598,5.215,28.575,269.0,Airborne
0.27000,9,680.914,48.589,28.583,427.1,Airborne
0.27000,10,922.551,-63.169,28.575,2782.5,Sliding
0.27000,11,786.228,-103.676,28.575,568.2,Sliding
0.27000,12,799.504,97.775,28.575,480.6,Sliding
0.27000,13,786.115,28.733,28.575,42.6,Rolling
0.27000,14,842.242,-167.605,28.575,1658.8,Sliding
0.27000,15,716.551,-92.239,28.575,1198.9,Sliding
0.27500,0,580.518,-0.394,29.184,518.0,Airborne
0.27500,1,639.165,9.586,28.894,250.0,Airborne
0.27500,2,799.049,-30.742,28.575,337.5,Sliding
0.27500,3,733.221,82.340,28.575,698.6,Sliding
0.27500,4,665.019,-57.825,28.575,594.6,Sliding
0.27500,5,906.521,6.050,28.575,1961.7,Sliding
0.27500,6,902.549,96.384,28.575,2127.0,Sliding
0.27500,7,841.239,153.941,28.575,1046.0,Sliding
0.27500,8,717.276,5.100,28.575,260.4,Sliding
0.27500,9,680.945,50.724,28.577,427.0,Airborne
0.27500,10,936.415,-63.992,28.575,2772.7,Sliding
0.27500,11,786.376,-106.488,28.575,558.4,Sliding
0.27500,12,801.378,99.240,28.575,470.8,Sliding
0.27500,13,786.269,28.879,28.575,42.1,Rolling
0.27500,14,843.476,-175.782,28.575,1649.0,Sliding
0.27500,15,713.606,-97.432,28.575,1189.1,Sliding
0.28000,0,577.952,-0.744,29.112,519.4,Airborne
0.28000,1,638.488,10.546,28.687,240.5,Airborne
0.28000,2,800.706,-30.885,28.575,327.7,Sliding
0.28000,3,732.276,85.677,28.575,688.8,Sliding
0.28000,4,662.465,-59.298,28.575,584.8,Sliding
0.28000,5,916.288,6.616,28.575,1951.9,Sliding
0.28000,6,911.792,101.595,28.575,2117.2,Sliding
0.28000,7,841.895,159.105,28.575,1036.2,Sliding
0.28000,8,716.004,4.989,28.575,250.6,Sliding
0.28000,9,680.975,52.852,28.575,422.0,Sliding
0.28000,10,950.229,-64.813,28.575,2762.9,Sliding
0.28000,11,786.521,-109.252,28.575,548.6,Sliding
0.28000,12,803.213,100.675,28.575,461.0,Sliding
0.28000,13,786.421,29.023,28.575,41.6,Rolling
0.28000,14,844.703,-183.910,28.575,1639.2,Sliding
0.28000,15,710.685,-102.582,28.575,1179.3,Sliding
0.28500,0,575.386,-1.094,28.795,525.3,Airborne
0.28500,1,637.812,11.506,28.824,234.9,Airborne
0.28500,2,802.314,-31.025,28.575,317.9,Sliding
0.28500,3,731.345,88.967,28.575,679.0,Sliding
0.28500,4,659.954,-60.749,28.575,575.0,Sliding
0.28500,5,926.007,7.179,28.575,1942.1,Sliding
0.28500,6,920.992,106.782,28.575,2107.4,Sliding
0.28500,7,842.546,164.220,28.575,1026.4,Sliding
0.28500,8,714.780,4.881,28.575,240.8,Sliding
0.28500,9,680.995,54.938,28.575,412.4,Sliding
0.28500,10,963.995,-65.631,28.575,2753.1,Sliding
0.28500,11,786.664,-111.967,28.575,538.8,Sliding
0.28500,12,805.009,102.080,28.575,451.2,Sliding
0.28500,13,786.571,29.166,28.575,41.1,Rolling
0.28500,14,845.922,-191.990,28.575,1629.4,Sliding
0.28500,15,707.787,-107.689,28.575,1169.5,Sliding
0.29000,0,572.820,-1.444,28.720,519.4,Airborne
0.29000,1,637.135,12.466,28.715,239.4,Airborne
0.29000,2,803.873,-31.160,28.575,308.1,Sliding
0.29000,3,730.426,92.210,28.575,669.2,Sliding
0.29000,4,657.487,-62.178,28.575,565.2,Sliding
0.29000,5,935.677,7.739,28.575,1932.3,Sliding
0.29000,6,930.149,111.945,28.575,2097.6,Sliding
0.29000,7,843.190,169.287,28.575,1016.6,Sliding
0.29000,8,713.605,4.777,28.575,231.0,Sliding
0.29000,9,681.004,56.977,28.575,402.9,Sliding
0.29000,10,977.712,-66.445,28.575,2743.3,Sliding
0.29000,11,786.804,-114.633,28.575,529.0,Sliding
0.29000,12,806.767,103.454,28.575,441.4,Sliding
0.29000,13,786.720,29.306,28.575,40.7,Rolling
0.29000,14,847.134,-200.022,28.575,1619.6,Sliding
0.29000,15,704.914,-112.754,28.575,1159.7,Sliding
0.29500,0,570.254,-1.795,28.791,518.0,Airborne
0.29500,1,636.459,13.426,28.651,235.5,Airborne
0.29500,2,805.383,-31.292,28.575,298.3,Sliding
0.29500,3,729.520,95.406,28.575,659.4,Sliding
0.29500,4,655.064,-63.584,28.575,555.5,Sliding
0.29500,5,945.298,8.297,28.575,1922.5,Sliding
0.29500,6,939.264,117.083,28.575,2087.8,Sliding
0.29500,7,843.827,174.305,28.575,1006.8,Sliding
0.29500,8,712.479,4.677,28.575,221.2,Sliding
0.29500,9,681.003,58.967,28.575,393.3,Sliding
0.29500,10,991.380,-67.257,28.575,2733.5,Sliding
0.29500,11,786.941,-117.249,28.575,519.2,Sliding
0.29500,12,808.486,104.799,28.575,431.6,Sliding
0.29500,13,786.866,29.445,28.575,40.2,Rolling
0.29500,14,848.338,-208.005,28.575,1609.8,Sliding
0.29500,15,702.065,-117.776,28.575,1149.9,Sliding
0.30000,0,567.688,-2.145,28.616,521.3,Airborne
0.30000,1,635.782,14.385,28.611,237.1,Airborne
0.30000,2,806.844,-31.420,28.575,288.5,Sliding
0.30000,3,728.627,98.554,28.575,649.6,Sliding
0.30000,4,652.684,-64.967,28.575,545.7,Sliding
0.30000,5,954.870,8.851,28.575,1912.7,Sliding
0.30000,6,948.336,122.198,28.575,2078.0,Sliding
0.30000,7,844.459,179.275,28.575,997.0,Sliding
0.30000,8,711.402,4.580,28.575,211.4,Sliding
0.30000,9,680.991,60.909,28.575,383.7,Sliding
0.30000,10,1004.999,-68.066,28.575,2723.7,Sliding
0.30000,11,787.076,-119.817,28.575,509.4,Sliding
0.30000,12,810.166,106.113,28.575,421.8,Sliding
0.30000,13,787.011,29.583,28.575,39.7,Rolling
0.30000,14,849.536,-215.939,28.575,1600.0,Sliding
0.30000,15,699.240,-122.756,28.575,1140.1,Sliding
0.30500,0,565.122,-2.495,28.654,517.9,Airborne
0.30500,1,635.105,15.345,28.597,235.3,Airborne
0.30500,2,808.274,-31.546,28.575,286.6,Rolling
0.30500,3,727.747,101.655,28.575,639.8,Sliding
0.30500,4,650.348,-66.328,28.575,535.9,Sliding
0.30500,5,964.393,9.403,28.575,1902.9,Sliding
0.30500,6,957.365,127.288,28.575,2068.2,Sliding
0.30500,7,845.084,184.195,28.575,987.2,Sliding
0.30500,8,710.373,4.487,28.575,201.6,Sliding
0.30500,9,680.968,62.804,28.575,374.2,Sliding
0.30500,10,1018.569,-68.872,28.575,2713.9,Sliding
0.30500,11,787.209,-122.336,28.575,499.6,Sliding
0.30500,12,811.808,107.398,28.575,412.0,Sliding
0.30500,13,787.154,29.719,28.575,39.2,Rolling
0.30500,14,850.725,-223.825,28.575,1590.2,Sliding
0.30500,15,696.439,-127.692,28.575,1130.3,Sliding
0.31000,0,562.556,-2.845,28.597,518.1,Airborne
0.31000,1,634.429,16.305,28.579,234.9,Airborne
0.31000,2,809.700,-31.671,28.575,286.1,Rolling
0.31000,3,726.880,104.708,28.575,630.0,Sliding
0.31000,4,648.055,-67.667,28.575,526.1,Sliding
0.31000,5,973.867,9.952,28.575,1893.1,Sliding
0.31000,6,966.352,132.354,28.575,2058.4,Sliding
0.31000,7,845.703,189.068,28.575,977.4,Sliding
0.31000,8,709.394,4.398,28.575,191.8,Sliding
0.31000,9,680.934,64.651,28.575,364.7,Sliding
0.31000,10,1032.091,-69.676,28.575,2704.1,Sliding
0.31000,11,787.339,-124.806,28.575,489.8,Sliding
0.31000,12,813.410,108.652,28.575,402.2,Sliding
0.31000,13,787.295,29.853,28.575,38.7,Rolling
0.31000,14,851.908,-231.663,28.575,1580.4,Sliding
0.31000,15,693.663,-132.586,28.575,1120.5,Sliding
0.31500,0,559.990,-3.195,28.585,517.9,Airborne
0.31500,1,633.751,17.264,28.575,234.0,Sliding
0.31500,2,811.124,-31.796,28.575,285.6,Rolling
0.31500,3,726.026,107.715,28.575,620.2,Sliding
0.31500,4,645.806,-68.983,28.575,516.3,Sliding
0.31500,5,983.292,10.498,28.575,1883.3,Sliding
0.31500,6,975.296,137.396,28.575,2048.5,Sliding
0.31500,7,846.316,193.891,28.575,967.6,Sliding
0.31500,8,708.464,4.312,28.575,182.0,Sliding
0.31500,9,680.889,66.450,28.575,355.2,Sliding
0.31500,10,1045.563,-70.476,28.575,2694.3,Sliding
0.31500,11,787.467,-127.227,28.575,479.9,Sliding
0.31500,12,814.974,109.877,28.575,392.3,Sliding
0.31500,13,787.435,29.985,28.575,38.2,Rolling
0.31500,14,853.083,-239.452,28.575,1570.6,Sliding
0.31500,15,690.910,-137.438,28.575,1110.7,Sliding
0.32000,0,557.424,-3.545,28.575,517.9,Airborne
0.32000,1,633.055,18.194,28.575,230.7,Sliding
0.32000,2,812.545,-31.921,28.575,285.2,Rolling
0.32000,3,725.185,110.674,28.575,610.3,Sliding
0.32000,4,643.600,-70.276,28.575,506.5,Sliding
0.32000,5,992.669,11.042,28.575,1873.5,Sliding
0.32000,6,984.197,142.414,28.575,2038.7,Sliding
0.32000,7,846.923,198.666,28.575,957.7,Sliding
0.32000,8,707.582,4.230,28.575,172.2,Sliding
0.32000,9,680.833,68.202,28.575,345.8,Rolling
0.32000,10,1058.986,-71.274,28.575,2684.5,Sliding
0.32000,11,787.592,-129.599,28.575,470.1,Sliding
0.32000,12,816.503,111.074,28.575,386.3,Rolling
0.32000,13,787.573,30.115,28.575,37.7,Rolling
0.32000,14,854.251,-247.193,28.575,1560.7,Sliding
0.32000,15,688.182,-142.246,28.575,1100.9,Sliding
0.32500,0,554.876,-3.894,28.575,509.7,Sliding
0.32500,1,632.332,19.082,28.575,227.7,Sliding
0.32500,2,813.964,-32.046,28.575,284.7,Rolling
0.32500,3,724.358,113.586,28.575,600.5,Sliding
0.32500,4,641.438,-71.547,28.575,496.7,Sliding
0.32500,5,1001.996,11.582,28.575,1863.7,Sliding
0.32500,6,993.056,147.408,28.575,2028.9,Sliding
0.32500,7,847.523,203.392,28.575,947.9,Sliding
0.32500,8,706.743,4.151,28.575,167.2,Rolling
0.32500,9,680.772,69.928,28.575,345.3,Rolling
0.32500,10,1072.360,-72.068,28.575,2674.7,Sliding
0.32500,11,787.714,-131.922,28.575,460.3,Sliding
0.32500,12,818.022,112.264,28.575,385.8,Rolling
0.32500,13,787.708,30.244,28.575,37.2,Rolling
0.32500,14,855.412,-254.885,28.575,1550.9,Sliding
0.32500,15,685.478,-147.012,28.575,1091.0,Sliding
0.33000,0,552.375,-4.241,28.575,500.0,Sliding
0.33000,1,631.582,19.930,28.575,225.1,Sliding
0.33000,2,815.381,-32.171,28.575,284.2,Rolling
0.33000,3,723.543,116.450,28.575,590.7,Sliding
0.33000,4,639.320,-72.795,28.575,486.9,Sliding
0.33000,5,1011.274,12.120,28.575,1853.9,Sliding
0.33000,6,1001.872,152.377,28.575,2019.1,Sliding
0.33000,7,848.117,208.070,28.575,938.1,Sliding
0.33000,8,705.912,4.073,28.575,166.8,Rolling
0.33000,9,680.712,71.653,28.575,344.9,Rolling
0.33000,10,1085.686,-72.860,28.575,2664.9,Sliding
0.33000,11,787.834,-134.196,28.575,450.5,Sliding
0.33000,12,819.540,113.452,28.575,385.3,Rolling
0.33000,13,787.843,30.372,28.575,36.7,Rolling
0.33000,14,856.565,-262.529,28.575,1541.1,Sliding
0.33000,15,682.798,-151.736,28.575,1081.2,Sliding
0.33500,0,549.924,-4.585,28.575,490.2,Sliding
0.33500,1,630.805,20.736,28.575,222.9,Sliding
0.33500,2,816.795,-32.295,28.575,283.7,Rolling
0.33500,3,722.741,119.267,28.575,580.9,Sliding
0.33500,4,637.245,-74.021,28.575,477.1,Sliding
0.33500,5,1020.504,12.655,28.575,1844.1,Sliding
0.33500,6,1010.645,157.323,28.575,2009.3,Sliding
0.33500,7,848.705,212.699,28.575,928.3,Sliding
0.33500,8,705.083,3.995,28.575,166.3,Rolling
0.33500,9,680.651,73.375,28.575,344.4,Rolling
0.33500,10,1098.962,-73.649,28.575,2655.1,Sliding
0.33500,11,787.952,-136.425,28.575,444.8,Rolling
0.33500,12,821.055,114.639,28.575,384.8,Rolling
0.33500,13,787.975,30.497,28.575,36.2,Rolling
0.33500,14,857.711,-270.124,28.575,1531.3,Sliding
0.33500,15,680.142,-156.416,28.575,1071.4,Sliding
0.34000,0,547.522,-4.927,28.575,480.4,Sliding
0.34000,1,630.002,21.501,28.575,221.1,Sliding
0.34000,2,818.207,-32.419,28.575,283.2,Rolling
0.34000,3,721.952,122.037,28.575,571.1,Sliding
0.34000,4,635.213,-75.225,28.575,468.4,Rolling
0.34000,5,1029.684,13.187,28.575,1834.3,Sliding
0.34000,6,1019.376,162.244,28.575,1999.5,Sliding
0.34000,7,849.286,217.279,28.575,918.5,Sliding
0.34000,8,704.256,3.918,28.575,165.8,Rolling
0.34000,9,680.590,75.094,28.575,343.9,Rolling
0.34000,10,1112.190,-74.435,28.575,2645.3,Sliding
0.34000,11,788.070,-138.645,28.575,444.3,Rolling
0.34000,12,822.569,115.825,28.575,384.3,Rolling
0.34000,13,788.106,30.621,28.575,35.8,Rolling
0.34000,14,858.850,-277.670,28.575,1521.5,Sliding
0.34000,15,677.510,-161.054,28.575,1061.6,Sliding
0.34500,0,545.168,-5.266,28.575,470.7,Sliding
0.34500,1,629.177,22.233,28.575,220.2,Rolling
0.34500,2,819.616,-32.543,28.575,282.7,Rolling
0.34500,3,721.176,124.760,28.575,561.3,Sliding
0.34500,4,633.199,-76.419,28.575,467.9,Rolling
0.34500,5,1038.815,13.716,28.575,1824.5,Sliding
0.34500,6,1028.064,167.141,28.575,1989.7,Sliding
0.34500,7,849.862,221.811,28.575,908.7,Sliding
0.34500,8,703.432,3.840,28.575,165.3,Rolling
0.34500,9,680.530,76.811,28.575,343.4,Rolling
0.34500,10,1125.368,-75.218,28.575,2635.4,Sliding
0.34500,11,788.187,-140.862,28.575,443.8,Rolling
0.34500,12,824.081,117.009,28.575,383.8,Rolling
0.34500,13,788.234,30.743,28.575,35.3,Rolling
0.34500,14,859.982,-285.169,28.575,1511.7,Sliding
0.34500,15,674.902,-165.650,28.575,1051.8,Sliding
0.35000,0,542.864,-5.603,28.575,460.9,Sliding
0.35000,1,628.353,22.961,28.575,219.7,Rolling
0.35000,2,821.023,-32.667,28.575,282.2,Rolling
0.35000,3,720.413,127.435,28.575,551.5,Sliding
0.35000,4,631.188,-77.611,28.575,467.4,Rolling
0.35000,5,1047.898,14.242,28.575,1814.6,Sliding
0.35000,6,1036.709,172.014,28.575,1979.9,Sliding
0.35000,7,850.431,226.294,28.575,898.9,Sliding
0.35000,8,702.611,3.763,28.575,164.8,Rolling
0.35000,9,680.470,78.526,28.575,342.9,Rolling
0.35000,10,1138.498,-75.998,28.575,2625.6,Sliding
0.35000,11,788.304,-143.076,28.575,443.3,Rolling
0.35000,12,825.591,118.191,28.575,383.3,Rolling
0.35000,13,788.361,30.864,28.575,34.8,Rolling
0.35000,14,861.106,-292.618,28.575,1501.9,Sliding
0.35000,15,672.319,-170.202,28.575,1042.0,Sliding
0.35500,0,540.608,-5.937,28.575,451.1,Sliding
0.35500,1,627.530,23.687,28.575,219.2,Rolling
0.35500,2,822.428,-32.790,28.575,281.7,Rolling
0.35500,3,719.663,130.063,28.575,541.7,Sliding
0.35500,4,629.179,-78.803,28.575,467.0,Rolling
0.35500,5,1056.931,14.766,28.575,1804.8,Sliding
0.35500,6,1045.311,176.863,28.575,1970.1,Sliding
0.35500,7,850.994,230.728,28.575,889.1,Sliding
0.35500,8,701.792,3.686,28.575,164.3,Rolling
0.35500,9,680.409,80.238,28.575,342.4,Rolling
0.35500,10,1151.578,-76.775,28.575,2615.8,Sliding
0.35500,11,788.421,-145.288,28.575,442.8,Rolling
0.35500,12,827.099,119.372,28.575,382.8,Rolling
0.35500,13,788.487,30.983,28.575,34.3,Rolling
0.35500,14,862.222,-300.020,28.575,1492.1,Sliding
0.35500,15,669.759,-174.712,28.575,1032.2,Sliding
0.36000,0,538.402,-6.269,28.575,441.4,Sliding
0.36000,1,626.709,24.411,28.575,218.7,Rolling
0.36000,2,823.830,-32.914,28.575,281.2,Rolling
0.36000,3,718.926,132.644,28.575,531.9,Sliding
0.36000,4,627.172,-79.993,28.575,466.5,Rolling
0.36000,5,1065.916,15.287,28.575,1795.0,Sliding
0.36000,6,1053.871,181.688,28.575,1960.3,Sliding
0.36000,7,851.550,235.114,28.575,879.3,Sliding
0.36000,8,700.975,3.610,28.575,163.8,Rolling
0.36000,9,680.349,81.948,28.575,341.9,Rolling
0.36000,10,1164.610,-77.549,28.575,2606.0,Sliding
0.36000,11,788.538,-147.498,28.575,442.3,Rolling
0.36000,12,828.605,120.552,28.575,382.3,Rolling
0.36000,13,788.610,31.100,28.575,33.8,Rolling
0.36000,14,863.332,-307.372,28.575,1482.3,Sliding
0.36000,15,667.224,-179.179,28.575,1022.4,Sliding
0.36500,0,536.244,-6.598,28.575,431.6,Sliding
0.36500,1,625.890,25.134,28.575,218.2,Rolling
0.36500,2,825.229,-33.037,28.575,280.7,Rolling
0.36500,3,718.202,135.178,28.575,522.1,Sliding
0.36500,4,625.166,-81.182,28.575,466.0,Rolling
0.36500,5,1074.852,15.805,28.575,1785.2,Sliding
0.36500,6,1062.388,186.488,28.575,1950.5,Sliding
0.36500,7,852.101,239.451,28.575,869.5,Sliding
0.36500,8,700.161,3.533,28.575,163.3,Rolling
0.36500,9,680.289,83.655,28.575,341.4,Rolling
0.36500,10,1177.593,-78.321,28.575,2596.2,Sliding
0.36500,11,788.655,-149.705,28.575,441.8,Rolling
0.36500,12,830.109,121.730,28.575,381.9,Rolling
0.36500,13,788.732,31.215,28.575,33.3,Rolling
0.36500,14,864.434,-314.677,28.575,1472.5,Sliding
0.36500,15,664.713,-183.604,28.575,1012.6,Sliding
0.37000,0,534.136,-6.924,28.575,421.9,Sliding
0.37000,1,625.073,25.855,28.575,217.7,Rolling
0.37000,2,826.626,-33.159,28.575,280.3,Rolling
0.37000,3,717.491,137.664,28.575,512.3,Sliding
0.37000,4,623.163,-82.370,28.575,465.5,Rolling
0.37000,5,1083.738,16.320,28.575,1775.4,Sliding
0.37000,6,1070.863,191.265,28.575,1940.7,Sliding
0.37000,7,852.645,243.740,28.575,859.7,Sliding
0.37000,8,699.349,3.457,28.575,162.8,Rolling
0.37000,9,680.229,85.360,28.575,340.9,Rolling
0.37000,10,1190.526,-79.089,28.575,2586.4,Sliding
0.37000,11,788.771,-151.910,28.575,441.3,Rolling
0.37000,12,831.611,122.906,28.575,381.4,Rolling
0.37000,13,788.852,31.329,28.575,32.8,Rolling
0.37000,14,865.529,-321.932,28.575,1462.7,Sliding
0.37000,15,662.226,-187.986,28.575,1002.8,Sliding
0.37500,0,532.076,-7.249,28.575,412.1,Sliding
0.37500,1,624.257,26.575,28.575,217.3,Rolling
0.37500,2,828.021,-33.282,28.575,279.8,Rolling
0.37500,3,716.791,140.111,28.575,507.9,Rolling
0.37500,4,621.163,-83.556,28.575,465.0,Rolling
0.37500,5,1092.576,16.832,28.575,1765.6,Sliding
0.37500,6,1079.295,196.017,28.575,1930.9,Sliding
0.37500,7,853.183,247.980,28.575,849.9,Sliding
0.37500,8,698.540,3.381,28.575,162.3,Rolling
0.37500,9,680.169,87.062,28.575,340.4,Rolling
0.37500,10,1203.411,-79.855,28.575,2576.6,Sliding
0.37500,11,788.888,-154.112,28.575,440.8,Rolling
0.37500,12,833.112,124.081,28.575,380.9,Rolling
0.37500,13,788.970,31.441,28.575,32.3,Rolling
0.37500,14,866.616,-329.140,28.575,1452.9,Sliding
0.37500,15,659.763,-192.325,28.575,993.0,Sliding
0.38000,0,530.065,-7.570,28.575,402.4,Sliding
0.38000,1,623.444,27.293,28.575,216.8,Rolling
0.38000,2,829.413,-33.404,28.575,279.3,Rolling
0.38000,3,716.093,142.551,28.575,507.4,Rolling
0.38000,4,619.164,-84.742,28.575,464.5,Rolling
0.38000,5,1101.365,17.341,28.575,1755.8,Sliding
0.38000,6,1087.684,200.745,28.575,1921.1,Sliding
0.38000,7,853.714,252.171,28.575,840.1,Sliding
0.38000,8,697.733,3.305,28.575,161.8,Rolling
0.38000,9,680.109,88.762,28.575,340.0,Rolling
0.38000,10,1216.247,-80.618,28.575,2566.8,Sliding
0.38000,11,789.004,-156.312,28.575,440.3,Rolling
0.38000,12,834.610,125.254,28.575,380.4,Rolling
0.38000,13,789.086,31.551,28.575,31.8,Rolling
0.38000,14,867.696,-336.299,28.575,1443.1,Sliding
0.38000,15,657.324,-196.621,28.575,983.2,Sliding
0.38500,0,528.104,-7.889,28.575,392.6,Sliding
0.38500,1,622.632,28.009,28.575,216.3,Rolling
0.38500,2,830.803,-33.527,28.575,278.8,Rolling
0.38500,3,715.395,144.989,28.575,506.9,Rolling
0.38500,4,617.167,-85.926,28.575,464.0,Rolling
0.38500,5,1110.105,17.848,28.575,1746.0,Sliding
0.38500,6,1096.030,205.449,28.575,1911.3,Sliding
0.38500,7,854.240,256.314,28.575,830.3,Sliding
0.38500,8,696.928,3.229,28.575,161.4,Rolling
0.38500,9,680.049,90.460,28.575,339.5,Rolling
0.38500,10,1229.034,-81.378,28.575,2557.0,Sliding
0.38500,11,789.120,-158.509,28.575,439.8,Rolling
0.38500,12,836.106,126.426,28.575,379.9,Rolling
0.38500,13,789.201,31.660,28.575,31.3,Rolling
0.38500,14,868.769,-343.409,28.575,1433.3,Sliding
0.38500,15,654.909,-200.875,28.575,973.4,Sliding
0.39000,0,526.191,-8.206,28.575,382.9,Sliding
0.39000,1,621.822,28.724,28.575,215.8,Rolling
0.39000,2,832.190,-33.649,28.575,278.3,Rolling
0.39000,3,714.698,147.424,28.575,506.4,Rolling
0.39000,4,615.173,-87.108,28.575,463.5,Rolling
0.39000,5,1118.796,18.352,28.575,1736.2,Sliding
0.39000,6,1104.334,210.129,28.575,1901.4,Sliding
0.39000,7,854.759,260.408,28.575,820.5,Sliding
0.39000,8,696.126,3.154,28.575,160.9,Rolling
0.39000,9,679.990,92.155,28.575,339.0,Rolling
0.39000,10,1241.201,-82.133,28.654,1741.4,Airborne
0.39000,11,789.236,-160.704,28.575,439.4,Rolling
0.39000,12,837.601,127.597,28.575,379.4,Rolling
0.39000,13,789.314,31.767,28.575,30.9,Rolling
0.39000,14,869.835,-350.471,28.575,1423.5,Sliding
0.39000,15,652.519,-205.086,28.575,963.6,Sliding
0.39500,0,524.327,-8.520,28.575,373.1,Sliding
0.39500,1,621.014,29.437,28.575,215.3,Rolling
0.39500,2,833.575,-33.770,28.575,277.8,Rolling
0.39500,3,714.002,149.857,28.575,505.9,Rolling
0.39500,4,613.180,-88.290,28.575,463.0,Rolling
0.39500,5,1127.438,18.853,28.575,1726.4,Sliding
0.39500,6,1112.595,214.785,28.575,1891.6,Sliding
0.39500,7,855.272,264.453,28.575,810.6,Sliding
0.39500,8,695.327,3.079,28.575,160.4,Rolling
0.39500,9,679.930,93.847,28.575,338.5,Rolling
0.39500,10,1233.012,-82.828,31.405,1725.9,Airborne
0.39500,11,789.352,-162.897,28.575,438.9,Rolling
0.39500,12,839.093,128.766,28.575,378.9,Rolling
0.39500,13,789.425,31.872,28.575,30.4,Rolling
0.39500,14,870.893,-357.484,28.575,1413.6,Sliding
0.39500,15,650.152,-209.254,28.575,953.8,Sliding
0.40000,0,522.512,-8.832,28.575,363.4,Sliding
0.40000,1,620.208,30.148,28.575,214.8,Rolling
0.40000,2,834.958,-33.892,28.575,277.3,Rolling
0.40000,3,713.306,152.288,28.575,505.4,Rolling
0.40000,4,611.190,-89.470,28.575,462.5,Rolling
0.40000,5,1136.031,19.351,28.575,1716.6,Sliding
0.40000,6,1120.814,219.416,28.575,1881.8,Sliding
0.40000,7,855.779,268.450,28.575,800.8,Sliding
0.40000,8,694.530,3.004,28.575,159.9,Rolling
0.40000,9,679.871,95.538,28.575,338.0,Rolling
0.40000,10,1224.822,-83.522,33.912,1711.6,Airborne
0.40000,11,789.468,-165.087,28.575,438.4,Rolling
0.40000,12,840.584,129.933,28.575,378.4,Rolling
0.40000,13,789.534,31.976,28.575,29.9,Rolling
0.40000,14,871.944,-364.449,28.575,1403.8,Sliding
0.40000,15,647.810,-213.380,28.575,943.9,Sliding
0.40500,0,520.747,-9.141,28.575,353.7,Sliding
0.40500,1,619.403,30.858,28.575,214.3,Rolling
0.40500,2,836.338,-34.013,28.575,276.8,Rolling
0.40500,3,712.612,154.716,28.575,504.9,Rolling
0.40500,4,609.202,-90.649,28.575,462.1,Rolling
0.40500,5,1144.575,19.846,28.575,1706.8,Sliding
0.40500,6,1128.989,224.024,28.575,1872.0,Sliding
0.40500,7,856.280,272.403,28.575,795.4,Rolling
0.40500,8,693.735,2.930,28.575,159.4,Rolling
0.40500,9,679.811,97.225,28.575,337.5,Rolling
0.40500,10,1216.633,-84.216,36.173,1698.6,Airborne
0.40500,11,789.584,-167.274,28.575,437.9,Rolling
0.40500,12,842.073,131.099,28.575,377.9,Rolling
0.40500,13,789.641,32.078,28.575,29.4,Rolling
0.40500,14,872.987,-371.365,28.575,1394.0,Sliding
0.40500,15,645.492,-217.463,28.575,934.1,Sliding
0.41000,0,519.030,-9.448,28.575,343.9,Sliding
0.41000,1,618.601,31.566,28.575,213.8,Rolling
0.41000,2,837.715,-34.134,28.575,276.3,Rolling
0.41000,3,711.917,157.142,28.575,504.4,Rolling
0.41000,4,607.215,-91.827,28.575,461.6,Rolling
0.41000,5,1153.070,20.339,28.575,1697.0,Sliding
0.41000,6,1137.122,228.607,28.575,1862.2,Sliding
0.41000,7,856.780,276.347,28.575,794.9,Rolling
0.41000,8,692.943,2.855,28.575,158.9,Rolling
0.41000,9,679.752,98.910,28.575,337.0,Rolling
0.41000,10,1208.443,-84.911,38.190,1686.9,Airborne
0.41000,11,789.699,-169.460,28.575,437.4,Rolling
0.41000,12,843.560,132.263,28.575,377.4,Rolling
0.41000,13,789.747,32.178,28.575,28.9,Rolling
0.41000,14,874.024,-378.233,28.575,1384.2,Sliding
0.41000,15,643.198,-221.503,28.575,924.3,Sliding
0.41500,0,517.362,-9.752,28.575,334.2,Sliding
0.41500,1,617.800,32.273,28.575,213.3,Rolling
0.41500,2,839.090,-34.255,28.575,275.8,Rolling
0.41500,3,711.224,159.566,28.575,503.9,Rolling
0.41500,4,605.231,-93.003,28.575,461.1,Rolling
0.41500,5,1161.516,20.828,28.575,1687.2,Sliding
0.41500,6,1145.213,233.166,28.575,1852.4,Sliding
0.41500,7,857.279,280.289,28.575,794.4,Rolling
0.41500,8,692.153,2.781,28.575,158.4,Rolling
0.41500,9,679.693,100.593,28.575,336.5,Rolling
0.41500,10,1200.253,-85.605,39.961,1676.5,Airborne
0.41500,11,789.815,-171.642,28.575,436.9,Rolling
0.41500,12,845.044,133.426,28.575,377.0,Rolling
0.41500,13,789.851,32.277,28.575,28.4,Rolling
0.41500,14,875.052,-385.053,28.575,1374.4,Sliding
0.41500,15,640.928,-225.501,28.575,914.5,Sliding
0.42000,0,515.743,-10.053,28.575,324.5,Sliding
0.42000,1,617.001,32.978,28.575,212.8,Rolling
0.42000,2,840.463,-34.376,28.575,275.3,Rolling
0.42000,3,710.531,161.987,28.575,503.4,Rolling
0.42000,4,603.249,-94.178,28.575,460.6,Rolling
0.42000,5,1169.913,21.315,28.575,1677.4,Sliding
0.42000,6,1153.260,237.701,28.575,1842.6,Sliding
0.42000,7,857.779,284.228,28.575,793.9,Rolling
0.42000,8,691.365,2.707,28.575,157.9,Rolling
0.42000,9,679.633,102.274,28.575,336.0,Rolling
0.42000,10,1192.064,-86.300,41.487,1667.6,Airborne
0.42000,11,789.930,-173.822,28.575,436.4,Rolling
0.42000,12,846.527,134.587,28.575,376.5,Rolling
0.42000,13,789.953,32.374,28.575,27.9,Rolling
0.42000,14,876.074,-391.824,28.575,1364.6,Sliding
0.42000,15,638.682,-229.456,28.575,904.7,Sliding
0.42500,0,514.173,-10.352,28.575,314.8,Sliding
0.42500,1,616.204,33.681,28.575,212.4,Rolling
0.42500,2,841.833,-34.496,28.575,274.9,Rolling
0.42500,3,709.839,164.406,28.575,503.0,Rolling
0.42500,4,601.270,-95.352,28.575,460.1,Rolling
0.42500,5,1178.261,21.799,28.575,1667.5,Sliding
0.42500,6,1161.265,242.212,28.575,1832.8,Sliding
0.42500,7,858.278,288.165,28.575,793.4,Rolling
0.42500,8,690.580,2.633,28.575,157.4,Rolling
0.42500,9,679.574,103.951,28.575,335.5,Rolling
0.42500,10,1183.874,-86.994,42.768,1660.0,Airborne
0.42500,11,790.045,-176.000,28.575,435.9,Rolling
0.42500,12,848.008,135.747,28.575,376.0,Rolling
0.42500,13,790.054,32.469,28.575,27.4,Rolling
0.42500,14,877.088,-398.546,28.575,1354.8,Sliding
0.42500,15,636.460,-233.368,28.575,894.9,Sliding
0.43000,0,512.652,-10.649,28.575,305.1,Sliding
0.43000,1,615.409,34.383,28.575,211.9,Rolling
0.43000,2,843.201,-34.617,28.575,274.4,Rolling
0.43000,3,709.147,166.822,28.575,502.5,Rolling
0.43000,4,599.292,-96.525,28.575,459.6,Rolling
0.43000,5,1186.560,22.280,28.575,1657.7,Sliding
0.43000,6,1169.228,246.699,28.575,1823.0,Sliding
0.43000,7,858.777,292.099,28.575,792.9,Rolling
0.43000,8,689.798,2.560,28.575,156.9,Rolling
0.43000,9,679.515,105.627,28.575,335.0,Rolling
0.43000,10,1175.684,-87.688,43.803,1653.9,Airborne
0.43000,11,790.160,-178.176,28.575,435.4,Rolling
0.43000,12,849.487,136.906,28.575,375.5,Rolling
0.43000,13,790.152,32.563,28.575,26.9,Rolling
0.43000,14,878.095,-405.220,28.575,1345.0,Sliding
0.43000,15,634.263,-237.238,28.575,885.1,Sliding
0.43500,0,511.180,-10.943,28.575,295.4,Sliding
0.43500,1,614.616,35.083,28.575,211.4,Rolling
0.43500,2,844.566,-34.737,28.575,273.9,Rolling
0.43500,3,708.456,169.237,28.575,502.0,Rolling
0.43500,4,597.316,-97.697,28.575,459.1,Rolling
0.43500,5,1194.811,22.758,28.575,1647.9,Sliding
0.43500,6,1177.148,251.162,28.575,1813.2,Sliding
0.43500,7,859.275,296.032,28.575,792.5,Rolling
0.43500,8,689.018,2.486,28.575,156.5,Rolling
0.43500,9,679.457,107.300,28.575,334.6,Rolling
0.43500,10,1167.495,-88.383,44.594,1649.2,Airborne
0.43500,11,790.275,-180.349,28.575,434.9,Rolling
0.43500,12,850.964,138.062,28.575,375.0,Rolling
0.43500,13,790.249,32.654,28.575,26.4,Rolling
0.43500,14,879.095,-411.846,28.575,1335.2,Sliding
0.43500,15,632.087,-241.069,28.575,879.3,Rolling
0.44000,0,509.757,-11.235,28.575,285.7,Sliding
0.44000,1,613.824,35.782,28.575,210.9,Rolling
0.44000,2,845.929,-34.857,28.575,273.4,Rolling
0.44000,3,707.766,171.648,28.575,501.5,Rolling
0.44000,4,595.343,-98.867,28.575,458.6,Rolling
0.44000,5,1203.012,23.234,28.575,1638.1,Sliding
0.44000,6,1185.024,255.600,28.575,1803.4,Sliding
0.44000,7,859.773,299.961,28.575,792.0,Rolling
0.44000,8,688.240,2.413,28.575,156.0,Rolling
0.44000,9,679.398,108.970,28.575,334.1,Rolling
0.44000,10,1159.305,-89.077,45.139,1646.0,Airborne
0.44000,11,790.390,-182.519,28.575,434.5,Rolling
0.44000,12,852.440,139.218,28.575,374.5,Rolling
0.44000,13,790.344,32.744,28.575,25.9,Rolling
0.44000,14,880.087,-418.423,28.575,1325.4,Sliding
0.44000,15,629.917,-244.891,28.575,878.8,Rolling
0.44500,0,508.383,-11.524,28.575,276.0,Sliding
0.44500,1,613.034,36.478,28.575,210.4,Rolling
0.44500,2,847.290,-34.976,28.575,272.9,Rolling
0.44500,3,707.077,174.058,28.575,501.0,Rolling
0.44500,4,593.372,-100.036,28.575,458.1,Rolling
0.44500,5,1211.164,23.707,28.575,1628.3,Sliding
0.44500,6,1192.859,260.015,28.575,1793.6,Sliding
0.44500,7,860.271,303.888,28.575,791.5,Rolling
0.44500,8,687.465,2.341,28.575,155.5,Rolling
0.44500,9,679.339,110.638,28.575,333.6,Rolling
0.44500,10,1151.115,-89.772,45.439,1644.2,Airborne
0.44500,11,790.504,-184.687,28.575,434.0,Rolling
0.44500,12,853.913,140.372,28.575,374.0,Rolling
0.44500,13,790.437,32.833,28.575,25.5,Rolling
0.44500,14,881.072,-424.951,28.575,1315.6,Sliding
0.44500,15,627.748,-248.710,28.575,878.3,Rolling
0.45000,0,507.058,-11.810,28.575,266.3,Sliding
0.45000,1,612.247,37.174,28.575,209.9,Rolling
0.45000,2,848.648,-35.096,28.575,272.4,Rolling
0.45000,3,706.388,176.465,28.575,500.5,Rolling
0.45000,4,591.402,-101.203,28.575,457.6,Rolling
0.45000,5,1219.268,24.176,28.575,1618.5,Sliding
0.45000,6,1200.650,264.405,28.575,1783.8,Sliding
0.45000,7,860.769,307.813,28.575,791.0,Rolling
0.45000,8,686.692,2.268,28.575,155.0,Rolling
0.45000,9,679.280,112.304,28.575,333.1,Rolling
0.45000,10,1142.926,-90.466,45.494,1643.9,Airborne
0.45000,11,790.619,-186.853,28.575,433.5,Rolling
0.45000,12,855.384,141.524,28.575,373.5,Rolling
0.45000,13,790.529,32.920,28.575,25.0,Rolling
0.45000,14,882.050,-431.431,28.575,1305.8,Sliding
0.45000,15,625.579,-252.528,28.575,877.8,Rolling
0.45500,0,505.782,-12.095,28.575,256.6,Sliding
0.45500,1,611.461,37.867,28.575,209.4,Rolling
0.45500,2,850.003,-35.215,28.575,271.9,Rolling
0.45500,3,705.700,178.870,28.575,500.0,Rolling
0.45500,4,589.435,-102.370,28.575,457.2,Rolling
0.45500,5,1227.322,24.643,28.575,1608.7,Sliding
0.45500,6,1208.399,268.771,28.575,1774.0,Sliding
0.45500,7,861.266,311.735,28.575,790.5,Rolling
0.45500,8,685.922,2.196,28.575,154.5,Rolling
0.45500,9,679.222,113.967,28.575,332.6,Rolling
0.45500,10,1134.736,-91.160,45.304,1645.0,Airborne
0.45500,11,790.733,-189.016,28.575,433.0,Rolling
0.45500,12,856.854,142.675,28.575,373.0,Rolling
0.45500,13,790.618,33.005,28.575,24.5,Rolling
0.45500,14,883.020,-437.863,28.575,1296.0,Sliding
0.45500,15,623.413,-256.344,28.575,877.3,Rolling
0.46000,0,504.555,-12.376,28.575,247.0,Sliding
0.46000,1,610.676,38.559,28.575,208.9,Rolling
0.46000,2,851.356,-35.334,28.575,271.4,Rolling
0.46000,3,705.012,181.272,28.575,499.5,Rolling
0.46000,4,587.470,-103.535,28.575,456.7,Rolling
0.46000,5,1235.328,25.108,28.575,1598.9,Sliding
0.46000,6,1216.106,273.113,28.575,1764.2,Sliding
0.46000,7,861.763,315.655,28.575,790.0,Rolling
0.46000,8,685.154,2.124,28.575,154.0,Rolling
0.46000,9,679.163,115.628,28.575,332.1,Rolling
0.46000,10,1126.547,-91.855,44.869,1647.6,Airborne
0.46000,11,790.848,-191.176,28.575,432.5,Rolling
0.46000,12,858.321,143.824,28.575,372.5,Rolling
0.46000,13,790.706,33.088,28.575,24.0,Rolling
0.46000,14,883.983,-444.246,28.575,1286.2,Sliding
0.46000,15,621.247,-260.157,28.575,876.8,Rolling
0.46500,0,503.377,-12.655,28.575,237.3,Sliding
0.46500,1,609.894,39.250,28.575,208.4,Rolling
0.46500,2,852.707,-35.452,28.575,270.9,Rolling
0.46500,3,704.326,183.672,28.575,499.0,Rolling
0.46500,4,585.507,-104.699,28.575,456.2,Rolling
0.46500,5,1240.198,25.551,28.928,1091.5,Airborne
0.46500,6,1223.769,277.431,28.575,1754.3,Sliding
0.46500,7,862.259,319.573,28.575,789.5,Rolling
0.46500,8,684.389,2.052,28.575,153.5,Rolling
0.46500,9,679.105,117.286,28.575,331.6,Rolling
0.46500,10,1118.357,-92.549,44.188,1651.6,Airborne
0.46500,11,790.962,-193.335,28.575,432.0,Rolling
0.46500,12,859.787,144.972,28.575,372.0,Rolling
0.46500,13,790.792,33.170,28.575,23.5,Rolling
0.46500,14,884.939,-450.580,28.575,1276.4,Sliding
0.46500,15,619.082,-263.968,28.575,876.4,Rolling
0.47000,0,502.247,-12.932,28.575,227.7,Sliding
0.47000,1,609.114,39.938,28.575,207.9,Rolling
0.47000,2,854.055,-35.571,28.575,270.4,Rolling
0.47000,3,703.639,186.070,28.575,498.5,Rolling
0.47000,4,583.546,-105.862,28.575,455.7,Rolling
0.47000,5,1234.958,25.933,30.286,1079.3,Airborne
0.47000,6,1231.390,281.724,28.575,1744.5,Sliding
0.47000,7,862.756,323.488,28.575,789.0,Rolling
0.47000,8,683.626,1.980,28.575,153.0,Rolling
0.47000,9,679.047,118.942,28.575,331.1,Rolling
0.47000,10,1110.167,-93.244,43.262,1657.1,Airborne
0.47000,11,791.076,-195.490,28.575,431.5,Rolling
0.47000,12,861.250,146.118,28.575,371.6,Rolling
0.47000,13,790.877,33.250,28.575,23.0,Rolling
0.47000,14,885.888,-456.867,28.575,1266.5,Sliding
0.47000,15,616.919,-267.777,28.575,875.9,Rolling
0.47500,0,501.167,-13.206,28.575,218.1,Sliding
0.47500,1,608.335,40.626,28.575,207.5,Rolling
0.47500,2,855.401,-35.689,28.575,270.0,Rolling
0.47500,3,702.954,188.465,28.575,498.1,Rolling
0.47500,4,581.588,-107.023,28.575,455.2,Rolling
0.47500,5,1229.719,26.316,31.397,1069.1,Airborne
0.47500,6,1238.968,285.994,28.575,1734.7,Sliding
0.47500,7,863.251,327.400,28.575,788.5,Rolling
0.47500,8,682.865,1.909,28.575,152.5,Rolling
0.47500,9,678.988,120.595,28.575,330.6,Rolling
0.47500,10,1101.978,-93.938,42.092,1664.0,Airborne
0.47500,11,791.190,-197.644,28.575,431.0,Rolling
0.47500,12,862.712,147.262,28.575,371.1,Rolling
0.47500,13,790.959,33.328,28.575,22.5,Rolling
0.47500,14,886.829,-463.104,28.575,1256.7,Sliding
0.47500,15,614.757,-271.584,28.575,875.4,Rolling
0.48000,0,500.136,-13.477,28.575,208.5,Sliding
0.48000,1,607.558,41.311,28.575,207.0,Rolling
0.48000,2,856.745,-35.807,28.575,269.5,Rolling
0.48000,3,702.269,190.858,28.575,497.6,Rolling
0.48000,4,579.631,-108.184,28.575,454.7,Rolling
0.48000,5,1224.480,26.698,32.264,1061.1,Airborne
0.48000,6,1238.072,289.753,29.512,1245.8,Airborne
0.48000,7,863.747,331.311,28.575,788.0,Rolling
0.48000,8,682.107,1.837,28.575,152.0,Rolling
0.48000,9,678.930,122.246,28.575,330.1,Rolling
0.48000,10,1093.788,-94.632,40.676,1672.4,Airborne
0.48000,11,791.303,-199.795,28.575,430.5,Rolling
0.48000,12,864.172,148.406,28.575,370.6,Rolling
0.48000,13,791.040,33.405,28.575,22.0,Rolling
0.48000,14,887.762,-469.293,28.575,1246.9,Sliding
0.48000,15,612.596,-275.389,28.575,874.9,Rolling
0.48500,0,499.154,-13.746,28.575,198.9,Sliding
0.48500,1,606.783,41.995,28.575,206.5,Rolling
0.48500,2,858.086,-35.925,28.575,269.0,Rolling
0.48500,3,701.585,193.249,28.575,497.1,Rolling
0.48500,4,577.677,-109.342,28.575,454.2,Rolling
0.48500,5,1219.240,27.081,32.886,1055.4,Airborne
0.48500,6,1233.103,293.274,30.695,1236.4,Airborne
0.48500,7,864.243,335.218,28.575,787.6,Rolling
0.48500,8,681.351,1.766,28.575,151.6,Rolling
0.48500,9,678.872,123.895,28.575,329.7,Rolling
0.48500,10,1085.598,-95.327,39.014,1682.1,Airborne
0.48500,11,791.417,-201.943,28.575,430.0,Rolling
0.48500,12,865.629,149.547,28.575,370.1,Rolling
0.48500,13,791.119,33.480,28.575,21.5,Rolling
0.48500,14,888.689,-475.434,28.575,1237.1,Sliding
0.48500,15,610.437,-279.192,28.575,874.4,Rolling
0.49000,0,498.220,-14.013,28.575,189.4,Sliding
0.49000,1,606.010,42.677,28.575,206.0,Rolling
0.49000,2,859.424,-36.043,28.575,268.5,Rolling
0.49000,3,700.902,195.637,28.575,496.6,Rolling
0.49000,4,575.724,-110.500,28.575,453.7,Rolling
0.49000,5,1214.001,27.463,33.262,1051.9,Airborne
0.49000,6,1228.133,296.795,31.633,1229.0,Airborne
0.49000,7,864.738,339.124,28.575,787.1,Rolling
0.49000,8,680.598,1.696,28.575,151.1,Rolling
0.49000,9,678.814,125.541,28.575,329.2,Rolling
0.49000,10,1077.409,-96.021,37.108,1693.2,Airborne
0.49000,11,791.530,-204.089,28.575,429.6,Rolling
0.49000,12,867.085,150.687,28.575,369.6,Rolling
0.49000,13,791.196,33.553,28.575,21.0,Rolling
0.49000,14,889.608,-481.527,28.575,1228.7,Rolling
0.49000,15,608.278,-282.993,28.575,873.9,Rolling
0.49500,0,497.325,-14.277,28.575,185.9,Rolling
0.49500,1,605.239,43.358,28.575,205.5,Rolling
0.49500,2,860.760,-36.160,28.575,268.0,Rolling
0.49500,3,700.219,198.023,28.575,496.1,Rolling
0.49500,4,573.774,-111.657,28.575,453.2,Rolling
0.49500,5,1208.762,27.846,33.394,1050.7,Airborne
0.49500,6,1223.163,300.316,32.326,1223.4,Airborne
0.49500,7,865.232,343.026,28.575,786.6,Rolling
0.49500,8,679.848,1.625,28.575,150.6,Rolling
0.49500,9,678.756,127.184,28.575,328.7,Rolling
0.49500,10,1069.219,-96.716,34.956,1705.6,Airborne
0.49500,11,791.644,-206.233,28.575,429.1,Rolling
0.49500,12,868.539,151.826,28.575,369.1,Rolling
0.49500,13,791.272,33.625,28.575,20.6,Rolling
0.49500,14,890.524,-487.600,28.575,1228.2,Rolling
0.49500,15,606.121,-286.791,28.575,873.4,Rolling
0.50000,0,496.435,-14.541,28.575,185.4,Rolling
0.50000,1,604.469,44.037,28.575,205.0,Rolling
0.50000,2,862.094,-36.278,28.575,267.5,Rolling
0.50000,3,699.537,200.407,28.575,495.6,Rolling
0.50000,4,571.826,-112.812,28.575,452.7,Rolling
0.50000,5,1203.522,28.228,33.280,1051.7,Airborne
0.50000,6,1218.194,303.837,32.774,1219.8,Airborne
0.50000,7,865.727,346.927,28.575,786.1,Rolling
0.50000,8,679.099,1.555,28.575,150.1,Rolling
0.50000,9,678.699,128.826,28.575,328.2,Rolling
0.50000,10,1061.029,-97.410,32.560,1719.3,Airborne
0.50000,11,791.757,-208.374,28.575,428.6,Rolling
0.50000,12,869.991,152.963,28.575,368.6,Rolling
0.50000,13,791.345,33.695,28.575,20.1,Rolling
0.50000,14,891.440,-493.671,28.575,1227.7,Rolling
0.50000,15,603.965,-290.588,28.575,872.9,Rolling
0.50500,0,495.547,-14.804,28.575,184.9,Rolling
0.50500,1,603.701,44.714,28.575,204.5,Rolling
0.50500,2,863.425,-36.395,28.575,267.0,Rolling
0.50500,3,698.855,202.788,28.575,495.1,Rolling
0.50500,4,569.880,-113.966,28.575,452.2,Rolling
0.50500,5,1198.283,28.611,32.921,1055.1,Airborne
0.50500,6,1213.224,307.358,32.976,1218.2,Airborne
0.50500,7,866.221,350.825,28.575,785.6,Rolling
0.50500,8,678.353,1.485,28.575,149.6,Rolling
0.50500,9,678.641,130.464,28.575,327.7,Rolling
0.50500,10,1052.840,-98.104,29.918,1734.3,Airborne
0.50500,11,791.870,-210.512,28.575,428.1,Rolling
0.50500,12,871.441,154.099,28.575,368.1,Rolling
0.50500,13,791.417,33.763,28.575,19.6,Rolling
0.50500,14,892.356,-499.740,28.575,1227.2,Rolling
0.50500,15,601.810,-294.382,28.575,872.4,Rolling
0.51000,0,494.662,-15.066,28.575,184.4,Rolling
0.51000,1,602.936,45.390,28.575,204.0,Rolling
0.51000,2,864.754,-36.512,28.575,266.5,Rolling
0.51000,3,698.175,205.167,28.575,494.6,Rolling
0.51000,4,567.936,-115.119,28.575,451.8,Rolling
0.51000,5,1195.763,28.891,32.172,204.2,Airborne
0.51000,6,1208.255,310.879,32.934,1218.6,Airborne
0.51000,7,866.715,354.720,28.575,785.1,Rolling
0.51000,8,677.610,1.415,28.575,149.1,Rolling
0.51000,9,678.583,132.100,28.575,327.2,Rolling
0.51000,10,1044.650,-98.799,29.448,1674.7,Airborne
0.51000,11,791.983,-212.648,28.575,427.6,Rolling
0.51000,12,872.889,155.233,28.575,367.6,Rolling
0.51000,13,788.768,33.931,28.686,1025.1,Airborne
0.51000,14,893.271,-505.806,28.575,1226.7,Rolling
0.51000,15,599.656,-298.174,28.575,871.9,Rolling
0.51500,0,493.779,-15.328,28.575,184.0,Rolling
0.51500,1,602.172,46.064,28.575,203.5,Rolling
0.51500,2,866.080,-36.628,28.575,266.0,Rolling
0.51500,3,697.495,207.543,28.575,494.1,Rolling
0.51500,4,565.994,-116.270,28.575,451.3,Rolling
0.51500,5,1195.711,29.080,31.048,252.5,Airborne
0.51500,6,1203.285,314.400,32.646,1220.9,Airborne
0.51500,7,867.208,358.614,28.575,784.6,Rolling
0.51500,8,676.869,1.345,28.575,148.6,Rolling
0.51500,9,678.526,133.734,28.575,326.7,Rolling
0.51500,10,1036.461,-99.493,30.925,1666.0,Airborne
0.51500,11,792.096,-214.782,28.575,427.1,Rolling
0.51500,12,874.336,156.366,28.575,367.1,Rolling
0.51500,13,783.652,34.192,28.710,1024.8,Airborne
0.51500,14,894.186,-511.870,28.575,1226.3,Rolling
0.51500,15,597.504,-301.964,28.575,871.5,Rolling
0.52000,0,492.898,-15.589,28.575,183.5,Rolling
0.52000,1,601.410,46.737,28.575,203.0,Rolling
0.52000,2,867.404,-36.745,28.575,265.5,Rolling
0.52000,3,696.815,209.917,28.575,493.6,Rolling
0.52000,4,564.054,-117.420,28.575,450.8,Rolling
0.52000,5,1195.658,29.268,29.678,301.0,Airborne
0.52000,6,1198.315,317.921,32.113,1225.1,Airborne
0.52000,7,867.701,362.504,28.575,784.1,Rolling
0.52000,8,676.130,1.276,28.575,148.1,Rolling
0.52000,9,678.468,135.366,28.575,326.2,Rolling
0.52000,10,1028.271,-100.187,32.157,1658.7,Airborne
0.52000,11,792.209,-216.914,28.575,426.6,Rolling
0.52000,12,875.780,157.497,28.575,366.7,Rolling
0.52000,13,778.535,34.452,28.612,1024.8,Airborne
0.52000,14,895.101,-517.932,28.575,1225.8,Rolling
0.52000,15,595.353,-305.752,28.575,871.0,Rolling
0.52500,0,492.020,-15.849,28.575,183.0,Rolling
0.52500,1,600.649,47.408,28.575,202.5,Rolling
0.52500,2,868.725,-36.861,28.575,265.1,Rolling
0.52500,3,696.137,212.289,28.575,493.1,Rolling
0.52500,4,562.117,-118.569,28.575,450.3,Rolling
0.52500,5,1195.606,29.457,28.864,189.0,Airborne
0.52500,6,1193.346,321.442,31.335,1231.4,Airborne
0.52500,7,868.194,366.393,28.575,783.6,Rolling
0.52500,8,675.394,1.207,28.575,147.6,Rolling
0.52500,9,678.411,136.994,28.575,325.7,Rolling
0.52500,10,1020.081,-100.882,33.145,1652.9,Airborne
0.52500,11,792.321,-219.042,28.575,426.1,Rolling
0.52500,12,877.222,158.626,28.575,366.2,Rolling
0.52500,13,773.418,34.713,28.586,1025.1,Airborne
0.52500,14,896.015,-523.991,28.575,1225.3,Rolling
0.52500,15,593.203,-309.537,28.575,870.5,Rolling
0.53000,0,491.144,-16.108,28.575,182.5,Rolling
0.53000,1,599.891,48.077,28.575,202.1,Rolling
0.53000,2,870.044,-36.977,28.575,264.6,Rolling
0.53000,3,695.459,214.659,28.575,492.7,Rolling
0.53000,4,560.181,-119.717,28.575,449.8,Rolling
0.53000,5,1195.553,29.645,29.666,141.4,Airborne
0.53000,6,1188.376,324.963,30.312,1239.5,Airborne
0.53000,7,868.687,370.278,28.575,783.1,Rolling
0.53000,8,674.660,1.138,28.575,147.1,Rolling
0.53000,9,678.354,138.621,28.575,325.2,Rolling
0.53000,10,1011.892,-101.576,33.887,1648.5,Airborne
0.53000,11,792.434,-221.169,28.575,425.6,Rolling
0.53000,12,878.663,159.754,28.575,365.7,Rolling
0.53000,13,768.302,34.973,28.580,1024.7,Airborne
0.53000,14,896.928,-530.047,28.575,1224.8,Rolling
0.53000,15,591.054,-313.321,28.575,870.0,Rolling
0.53500,0,490.270,-16.367,28.575,182.0,Rolling
0.53500,1,599.134,48.745,28.575,201.6,Rolling
0.53500,2,871.360,-37.092,28.575,264.1,Rolling
0.53500,3,694.781,217.026,28.575,492.2,Rolling
0.53500,4,558.248,-120.863,28.575,449.3,Rolling
0.53500,5,1195.501,29.834,30.223,95.2,Airborne
0.53500,6,1183.406,328.484,29.044,1249.5,Airborne
0.53500,7,869.179,374.162,28.575,782.7,Rolling
0.53500,8,673.929,1.069,28.575,146.6,Rolling
0.53500,9,678.297,140.245,28.575,324.8,Rolling
0.53500,10,1003.702,-102.271,34.384,1645.5,Airborne
0.53500,11,792.546,-223.293,28.575,425.1,Rolling
0.53500,12,880.101,160.881,28.575,365.2,Rolling
0.53500,13,763.185,35.234,28.575,1024.7,Airborne
0.53500,14,897.842,-536.101,28.575,1224.3,Rolling
0.53500,15,588.907,-317.102,28.575,869.5,Rolling
0.54000,0,489.399,-16.625,28.575,181.5,Rolling
0.54000,1,598.380,49.411,28.575,201.1,Rolling
0.54000,2,872.675,-37.208,28.575,263.6,Rolling
0.54000,3,694.105,219.390,28.575,491.7,Rolling
0.54000,4,556.316,-122.009,28.575,448.8,Rolling
0.54000,5,1195.448,30.023,30.534,54.4,Airborne
0.54000,6,1178.437,332.005,29.113,1226.5,Airborne
0.54000,7,869.671,378.043,28.575,782.2,Rolling
0.54000,8,673.200,1.001,28.575,146.2,Rolling
0.54000,9,678.239,141.866,28.575,324.3,Rolling
0.54000,10,995.512,-102.965,34.635,1644.0,Airborne
0.54000,11,792.658,-225.414,28.575,424.6,Rolling
0.54000,12,881.538,162.006,28.575,364.7,Rolling
0.54000,13,758.089,35.493,28.575,1015.7,Sliding
0.54000,14,898.755,-542.153,28.575,1223.8,Rolling
0.54000,15,586.760,-320.882,28.575,869.0,Rolling
0.54500,0,488.530,-16.882,28.575,181.0,Rolling
0.54500,1,597.627,50.075,28.575,200.6,Rolling
0.54500,2,873.986,-37.323,28.575,263.1,Rolling
0.54500,3,693.429,221.753,28.575,491.2,Rolling
0.54500,4,554.387,-123.153,28.575,448.3,Rolling
0.54500,5,1195.396,30.211,30.601,40.7,Airborne
0.54500,6,1173.467,335.526,29.709,1221.8,Airborne
0.54500,7,870.163,381.921,28.575,781.7,Rolling
0.54500,8,672.474,0.932,28.575,145.7,Rolling
0.54500,9,678.182,143.485,28.575,323.8,Rolling
0.54500,10,987.323,-103.659,34.642,1644.0,Airborne
0.54500,11,792.770,-227.533,28.575,424.2,Rolling
0.54500,12,882.972,163.130,28.575,364.2,Rolling
0.54500,13,753.041,35.751,28.575,1005.9,Sliding
0.54500,14,899.668,-548.203,28.575,1223.3,Rolling
0.54500,15,584.615,-324.659,28.575,868.5,Rolling
0.55000,0,487.663,-17.139,28.575,180.5,Rolling
0.55000,1,596.876,50.738,28.575,200.1,Rolling
0.55000,2,875.295,-37.438,28.575,262.6,Rolling
0.55000,3,692.753,224.113,28.575,490.7,Rolling
0.55000,4,552.460,-124.295,28.575,447.8,Rolling
0.55000,5,1195.343,30.400,30.422,71.9,Airborne
0.55000,6,1168.497,339.047,30.059,1219.0,Airborne
0.55000,7,870.654,385.797,28.575,781.2,Rolling
0.55000,8,671.750,0.864,28.575,145.2,Rolling
0.55000,9,678.125,145.102,28.575,323.3,Rolling
0.55000,10,979.133,-104.354,34.403,1645.4,Airborne
0.55000,11,792.882,-229.650,28.575,423.7,Rolling
0.55000,12,884.405,164.252,28.575,363.7,Rolling
0.55000,13,748.043,36.006,28.575,996.1,Sliding
0.55000,14,900.580,-554.249,28.575,1222.8,Rolling
0.55000,15,582.471,-328.434,28.575,868.0,Rolling
0.55500,0,486.799,-17.395,28.575,180.0,Rolling
0.55500,1,596.126,51.399,28.575,199.6,Rolling
0.55500,2,876.602,-37.553,28.575,262.1,Rolling
0.55500,3,692.079,226.470,28.575,490.2,Rolling
0.55500,4,550.535,-125.437,28.575,447.3,Rolling
0.55500,5,1195.291,30.588,29.998,116.1,Airborne
0.55500,6,1163.528,342.568,30.164,1218.1,Airborne
0.55500,7,871.145,389.671,28.575,780.7,Rolling
0.55500,8,671.029,0.797,28.575,144.7,Rolling
0.55500,9,678.069,146.716,28.575,322.8,Rolling
0.55500,10,970.943,-105.048,33.919,1648.3,Airborne
0.55500,11,792.994,-231.764,28.575,423.2,Rolling
0.55500,12,885.836,165.372,28.575,363.2,Rolling
0.55500,13,743.093,36.260,28.575,986.3,Sliding
0.55500,14,901.492,-560.294,28.575,1222.3,Rolling
0.55500,15,580.329,-332.207,28.575,867.5,Rolling
0.56000,0,485.937,-17.650,28.575,179.5,Rolling
0.56000,1,595.379,52.059,28.575,199.1,Rolling
0.56000,2,877.906,-37.668,28.575,261.6,Rolling
0.56000,3,691.405,228.825,28.575,489.7,Rolling
0.56000,4,548.612,-126.577,28.575,446.9,Rolling
0.56000,5,1195.238,30.777,29.329,163.1,Airborne
0.56000,6,1158.558,346.089,30.023,1219.2,Airborne
0.56000,7,871.636,393.542,28.575,780.2,Rolling
0.56000,8,670.310,0.729,28.575,144.2,Rolling
0.56000,9,678.012,148.328,28.575,322.3,Rolling
0.56000,10,962.754,-105.743,33.190,1652.6,Airborne
0.56000,11,793.106,-233.876,28.575,422.7,Rolling
0.56000,12,887.265,166.491,28.575,362.7,Rolling
0.56000,13,738.193,36.512,28.575,976.5,Sliding
0.56000,14,902.403,-566.336,28.575,1221.8,Rolling
0.56000,15,578.187,-335.978,28.575,867.0,Rolling
0.56500,0,485.077,-17.905,28.575,179.1,Rolling
0.56500,1,594.633,52.716,28.575,198.6,Rolling
0.56500,2,879.208,-37.782,28.575,261.1,Rolling
0.56500,3,690.731,231.178,28.575,489.2,Rolling
0.56500,4,546.692,-127.716,28.575,446.4,Rolling
0.56500,5,1195.186,30.965,28.667,118.7,Airborne
0.56500,6,1153.588,349.609,29.638,1222.3,Airborne
0.56500,7,872.126,397.411,28.575,779.7,Rolling
0.56500,8,669.593,0.662,28.575,143.7,Rolling
0.56500,9,677.955,149.937,28.575,321.8,Rolling
0.56500,10,954.564,-106.437,32.216,1658.4,Airborne
0.56500,11,793.217,-235.985,28.575,422.2,Rolling
0.56500,12,888.692,167.609,28.575,362.2,Rolling
0.56500,13,733.341,36.761,28.575,966.7,Sliding
0.56500,14,903.315,-572.376,28.575,1221.4,Rolling
0.56500,15,576.047,-339.746,28.575,866.6,Rolling
0.57000,0,484.220,-18.159,28.575,178.6,Rolling
0.57000,1,593.890,53.373,28.575,198.1,Rolling
0.57000,2,880.508,-37.897,28.575,260.6,Rolling
0.57000,3,690.059,233.529,28.575,488.7,Rolling
0.57000,4,544.773,-128.854,28.575,445.9,Rolling
0.57000,5,1195.133,31.154,29.104,74.2,Airborne
0.57000,6,1148.619,353.130,29.007,1227.4,Airborne
0.57000,7,872.616,401.278,28.575,779.2,Rolling
0.57000,8,668.879,0.595,28.575,143.2,Rolling
0.57000,9,677.899,151.544,28.575,321.3,Rolling
0.57000,10,946.375,-107.131,30.997,1665.6,Airborne
0.57000,11,793.329,-238.092,28.575,421.7,Rolling
0.57000,12,890.117,168.725,28.575,361.8,Rolling
0.57000,13,728.539,37.009,28.575,956.9,Sliding
0.57000,14,904.225,-578.413,28.575,1220.9,Rolling
0.57000,15,573.908,-343.513,28.575,866.1,Rolling
0.57500,0,483.365,-18.412,28.575,178.1,Rolling
0.57500,1,593.148,54.027,28.575,197.6,Rolling
0.57500,2,881.805,-38.011,28.575,260.1,Rolling
0.57500,3,689.387,235.877,28.575,488.2,Rolling
0.57500,4,542.856,-129.990,28.575,445.4,Rolling
0.57500,5,1195.081,31.342,29.297,41.6,Airborne
0.57500,6,1143.649,356.651,28.797,1220.9,Airborne
0.57500,7,873.106,405.142,28.575,778.7,Rolling
0.57500,8,668.167,0.528,28.575,142.7,Rolling
0.57500,9,677.842,153.148,28.575,320.8,Rolling
0.57500,10,938.185,-107.826,29.532,1674.2,Airborne
0.57500,11,793.440,-240.196,28.575,421.2,Rolling
0.57500,12,891.540,169.839,28.575,361.3,Rolling
0.57500,13,723.785,37.254,28.575,947.1,Sliding
0.57500,14,905.136,-584.448,28.575,1220.4,Rolling
0.57500,15,571.770,-347.277,28.575,865.6,Rolling
0.58000,0,482.513,-18.664,28.575,177.6,Rolling
0.58000,1,592.408,54.681,28.575,197.2,Rolling
0.58000,2,883.099,-38.124,28.575,259.7,Rolling
0.58000,3,688.715,238.223,28.575,487.8,Rolling
0.58000,4,540.942,-131.125,28.575,444.9,Rolling
0.58000,5,1195.028,31.531,29.244,52.5,Airborne
0.58000,6,1138.679,360.172,29.089,1218.6,Airborne
0.58000,7,873.596,409.003,28.575,778.2,Rolling
0.58000,8,667.458,0.461,28.575,142.2,Rolling
0.58000,9,677.786,154.750,28.575,320.3,Rolling
0.58000,10,929.995,-108.520,28.991,1654.4,Airborne
0.58000,11,793.551,-242.298,28.575,420.7,Rolling
0.58000,12,892.961,170.952,28.575,360.8,Rolling
0.58000,13,719.081,37.498,28.575,937.3,Sliding
0.58000,14,906.046,-590.480,28.575,1219.9,Rolling
0.58000,15,569.633,-351.039,28.575,865.1,Rolling
0.58500,0,481.662,-18.916,28.575,177.1,Rolling
0.58500,1,591.669,55.332,28.575,196.7,Rolling
0.58500,2,884.391,-38.238,28.575,259.2,Rolling
0.58500,3,688.045,240.567,28.575,487.3,Rolling
0.58500,4,539.030,-132.259,28.575,444.4,Rolling
0.58500,5,1194.976,31.719,28.946,92.8,Airborne
0.58500,6,1133.710,363.693,29.135,1218.2,Airborne
0.58500,7,874.085,412.862,28.575,777.7,Rolling
0.58500,8,666.751,0.395,28.575,141.7,Rolling
0.58500,9,677.729,156.350,28.575,319.8,Rolling
0.58500,10,921.806,-109.215,29.802,1649.6,Airborne
0.58500,11,793.662,-244.398,28.575,420.2,Rolling
0.58500,12,894.380,172.064,28.575,360.3,Rolling
0.58500,13,714.425,37.739,28.575,927.5,Sliding
0.58500,14,906.956,-596.510,28.575,1219.4,Rolling
0.58500,15,567.498,-354.800,28.575,864.6,Rolling
0.59000,0,480.815,-19.167,28.575,176.6,Rolling
0.59000,1,590.933,55.982,28.575,196.2,Rolling
0.59000,2,885.681,-38.351,28.575,258.7,Rolling
0.59000,3,687.375,242.908,28.575,486.8,Rolling
0.59000,4,537.119,-133.392,28.575,443.9,Rolling
0.59000,5,1194.923,31.908,28.664,70.4,Airborne
0.59000,6,1128.740,367.214,28.936,1219.8,Airborne
0.59000,7,874.574,416.719,28.575,777.3,Rolling
0.59000,8,666.047,0.329,28.575,141.3,Rolling
0.59000,9,677.673,157.947,28.575,319.4,Rolling
0.59000,10,913.616,-109.909,30.368,1646.2,Airborne
0.59000,11,793.773,-246.495,28.575,419.7,Rolling
0.59000,12,895.797,173.174,28.575,359.8,Rolling
0.59000,13,709.819,37.978,28.575,917.6,Sliding
0.59000,14,907.865,-602.537,28.575,1218.9,Rolling
0.59000,15,565.364,-358.558,28.575,864.1,Rolling
0.59500,0,479.969,-19.418,28.575,176.1,Rolling
0.59500,1,588.729,56.882,28.579,556.3,Airborne
0.59500,2,886.968,-38.465,28.575,258.2,Rolling
0.59500,3,686.706,245.246,28.575,486.3,Rolling
0.59500,4,535.107,-134.624,28.577,638.4,Airborne
0.59500,5,1194.871,32.096,28.834,40.3,Airborne
0.59500,6,1123.770,370.735,28.620,1219.4,Airborne
0.59500,7,875.062,420.573,28.575,776.8,Rolling
0.59500,8,663.835,-0.937,28.580,458.2,Airborne
0.59500,9,677.617,159.541,28.575,318.9,Rolling
0.59500,10,905.426,-110.603,30.689,1644.3,Airborne
0.59500,11,793.884,-248.589,28.575,419.3,Rolling
0.59500,12,897.213,174.282,28.575,359.3,Rolling
0.59500,13,708.329,39.265,28.638,340.1,Airborne
0.59500,14,908.716,-604.990,28.919,843.2,Airborne
0.59500,15,563.231,-362.313,28.575,863.6,Rolling
0.60000,0,479.126,-19.668,28.575,175.6,Rolling
0.60000,1,586.123,57.851,28.575,553.7,Sliding
0.60000,2,888.253,-38.578,28.575,257.7,Rolling
0.60000,3,686.037,247.583,28.575,485.8,Rolling
0.60000,4,532.489,-136.438,28.575,633.2,Sliding
0.60000,5,1194.818,32.285,28.759,55.6,Airborne
0.60000,6,1118.801,374.256,28.778,1218.1,Airborne
0.60000,7,875.551,424.425,28.575,776.3,Rolling
0.60000,8,661.791,-1.972,28.575,457.0,Sliding
0.60000,9,677.561,161.133,28.575,318.4,Rolling
0.60000,10,897.237,-111.298,30.764,1643.8,Airborne
0.60000,11,793.994,-250.681,28.575,418.8,Rolling
0.60000,12,898.626,175.389,28.575,358.8,Rolling
0.60000,13,707.687,40.839,28.597,340.1,Airborne
0.60000,14,909.460,-600.945,29.723,833.8,Airborne
0.60000,15,561.099,-366.067,28.575,863.1,Rolling
0.60500,0,478.285,-19.917,28.575,175.1,Rolling
0.60500,1,583.553,58.814,28.575,544.1,Sliding
0.60500,2,889.535,-38.690,28.575,257.2,Rolling
0.60500,3,685.369,249.917,28.575,485.3,Rolling
0.60500,4,529.902,-138.221,28.575,623.5,Sliding
0.60500,5,1194.766,32.474,28.634,47.2,Airborne
0.60500,6,1113.831,377.777,28.691,1218.8,Airborne
0.60500,7,876.039,428.274,28.575,775.8,Rolling
0.60500,8,659.772,-2.989,28.575,447.3,Sliding
0.60500,9,677.505,162.723,28.575,317.9,Rolling
0.60500,10,889.047,-111.992,30.595,1644.8,Airborne
0.60500,11,794.105,-252.771,28.575,418.3,Rolling
0.60500,12,900.038,176.494,28.575,358.3,Rolling
0.60500,13,707.044,42.413,28.577,340.2,Airborne
0.60500,14,910.204,-596.900,30.281,827.2,Airborne
0.60500,15,558.968,-369.819,28.575,862.6,Rolling
0.61000,0,477.447,-20.165,28.575,174.6,Rolling
0.61000,1,581.031,59.769,28.575,534.5,Sliding
0.61000,2,890.815,-38.803,28.575,256.7,Rolling
0.61000,3,684.702,252.249,28.575,484.8,Rolling
0.61000,4,527.351,-139.970,28.575,613.9,Sliding
0.61000,5,1194.713,32.662,28.644,45.2,Airborne
0.61000,6,1108.862,381.298,28.643,1218.2,Airborne
0.61000,7,876.526,432.121,28.575,775.3,Rolling
0.61000,8,657.792,-3.976,28.575,437.7,Sliding
0.61000,9,677.449,164.310,28.575,317.4,Rolling
0.61000,10,880.857,-112.687,30.180,1647.3,Airborne
0.61000,11,794.215,-254.858,28.575,417.8,Rolling
0.61000,12,901.447,177.598,28.575,357.8,Rolling
0.61000,13,706.401,43.987,28.575,339.1,Sliding
0.61000,14,910.948,-592.855,30.594,823.5,Airborne
0.61000,15,556.839,-373.568,28.575,862.1,Rolling
0.61500,0,476.611,-20.413,28.575,174.1,Rolling
0.61500,1,578.557,60.715,28.575,524.9,Sliding
0.61500,2,892.092,-38.915,28.575,256.2,Rolling
0.61500,3,684.035,254.578,28.575,484.3,Rolling
0.61500,4,524.834,-141.686,28.575,604.2,Sliding
0.61500,5,1194.661,32.851,28.609,39.2,Airborne
0.61500,6,1103.892,384.819,28.575,1218.3,Airborne
0.61500,7,877.013,435.966,28.575,774.8,Rolling
0.61500,8,655.851,-4.934,28.575,428.0,Sliding
0.61500,9,677.393,165.895,28.575,316.9,Rolling
0.61500,10,872.668,-113.381,29.520,1651.2,Airborne
0.61500,11,794.325,-256.943,28.575,417.3,Rolling
0.61500,12,902.855,178.701,28.575,357.3,Rolling
0.61500,13,705.738,45.534,28.575,334.2,Sliding
0.61500,14,911.692,-588.810,30.662,822.7,Airborne
0.61500,15,554.711,-377.315,28.575,861.6,Rolling
0.62000,0,475.777,-20.659,28.575,173.7,Rolling
0.62000,1,576.132,61.654,28.575,515.3,Sliding
0.62000,2,893.367,-39.027,28.575,255.7,Rolling
0.62000,3,683.369,256.905,28.575,483.8,Rolling
0.62000,4,522.353,-143.367,28.575,594.6,Sliding
0.62000,5,1194.608,33.039,28.582,40.5,Airborne
0.62000,6,1098.922,388.340,28.579,1218.1,Airborne
0.62000,7,877.501,439.808,28.575,774.3,Rolling
0.62000,8,653.950,-5.862,28.575,418.4,Sliding
0.62000,9,677.338,167.477,28.575,316.4,Rolling
0.62000,10,864.478,-114.075,28.615,1656.6,Airborne
0.62000,11,794.436,-259.025,28.575,416.8,Rolling
0.62000,12,904.261,179.801,28.575,356.8,Rolling
0.62000,13,705.045,47.042,28.575,329.6,Sliding
0.62000,14,912.436,-584.764,30.485,824.8,Airborne
0.62000,15,552.584,-381.061,28.575,861.2,Rolling
0.62500,0,474.946,-20.906,28.575,173.2,Rolling
0.62500,1,573.756,62.584,28.575,505.7,Sliding
0.62500,2,894.640,-39.139,28.575,255.2,Rolling
0.62500,3,682.704,259.230,28.575,483.3,Rolling
0.62500,4,519.908,-145.014,28.575,584.9,Sliding
0.62500,5,1194.556,33.228,28.575,39.1,Airborne
0.62500,6,1093.953,391.861,28.576,1218.1,Airborne
0.62500,7,877.987,443.647,28.575,773.8,Rolling
0.62500,8,652.087,-6.761,28.575,408.8,Sliding
0.62500,9,677.282,169.057,28.575,315.9,Rolling
0.62500,10,856.288,-114.770,29.060,1645.6,Airborne
0.62500,11,794.546,-261.105,28.575,416.3,Rolling
0.62500,12,905.664,180.901,28.575,356.4,Rolling
0.62500,13,704.322,48.510,28.575,325.3,Sliding
0.62500,14,913.180,-580.719,30.063,829.8,Airborne
0.62500,15,550.458,-384.804,28.575,860.7,Rolling
0.63000,0,474.117,-21.151,28.575,172.7,Rolling
0.63000,1,571.427,63.506,28.575,496.1,Sliding
0.63000,2,895.910,-39.251,28.575,254.8,Rolling
0.63000,3,682.040,261.552,28.575,482.9,Rolling
0.63000,4,517.497,-146.626,28.575,575.4,Rolling
0.63000,5,1194.525,33.417,28.575,38.2,Sliding
0.63000,6,1088.994,395.380,28.575,1212.2,Sliding
0.63000,7,878.474,447.484,28.575,773.3,Rolling
0.63000,8,650.264,-7.631,28.575,399.2,Sliding
0.63000,9,677.226,170.635,28.575,315.4,Rolling
0.63000,10,848.099,-115.464,29.324,1644.0,Airborne
0.63000,11,794.655,-263.183,28.575,415.8,Rolling
0.63000,12,907.066,181.999,28.575,355.9,Rolling
0.63000,13,703.570,49.940,28.575,321.1,Sliding
0.63000,14,913.924,-576.674,29.395,837.6,Airborne
0.63000,15,548.333,-388.545,28.575,860.2,Rolling
0.63500,0,473.290,-21.396,28.575,172.2,Rolling
0.63500,1,569.147,64.420,28.575,486.5,Sliding
0.63500,2,897.178,-39.362,28.575,254.3,Rolling
0.63500,3,681.376,263.872,28.575,482.4,Rolling
0.63500,4,515.104,-148.222,28.575,574.9,Rolling
0.63500,5,1194.544,33.609,28.575,39.5,Sliding
0.63500,6,1084.081,398.892,28.575,1203.5,Sliding
0.63500,7,878.960,451.319,28.575,772.8,Rolling
0.63500,8,648.480,-8.471,28.575,389.6,Sliding
0.63500,9,677.171,172.210,28.575,314.9,Rolling
0.63500,10,839.909,-116.159,29.343,1643.9,Airborne
0.63500,11,794.765,-265.258,28.575,415.3,Rolling
0.63500,12,908.466,183.095,28.575,355.4,Rolling
0.63500,13,702.788,51.331,28.575,317.2,Sliding
0.63500,14,914.668,-572.629,28.629,830.9,Airborne
0.63500,15,546.210,-392.283,28.575,859.7,Rolling
0.64000,0,472.466,-21.640,28.575,171.7,Rolling
0.64000,1,566.915,65.326,28.575,476.9,Sliding
0.64000,2,898.443,-39.473,28.575,253.8,Rolling
0.64000,3,680.713,266.189,28.575,481.9,Rolling
0.64000,4,512.714,-149.816,28.575,574.4,Rolling
0.64000,5,1194.611,33.803,28.575,43.1,Sliding
0.64000,6,1079.216,402.397,28.575,1194.8,Sliding
0.64000,7,879.446,455.152,28.575,772.4,Rolling
0.64000,8,646.736,-9.281,28.575,380.0,Sliding
0.64000,9,677.116,173.782,28.575,314.5,Rolling
0.64000,10,831.720,-116.853,29.117,1645.3,Airborne
0.64000,11,794.875,-267.330,28.575,414.8,Rolling
0.64000,12,909.864,184.190,28.575,354.9,Rolling
0.64000,13,701.976,52.683,28.575,313.6,Sliding
0.64000,14,915.412,-568.584,29.092,825.4,Airborne
0.64000,15,544.088,-396.020,28.575,859.2,Rolling
0.64500,0,471.644,-21.884,28.575,171.2,Rolling
0.64500,1,564.732,66.223,28.575,467.4,Sliding
0.64500,2,899.706,-39.584,28.575,253.3,Rolling
0.64500,3,680.050,268.504,28.575,481.4,Rolling
0.64500,4,510.325,-151.409,28.575,574.0,Rolling
0.64500,5,1194.727,33.999,28.575,48.5,Sliding
0.64500,6,1074.400,405.894,28.575,1186.0,Sliding
0.64500,7,879.931,458.981,28.575,771.9,Rolling
0.64500,8,645.030,-10.063,28.575,370.4,Sliding
0.64500,9,677.060,175.352,28.575,314.0,Rolling
0.64500,10,823.530,-117.547,28.645,1648.1,Airborne
0.64500,11,794.984,-269.400,28.575,414.4,Rolling
0.64500,12,911.260,185.283,28.575,354.4,Rolling
0.64500,13,701.135,53.996,28.575,310.2,Sliding
0.64500,14,916.156,-564.539,29.310,822.8,Airborne
0.64500,15,541.967,-399.755,28.575,858.7,Rolling
0.65000,0,470.824,-22.126,28.575,170.7,Rolling
0.65000,1,562.597,67.113,28.575,457.8,Sliding
0.65000,2,900.966,-39.695,28.575,252.8,Rolling
0.65000,3,679.388,270.817,28.575,480.9,Rolling
0.65000,4,507.939,-153.001,28.575,573.5,Rolling
0.65000,5,1194.892,34.198,28.575,55.1,Sliding
0.65000,6,1069.633,409.384,28.575,1177.3,Sliding
0.65000,7,880.416,462.809,28.575,771.4,Rolling
0.65000,8,643.364,-10.814,28.575,360.8,Sliding
0.65000,9,677.005,176.920,28.575,313.5,Rolling
0.65000,10,815.340,-118.242,28.809,1644.1,Airborne
0.65000,11,795.094,-271.468,28.575,413.9,Rolling
0.65000,12,912.654,186.375,28.575,353.9,Rolling
0.65000,13,700.264,55.270,28.575,307.2,Sliding
0.65000,14,916.900,-560.494,29.283,823.1,Airborne
0.65000,15,539.847,-403.487,28.575,858.2,Rolling
0.65500,0,470.007,-22.368,28.575,170.2,Rolling
0.65500,1,560.510,67.994,28.575,448.3,Sliding
0.65500,2,902.224,-39.806,28.575,252.3,Rolling
0.65500,3,678.727,273.128,28.575,480.4,Rolling
0.65500,4,505.554,-154.591,28.575,573.0,Rolling
0.65500,5,1195.106,34.398,28.575,62.5,Sliding
0.65500,6,1064.914,412.867,28.575,1168.7,Sliding
0.65500,7,880.901,466.634,28.575,770.9,Rolling
0.65500,8,641.737,-11.537,28.575,351.3,Rolling
0.65500,9,676.950,178.485,28.575,313.0,Rolling
0.65500,10,807.151,-118.936,28.843,1643.9,Airborne
0.65500,11,795.203,-273.533,28.575,413.4,Rolling
0.65500,12,914.046,187.465,28.575,353.4,Rolling
0.65500,13,699.363,56.505,28.575,304.4,Sliding
0.65500,14,917.644,-556.449,29.010,826.4,Airborne
0.65500,15,537.729,-407.217,28.575,857.7,Rolling
0.66000,0,469.192,-22.610,28.575,169.7,Rolling
0.66000,1,558.472,68.867,28.575,438.7,Sliding
0.66000,2,903.479,-39.916,28.575,251.8,Rolling
0.66000,3,678.067,275.436,28.575,479.9,Rolling
0.66000,4,503.172,-156.180,28.575,572.5,Rolling
0.66000,5,1195.369,34.601,28.575,70.5,Sliding
0.66000,6,1060.243,416.342,28.575,1160.0,Sliding
0.66000,7,881.386,470.457,28.575,770.4,Rolling
0.66000,8,640.130,-12.244,28.575,350.8,Rolling
0.66000,9,676.895,180.048,28.575,312.5,Rolling
0.66000,10,798.961,-119.631,28.632,1645.2,Airborne
0.66000,11,795.312,-275.596,28.575,412.9,Rolling
0.66000,12,915.437,188.554,28.575,352.9,Rolling
0.66000,13,698.432,57.701,28.575,301.8,Sliding
0.66000,14,918.388,-552.404,28.621,825.3,Airborne
0.66000,15,535.612,-410.945,28.575,857.2,Rolling
0.66500,0,468.379,-22.850,28.575,169.2,Rolling
0.66500,1,556.478,69.733,28.575,432.8,Rolling
0.66500,2,904.732,-40.026,28.575,251.3,Rolling
0.66500,3,677.407,277.742,28.575,479.4,Rolling
0.66500,4,500.791,-157.767,28.575,572.0,Rolling
0.66500,5,1195.681,34.807,28.575,79.0,Sliding
0.66500,6,1055.621,419.810,28.575,1151.3,Sliding
0.66500,7,881.870,474.277,28.575,769.9,Rolling
0.66500,8,638.526,-12.950,28.575,350.3,Rolling
0.66500,9,676.840,181.608,28.575,312.0,Rolling
0.66500,10,790.771,-120.325,28.677,1643.8,Airborne
0.66500,11,795.421,-277.656,28.575,412.4,Rolling
0.66500,12,916.825,189.641,28.575,352.4,Rolling
0.66500,13,697.486,58.875,28.575,301.3,Rolling
0.66500,14,919.132,-548.359,28.831,822.8,Airborne
0.66500,15,533.495,-414.671,28.575,856.7,Rolling
0.67000,0,467.569,-23.090,28.575,168.8,Rolling
0.67000,1,554.495,70.596,28.575,432.3,Rolling
0.67000,2,905.983,-40.136,28.575,250.8,Rolling
0.67000,3,676.748,280.045,28.575,478.9,Rolling
0.67000,4,498.413,-159.354,28.575,571.5,Rolling
0.67000,5,1196.043,35.014,28.575,87.7,Sliding
0.67000,6,1051.047,423.270,28.575,1142.7,Sliding
0.67000,7,882.354,478.094,28.575,769.4,Rolling
0.67000,8,636.924,-13.656,28.575,349.8,Rolling
0.67000,9,676.785,183.166,28.575,311.5,Rolling
0.67000,10,782.582,-121.019,28.576,1644.0,Airborne
0.67000,11,795.530,-279.714,28.575,411.9,Rolling
0.67000,12,918.211,190.727,28.575,351.9,Rolling
0.67000,13,696.541,60.046,28.575,300.8,Rolling
0.67000,14,919.876,-544.314,28.795,823.2,Airborne
0.67000,15,531.381,-418.395,28.575,856.3,Rolling
0.67500,0,466.761,-23.330,28.575,168.3,Rolling
0.67500,1,552.515,71.459,28.575,431.8,Rolling
0.67500,2,907.231,-40.246,28.575,250.3,Rolling
0.67500,3,676.089,282.346,28.575,478.4,Rolling
0.67500,4,496.037,-160.938,28.575,571.0,Rolling
0.67500,5,1196.453,35.224,28.575,96.6,Sliding
0.67500,6,1046.522,426.722,28.575,1134.1,Sliding
0.67500,7,882.837,481.910,28.575,768.9,Rolling
0.67500,8,635.324,-14.360,28.575,349.3,Rolling
0.67500,9,676.730,184.721,28.575,311.0,Rolling
0.67500,10,774.392,-121.714,28.586,1644.0,Airborne
0.67500,11,795.638,-281.769,28.575,411.4,Rolling
0.67500,12,919.596,191.811,28.575,351.5,Rolling
0.67500,13,695.598,61.216,28.575,300.3,Rolling
0.67500,14,920.620,-540.269,28.606,823.4,Airborne
0.67500,15,529.267,-422.117,28.575,855.8,Rolling
0.68000,0,465.956,-23.568,28.575,167.8,Rolling
0.68000,1,550.536,72.320,28.575,431.3,Rolling
0.68000,2,908.477,-40.356,28.575,249.9,Rolling
0.68000,3,675.431,284.645,28.575,477.9,Rolling
0.68000,4,493.662,-162.522,28.575,570.5,Rolling
0.68000,5,1196.912,35.436,28.575,105.7,Sliding
0.68000,6,1042.045,430.168,28.575,1125.5,Sliding
0.68000,7,883.321,485.723,28.575,768.4,Rolling
0.68000,8,633.727,-15.063,28.575,348.9,Rolling
0.68000,9,676.676,186.274,28.575,310.5,Rolling
0.68000,10,766.202,-122.408,28.579,1643.8,Airborne
0.68000,11,795.747,-283.822,28.575,410.9,Rolling
0.68000,12,920.978,192.894,28.575,351.0,Rolling
0.68000,13,694.657,62.384,28.575,299.8,Rolling
0.68000,14,921.364,-536.224,28.664,822.7,Airborne
0.68000,15,527.155,-425.837,28.575,855.3,Rolling
0.68500,0,465.153,-23.806,28.575,167.3,Rolling
0.68500,1,548.560,73.181,28.575,430.9,Rolling
0.68500,2,909.720,-40.465,28.575,249.4,Rolling
0.68500,3,674.774,286.941,28.575,477.5,Rolling
0.68500,4,491.290,-164.104,28.575,570.0,Rolling
0.68500,5,1197.418,35.650,28.575,112.5,Rolling
0.68500,6,1037.617,433.606,28.575,1116.9,Sliding
0.68500,7,883.804,489.533,28.575,767.9,Rolling
0.68500,8,632.131,-15.766,28.575,348.4,Rolling
0.68500,9,676.621,187.825,28.575,310.0,Rolling
0.68500,10,758.015,-123.103,28.575,1641.2,Sliding
0.68500,11,795.855,-285.873,28.575,410.4,Rolling
0.68500,12,922.359,193.975,28.575,350.5,Rolling
0.68500,13,693.717,63.550,28.575,299.3,Rolling
0.68500,14,922.108,-532.179,28.607,822.6,Airborne
0.68500,15,525.043,-429.554,28.575,854.8,Rolling
0.69000,0,464.352,-24.043,28.575,166.8,Rolling
0.69000,1,546.586,74.040,28.575,430.4,Rolling
0.69000,2,910.961,-40.574,28.575,248.9,Rolling
0.69000,3,674.118,289.235,28.575,477.0,Rolling
0.69000,4,488.920,-165.685,28.575,569.5,Rolling
0.69000,5,1197.937,35.864,28.575,112.0,Rolling
0.69000,6,1033.237,437.036,28.575,1108.4,Sliding
0.69000,7,884.287,493.341,28.575,767.5,Rolling
0.69000,8,630.538,-16.467,28.575,347.9,Rolling
0.69000,9,676.567,189.373,28.575,309.5,Rolling
0.69000,10,749.863,-123.795,28.575,1631.4,Sliding
0.69000,11,795.964,-287.921,28.575,409.9,Rolling
0.69000,12,923.738,195.055,28.575,350.0,Rolling
0.69000,13,692.778,64.714,28.575,298.8,Rolling
0.69000,14,922.852,-528.133,28.588,822.6,Airborne
0.69000,15,522.933,-433.270,28.575,854.3,Rolling
0.69500,0,463.553,-24.280,28.575,166.3,Rolling
0.69500,1,544.614,74.898,28.575,429.9,Rolling
0.69500,2,912.199,-40.683,28.575,248.4,Rolling
0.69500,3,673.462,291.527,28.575,476.5,Rolling
0.69500,4,486.552,-167.264,28.575,569.1,Rolling
0.69500,5,1198.454,36.077,28.575,111.5,Rolling
0.69500,6,1028.906,440.459,28.575,1099.9,Sliding
0.69500,7,884.769,497.147,28.575,767.0,Rolling
0.69500,8,628.948,-17.167,28.575,347.4,Rolling
0.69500,9,676.512,190.918,28.575,309.1,Rolling
0.69500,10,741.760,-124.484,28.575,1621.6,Sliding
0.69500,11,796.072,-289.966,28.575,409.4,Rolling
0.69500,12,925.114,196.133,28.575,349.5,Rolling
0.69500,13,691.841,65.877,28.575,298.3,Rolling
0.69500,14,923.596,-524.088,28.575,822.6,Airborne
0.69500,15,520.825,-436.983,28.575,853.8,Rolling
0.70000,0,462.757,-24.516,28.575,165.8,Rolling
0.70000,1,542.644,75.756,28.575,429.4,Rolling
0.70000,2,913.435,-40.792,28.575,247.9,Rolling
0.70000,3,672.807,293.816,28.575,476.0,Rolling
0.70000,4,484.186,-168.842,28.575,568.6,Rolling
0.70000,5,1198.968,36.289,28.575,111.0,Rolling
0.70000,6,1024.623,443.874,28.575,1091.4,Sliding
0.70000,7,885.251,500.950,28.575,766.5,Rolling
0.70000,8,627.359,-17.867,28.575,346.9,Rolling
0.70000,9,676.458,192.461,28.575,308.6,Rolling
0.70000,10,733.706,-125.171,28.575,1611.8,Sliding
0.70000,11,796.180,-292.010,28.575,409.0,Rolling
0.70000,12,926.489,197.210,28.575,349.0,Rolling
0.70000,13,690.906,67.037,28.575,297.8,Rolling
0.70000,14,924.341,-520.055,28.575,815.9,Sliding
0.70000,15,518.717,-440.694,28.575,853.3,Rolling
0.70500,0,461.963,-24.751,28.575,165.3,Rolling
0.70500,1,540.677,76.612,28.575,428.9,Rolling
0.70500,2,914.669,-40.900,28.575,247.4,Rolling
0.70500,3,672.153,296.103,28.575,475.5,Rolling
0.70500,4,481.822,-170.419,28.575,568.1,Rolling
0.70500,5,1199.480,36.501,28.575,110.5,Rolling
0.70500,6,1020.388,447.282,28.575,1082.9,Sliding
0.70500,7,885.733,504.751,28.575,766.0,Rolling
0.70500,8,625.773,-18.565,28.575,346.4,Rolling
0.70500,9,676.404,194.002,28.575,308.1,Rolling
0.70500,10,725.701,-125.856,28.575,1602.0,Sliding
0.70500,11,796.288,-294.050,28.575,408.5,Rolling
0.70500,12,927.862,198.285,28.575,348.5,Rolling
0.70500,13,689.972,68.195,28.575,297.3,Rolling
0.70500,14,925.085,-516.069,28.575,806.3,Sliding
0.70500,15,516.611,-444.403,28.575,852.8,Rolling
0.71000,0,461.172,-24.985,28.575,164.8,Rolling
0.71000,1,538.712,77.468,28.575,428.4,Rolling
0.71000,2,915.900,-41.008,28.575,246.9,Rolling
0.71000,3,671.499,298.388,28.575,475.0,Rolling
0.71000,4,479.460,-171.994,28.575,567.6,Rolling
0.71000,5,1199.990,36.711,28.575,110.0,Rolling
0.71000,6,1016.202,450.683,28.575,1074.4,Sliding
0.71000,7,886.214,508.549,28.575,765.5,Rolling
0.71000,8,624.189,-19.263,28.575,345.9,Rolling
0.71000,9,676.350,195.540,28.575,307.6,Rolling
0.71000,10,717.744,-126.537,28.575,1592.2,Sliding
0.71000,11,796.396,-296.089,28.575,408.0,Rolling
0.71000,12,929.233,199.359,28.575,348.0,Rolling
0.71000,13,689.040,69.352,28.575,296.9,Rolling
0.71000,14,925.830,-512.131,28.575,796.7,Sliding
0.71000,15,514.505,-448.110,28.575,852.3,Rolling
0.71500,0,460.383,-25.219,28.575,164.3,Rolling
0.71500,1,536.749,78.322,28.575,427.9,Rolling
0.71500,2,917.128,-41.116,28.575,246.4,Rolling
0.71500,3,670.846,300.670,28.575,474.5,Rolling
0.71500,4,477.100,-173.568,28.575,567.1,Rolling
0.71500,5,1200.497,36.920,28.575,109.6,Rolling
0.71500,6,1012.065,454.076,28.575,1066.0,Sliding
0.71500,7,886.695,512.345,28.575,765.0,Rolling
0.71500,8,622.607,-19.959,28.575,345.4,Rolling
0.71500,9,676.295,197.076,28.575,307.1,Rolling
0.71500,10,709.837,-127.216,28.575,1582.3,Sliding
0.71500,11,796.503,-298.124,28.575,407.5,Rolling
0.71500,12,930.602,200.431,28.575,347.5,Rolling
0.71500,13,688.109,70.506,28.575,296.4,Rolling
0.71500,14,926.575,-508.243,28.575,787.0,Sliding
0.71500,15,512.401,-451.814,28.575,851.8,Rolling
0.72000,0,459.596,-25.452,28.575,163.9,Rolling
0.72000,1,534.788,79.176,28.575,427.4,Rolling
0.72000,2,918.354,-41.224,28.575,245.9,Rolling
0.72000,3,670.193,302.950,28.575,474.0,Rolling
0.72000,4,474.742,-175.140,28.575,566.6,Rolling
0.72000,5,1201.003,37.129,28.575,109.1,Rolling
0.72000,6,1007.976,457.462,28.575,1057.6,Sliding
0.72000,7,887.176,516.138,28.575,764.5,Rolling
0.72000,8,621.027,-20.654,28.575,344.9,Rolling
0.72000,9,676.241,198.609,28.575,306.6,Rolling
0.72000,10,701.979,-127.893,28.575,1572.5,Sliding
0.72000,11,796.611,-300.158,28.575,407.0,Rolling
0.72000,12,931.969,201.501,28.575,347.0,Rolling
0.72000,13,687.180,71.659,28.575,295.9,Rolling
0.72000,14,927.321,-504.403,28.575,777.4,Sliding
0.72000,15,510.299,-455.517,28.575,851.4,Rolling
0.72500,0,458.812,-25.684,28.575,163.4,Rolling
0.72500,1,532.830,80.029,28.575,426.9,Rolling
0.72500,2,919.578,-41.332,28.575,245.4,Rolling
0.72500,3,669.542,305.227,28.575,473.5,Rolling
0.72500,4,472.386,-176.711,28.575,566.1,Rolling
0.72500,5,1201.506,37.336,28.575,108.6,Rolling
0.72500,6,1003.935,460.840,28.575,1049.2,Sliding
0.72500,7,887.657,519.929,28.575,764.0,Rolling
0.72500,8,619.450,-21.349,28.575,344.4,Rolling
0.72500,9,676.188,200.140,28.575,306.1,Rolling
0.72500,10,694.170,-128.566,28.575,1562.7,Sliding
0.72500,11,796.718,-302.189,28.575,406.5,Rolling
0.72500,12,933.334,202.571,28.575,346.6,Rolling
0.72500,13,686.252,72.810,28.575,295.4,Rolling
0.72500,14,928.067,-500.613,28.575,767.8,Sliding
0.72500,15,508.197,-459.217,28.575,850.9,Rolling
0.73000,0,458.030,-25.916,28.575,162.9,Rolling
0.73000,1,530.874,80.880,28.575,426.4,Rolling
0.73000,2,920.799,-41.439,28.575,244.9,Rolling
0.73000,3,668.891,307.502,28.575,473.0,Rolling
0.73000,4,470.032,-178.281,28.575,565.6,Rolling
0.73000,5,1202.006,37.543,28.575,108.1,Rolling
0.73000,6,999.943,464.211,28.575,1040.8,Sliding
0.73000,7,888.137,523.718,28.575,763.5,Rolling
0.73000,8,617.875,-22.042,28.575,344.0,Rolling
0.73000,9,676.134,201.669,28.575,305.6,Rolling
0.73000,10,686.410,-129.237,28.575,1552.9,Sliding
0.73000,11,796.825,-304.217,28.575,406.0,Rolling
0.73000,12,934.697,203.638,28.575,346.1,Rolling
0.73000,13,685.326,73.959,28.575,294.9,Rolling
0.73000,14,928.813,-496.871,28.575,758.2,Sliding
0.73000,15,506.097,-462.916,28.575,850.4,Rolling
0.73500,0,457.250,-26.147,28.575,162.4,Rolling
0.73500,1,528.920,81.731,28.575,425.9,Rolling
0.73500,2,922.018,-41.546,28.575,244.5,Rolling
0.73500,3,668.240,309.775,28.575,472.6,Rolling
0.73500,4,467.680,-179.850,28.575,565.1,Rolling
0.73500,5,1202.505,37.748,28.575,107.6,Rolling
0.73500,6,995.999,467.575,28.575,1032.5,Sliding
0.73500,7,888.617,527.504,28.575,763.0,Rolling
0.73500,8,616.302,-22.735,28.575,343.5,Rolling
0.73500,9,676.080,203.194,28.575,305.1,Rolling
0.73500,10,678.698,-129.905,28.575,1543.1,Sliding
0.73500,11,796.932,-306.243,28.575,405.5,Rolling
0.73500,12,936.059,204.704,28.575,345.6,Rolling
0.73500,13,684.401,75.106,28.575,294.4,Rolling
0.73500,14,929.559,-493.179,28.575,748.6,Sliding
0.73500,15,503.998,-466.612,28.575,849.9,Rolling
0.74000,0,456.473,-26.377,28.575,161.9,Rolling
0.74000,1,526.969,82.580,28.575,425.5,Rolling
0.74000,2,923.234,-41.653,28.575,244.0,Rolling
0.74000,3,667.591,312.045,28.575,472.1,Rolling
0.74000,4,465.330,-181.417,28.575,564.6,Rolling
0.74000,5,1203.001,37.953,28.575,107.1,Rolling
0.74000,6,992.104,470.931,28.575,1024.1,Sliding
0.74000,7,889.097,531.287,28.575,762.5,Rolling
0.74000,8,614.731,-23.426,28.575,343.0,Rolling
0.74000,9,676.026,204.718,28.575,304.6,Rolling
0.74000,10,671.036,-130.571,28.575,1533.3,Sliding
0.74000,11,797.040,-308.267,28.575,405.0,Rolling
0.74000,12,937.418,205.769,28.575,345.1,Rolling
0.74000,13,683.478,76.251,28.575,293.9,Rolling
0.74000,14,930.306,-489.536,28.575,739.0,Sliding
0.74000,15,501.900,-470.306,28.575,849.4,Rolling
0.74500,0,455.698,-26.606,28.575,161.4,Rolling
0.74500,1,525.019,83.429,28.575,425.0,Rolling
0.74500,2,924.448,-41.760,28.575,243.5,Rolling
0.74500,3,666.942,314.314,28.575,471.6,Rolling
0.74500,4,462.983,-182.983,28.575,564.1,Rolling
0.74500,5,1203.495,38.157,28.575,106.6,Rolling
0.74500,6,988.257,474.279,28.575,1015.9,Sliding
0.74500,7,889.576,535.069,28.575,762.1,Rolling
0.74500,8,613.163,-24.117,28.575,342.5,Rolling
0.74500,9,675.973,206.239,28.575,304.2,Rolling
0.74500,10,663.423,-131.234,28.575,1523.5,Sliding
0.74500,11,797.146,-310.288,28.575,404.5,Rolling
0.74500,12,938.776,206.832,28.575,344.6,Rolling
0.74500,13,682.556,77.394,28.575,293.4,Rolling
0.74500,14,931.054,-485.941,28.575,729.4,Sliding
0.74500,15,499.803,-473.998,28.575,848.9,Rolling
0.75000,0,454.925,-26.835,28.575,160.9,Rolling
0.75000,1,523.072,84.277,28.575,424.5,Rolling
0.75000,2,925.660,-41.866,28.575,243.0,Rolling
0.75000,3,666.293,316.579,28.575,471.1,Rolling
0.75000,4,460.637,-184.547,28.575,563.7,Rolling
0.75000,5,1203.986,38.360,28.575,106.1,Rolling
0.75000,6,984.459,477.620,28.575,1007.6,Sliding
0.75000,7,890.055,538.848,28.575,761.6,Rolling
0.75000,8,611.597,-24.806,28.575,342.0,Rolling
0.75000,9,675.919,207.758,28.575,303.7,Rolling
0.75000,10,655.858,-131.894,28.575,1513.7,Sliding
0.75000,11,797.253,-312.306,28.575,404.1,Rolling
0.75000,12,940.131,207.893,28.575,344.1,Rolling
0.75000,13,681.636,78.535,28.575,292.9,Rolling
0.75000,14,931.801,-482.396,28.575,719.9,Sliding
0.75000,15,497.708,-477.687,28.575,848.4,Rolling
0.75500,0,454.155,-27.063,28.575,160.4,Rolling
0.75500,1,521.127,85.123,28.575,424.0,Rolling
0.75500,2,926.869,-41.973,28.575,242.5,Rolling
0.75500,3,665.646,318.843,28.575,470.6,Rolling
0.75500,4,458.293,-186.110,28.575,563.2,Rolling
0.75500,5,1204.476,38.562,28.575,105.6,Rolling
0.75500,6,980.709,480.954,28.575,999.4,Sliding
0.75500,7,890.534,542.624,28.575,761.1,Rolling
0.75500,8,610.033,-25.495,28.575,341.5,Rolling
0.75500,9,675.866,209.274,28.575,303.2,Rolling
0.75500,10,648.343,-132.551,28.575,1503.9,Sliding
0.75500,11,797.360,-314.323,28.575,403.6,Rolling
0.75500,12,941.485,208.954,28.575,343.6,Rolling
0.75500,13,680.718,79.674,28.575,292.4,Rolling
0.75500,14,932.549,-478.900,28.575,710.3,Sliding
0.75500,15,495.613,-481.375,28.575,847.9,Rolling
0.76000,0,453.387,-27.291,28.575,159.9,Rolling
0.76000,1,519.185,85.969,28.575,423.5,Rolling
0.76000,2,928.076,-42.079,28.575,242.0,Rolling
0.76000,3,664.999,321.104,28.575,470.1,Rolling
0.76000,4,455.952,-187.672,28.575,562.7,Rolling
0.76000,5,1204.963,38.763,28.575,105.1,Rolling
0.76000,6,977.008,484.280,28.575,991.2,Sliding
0.76000,7,891.012,546.398,28.575,760.6,Rolling
0.76000,8,608.471,-26.182,28.575,341.0,Rolling
0.76000,9,675.813,210.788,28.575,302.7,Rolling
0.76000,10,640.876,-133.206,28.575,1494.1,Sliding
0.76000,11,797.466,-316.336,28.575,403.1,Rolling
0.76000,12,942.836,210.012,28.575,343.1,Rolling
0.76000,13,679.801,80.812,28.575,292.0,Rolling
0.76000,14,933.298,-475.453,28.575,700.7,Sliding
0.76000,15,493.520,-485.061,28.575,847.4,Rolling
0.76500,0,452.622,-27.518,28.575,159.4,Rolling
0.76500,1,517.244,86.814,28.575,423.0,Rolling
0.76500,2,929.280,-42.185,28.575,241.5,Rolling
0.76500,3,664.352,323.362,28.575,469.6,Rolling
0.76500,4,453.612,-189.232,28.575,562.2,Rolling
0.76500,5,1205.448,38.963,28.575,104.7,Rolling
0.76500,6,973.355,487.599,28.575,983.0,Sliding
0.76500,7,891.490,550.169,28.575,760.1,Rolling
0.76500,8,606.912,-26.869,28.575,340.5,Rolling
0.76500,9,675.759,212.299,28.575,302.2,Rolling
0.76500,10,633.459,-133.858,28.575,1484.3,Sliding
0.76500,11,797.573,-318.348,28.575,402.6,Rolling
0.76500,12,944.186,211.069,28.575,342.6,Rolling
0.76500,13,678.885,81.947,28.575,291.5,Rolling
0.76500,14,934.047,-472.054,28.575,691.2,Sliding
0.76500,15,491.428,-488.744,28.575,846.9,Rolling
0.77000,0,451.859,-27.744,28.575,158.9,Rolling
0.77000,1,515.306,87.658,28.575,422.5,Rolling
0.77000,2,930.481,-42.290,28.575,241.0,Rolling
0.77000,3,663.707,325.619,28.575,469.1,Rolling
0.77000,4,451.274,-190.791,28.575,561.7,Rolling
0.77000,5,1205.930,39.162,28.575,104.2,Rolling
0.77000,6,969.751,490.910,28.575,974.8,Sliding
0.77000,7,891.968,553.938,28.575,759.6,Rolling
0.77000,8,605.355,-27.554,28.575,340.0,Rolling
0.77000,9,675.706,213.808,28.575,301.7,Rolling
0.77000,10,626.090,-134.508,28.575,1474.5,Sliding
0.77000,11,797.679,-320.357,28.575,402.1,Rolling
0.77000,12,945.534,212.125,28.575,342.1,Rolling
0.77000,13,677.972,83.081,28.575,291.0,Rolling
0.77000,14,934.796,-468.705,28.575,681.6,Sliding
0.77000,15,489.338,-492.425,28.575,846.4,Rolling
0.77500,0,451.098,-27.969,28.575,158.5,Rolling
0.77500,1,513.371,88.500,28.575,422.0,Rolling
0.77500,2,931.681,-42.396,28.575,240.5,Rolling
0.77500,3,663.062,327.872,28.575,468.6,Rolling
0.77500,4,448.939,-192.348,28.575,561.2,Rolling
0.77500,5,1206.411,39.360,28.575,103.7,Rolling
0.77500,6,966.195,494.214,28.575,966.7,Sliding
0.77500,7,892.446,557.705,28.575,759.1,Rolling
0.77500,8,603.800,-28.239,28.575,339.5,Rolling
0.77500,9,675.653,215.314,28.575,301.2,Rolling
0.77500,10,618.770,-135.155,28.575,1464.7,Sliding
0.77500,11,797.785,-322.363,28.575,401.6,Rolling
0.77500,12,946.880,213.179,28.575,341.6,Rolling
0.77500,13,677.059,84.213,28.575,290.5,Rolling
0.77500,14,935.545,-465.405,28.575,672.1,Sliding
0.77500,15,487.248,-496.104,28.575,846.0,Rolling
0.78000,0,450.339,-28.194,28.575,158.0,Rolling
0.78000,1,511.437,89.342,28.575,421.5,Rolling
0.78000,2,932.878,-42.501,28.575,240.0,Rolling
0.78000,3,662.417,330.124,28.575,468.1,Rolling
0.78000,4,446.605,-193.905,28.575,560.7,Rolling
0.78000,5,1206.889,39.557,28.575,103.2,Rolling
0.78000,6,962.687,497.511,28.575,958.6,Sliding
0.78000,7,892.923,561.469,28.575,758.6,Rolling
0.78000,8,602.247,-28.922,28.575,339.0,Rolling
0.78000,9,675.600,216.818,28.575,300.7,Rolling
0.78000,10,611.500,-135.799,28.575,1454.9,Sliding
0.78000,11,797.891,-324.367,28.575,401.1,Rolling
0.78000,12,948.224,214.231,28.575,341.2,Rolling
0.78000,13,676.148,85.342,28.575,290.0,Rolling
0.78000,14,936.295,-462.154,28.575,662.5,Sliding
0.78000,15,485.160,-499.781,28.575,845.5,Rolling
0.78500,0,449.583,-28.418,28.575,157.5,Rolling
0.78500,1,509.506,90.183,28.575,421.0,Rolling
0.78500,2,934.072,-42.606,28.575,239.6,Rolling
0.78500,3,661.774,332.373,28.575,467.7,Rolling
0.78500,4,444.274,-195.460,28.575,560.2,Rolling
0.78500,5,1207.365,39.754,28.575,102.7,Rolling
0.78500,6,959.228,500.800,28.575,950.6,Sliding
0.78500,7,893.400,565.231,28.575,758.1,Rolling
0.78500,8,600.697,-29.605,28.575,338.6,Rolling
0.78500,9,675.547,218.319,28.575,300.2,Rolling
0.78500,10,604.278,-136.440,28.575,1445.1,Sliding
0.78500,11,797.997,-326.369,28.575,400.6,Rolling
0.78500,12,949.566,215.282,28.575,340.7,Rolling
0.78500,13,675.239,86.470,28.575,289.5,Rolling
0.78500,14,937.045,-458.952,28.575,653.0,Sliding
0.78500,15,483.073,-503.456,28.575,845.0,Rolling
0.79000,0,448.829,-28.641,28.575,157.0,Rolling
0.79000,1,507.576,91.023,28.575,420.6,Rolling
0.79000,2,935.264,-42.711,28.575,239.1,Rolling
0.79000,3,661.131,334.620,28.575,467.2,Rolling
0.79000,4,441.945,-197.013,28.575,559.7,Rolling
0.79000,5,1207.838,39.949,28.575,102.2,Rolling
0.79000,6,955.818,504.081,28.575,942.6,Sliding
0.79000,7,893.876,568.991,28.575,757.6,Rolling
0.79000,8,599.149,-30.287,28.575,338.1,Rolling
0.79000,9,675.495,219.818,28.575,299.7,Rolling
0.79000,10,597.105,-137.079,28.575,1435.3,Sliding
0.79000,11,798.102,-328.368,28.575,400.1,Rolling
0.79000,12,950.906,216.332,28.575,340.2,Rolling
0.79000,13,674.331,87.596,28.575,289.0,Rolling
0.79000,14,937.796,-455.799,28.575,643.5,Sliding
0.79000,15,480.987,-507.129,28.575,844.5,Rolling
0.79500,0,448.078,-28.863,28.575,156.5,Rolling
0.79500,1,505.650,91.862,28.575,420.1,Rolling
0.79500,2,936.453,-42.815,28.575,238.6,Rolling
0.79500,3,660.488,336.865,28.575,466.7,Rolling
0.79500,4,439.617,-198.565,28.575,559.2,Rolling
0.79500,5,1208.309,40.143,28.575,101.7,Rolling
0.79500,6,952.456,507.356,28.575,934.6,Sliding
0.79500,7,894.352,572.747,28.575,757.2,Rolling
0.79500,8,597.603,-30.967,28.575,337.6,Rolling
0.79500,9,675.442,221.315,28.575,299.3,Rolling
0.79500,10,589.981,-137.715,28.575,1425.5,Sliding
0.79500,11,798.208,-330.364,28.575,399.6,Rolling
0.79500,12,952.244,217.380,28.575,339.7,Rolling
0.79500,13,673.425,88.720,28.575,288.5,Rolling
0.79500,14,938.547,-452.695,28.575,633.9,Sliding
0.79500,15,478.903,-510.799,28.575,844.0,Rolling
0.80000,0,447.329,-29.085,28.575,156.0,Rolling
0.80000,1,503.725,92.700,28.575,419.6,Rolling
0.80000,2,937.640,-42.920,28.575,238.1,Rolling
0.80000,3,659.847,339.107,28.575,466.2,Rolling
0.80000,4,437.292,-200.116,28.575,558.8,Rolling
0.80000,5,1208.778,40.337,28.575,101.2,Rolling
0.80000,6,949.142,510.622,28.575,926.7,Sliding
0.80000,7,894.828,576.502,28.575,756.7,Rolling
0.80000,8,596.059,-31.647,28.575,337.1,Rolling
0.80000,9,675.389,222.809,28.575,298.8,Rolling
0.80000,10,582.907,-138.348,28.575,1415.7,Sliding
0.80000,11,798.314,-332.359,28.575,399.2,Rolling
0.80000,12,953.580,218.426,28.575,339.2,Rolling
0.80000,13,672.521,89.842,28.575,288.0,Rolling
0.80000,14,939.298,-449.640,28.575,624.4,Sliding
0.80000,15,476.819,-514.468,28.575,843.5,Rolling
0.80500,0,446.582,-29.306,28.575,155.5,Rolling
0.80500,1,501.803,93.537,28.575,419.1,Rolling
0.80500,2,938.825,-43.024,28.575,237.6,Rolling
0.80500,3,659.206,341.346,28.575,465.7,Rolling
0.80500,4,434.969,-201.665,28.575,558.3,Rolling
0.80500,5,1209.245,40.529,28.575,100.7,Rolling
0.80500,6,945.877,513.881,28.575,918.7,Sliding
0.80500,7,895.304,580.254,28.575,756.2,Rolling
0.80500,8,594.518,-32.326,28.575,336.6,Rolling
0.80500,9,675.337,224.301,28.575,298.3,Rolling
0.80500,10,575.881,-138.979,28.575,1405.9,Sliding
0.80500,11,798.419,-334.350,28.575,398.7,Rolling
0.80500,12,954.914,219.471,28.575,338.7,Rolling
0.80500,13,671.618,90.963,28.575,287.5,Rolling
0.80500,14,940.050,-446.634,28.575,614.9,Sliding
0.80500,15,474.737,-518.134,28.575,843.0,Rolling
0.81000,0,445.838,-29.527,28.575,155.0,Rolling
0.81000,1,499.883,94.372,28.575,418.6,Rolling
0.81000,2,940.007,-43.128,28.575,237.1,Rolling
0.81000,3,658.566,343.584,28.575,465.2,Rolling
0.81000,4,432.647,-203.213,28.575,557.8,Rolling
0.81000,5,1209.710,40.721,28.575,100.2,Rolling
0.81000,6,942.660,517.133,28.575,910.9,Sliding
0.81000,7,895.779,584.004,28.575,755.7,Rolling
0.81000,8,592.979,-33.003,28.575,336.1,Rolling
0.81000,9,675.284,225.790,28.575,297.8,Rolling
0.81000,10,568.904,-139.607,28.575,1396.1,Sliding
0.81000,11,798.524,-336.340,28.575,398.2,Rolling
0.81000,12,956.247,220.514,28.575,338.2,Rolling
0.81000,13,670.716,92.081,28.575,287.0,Rolling
0.81000,14,940.802,-443.677,28.575,605.5,Sliding
0.81000,15,472.656,-521.798,28.575,842.5,Rolling
0.81500,0,445.095,-29.747,28.575,154.5,Rolling
0.81500,1,497.965,95.207,28.575,418.1,Rolling
0.81500,2,941.187,-43.231,28.575,236.6,Rolling
0.81500,3,657.926,345.819,28.575,464.7,Rolling
0.81500,4,430.328,-204.760,28.575,557.3,Rolling
0.81500,5,1210.172,40.912,28.575,99.8,Rolling
0.81500,6,939.492,520.378,28.575,903.0,Sliding
0.81500,7,896.254,587.751,28.575,755.2,Rolling
0.81500,8,591.442,-33.680,28.575,335.6,Rolling
0.81500,9,675.232,227.277,28.575,297.3,Rolling
0.81500,10,561.976,-140.233,28.575,1386.3,Sliding
0.81500,11,798.629,-338.326,28.575,397.7,Rolling
0.81500,12,957.577,221.556,28.575,337.7,Rolling
0.81500,13,669.816,93.197,28.575,286.6,Rolling
0.81500,14,941.554,-440.769,28.575,596.0,Sliding
0.81500,15,470.577,-525.460,28.575,842.0,Rolling
0.82000,0,444.356,-29.966,28.575,154.0,Rolling
0.82000,1,496.049,96.041,28.575,417.6,Rolling
0.82000,2,942.364,-43.335,28.575,236.1,Rolling
0.82000,3,657.287,348.052,28.575,464.2,Rolling
0.82000,4,428.011,-206.305,28.575,556.8,Rolling
0.82000,5,1210.632,41.101,28.575,99.3,Rolling
0.82000,6,936.372,523.615,28.575,895.2,Sliding
0.82000,7,896.729,591.496,28.575,754.7,Rolling
0.82000,8,589.907,-34.355,28.575,335.1,Rolling
0.82000,9,675.180,228.761,28.575,296.8,Rolling
0.82000,10,555.097,-140.855,28.575,1376.5,Sliding
0.82000,11,798.734,-340.311,28.575,397.2,Rolling
0.82000,12,958.905,222.597,28.575,337.2,Rolling
0.82000,13,668.917,94.312,28.575,286.1,Rolling
0.82000,14,942.307,-437.911,28.575,586.5,Sliding
0.82000,15,468.498,-529.120,28.575,841.5,Rolling
0.82500,0,443.618,-30.184,28.575,153.6,Rolling
0.82500,1,494.136,96.874,28.575,417.1,Rolling
0.82500,2,943.539,-43.438,28.575,235.6,Rolling
0.82500,3,656.649,350.282,28.575,463.7,Rolling
0.82500,4,425.696,-207.849,28.575,556.3,Rolling
0.82500,5,1211.089,41.290,28.575,98.8,Rolling
0.82500,6,933.301,526.844,28.575,887.5,Sliding
0.82500,7,897.203,595.238,28.575,754.2,Rolling
0.82500,8,588.375,-35.030,28.575,334.6,Rolling
0.82500,9,675.128,230.243,28.575,296.3,Rolling
0.82500,10,548.267,-141.475,28.575,1366.7,Sliding
0.82500,11,798.839,-342.293,28.575,396.7,Rolling
0.82500,12,960.232,223.636,28.575,336.7,Rolling
0.82500,13,668.020,95.424,28.575,285.6,Rolling
0.82500,14,943.060,-435.101,28.575,577.1,Sliding
0.82500,15,466.421,-532.778,28.575,841.1,Rolling
0.83000,0,442.883,-30.402,28.575,153.1,Rolling
0.83000,1,492.225,97.706,28.575,416.6,Rolling
0.83000,2,944.712,-43.541,28.575,235.1,Rolling
0.83000,3,656.011,352.510,28.575,463.2,Rolling
0.83000,4,423.383,-209.392,28.575,555.8,Rolling
0.83000,5,1211.545,41.478,28.575,98.3,Rolling
0.83000,6,930.278,530.066,28.575,879.8,Sliding
0.83000,7,897.677,598.978,28.575,753.7,Rolling
0.83000,8,586.844,-35.704,28.575,334.1,Rolling
0.83000,9,675.076,231.722,28.575,295.8,Rolling
0.83000,10,541.486,-142.093,28.575,1356.9,Sliding
0.83000,11,798.944,-344.272,28.575,396.2,Rolling
0.83000,12,961.557,224.673,28.575,336.3,Rolling
0.83000,13,667.125,96.535,28.575,285.1,Rolling
0.83000,14,943.813,-432.340,28.575,567.6,Sliding
0.83000,15,464.345,-536.434,28.575,840.6,Rolling
0.83500,0,442.151,-30.619,28.575,152.6,Rolling
0.83500,1,490.316,98.537,28.575,416.1,Rolling
0.83500,2,945.882,-43.644,28.575,234.7,Rolling
0.83500,3,655.375,354.736,28.575,462.7,Rolling
0.83500,4,421.072,-210.933,28.575,555.3,Rolling
0.83500,5,1211.998,41.665,28.575,97.8,Rolling
0.83500,6,927.304,533.281,28.575,872.1,Sliding
0.83500,7,898.151,602.715,28.575,753.2,Rolling
0.83500,8,585.316,-36.377,28.575,333.7,Rolling
0.83500,9,675.024,233.199,28.575,295.3,Rolling
0.83500,10,534.754,-142.707,28.575,1347.1,Sliding
0.83500,11,799.048,-346.249,28.575,395.7,Rolling
0.83500,12,962.879,225.709,28.575,335.8,Rolling
0.83500,13,666.231,97.644,28.575,284.6,Rolling
0.83500,14,944.567,-429.628,28.575,558.2,Sliding
0.83500,15,462.270,-540.087,28.575,840.1,Rolling
0.84000,0,441.421,-30.835,28.575,152.1,Rolling
0.84000,1,488.409,99.368,28.575,415.7,Rolling
0.84000,2,947.049,-43.747,28.575,234.2,Rolling
0.84000,3,654.738,356.959,28.575,462.3,Rolling
0.84000,4,418.763,-212.473,28.575,554.8,Rolling
0.84000,5,1212.449,41.851,28.575,97.3,Rolling
0.84000,6,924.378,536.488,28.575,864.4,Sliding
0.84000,7,898.624,606.408,28.579,522.6,Airborne
0.84000,8,583.791,-37.048,28.575,333.2,Rolling
0.84000,9,674.972,234.674,28.575,294.8,Rolling
0.84000,10,528.071,-143.319,28.575,1337.3,Sliding
0.84000,11,799.153,-348.224,28.575,395.2,Rolling
0.84000,12,964.200,226.743,28.575,335.3,Rolling
0.84000,13,665.339,98.751,28.575,284.1,Rolling
0.84000,14,945.321,-426.966,28.575,548.8,Sliding
0.84000,15,460.196,-543.739,28.575,839.6,Rolling
0.84500,0,440.693,-31.051,28.575,151.6,Rolling
0.84500,1,486.505,100.197,28.575,415.2,Rolling
0.84500,2,948.214,-43.849,28.575,233.7,Rolling
0.84500,3,654.103,359.180,28.575,461.8,Rolling
0.84500,4,416.456,-214.012,28.575,554.3,Rolling
0.84500,5,1212.897,42.036,28.575,96.8,Rolling
0.84500,6,921.501,539.688,28.575,856.9,Sliding
0.84500,7,899.011,603.901,29.083,513.0,Airborne
0.84500,8,582.267,-37.719,28.575,332.7,Rolling
0.84500,9,674.920,236.146,28.575,294.3,Rolling
0.84500,10,521.436,-143.928,28.575,1327.5,Sliding
0.84500,11,799.257,-350.196,28.575,394.7,Rolling
0.84500,12,965.519,227.776,28.575,334.8,Rolling
0.84500,13,664.448,99.856,28.575,283.6,Rolling
0.84500,14,946.076,-424.352,28.575,539.4,Sliding
0.84500,15,458.124,-547.388,28.575,839.1,Rolling
0.85000,0,439.967,-31.266,28.575,151.1,Rolling
0.85000,1,484.603,101.025,28.575,414.7,Rolling
0.85000,2,949.377,-43.952,28.575,233.2,Rolling
0.85000,3,653.468,361.398,28.575,461.3,Rolling
0.85000,4,414.151,-215.549,28.575,553.9,Rolling
0.85000,5,1213.344,42.220,28.575,96.3,Rolling
0.85000,6,918.668,542.880,28.575,852.0,Rolling
0.85000,7,899.399,601.394,29.341,508.1,Airborne
0.85000,8,580.746,-38.389,28.575,332.2,Rolling
0.85000,9,674.868,237.615,28.575,293.9,Rolling
0.85000,10,514.851,-144.535,28.575,1317.7,Sliding
0.85000,11,799.361,-352.166,28.575,394.2,Rolling
0.85000,12,966.836,228.807,28.575,334.3,Rolling
0.85000,13,663.559,100.959,28.575,283.1,Rolling
0.85000,14,946.831,-421.787,28.575,530.0,Sliding
0.85000,15,456.052,-551.035,28.575,838.6,Rolling
0.85500,0,439.244,-31.480,28.575,150.6,Rolling
0.85500,1,482.703,101.852,28.575,414.2,Rolling
0.85500,2,950.537,-44.054,28.575,232.7,Rolling
0.85500,3,652.834,363.615,28.575,460.8,Rolling
0.85500,4,411.848,-217.085,28.575,553.4,Rolling
0.85500,5,1213.788,42.404,28.575,95.8,Rolling
0.85500,6,916.414,544.264,28.614,584.4,Airborne
0.85500,7,899.219,600.694,29.304,751.8,Airborne
0.85500,8,579.227,-39.058,28.575,331.7,Rolling
0.85500,9,674.816,239.083,28.575,293.4,Rolling
0.85500,10,508.315,-145.139,28.575,1307.9,Sliding
0.85500,11,799.465,-354.133,28.575,393.8,Rolling
0.85500,12,968.151,229.837,28.575,333.8,Rolling
0.85500,13,662.671,102.060,28.575,282.6,Rolling
0.85500,14,947.586,-419.272,28.575,520.6,Sliding
0.85500,15,453.982,-554.680,28.575,838.1,Rolling
0.86000,0,438.523,-31.693,28.575,150.1,Rolling
0.86000,1,480.805,102.678,28.575,413.7,Rolling
0.86000,2,951.695,-44.155,28.575,232.2,Rolling
0.86000,3,652.200,365.828,28.575,460.3,Rolling
0.86000,4,409.547,-218.619,28.575,552.9,Rolling
0.86000,5,1214.229,42.586,28.575,95.3,Rolling
0.86000,6,915.461,541.503,28.583,584.9,Airborne
0.86000,7,897.737,604.137,28.906,756.9,Airborne
0.86000,8,577.710,-39.725,28.575,331.2,Rolling
0.86000,9,674.765,240.547,28.575,292.9,Rolling
0.86000,10,501.827,-145.740,28.575,1298.1,Sliding
0.86000,11,799.569,-356.098,28.575,393.3,Rolling
0.86000,12,969.464,230.866,28.575,333.3,Rolling
0.86000,13,661.785,103.159,28.575,282.1,Rolling
0.86000,14,948.341,-416.805,28.575,511.3,Sliding
0.86000,15,451.913,-558.323,28.575,837.6,Rolling
0.86500,0,437.804,-31.906,28.575,149.6,Rolling
0.86500,1,478.910,103.503,28.575,413.2,Rolling
0.86500,2,952.850,-44.257,28.575,231.7,Rolling
0.86500,3,651.567,368.040,28.575,459.8,Rolling
0.86500,4,407.248,-220.152,28.575,552.4,Rolling
0.86500,5,1214.669,42.767,28.575,94.8,Rolling
0.86500,6,914.508,538.742,28.581,584.2,Airborne
0.86500,7,896.327,605.623,28.795,550.1,Airborne
0.86500,8,576.196,-40.392,28.575,330.7,Rolling
0.86500,9,674.713,242.010,28.575,292.4,Rolling
0.86500,10,495.389,-146.339,28.575,1288.3,Sliding
0.86500,11,799.673,-358.060,28.575,392.8,Rolling
0.86500,12,970.775,231.892,28.575,332.8,Rolling
0.86500,13,660.900,104.256,28.575,281.7,Rolling
0.86500,14,949.097,-414.388,28.575,501.9,Sliding
0.86500,15,449.846,-561.964,28.575,837.1,Rolling
0.87000,0,437.088,-32.118,28.575,149.1,Rolling
0.87000,1,477.017,104.327,28.575,412.7,Rolling
0.87000,2,954.003,-44.358,28.575,231.2,Rolling
0.87000,3,650.935,370.249,28.575,459.3,Rolling
0.87000,4,404.952,-221.684,28.575,551.9,Rolling
0.87000,5,1215.106,42.948,28.575,94.4,Rolling
0.87000,6,913.555,535.981,28.575,584.1,Airborne
0.87000,7,895.059,603.234,29.171,543.3,Airborne
0.87000,8,574.683,-41.058,28.575,330.2,Rolling
0.87000,9,674.662,243.469,28.575,291.9,Rolling
0.87000,10,489.000,-146.935,28.575,1278.5,Sliding
0.87000,11,799.776,-360.020,28.575,392.3,Rolling
0.87000,12,972.084,232.918,28.575,332.3,Rolling
0.87000,13,660.017,105.352,28.575,281.2,Rolling
0.87000,14,949.854,-412.019,28.575,492.6,Sliding
0.87000,15,447.779,-565.602,28.575,836.6,Rolling
0.87500,0,436.374,-32.330,28.575,148.7,Rolling
0.87500,1,475.126,105.151,28.575,412.2,Rolling
0.87500,2,955.153,-44.459,28.575,230.7,Rolling
0.87500,3,650.304,372.456,28.575,458.8,Rolling
0.87500,4,402.657,-223.214,28.575,551.4,Rolling
0.87500,5,1215.541,43.127,28.575,93.9,Rolling
0.87500,6,912.597,533.239,28.575,577.0,Sliding
0.87500,7,893.790,600.845,29.302,541.0,Airborne
0.87500,8,573.173,-41.723,28.575,329.7,Rolling
0.87500,9,674.611,244.927,28.575,291.4,Rolling
0.87500,10,482.659,-147.528,28.575,1268.7,Sliding
0.87500,11,799.880,-361.978,28.575,391.8,Rolling
0.87500,12,973.391,233.941,28.575,331.8,Rolling
0.87500,13,659.136,106.445,28.575,280.7,Rolling
0.87500,14,950.610,-409.700,28.575,483.3,Sliding
0.87500,15,445.714,-569.239,28.575,836.2,Rolling
0.88000,0,435.663,-32.540,28.575,148.2,Rolling
0.88000,1,473.237,105.973,28.575,411.7,Rolling
0.88000,2,956.301,-44.560,28.575,230.2,Rolling
0.88000,3,649.673,374.660,28.575,458.3,Rolling
0.88000,4,400.364,-224.743,28.575,550.9,Rolling
0.88000,5,1215.974,43.306,28.575,93.4,Rolling
0.88000,6,911.623,530.544,28.575,569.2,Sliding
0.88000,7,892.522,598.456,29.187,543.0,Airborne
0.88000,8,571.666,-42.386,28.575,329.2,Rolling
0.88000,9,674.559,246.382,28.575,290.9,Rolling
0.88000,10,476.368,-148.118,28.575,1258.9,Sliding
0.88000,11,799.983,-363.933,28.575,391.3,Rolling
0.88000,12,974.697,234.964,28.575,331.4,Rolling
0.88000,13,658.256,107.537,28.575,280.2,Rolling
0.88000,14,951.367,-407.429,28.575,474.0,Sliding
0.88000,15,443.650,-572.873,28.575,835.7,Rolling
0.88500,0,434.954,-32.751,28.575,147.7,Rolling
0.88500,1,471.351,106.794,28.575,411.2,Rolling
0.88500,2,957.447,-44.661,28.575,229.7,Rolling
0.88500,3,649.043,376.862,28.575,457.8,Rolling
0.88500,4,398.074,-226.271,28.575,550.4,Rolling
0.88500,5,1216.404,43.483,28.575,92.9,Rolling
0.88500,6,910.635,527.896,28.575,561.4,Sliding
0.88500,7,891.254,596.067,28.827,549.5,Airborne
0.88500,8,570.160,-43.049,28.575,328.8,Rolling
0.88500,9,674.508,247.834,28.575,290.4,Rolling
0.88500,10,470.125,-148.706,28.575,1249.1,Sliding
0.88500,11,800.086,-365.885,28.575,390.8,Rolling
0.88500,12,976.000,235.984,28.575,330.9,Rolling
0.88500,13,657.377,108.627,28.575,279.7,Rolling
0.88500,14,952.125,-405.208,28.575,464.8,Sliding
0.88500,15,441.587,-576.505,28.575,835.2,Rolling
0.89000,0,434.247,-32.960,28.575,147.2,Rolling
0.89000,1,469.466,107.614,28.575,410.7,Rolling
0.89000,2,958.590,-44.762,28.575,229.3,Rolling
0.89000,3,648.413,379.062,28.575,457.4,Rolling
0.89000,4,395.785,-227.797,28.575,549.9,Rolling
0.89000,5,1216.833,43.660,28.575,92.4,Rolling
0.89000,6,909.632,525.295,28.575,553.8,Sliding
0.89000,7,889.985,593.678,28.731,542.9,Airborne
0.89000,8,568.657,-43.711,28.575,328.3,Rolling
0.89000,9,674.457,249.284,28.575,289.9,Rolling
0.89000,10,463.932,-149.291,28.575,1239.3,Sliding
0.89000,11,800.190,-367.835,28.575,390.3,Rolling
0.89000,12,977.302,237.004,28.575,330.4,Rolling
0.89000,13,656.500,109.714,28.575,279.2,Rolling
0.89000,14,952.882,-403.035,28.575,455.5,Sliding
0.89000,15,439.526,-580.135,28.575,834.7,Rolling
0.89500,0,433.543,-33.168,28.575,146.7,Rolling
0.89500,1,467.585,108.434,28.575,410.3,Rolling
0.89500,2,959.731,-44.862,28.575,228.8,Rolling
0.89500,3,647.785,381.259,28.575,456.9,Rolling
0.89500,4,393.498,-229.322,28.575,549.4,Rolling
0.89500,5,1217.259,43.836,28.575,91.9,Rolling
0.89500,6,908.614,522.741,28.575,546.2,Sliding
0.89500,7,888.717,591.289,28.836,541.0,Airborne
0.89500,8,567.156,-44.372,28.575,327.8,Rolling
0.89500,9,674.406,250.732,28.575,289.4,Rolling
0.89500,10,457.787,-149.874,28.575,1229.5,Sliding
0.89500,11,800.293,-369.783,28.575,389.8,Rolling
0.89500,12,978.601,238.021,28.575,329.9,Rolling
0.89500,13,655.625,110.800,28.575,278.7,Rolling
0.89500,14,953.640,-400.912,28.575,446.3,Sliding
0.89500,15,437.465,-583.763,28.575,834.2,Rolling
0.90000,0,432.840,-33.376,28.575,146.2,Rolling
0.90000,1,465.705,109.252,28.575,409.8,Rolling
0.90000,2,960.869,-44.962,28.575,228.3,Rolling
0.90000,3,647.156,383.454,28.575,456.4,Rolling
0.90000,4,391.214,-230.846,28.575,548.9,Rolling
0.90000,5,1217.682,44.010,28.575,91.4,Rolling
0.90000,6,907.582,520.233,28.575,538.6,Sliding
0.90000,7,887.448,588.900,28.696,543.5,Airborne
0.90000,8,565.657,-45.032,28.575,327.3,Rolling
0.90000,9,674.355,252.177,28.575,289.0,Rolling
0.90000,10,451.692,-150.454,28.575,1219.7,Sliding
0.90000,11,800.395,-371.728,28.575,389.3,Rolling
0.90000,12,979.899,239.038,28.575,329.4,Rolling
0.90000,13,654.751,111.884,28.575,278.2,Rolling
0.90000,14,954.399,-398.838,28.575,437.1,Sliding
0.90000,15,435.406,-587.389,28.575,833.7,Rolling
0.90500,0,432.141,-33.584,28.575,145.7,Rolling
0.90500,1,463.828,110.069,28.575,409.3,Rolling
0.90500,2,962.005,-45.062,28.575,227.8,Rolling
0.90500,3,646.529,385.647,28.575,455.9,Rolling
0.90500,4,388.931,-232.368,28.575,548.5,Rolling
0.90500,5,1218.104,44.184,28.575,90.9,Rolling
0.90500,6,906.535,517.772,28.575,531.2,Sliding
0.90500,7,886.180,586.511,28.661,541.1,Airborne
0.90500,8,564.160,-45.691,28.575,326.8,Rolling
0.90500,9,674.305,253.619,28.575,288.5,Rolling
0.90500,10,445.645,-151.031,28.575,1209.9,Sliding
0.90500,11,800.498,-373.671,28.575,388.9,Rolling
0.90500,12,981.194,240.052,28.575,328.9,Rolling
0.90500,13,653.879,112.966,28.575,277.7,Rolling
0.90500,14,955.158,-396.813,28.575,428.0,Sliding
0.90500,15,433.348,-591.013,28.575,833.2,Rolling
0.91000,0,431.443,-33.790,28.575,145.2,Rolling
0.91000,1,461.952,110.886,28.575,408.8,Rolling
0.91000,2,963.138,-45.161,28.575,227.3,Rolling
0.91000,3,645.902,387.837,28.575,455.4,Rolling
0.91000,4,386.651,-233.889,28.575,548.0,Rolling
0.91000,5,1218.523,44.357,28.575,90.4,Rolling
0.91000,6,905.473,515.358,28.575,523.8,Sliding
0.91000,7,884.912,584.122,28.603,542.2,Airborne
0.91000,8,562.666,-46.349,28.575,326.3,Rolling
0.91000,9,674.254,255.060,28.575,288.0,Rolling
0.91000,10,439.647,-151.605,28.575,1200.1,Sliding
0.91000,11,800.601,-375.611,28.575,388.4,Rolling
0.91000,12,982.488,241.066,28.575,328.4,Rolling
0.91000,13,653.008,114.046,28.575,277.2,Rolling
0.91000,14,955.917,-394.836,28.575,418.8,Sliding
0.91000,15,431.291,-594.634,28.575,832.7,Rolling
0.91500,0,430.748,-33.996,28.575,144.7,Rolling
0.91500,1,460.079,111.701,28.575,408.3,Rolling
0.91500,2,964.269,-45.261,28.575,226.8,Rolling
0.91500,3,645.276,390.025,28.575,454.9,Rolling
0.91500,4,384.373,-235.408,28.575,547.5,Rolling
0.91500,5,1218.940,44.529,28.575,89.9,Rolling
0.91500,6,904.397,512.990,28.575,516.5,Sliding
0.91500,7,883.643,581.733,28.595,541.2,Airborne
0.91500,8,561.174,-47.006,28.575,325.8,Rolling
0.91500,9,674.203,256.497,28.575,287.5,Rolling
0.91500,10,433.698,-152.177,28.575,1190.3,Sliding
0.91500,11,800.703,-377.549,28.575,387.9,Rolling
0.91500,12,983.780,242.077,28.575,327.9,Rolling
0.91500,13,652.139,115.125,28.575,276.8,Rolling
0.91500,14,956.676,-392.888,28.575,417.8,Rolling
0.91500,15,429.236,-598.254,28.575,832.2,Rolling
0.92000,0,430.056,-34.201,28.575,144.2,Rolling
0.92000,1,458.209,112.515,28.575,407.8,Rolling
0.92000,2,965.397,-45.360,28.575,226.3,Rolling
0.92000,3,644.651,392.211,28.575,454.4,Rolling
0.92000,4,382.096,-236.927,28.575,547.0,Rolling
0.92000,5,1219.354,44.700,28.575,89.5,Rolling
0.92000,6,903.306,510.670,28.575,509.3,Sliding
0.92000,7,882.375,579.344,28.579,541.0,Airborne
0.92000,8,559.684,-47.661,28.575,325.3,Rolling
0.92000,9,674.153,257.933,28.575,287.0,Rolling
0.92000,10,427.799,-152.746,28.575,1180.5,Sliding
0.92000,11,800.806,-379.485,28.575,387.4,Rolling
0.92000,12,985.070,243.087,28.575,327.4,Rolling
0.92000,13,651.271,116.201,28.575,276.3,Rolling
0.92000,14,957.434,-390.943,28.575,417.3,Rolling
0.92000,15,427.182,-601.871,28.575,831.7,Rolling
0.92500,0,429.365,-34.406,28.575,143.7,Rolling
0.92500,1,456.340,113.329,28.575,407.3,Rolling
0.92500,2,966.523,-45.459,28.575,225.8,Rolling
0.92500,3,644.026,394.394,28.575,453.9,Rolling
0.92500,4,379.822,-238.443,28.575,546.5,Rolling
0.92500,5,1219.767,44.870,28.575,89.0,Rolling
0.92500,6,902.200,508.396,28.575,502.1,Sliding
0.92500,7,881.107,576.956,28.575,538.8,Sliding
0.92500,8,558.197,-48.316,28.575,324.8,Rolling
0.92500,9,674.102,259.366,28.575,286.5,Rolling
0.92500,10,421.948,-153.313,28.575,1170.7,Sliding
0.92500,11,800.908,-381.418,28.575,386.9,Rolling
0.92500,12,986.358,244.096,28.575,326.9,Rolling
0.92500,13,650.405,117.275,28.575,275.8,Rolling
0.92500,14,958.191,-389.000,28.575,416.9,Rolling
0.92500,15,425.129,-605.486,28.575,831.2,Rolling
0.93000,0,428.677,-34.609,28.575,143.3,Rolling
0.93000,1,454.474,114.141,28.575,406.8,Rolling
0.93000,2,967.647,-45.558,28.575,225.3,Rolling
0.93000,3,643.402,396.575,28.575,453.4,Rolling
0.93000,4,377.550,-239.959,28.575,546.0,Rolling
0.93000,5,1220.177,45.040,28.575,88.5,Rolling
0.93000,6,901.080,506.169,28.575,495.1,Sliding
0.93000,7,879.858,574.597,28.575,529.0,Sliding
0.93000,8,556.711,-48.970,28.575,324.3,Rolling
0.93000,9,674.052,260.796,28.575,286.0,Rolling
0.93000,10,416.146,-153.876,28.575,1160.9,Sliding
0.93000,11,801.010,-383.348,28.575,386.4,Rolling
0.93000,12,987.644,245.103,28.575,326.4,Rolling
0.93000,13,649.540,118.348,28.575,275.3,Rolling
0.93000,14,958.947,-387.059,28.575,416.4,Rolling
0.93000,15,423.389,-604.629,28.958,590.7,Airborne
0.93500,0,427.992,-34.813,28.575,142.8,Rolling
0.93500,1,452.610,114.953,28.575,406.3,Rolling
0.93500,2,968.768,-45.656,28.575,224.8,Rolling
0.93500,3,642.779,398.753,28.575,452.9,Rolling
0.93500,4,375.279,-241.473,28.575,545.5,Rolling
0.93500,5,1220.584,45.208,28.575,88.0,Rolling
0.93500,6,899.945,503.989,28.575,488.2,Sliding
0.93500,7,878.636,572.279,28.575,519.2,Sliding
0.93500,8,555.228,-49.623,28.575,323.8,Rolling
0.93500,9,674.002,262.224,28.575,285.5,Rolling
0.93500,10,410.393,-154.437,28.575,1151.1,Sliding
0.93500,11,801.112,-385.276,28.575,385.9,Rolling
0.93500,12,988.928,246.109,28.575,326.0,Rolling
0.93500,13,648.677,119.418,28.575,274.8,Rolling
0.93500,14,959.703,-385.120,28.575,415.9,Rolling
0.93500,15,421.759,-602.203,29.261,585.7,Airborne
0.94000,0,427.308,-35.015,28.575,142.3,Rolling
0.94000,1,450.749,115.763,28.575,405.8,Rolling
0.94000,2,969.887,-45.755,28.575,224.4,Rolling
0.94000,3,642.156,400.929,28.575,452.5,Rolling
0.94000,4,373.011,-242.986,28.575,545.0,Rolling
0.94000,5,1220.990,45.375,28.575,87.5,Rolling
0.94000,6,898.795,501.855,28.575,481.3,Sliding
0.94000,7,877.440,570.002,28.575,509.5,Sliding
0.94000,8,553.747,-50.275,28.575,323.4,Rolling
0.94000,9,673.951,263.649,28.575,285.0,Rolling
0.94000,10,404.689,-154.996,28.575,1141.3,Sliding
0.94000,11,801.214,-387.202,28.575,385.4,Rolling
0.94000,12,990.210,247.113,28.575,325.5,Rolling
0.94000,13,647.815,120.487,28.575,274.3,Rolling
0.94000,14,960.457,-383.184,28.575,415.4,Rolling
0.94000,15,420.130,-599.777,29.320,584.7,Airborne
0.94500,0,426.627,-35.217,28.575,141.8,Rolling
0.94500,1,448.889,116.573,28.575,405.4,Rolling
0.94500,2,971.003,-45.853,28.575,223.9,Rolling
0.94500,3,641.534,403.103,28.575,452.0,Rolling
0.94500,4,370.745,-244.497,28.575,544.5,Rolling
0.94500,5,1221.393,45.541,28.575,87.0,Rolling
0.94500,6,897.630,499.768,28.575,474.6,Sliding
0.94500,7,876.271,567.766,28.575,499.7,Sliding
0.94500,8,552.269,-50.926,28.575,322.9,Rolling
0.94500,9,673.901,265.073,28.575,284.5,Rolling
0.94500,10,399.034,-155.552,28.575,1131.5,Sliding
0.94500,11,801.315,-389.125,28.575,384.9,Rolling
0.94500,12,991.490,248.116,28.575,325.0,Rolling
0.94500,13,646.955,121.554,28.575,273.8,Rolling
0.94500,14,961.211,-381.250,28.575,414.9,Rolling
0.94500,15,418.500,-597.351,29.133,587.8,Airborne
0.95000,0,425.949,-35.418,28.575,141.3,Rolling
0.95000,1,447.032,117.381,28.575,404.9,Rolling
0.95000,2,972.117,-45.951,28.575,223.4,Rolling
0.95000,3,640.912,405.275,28.575,451.5,Rolling
0.95000,4,368.481,-246.007,28.575,544.0,Rolling
0.95000,5,1221.794,45.707,28.575,86.5,Rolling
0.95000,6,896.451,497.728,28.575,468.0,Sliding
0.95000,7,875.129,565.572,28.575,489.9,Sliding
0.95000,8,550.792,-51.576,28.575,322.4,Rolling
0.95000,9,673.851,266.493,28.575,284.1,Rolling
0.95000,10,393.428,-156.105,28.575,1121.8,Sliding
0.95000,11,801.417,-391.046,28.575,384.4,Rolling
0.95000,12,992.769,249.117,28.575,324.5,Rolling
0.95000,13,646.097,122.619,28.575,273.3,Rolling
0.95000,14,961.964,-379.318,28.575,414.4,Rolling
0.95000,15,416.871,-594.925,28.701,595.0,Airborne
0.95500,0,425.273,-35.618,28.575,140.8,Rolling
0.95500,1,445.177,118.189,28.575,404.4,Rolling
0.95500,2,973.228,-46.049,28.575,222.9,Rolling
0.95500,3,640.292,407.444,28.575,451.0,Rolling
0.95500,4,366.219,-247.515,28.575,543.6,Rolling
0.95500,5,1222.193,45.871,28.575,86.0,Rolling
0.95500,6,895.257,495.735,28.575,461.4,Sliding
0.95500,7,874.014,563.418,28.575,480.2,Sliding
0.95500,8,549.318,-52.225,28.575,321.9,Rolling
0.95500,9,673.801,267.911,28.575,283.6,Rolling
0.95500,10,387.871,-156.655,28.575,1112.0,Sliding
0.95500,11,801.518,-392.964,28.575,384.0,Rolling
0.95500,12,994.045,250.116,28.575,324.0,Rolling
0.95500,13,645.240,123.682,28.575,272.8,Rolling
0.95500,14,962.715,-377.389,28.575,413.9,Rolling
0.95500,15,415.241,-592.498,28.785,585.5,Airborne
0.96000,0,424.599,-35.817,28.575,140.3,Rolling
0.96000,1,443.324,118.995,28.575,403.9,Rolling
0.96000,2,974.337,-46.146,28.575,222.4,Rolling
0.96000,3,639.672,409.610,28.575,450.5,Rolling
0.96000,4,363.959,-249.023,28.575,543.1,Rolling
0.96000,5,1222.589,46.035,28.575,85.5,Rolling
0.96000,6,894.048,493.789,28.575,455.0,Sliding
0.96000,7,872.925,561.306,28.575,470.4,Sliding
0.96000,8,547.846,-52.873,28.575,321.4,Rolling
0.96000,9,673.751,269.327,28.575,283.1,Rolling
0.96000,10,382.351,-157.203,28.575,1108.7,Rolling
0.96000,11,801.620,-394.880,28.575,383.5,Rolling
0.96000,12,995.319,251.114,28.575,323.5,Rolling
0.96000,13,644.385,124.743,28.575,272.3,Rolling
0.96000,14,963.466,-375.462,28.575,413.4,Rolling
0.96000,15,413.611,-590.072,28.835,584.7,Airborne
0.96500,0,423.927,-36.016,28.575,139.8,Rolling
0.96500,1,441.474,119.801,28.575,403.4,Rolling
0.96500,2,975.444,-46.243,28.575,221.9,Rolling
0.96500,3,639.052,411.775,28.575,450.0,Rolling
0.96500,4,361.701,-250.529,28.575,542.6,Rolling
0.96500,5,1222.984,46.198,28.575,85.0,Rolling
0.96500,6,892.825,491.889,28.575,448.8,Sliding
0.96500,7,871.863,559.234,28.575,460.7,Sliding
0.96500,8,546.377,-53.520,28.575,320.9,Rolling
0.96500,9,673.702,270.740,28.575,282.6,Rolling
0.96500,10,376.836,-157.751,28.575,1108.2,Rolling
0.96500,11,801.721,-396.793,28.575,383.0,Rolling
0.96500,12,996.592,252.111,28.575,323.0,Rolling
0.96500,13,643.531,125.802,28.575,271.8,Rolling
0.96500,14,964.216,-373.537,28.575,412.9,Rolling
0.96500,15,411.982,-587.646,28.640,588.0,Airborne
0.97000,0,423.258,-36.215,28.575,139.3,Rolling
0.97000,1,439.626,120.606,28.575,402.9,Rolling
0.97000,2,976.548,-46.340,28.575,221.4,Rolling
0.97000,3,638.434,413.937,28.575,449.5,Rolling
0.97000,4,359.445,-252.033,28.575,542.1,Rolling
0.97000,5,1223.376,46.359,28.575,84.6,Rolling
0.97000,6,891.587,490.036,28.575,442.6,Sliding
0.97000,7,870.827,557.204,28.575,450.9,Sliding
0.97000,8,544.909,-54.166,28.575,320.4,Rolling
0.97000,9,673.652,272.151,28.575,282.1,Rolling
0.97000,10,371.323,-158.299,28.575,1107.7,Rolling
0.97000,11,801.822,-398.704,28.575,382.5,Rolling
0.97000,12,997.863,253.106,28.575,322.5,Rolling
0.97000,13,642.678,126.859,28.575,271.4,Rolling
0.97000,14,964.966,-371.614,28.575,412.4,Rolling
0.97000,15,410.352,-585.220,28.672,584.5,Airborne
0.97500,0,422.591,-36.412,28.575,138.8,Rolling
0.97500,1,437.780,121.409,28.575,402.4,Rolling
0.97500,2,977.649,-46.437,28.575,220.9,Rolling
0.97500,3,637.816,416.096,28.575,449.0,Rolling
0.97500,4,357.191,-253.536,28.575,541.6,Rolling
0.97500,5,1223.765,46.520,28.575,84.1,Rolling
0.97500,6,890.334,488.230,28.575,436.6,Sliding
0.97500,7,869.819,555.215,28.575,441.2,Sliding
0.97500,8,543.444,-54.811,28.575,319.9,Rolling
0.97500,9,673.602,273.559,28.575,281.6,Rolling
0.97500,10,365.813,-158.846,28.575,1107.3,Rolling
0.97500,11,801.923,-400.613,28.575,382.0,Rolling
0.97500,12,999.131,254.100,28.575,322.0,Rolling
0.97500,13,641.828,127.915,28.575,270.9,Rolling
0.97500,14,965.714,-369.694,28.575,411.9,Rolling
0.97500,15,408.723,-582.794,28.578,585.1,Airborne
0.98000,0,421.927,-36.609,28.575,138.4,Rolling
0.98000,1,435.936,122.212,28.575,401.9,Rolling
0.98000,2,978.748,-46.534,28.575,220.4,Rolling
0.98000,3,637.198,418.254,28.575,448.5,Rolling
0.98000,4,354.939,-255.038,28.575,541.1,Rolling
0.98000,5,1224.153,46.680,28.575,83.6,Rolling
0.98000,6,889.066,486.471,28.575,430.7,Sliding
0.98000,7,868.837,553.268,28.575,431.4,Sliding
0.98000,8,541.981,-55.455,28.575,319.4,Rolling
0.98000,9,673.553,274.965,28.575,281.1,Rolling
0.98000,10,360.305,-159.393,28.575,1106.8,Rolling
0.98000,11,802.024,-402.519,28.575,381.5,Rolling
0.98000,12,1000.398,255.092,28.575,321.5,Rolling
0.98000,13,640.978,128.968,28.575,270.4,Rolling
0.98000,14,966.461,-367.776,28.575,411.5,Rolling
0.98000,15,407.093,-580.368,28.581,585.0,Airborne
0.98500,0,421.265,-36.805,28.575,137.9,Rolling
0.98500,1,434.095,123.014,28.575,401.4,Rolling
0.98500,2,979.845,-46.630,28.575,219.9,Rolling
0.98500,3,636.582,420.409,28.575,448.0,Rolling
0.98500,4,352.689,-256.539,28.575,540.6,Rolling
0.98500,5,1224.538,46.839,28.575,83.1,Rolling
0.98500,6,887.784,484.759,28.575,425.0,Sliding
0.98500,7,867.882,551.361,28.575,421.7,Sliding
0.98500,8,540.521,-56.098,28.575,318.9,Rolling
0.98500,9,673.504,276.369,28.575,280.6,Rolling
0.98500,10,354.799,-159.940,28.575,1106.3,Rolling
0.98500,11,802.124,-404.423,28.575,381.0,Rolling
0.98500,12,1001.663,256.082,28.575,321.1,Rolling
0.98500,13,640.131,130.019,28.575,269.9,Rolling
0.98500,14,967.208,-365.860,28.575,411.0,Rolling
0.98500,15,405.463,-577.941,28.578,584.6,Airborne
0.99000,0,420.605,-37.000,28.575,137.4,Rolling
0.99000,1,432.256,123.814,28.575,400.9,Rolling
0.99000,2,980.939,-46.726,28.575,219.5,Rolling
0.99000,3,635.966,422.561,28.575,447.5,Rolling
0.99000,4,350.441,-258.038,28.575,540.1,Rolling
0.99000,5,1224.921,46.997,28.575,82.6,Rolling
0.99000,6,886.512,482.971,28.575,459.6,Sliding
0.99000,7,866.928,549.614,28.575,368.4,Sliding
0.99000,8,539.062,-56.741,28.575,318.5,Rolling
0.99000,9,673.454,277.770,28.575,280.1,Rolling
0.99000,10,349.296,-160.487,28.575,1105.8,Rolling
0.99000,11,802.225,-406.324,28.575,380.5,Rolling
0.99000,12,1002.926,257.071,28.575,320.6,Rolling
0.99000,13,639.284,131.069,28.575,269.4,Rolling
0.99000,14,967.953,-363.947,28.575,410.5,Rolling
0.99000,15,403.834,-575.518,28.575,581.8,Sliding
0.99500,0,419.948,-37.195,28.575,136.9,Rolling
0.99500,1,430.419,124.614,28.575,400.4,Rolling
0.99500,2,982.031,-46.822,28.575,219.0,Rolling
0.99500,3,635.350,424.711,28.575,447.1,Rolling
0.99500,4,348.196,-259.535,28.575,539.6,Rolling
0.99500,5,1225.301,47.154,28.575,82.1,Rolling
0.99500,6,885.258,481.064,28.575,453.3,Sliding
0.99500,7,865.972,548.068,28.575,358.8,Sliding
0.99500,8,537.606,-57.382,28.575,318.0,Rolling
0.99500,9,673.405,279.168,28.575,279.6,Rolling
0.99500,10,343.796,-161.034,28.575,1105.3,Rolling
0.99500,11,802.325,-408.222,28.575,380.0,Rolling
0.99500,12,1004.186,258.059,28.575,320.1,Rolling
0.99500,13,638.440,132.117,28.575,268.9,Rolling
0.99500,14,968.698,-362.035,28.575,410.0,Rolling
0.99500,15,402.203,-573.134,28.575,573.8,Sliding
1.00000,0,419.292,-37.389,28.575,136.4,Rolling
1.00000,1,428.584,125.413,28.575,400.0,Rolling
1.00000,2,983.120,-46.918,28.575,218.5,Rolling
1.00000,3,634.736,426.859,28.575,446.6,Rolling
1.00000,4,345.952,-261.032,28.575,539.1,Rolling
1.00000,5,1225.680,47.310,28.575,81.6,Rolling
1.00000,6,883.991,479.204,28.575,447.1,Sliding
1.00000,7,865.048,546.559,28.575,349.1,Sliding
1.00000,8,536.152,-58.022,28.575,317.5,Rolling
1.00000,9,673.356,280.564,28.575,279.1,Rolling
1.00000,10,338.298,-161.580,28.575,1104.8,Rolling
1.00000,11,802.426,-410.119,28.575,379.5,Rolling
1.00000,12,1005.445,259.045,28.575,319.6,Rolling
1.00000,13,637.597,133.163,28.575,268.4,Rolling
1.00000,14,969.442,-360.126,28.575,409.5,Rolling
1.00000,15,400.570,-570.798,28.575,566.0,Sliding
1.00500,0,418.640,-37.582,28.575,135.9,Rolling
1.00500,1,426.751,126.211,28.575,399.5,Rolling
1.00500,2,984.207,-47.014,28.575,218.0,Rolling
1.00500,3,634.122,429.005,28.575,446.1,Rolling
1.00500,4,343.710,-262.527,28.575,538.7,Rolling
1.00500,5,1226.056,47.465,28.575,81.1,Rolling
1.00500,6,882.710,477.390,28.575,441.0,Sliding
1.00500,7,864.157,545.086,28.575,339.5,Sliding
1.00500,8,534.701,-58.661,28.575,317.0,Rolling
1.00500,9,673.307,281.958,28.575,278.7,Rolling
1.00500,10,332.802,-162.126,28.575,1104.3,Rolling
1.00500,11,802.526,-412.013,28.575,379.0,Rolling
1.00500,12,1006.703,260.029,28.575,319.1,Rolling
1.00500,13,636.755,134.206,28.575,267.9,Rolling
1.00500,14,970.185,-358.220,28.575,409.0,Rolling
1.00500,15,398.936,-568.511,28.575,558.2,Sliding
1.01000,0,417.989,-37.775,28.575,135.4,Rolling
1.01000,1,424.921,127.007,28.575,399.0,Rolling
1.01000,2,985.292,-47.109,28.575,217.5,Rolling
1.01000,3,633.509,431.148,28.575,445.6,Rolling
1.01000,4,341.470,-264.020,28.575,538.2,Rolling
1.01000,5,1226.429,47.619,28.575,80.6,Rolling
1.01000,6,881.415,475.624,28.575,435.1,Sliding
1.01000,7,863.298,543.650,28.575,329.8,Sliding
1.01000,8,533.251,-59.299,28.575,316.5,Rolling
1.01000,9,673.258,283.349,28.575,278.2,Rolling
1.01000,10,327.308,-162.672,28.575,1103.8,Rolling
1.01000,11,802.626,-413.904,28.575,378.6,Rolling
1.01000,12,1007.958,261.012,28.575,318.6,Rolling
1.01000,13,635.915,135.248,28.575,267.4,Rolling
1.01000,14,970.927,-356.316,28.575,408.5,Rolling
1.01000,15,397.301,-566.274,28.575,550.5,Sliding
1.01500,0,417.341,-37.967,28.575,134.9,Rolling
1.01500,1,423.093,127.803,28.575,398.5,Rolling
1.01500,2,986.374,-47.204,28.575,217.0,Rolling
1.01500,3,632.896,433.289,28.575,445.1,Rolling
1.01500,4,339.233,-265.513,28.575,537.7,Rolling
1.01500,5,1226.801,47.773,28.575,80.1,Rolling
1.01500,6,880.106,473.905,28.575,429.3,Sliding
1.01500,7,862.472,542.251,28.575,320.2,Sliding
1.01500,8,531.804,-59.936,28.575,316.0,Rolling
1.01500,9,673.209,284.738,28.575,277.7,Rolling
1.01500,10,321.818,-163.217,28.575,1103.3,Rolling
1.01500,11,802.726,-415.793,28.575,378.1,Rolling
1.01500,12,1009.211,261.994,28.575,318.1,Rolling
1.01500,13,635.077,136.288,28.575,266.9,Rolling
1.01500,14,971.668,-354.413,28.575,408.0,Rolling
1.01500,15,395.664,-564.085,28.575,542.8,Sliding
1.02000,0,416.696,-38.158,28.575,134.4,Rolling
1.02000,1,421.268,128.598,28.575,398.0,Rolling
1.02000,2,987.454,-47.299,28.575,216.5,Rolling
1.02000,3,632.284,435.427,28.575,444.6,Rolling
1.02000,4,336.997,-267.004,28.575,537.2,Rolling
1.02000,5,1227.170,47.925,28.575,79.6,Rolling
1.02000,6,878.783,472.233,28.575,423.6,Sliding
1.02000,7,861.678,540.888,28.575,310.6,Sliding
1.02000,8,530.359,-60.572,28.575,315.5,Rolling
1.02000,9,673.160,286.124,28.575,277.2,Rolling
1.02000,10,316.329,-163.762,28.575,1102.8,Rolling
1.02000,11,802.825,-417.679,28.575,377.6,Rolling
1.02000,12,1010.462,262.973,28.575,317.6,Rolling
1.02000,13,634.240,137.327,28.575,266.5,Rolling
1.02000,14,972.408,-352.514,28.575,407.5,Rolling
1.02000,15,394.025,-561.946,28.575,535.2,Sliding
1.02500,0,416.052,-38.349,28.575,133.9,Rolling
1.02500,1,419.444,129.392,28.575,397.5,Rolling
1.02500,2,988.531,-47.394,28.575,216.0,Rolling
1.02500,3,631.673,437.563,28.575,444.1,Rolling
1.02500,4,334.764,-268.493,28.575,536.7,Rolling
1.02500,5,1227.537,48.076,28.575,79.2,Rolling
1.02500,6,877.446,470.608,28.575,418.1,Sliding
1.02500,7,860.916,539.563,28.575,301.0,Sliding
1.02500,8,528.916,-61.207,28.575,315.0,Rolling
1.02500,9,673.111,287.508,28.575,276.7,Rolling
1.02500,10,310.843,-164.307,28.575,1102.4,Rolling
1.02500,11,802.925,-419.563,28.575,377.1,Rolling
1.02500,12,1011.712,263.952,28.575,317.1,Rolling
1.02500,13,633.404,138.363,28.575,266.0,Rolling
1.02500,14,973.148,-350.616,28.575,407.0,Rolling
1.02500,15,392.385,-559.855,28.575,527.7,Sliding
1.03000,0,415.411,-38.539,28.575,133.5,Rolling
1.03000,1,417.623,130.185,28.575,397.0,Rolling
1.03000,2,989.605,-47.488,28.575,215.5,Rolling
1.03000,3,631.062,439.697,28.575,443.6,Rolling
1.03000,4,332.532,-269.981,28.575,536.2,Rolling
1.03000,5,1227.902,48.227,28.575,78.7,Rolling
1.03000,6,876.095,469.030,28.575,412.8,Sliding
1.03000,7,860.181,538.267,28.575,297.2,Rolling
1.03000,8,527.476,-61.842,28.575,314.5,Rolling
1.03000,9,673.063,288.890,28.575,276.2,Rolling
1.03000,10,305.360,-164.852,28.575,1101.9,Rolling
1.03000,11,803.025,-421.445,28.575,376.6,Rolling
1.03000,12,1012.959,264.929,28.575,316.6,Rolling
1.03000,13,632.570,139.397,28.575,265.5,Rolling
1.03000,14,973.886,-348.721,28.575,406.6,Rolling
1.03000,15,390.744,-557.814,28.575,520.2,Sliding
1.03500,0,414.773,-38.728,28.575,133.0,Rolling
1.03500,1,415.804,130.977,28.575,396.5,Rolling
1.03500,2,990.678,-47.583,28.575,215.0,Rolling
1.03500,3,630.452,441.828,28.575,443.1,Rolling
1.03500,4,330.303,-271.468,28.575,535.7,Rolling
1.03500,5,1228.264,48.376,28.575,78.2,Rolling
1.03500,6,874.731,467.499,28.575,407.6,Sliding
1.03500,7,859.449,536.975,28.575,296.7,Rolling
1.03500,8,526.038,-62.475,28.575,314.0,Rolling
1.03500,9,673.014,290.269,28.575,275.7,Rolling
1.03500,10,299.879,-165.397,28.575,1101.4,Rolling
1.03500,11,803.124,-423.324,28.575,376.1,Rolling
1.03500,12,1014.204,265.904,28.575,316.2,Rolling
1.03500,13,631.738,140.430,28.575,265.0,Rolling
1.03500,14,974.624,-346.828,28.575,406.1,Rolling
1.03500,15,389.100,-555.821,28.575,512.9,Sliding
1.04000,0,414.137,-38.916,28.575,132.5,Rolling
1.04000,1,413.987,131.768,28.575,396.0,Rolling
1.04000,2,991.748,-47.677,28.575,214.5,Rolling
1.04000,3,629.843,443.957,28.575,442.6,Rolling
1.04000,4,328.075,-272.954,28.575,535.2,Rolling
1.04000,5,1228.625,48.525,28.575,77.7,Rolling
1.04000,6,873.352,466.015,28.575,402.6,Sliding
1.04000,7,858.718,535.685,28.575,296.2,Rolling
1.04000,8,524.602,-63.107,28.575,313.6,Rolling
1.04000,9,672.966,291.645,28.575,275.2,Rolling
1.04000,10,294.400,-165.941,28.575,1100.9,Rolling
1.04000,11,803.223,-425.201,28.575,375.6,Rolling
1.04000,12,1015.448,266.878,28.575,315.7,Rolling
1.04000,13,630.907,141.460,28.575,264.5,Rolling
1.04000,14,975.361,-344.937,28.575,405.6,Rolling
1.04000,15,387.456,-553.877,28.575,505.6,Sliding
1.04500,0,413.503,-39.104,28.575,132.0,Rolling
1.04500,1,412.173,132.557,28.575,395.5,Rolling
1.04500,2,992.815,-47.771,28.575,214.1,Rolling
1.04500,3,629.235,446.084,28.575,442.2,Rolling
1.04500,4,325.850,-274.438,28.575,534.7,Rolling
1.04500,5,1228.983,48.673,28.575,77.2,Rolling
1.04500,6,871.962,464.573,28.575,399.7,Rolling
1.04500,7,857.988,534.398,28.575,295.7,Rolling
1.04500,8,523.168,-63.738,28.575,313.1,Rolling
1.04500,9,672.917,293.019,28.575,274.7,Rolling
1.04500,10,288.924,-166.485,28.575,1100.4,Rolling
1.04500,11,803.322,-427.075,28.575,375.1,Rolling
1.04500,12,1016.690,267.850,28.575,315.2,Rolling
1.04500,13,630.078,142.489,28.575,264.0,Rolling
1.04500,14,976.096,-343.049,28.575,405.1,Rolling
1.04500,15,385.810,-551.983,28.575,498.4,Sliding
1.05000,0,412.871,-39.291,28.575,131.5,Rolling
1.05000,1,410.361,133.346,28.575,395.1,Rolling
1.05000,2,993.880,-47.864,28.575,213.6,Rolling
1.05000,3,628.627,448.208,28.575,441.7,Rolling
1.05000,4,323.627,-275.921,28.575,534.2,Rolling
1.05000,5,1229.338,48.819,28.575,76.7,Rolling
1.05000,6,870.570,463.140,28.575,399.2,Rolling
1.05000,7,857.259,533.113,28.575,295.2,Rolling
1.05000,8,521.736,-64.368,28.575,312.6,Rolling
1.05000,9,672.869,294.391,28.575,274.2,Rolling
1.05000,10,283.450,-167.029,28.575,1099.9,Rolling
1.05000,11,803.421,-428.947,28.575,374.6,Rolling
1.05000,12,1017.929,268.821,28.575,314.7,Rolling
1.05000,13,629.250,143.515,28.575,263.5,Rolling
1.05000,14,976.831,-341.163,28.575,404.6,Rolling
1.05000,15,384.162,-550.137,28.575,491.3,Sliding
1.05500,0,412.242,-39.477,28.575,131.0,Rolling
1.05500,1,408.551,134.134,28.575,394.6,Rolling
1.05500,2,994.942,-47.958,28.575,213.1,Rolling
1.05500,3,628.019,450.330,28.575,441.2,Rolling
1.05500,4,321.405,-277.402,28.575,533.7,Rolling
1.05500,5,1229.692,48.965,28.575,76.2,Rolling
1.05500,6,869.180,461.709,28.575,398.8,Rolling
1.05500,7,856.532,531.830,28.575,294.7,Rolling
1.05500,8,520.307,-64.998,28.575,312.1,Rolling
1.05500,9,672.821,295.760,28.575,273.8,Rolling
1.05500,10,277.979,-167.572,28.575,1099.4,Rolling
1.05500,11,803.520,-430.816,28.575,374.1,Rolling
1.05500,12,1019.167,269.791,28.575,314.2,Rolling
1.05500,13,628.424,144.540,28.575,263.0,Rolling
1.05500,14,977.565,-339.279,28.575,404.1,Rolling
1.05500,15,382.513,-548.341,28.575,484.3,Sliding
1.06000,0,411.615,-39.663,28.575,130.5,Rolling
1.06000,1,406.743,134.921,28.575,394.1,Rolling
1.06000,2,996.003,-48.051,28.575,212.6,Rolling
1.06000,3,627.413,452.450,28.575,440.7,Rolling
1.06000,4,319.186,-278.882,28.575,533.3,Rolling
1.06000,5,1230.043,49.110,28.575,75.7,Rolling
1.06000,6,867.792,460.279,28.575,398.3,Rolling
1.06000,7,855.806,530.549,28.575,294.2,Rolling
1.06000,8,518.880,-65.626,28.575,311.6,Rolling
1.06000,9,672.773,297.127,28.575,273.3,Rolling
1.06000,10,272.510,-168.116,28.575,1098.9,Rolling
1.06000,11,803.619,-432.683,28.575,373.7,Rolling
1.06000,12,1020.403,270.759,28.575,313.7,Rolling
1.06000,13,627.600,145.563,28.575,262.5,Rolling
1.06000,14,978.299,-337.398,28.575,403.6,Rolling
1.06000,15,380.862,-546.593,28.575,477.3,Sliding
1.06500,0,410.991,-39.848,28.575,130.0,Rolling
1.06500,1,404.937,135.707,28.575,393.6,Rolling
1.06500,2,997.060,-48.144,28.575,212.1,Rolling
1.06500,3,626.807,454.567,28.575,440.2,Rolling
1.06500,4,316.969,-280.361,28.575,532.8,Rolling
1.06500,5,1230.392,49.254,28.575,75.2,Rolling
1.06500,6,866.406,458.851,28.575,397.8,Rolling
1.06500,7,855.081,529.270,28.575,293.8,Rolling
1.06500,8,517.455,-66.253,28.575,311.1,Rolling
1.06500,9,672.725,298.491,28.575,272.8,Rolling
1.06500,10,267.043,-168.659,28.575,1098.4,Rolling
1.06500,11,803.717,-434.547,28.575,373.2,Rolling
1.06500,12,1021.637,271.725,28.575,313.2,Rolling
1.06500,13,626.776,146.584,28.575,262.0,Rolling
1.06500,14,979.031,-335.519,28.575,403.1,Rolling
1.06500,15,379.209,-544.895,28.575,470.5,Sliding
1.07000,0,410.368,-40.032,28.575,129.5,Rolling
1.07000,1,403.134,136.492,28.575,393.1,Rolling
1.07000,2,998.115,-48.237,28.575,211.6,Rolling
1.07000,3,626.202,456.682,28.575,439.7,Rolling
1.07000,4,314.754,-281.838,28.575,532.3,Rolling
1.07000,5,1230.738,49.397,28.575,74.7,Rolling
1.07000,6,865.022,457.425,28.575,397.3,Rolling
1.07000,7,854.357,527.993,28.575,293.3,Rolling
1.07000,8,516.033,-66.879,28.575,310.6,Rolling
1.07000,9,672.677,299.853,28.575,272.3,Rolling
1.07000,10,261.579,-169.202,28.575,1097.9,Rolling
1.07000,11,803.816,-436.409,28.575,372.7,Rolling
1.07000,12,1022.869,272.690,28.575,312.7,Rolling
1.07000,13,625.955,147.603,28.575,261.6,Rolling
1.07000,14,979.762,-333.642,28.575,402.6,Rolling
1.07000,15,377.556,-543.245,28.575,463.8,Sliding
1.07500,0,409.749,-40.216,28.575,129.0,Rolling
1.07500,1,401.333,137.277,28.575,392.6,Rolling
1.07500,2,999.168,-48.329,28.575,211.1,Rolling
1.07500,3,625.597,458.794,28.575,439.2,Rolling
1.07500,4,312.541,-283.314,28.575,531.8,Rolling
1.07500,5,1231.083,49.539,28.575,74.3,Rolling
1.07500,6,863.639,456.001,28.575,396.8,Rolling
1.07500,7,853.635,526.719,28.575,292.8,Rolling
1.07500,8,514.613,-67.505,28.575,310.1,Rolling
1.07500,9,672.629,301.212,28.575,271.8,Rolling
1.07500,10,256.118,-169.744,28.575,1097.4,Rolling
1.07500,11,803.914,-438.269,28.575,372.2,Rolling
1.07500,12,1024.099,273.653,28.575,312.2,Rolling
1.07500,13,625.135,148.620,28.575,261.1,Rolling
1.07500,14,980.493,-331.767,28.575,402.1,Rolling
1.07500,15,375.900,-541.645,28.575,457.2,Sliding
1.08000,0,409.131,-40.399,28.575,128.5,Rolling
1.08000,1,399.535,138.060,28.575,392.1,Rolling
1.08000,2,1000.218,-48.421,28.575,210.6,Rolling
1.08000,3,624.994,460.904,28.575,438.7,Rolling
1.08000,4,310.330,-284.789,28.575,531.3,Rolling
1.08000,5,1231.425,49.680,28.575,73.8,Rolling
1.08000,6,862.257,454.579,28.575,396.3,Rolling
1.08000,7,852.914,525.446,28.575,292.3,Rolling
1.08000,8,513.195,-68.129,28.575,309.6,Rolling
1.08000,9,672.581,302.569,28.575,271.3,Rolling
1.08000,10,250.658,-170.287,28.575,1097.0,Rolling
1.08000,11,804.012,-440.126,28.575,371.7,Rolling
1.08000,12,1025.327,274.615,28.575,311.7,Rolling
1.08000,13,624.316,149.636,28.575,260.6,Rolling
1.08000,14,981.222,-329.895,28.575,401.7,Rolling
1.08000,15,374.243,-540.094,28.575,450.8,Sliding
1.08500,0,408.516,-40.581,28.575,128.1,Rolling
1.08500,1,397.738,138.842,28.575,391.6,Rolling
1.08500,2,1001.266,-48.514,28.575,210.1,Rolling
1.08500,3,624.390,463.012,28.575,438.2,Rolling
1.08500,4,308.120,-286.262,28.575,530.8,Rolling
1.08500,5,1231.765,49.820,28.575,73.3,Rolling
1.08500,6,860.878,453.158,28.575,395.8,Rolling
1.08500,7,852.194,524.176,28.575,291.8,Rolling
1.08500,8,511.779,-68.752,28.575,309.1,Rolling
1.08500,9,672.533,303.923,28.575,270.8,Rolling
1.08500,10,245.202,-170.829,28.575,1096.5,Rolling
1.08500,11,804.110,-441.981,28.575,371.2,Rolling
1.08500,12,1026.553,275.575,28.575,311.2,Rolling
1.08500,13,623.500,150.649,28.575,260.1,Rolling
1.08500,14,981.951,-328.025,28.575,401.2,Rolling
1.08500,15,372.585,-538.591,28.575,444.4,Sliding
1.09000,0,407.903,-40.762,28.575,127.6,Rolling
1.09000,1,395.944,139.623,28.575,391.1,Rolling
1.09000,2,1002.312,-48.605,28.575,209.6,Rolling
1.09000,3,623.788,465.117,28.575,437.7,Rolling
1.09000,4,305.913,-287.734,28.575,530.3,Rolling
1.09000,5,1232.102,49.960,28.575,72.8,Rolling
1.09000,6,859.500,451.739,28.575,395.3,Rolling
1.09000,7,851.475,522.908,28.575,291.3,Rolling
1.09000,8,510.365,-69.375,28.575,308.6,Rolling
1.09000,9,672.486,305.275,28.575,270.3,Rolling
1.09000,10,239.747,-171.371,28.575,1096.0,Rolling
1.09000,11,804.208,-443.833,28.575,370.7,Rolling
1.09000,12,1027.777,276.534,28.575,310.8,Rolling
1.09000,13,622.684,151.660,28.575,259.6,Rolling
1.09000,14,982.679,-326.157,28.575,400.7,Rolling
1.09000,15,370.925,-537.138,28.575,438.2,Sliding
1.09500,0,407.293,-40.943,28.575,127.1,Rolling
1.09500,1,394.152,140.403,28.575,390.6,Rolling
1.09500,2,1003.355,-48.697,28.575,209.2,Rolling
1.09500,3,623.186,467.221,28.575,437.3,Rolling
1.09500,4,303.709,-289.204,28.575,529.8,Rolling
1.09500,5,1232.437,50.098,28.575,72.3,Rolling
1.09500,6,858.124,450.321,28.575,394.8,Rolling
1.09500,7,850.757,521.641,28.575,290.8,Rolling
1.09500,8,508.954,-69.996,28.575,308.2,Rolling
1.09500,9,672.438,306.625,28.575,269.8,Rolling
1.09500,10,234.296,-171.912,28.575,1095.5,Rolling
1.09500,11,804.306,-445.683,28.575,370.2,Rolling
1.09500,12,1029.000,277.491,28.575,310.3,Rolling
1.09500,13,621.870,152.670,28.575,259.1,Rolling
1.09500,14,983.406,-324.291,28.575,400.2,Rolling
1.09500,15,369.263,-535.733,28.575,432.1,Sliding
1.10000,0,406.685,-41.123,28.575,126.6,Rolling
1.10000,1,392.362,141.182,28.575,390.2,Rolling
1.10000,2,1004.395,-48.789,28.575,208.7,Rolling
1.10000,3,622.585,469.321,28.575,436.8,Rolling
1.10000,4,301.506,-290.674,28.575,529.3,Rolling
1.10000,5,1232.770,50.235,28.575,71.8,Rolling
1.10000,6,856.750,448.906,28.575,394.3,Rolling
1.10000,7,850.041,520.378,28.575,290.3,Rolling
1.10000,8,507.545,-70.616,28.575,307.7,Rolling
1.10000,9,672.391,307.972,28.575,269.3,Rolling
1.10000,10,228.846,-172.454,28.575,1095.0,Rolling
1.10000,11,804.404,-447.530,28.575,369.7,Rolling
1.10000,12,1030.220,278.447,28.575,309.8,Rolling
1.10000,13,621.058,153.678,28.575,258.6,Rolling
1.10000,14,984.132,-322.428,28.575,399.7,Rolling
1.10000,15,367.600,-534.378,28.575,426.1,Sliding
1.10500,0,406.079,-41.303,28.575,126.1,Rolling
1.10500,1,390.575,141.960,28.575,389.7,Rolling
1.10500,2,1005.433,-48.880,28.575,208.2,Rolling
1.10500,3,621.985,471.420,28.575,436.3,Rolling
1.10500,4,299.305,-292.141,28.575,528.8,Rolling
1.10500,5,1233.101,50.372,28.575,71.3,Rolling
1.10500,6,855.377,447.492,28.575,393.9,Rolling
1.10500,7,849.325,519.116,28.575,289.8,Rolling
1.10500,8,506.138,-71.236,28.575,307.2,Rolling
1.10500,9,672.343,309.317,28.575,268.9,Rolling
1.10500,10,223.399,-172.995,28.575,1094.5,Rolling
1.10500,11,804.501,-449.375,28.575,369.2,Rolling
1.10500,12,1031.439,279.401,28.575,309.3,Rolling
1.10500,13,620.247,154.683,28.575,258.1,Rolling
1.10500,14,984.857,-320.567,28.575,399.2,Rolling
1.10500,15,365.936,-533.071,28.575,420.3,Sliding
1.11000,0,405.476,-41.481,28.575,125.6,Rolling
1.11000,1,388.789,142.738,28.575,389.2,Rolling
1.11000,2,1006.469,-48.971,28.575,207.7,Rolling
1.11000,3,621.385,473.516,28.575,435.8,Rolling
1.11000,4,297.106,-293.608,28.575,528.4,Rolling
1.11000,5,1233.430,50.507,28.575,70.8,Rolling
1.11000,6,854.006,446.080,28.575,393.4,Rolling
1.11000,7,848.611,517.856,28.575,289.3,Rolling
1.11000,8,504.734,-71.854,28.575,306.7,Rolling
1.11000,9,672.296,310.659,28.575,268.4,Rolling
1.11000,10,217.955,-173.536,28.575,1094.0,Rolling
1.11000,11,804.599,-451.217,28.575,368.7,Rolling
1.11000,12,1032.655,280.354,28.575,308.8,Rolling
1.11000,13,619.438,155.687,28.575,257.6,Rolling
1.11000,14,985.581,-318.709,28.575,398.7,Rolling
1.11000,15,364.270,-531.814,28.575,414.7,Sliding
1.11500,0,404.875,-41.659,28.575,125.1,Rolling
1.11500,1,387.006,143.514,28.575,388.7,Rolling
1.11500,2,1007.502,-49.062,28.575,207.2,Rolling
1.11500,3,620.786,475.609,28.575,435.3,Rolling
1.11500,4,294.909,-295.073,28.575,527.9,Rolling
1.11500,5,1233.756,50.642,28.575,70.3,Rolling
1.11500,6,852.637,444.670,28.575,392.9,Rolling
1.11500,7,847.899,516.599,28.575,288.9,Rolling
1.11500,8,503.331,-72.472,28.575,306.2,Rolling
1.11500,9,672.249,311.999,28.575,267.9,Rolling
1.11500,10,212.513,-174.076,28.575,1093.5,Rolling
1.11500,11,804.696,-453.057,28.575,368.3,Rolling
1.11500,12,1033.870,281.305,28.575,308.3,Rolling
1.11500,13,618.630,156.689,28.575,257.1,Rolling
1.11500,14,986.305,-316.852,28.575,398.2,Rolling
1.11500,15,362.602,-530.606,28.575,409.1,Sliding
1.12000,0,404.276,-41.837,28.575,124.6,Rolling
1.12000,1,385.226,144.289,28.575,388.2,Rolling
1.12000,2,1008.533,-49.152,28.575,206.7,Rolling
1.12000,3,620.187,477.701,28.575,434.8,Rolling
1.12000,4,292.714,-296.537,28.575,527.4,Rolling
1.12000,5,1234.080,50.776,28.575,69.8,Rolling
1.12000,6,851.270,443.262,28.575,392.4,Rolling
1.12000,7,847.187,515.343,28.575,288.4,Rolling
1.12000,8,501.931,-73.088,28.575,305.7,Rolling
1.12000,9,672.202,313.336,28.575,267.4,Rolling
1.12000,10,207.073,-174.617,28.575,1093.0,Rolling
1.12000,11,804.793,-454.895,28.575,367.8,Rolling
1.12000,12,1035.082,282.255,28.575,307.8,Rolling
1.12000,13,617.824,157.689,28.575,256.6,Rolling
1.12000,14,987.027,-314.998,28.575,397.7,Rolling
1.12000,15,360.934,-529.435,28.575,407.2,Rolling
1.12500,0,403.680,-42.013,28.575,124.1,Rolling
1.12500,1,383.447,145.063,28.575,387.7,Rolling
1.12500,2,1009.561,-49.243,28.575,206.2,Rolling
1.12500,3,619.589,479.789,28.575,434.3,Rolling
1.12500,4,290.521,-297.999,28.575,526.9,Rolling
1.12500,5,1234.401,50.908,28.575,69.4,Rolling
1.12500,6,849.904,441.855,28.575,391.9,Rolling
1.12500,7,846.477,514.090,28.575,287.9,Rolling
1.12500,8,500.533,-73.703,28.575,305.2,Rolling
1.12500,9,672.155,314.671,28.575,266.9,Rolling
1.12500,10,201.636,-175.157,28.575,1092.5,Rolling
1.12500,11,804.890,-456.730,28.575,367.3,Rolling
1.12500,12,1036.293,283.203,28.575,307.3,Rolling
1.12500,13,617.019,158.687,28.575,256.2,Rolling
1.12500,14,987.749,-313.146,28.575,397.2,Rolling
1.12500,15,359.267,-528.268,28.575,406.7,Rolling
1.13000,0,403.086,-42.189,28.575,123.6,Rolling
1.13000,1,381.671,145.837,28.575,387.2,Rolling
1.13000,2,1010.587,-49.333,28.575,205.7,Rolling
1.13000,3,618.992,481.876,28.575,433.8,Rolling
1.13000,4,288.331,-299.460,28.575,526.4,Rolling
1.13000,5,1234.721,51.040,28.575,68.9,Rolling
1.13000,6,848.540,440.450,28.575,391.4,Rolling
1.13000,7,845.767,512.839,28.575,287.4,Rolling
1.13000,8,499.138,-74.318,28.575,304.7,Rolling
1.13000,9,672.108,316.003,28.575,266.4,Rolling
1.13000,10,196.201,-175.697,28.575,1092.1,Rolling
1.13000,11,804.987,-458.562,28.575,366.8,Rolling
1.13000,12,1037.502,284.150,28.575,306.8,Rolling
1.13000,13,616.216,159.683,28.575,255.7,Rolling
1.13000,14,988.469,-311.297,28.575,396.7,Rolling
1.13000,15,357.603,-527.102,28.575,406.2,Rolling
1.13500,0,402.494,-42.364,28.575,123.2,Rolling
1.13500,1,379.897,146.609,28.575,386.7,Rolling
1.13500,2,1011.610,-49.423,28.575,205.2,Rolling
1.13500,3,618.396,483.960,28.575,433.3,Rolling
1.13500,4,286.142,-300.920,28.575,525.9,Rolling
1.13500,5,1235.038,51.171,28.575,68.4,Rolling
1.13500,6,847.177,439.047,28.575,390.9,Rolling
1.13500,7,845.060,511.590,28.575,286.9,Rolling
1.13500,8,497.745,-74.931,28.575,304.2,Rolling
1.13500,9,672.061,317.333,28.575,265.9,Rolling
1.13500,10,190.769,-176.237,28.575,1091.6,Rolling
1.13500,11,805.084,-460.392,28.575,366.3,Rolling
1.13500,12,1038.709,285.095,28.575,306.3,Rolling
1.13500,13,615.415,160.677,28.575,255.2,Rolling
1.13500,14,989.189,-309.450,28.575,396.3,Rolling
1.13500,15,355.940,-525.938,28.575,405.7,Rolling
1.14000,0,401.905,-42.539,28.575,122.7,Rolling
1.14000,1,378.125,147.380,28.575,386.2,Rolling
1.14000,2,1012.631,-49.513,28.575,204.7,Rolling
1.14000,3,617.800,486.042,28.575,432.8,Rolling
1.14000,4,283.956,-302.378,28.575,525.4,Rolling
1.14000,5,1235.353,51.301,28.575,67.9,Rolling
1.14000,6,845.817,437.645,28.575,390.4,Rolling
1.14000,7,844.353,510.343,28.575,286.4,Rolling
1.14000,8,496.353,-75.544,28.575,303.7,Rolling
1.14000,9,672.014,318.661,28.575,265.4,Rolling
1.14000,10,185.339,-176.776,28.575,1091.1,Rolling
1.14000,11,805.181,-462.220,28.575,365.8,Rolling
1.14000,12,1039.914,286.039,28.575,305.9,Rolling
1.14000,13,614.615,161.670,28.575,254.7,Rolling
1.14000,14,989.908,-307.605,28.575,395.8,Rolling
1.14000,15,354.280,-524.775,28.575,405.2,Rolling
1.14500,0,401.318,-42.713,28.575,122.2,Rolling
1.14500,1,376.356,148.151,28.575,385.7,Rolling
1.14500,2,1013.650,-49.602,28.575,204.3,Rolling
1.14500,3,617.205,488.122,28.575,432.3,Rolling
1.14500,4,281.771,-303.835,28.575,524.9,Rolling
1.14500,5,1235.666,51.430,28.575,67.4,Rolling
1.14500,6,844.458,436.246,28.575,389.9,Rolling
1.14500,7,843.647,509.098,28.575,285.9,Rolling
1.14500,8,494.965,-76.155,28.575,303.3,Rolling
1.14500,9,671.968,319.986,28.575,264.9,Rolling
1.14500,10,179.912,-177.315,28.575,1090.6,Rolling
1.14500,11,805.277,-464.045,28.575,365.3,Rolling
1.14500,12,1041.117,286.981,28.575,305.4,Rolling
1.14500,13,613.816,162.660,28.575,254.2,Rolling
1.14500,14,990.626,-305.762,28.575,395.3,Rolling
1.14500,15,352.622,-523.613,28.575,404.7,Rolling
1.15000,0,400.734,-42.886,28.575,121.7,Rolling
1.15000,1,374.588,148.920,28.575,385.2,Rolling
1.15000,2,1014.666,-49.692,28.575,203.8,Rolling
1.15000,3,616.611,490.199,28.575,431.9,Rolling
1.15000,4,279.588,-305.290,28.575,524.4,Rolling
1.15000,5,1235.976,51.558,28.575,66.9,Rolling
1.15000,6,843.100,434.848,28.575,389.4,Rolling
1.15000,7,842.943,507.856,28.575,285.4,Rolling
1.15000,8,493.578,-76.766,28.575,302.8,Rolling
1.15000,9,671.921,321.308,28.575,264.4,Rolling
1.15000,10,174.487,-177.854,28.575,1090.1,Rolling
1.15000,11,805.374,-465.868,28.575,364.8,Rolling
1.15000,12,1042.318,287.921,28.575,304.9,Rolling
1.15000,13,613.019,163.649,28.575,253.7,Rolling
1.15000,14,991.343,-303.922,28.575,394.8,Rolling
1.15000,15,350.965,-522.453,28.575,404.2,Rolling
1.15500,0,400.151,-43.058,28.575,121.2,Rolling
1.15500,1,372.823,149.689,28.575,384.8,Rolling
1.15500,2,1015.680,-49.781,28.575,203.3,Rolling
1.15500,3,616.017,492.273,28.575,431.4,Rolling
1.15500,4,277.408,-306.745,28.575,523.9,Rolling
1.15500,5,1236.284,51.685,28.575,66.4,Rolling
1.15500,6,841.745,433.452,28.575,388.9,Rolling
1.15500,7,842.240,506.615,28.575,284.9,Rolling
1.15500,8,492.194,-77.375,28.575,302.3,Rolling
1.15500,9,671.875,322.628,28.575,263.9,Rolling
1.15500,10,169.064,-178.393,28.575,1089.6,Rolling
1.15500,11,805.470,-467.689,28.575,364.3,Rolling
1.15500,12,1043.517,288.860,28.575,304.4,Rolling
1.15500,13,612.224,164.635,28.575,253.2,Rolling
1.15500,14,992.059,-302.084,28.575,394.3,Rolling
1.15500,15,349.311,-521.294,28.575,403.7,Rolling
1.16000,0,399.572,-43.230,28.575,120.7,Rolling
1.16000,1,371.061,150.456,28.575,384.3,Rolling
1.16000,2,1016.691,-49.870,28.575,202.8,Rolling
1.16000,3,615.424,494.346,28.575,430.9,Rolling
1.16000,4,275.229,-308.197,28.575,523.5,Rolling
1.16000,5,1236.590,51.811,28.575,65.9,Rolling
1.16000,6,840.391,432.057,28.575,388.5,Rolling
1.16000,7,841.538,505.377,28.575,284.4,Rolling
1.16000,8,490.812,-77.984,28.575,301.8,Rolling
1.16000,9,671.828,323.946,28.575,263.5,Rolling
1.16000,10,163.644,-178.931,28.575,1089.1,Rolling
1.16000,11,805.566,-469.506,28.575,363.8,Rolling
1.16000,12,1044.714,289.798,28.575,303.9,Rolling
1.16000,13,611.430,165.620,28.575,252.7,Rolling
1.16000,14,992.775,-300.248,28.575,393.8,Rolling
1.16000,15,347.658,-520.137,28.575,403.2,Rolling
1.16500,0,398.994,-43.401,28.575,120.2,Rolling
1.16500,1,369.300,151.222,28.575,383.8,Rolling
1.16500,2,1017.700,-49.958,28.575,202.3,Rolling
1.16500,3,614.832,496.416,28.575,430.4,Rolling
1.16500,4,273.053,-309.649,28.575,523.0,Rolling
1.16500,5,1236.893,51.936,28.575,65.4,Rolling
1.16500,6,839.039,430.665,28.575,388.0,Rolling
1.16500,7,840.837,504.141,28.575,284.0,Rolling
1.16500,8,489.432,-78.591,28.575,301.3,Rolling
1.16500,9,671.782,325.261,28.575,263.0,Rolling
1.16500,10,158.226,-179.470,28.575,1088.6,Rolling
1.16500,11,805.662,-471.322,28.575,363.4,Rolling
1.16500,12,1045.910,290.734,28.575,303.4,Rolling
1.16500,13,610.638,166.603,28.575,252.2,Rolling
1.16500,14,993.489,-298.414,28.575,393.3,Rolling
1.16500,15,346.008,-518.981,28.575,402.7,Rolling
1.17000,0,398.419,-43.571,28.575,119.7,Rolling
1.17000,1,367.542,151.988,28.575,383.3,Rolling
1.17000,2,1018.706,-50.047,28.575,201.8,Rolling
1.17000,3,614.240,498.484,28.575,429.9,Rolling
1.17000,4,270.879,-311.099,28.575,522.5,Rolling
1.17000,5,1237.195,52.061,28.575,64.9,Rolling
1.17000,6,837.688,429.274,28.575,387.5,Rolling
1.17000,7,840.138,502.906,28.575,283.5,Rolling
1.17000,8,488.054,-79.198,28.575,300.8,Rolling
1.17000,9,671.736,326.574,28.575,262.5,Rolling
1.17000,10,152.811,-180.008,28.575,1088.1,Rolling
1.17000,11,805.758,-473.135,28.575,362.9,Rolling
1.17000,12,1047.103,291.669,28.575,302.9,Rolling
1.17000,13,609.847,167.584,28.575,251.7,Rolling
1.17000,14,994.203,-296.583,28.575,392.8,Rolling
1.17000,15,344.360,-517.827,28.575,402.2,Rolling
1.17500,0,397.846,-43.741,28.575,119.2,Rolling
1.17500,1,365.786,152.752,28.575,382.8,Rolling
1.17500,2,1019.710,-50.135,28.575,201.3,Rolling
1.17500,3,613.649,500.549,28.575,429.4,Rolling
1.17500,4,268.706,-312.548,28.575,522.0,Rolling
1.17500,5,1237.494,52.184,28.575,64.4,Rolling
1.17500,6,836.340,427.885,28.575,387.0,Rolling
1.17500,7,839.439,501.675,28.575,283.0,Rolling
1.17500,8,486.679,-79.803,28.575,300.3,Rolling
1.17500,9,671.690,327.885,28.575,262.0,Rolling
1.17500,10,147.398,-180.545,28.575,1087.6,Rolling
1.17500,11,805.854,-474.946,28.575,362.4,Rolling
1.17500,12,1048.294,292.602,28.575,302.4,Rolling
1.17500,13,609.058,168.563,28.575,251.3,Rolling
1.17500,14,994.915,-294.754,28.575,392.3,Rolling
1.17500,15,342.713,-516.674,28.575,401.8,Rolling
1.18000,0,397.276,-43.910,28.575,118.7,Rolling
1.18000,1,364.032,153.516,28.575,382.3,Rolling
1.18000,2,1020.712,-50.223,28.575,200.8,Rolling
1.18000,3,613.059,502.612,28.575,428.9,Rolling
1.18000,4,266.536,-313.995,28.575,521.5,Rolling
1.18000,5,1237.790,52.307,28.575,64.0,Rolling
1.18000,6,834.993,426.497,28.575,386.5,Rolling
1.18000,7,838.742,500.445,28.575,282.5,Rolling
1.18000,8,485.305,-80.408,28.575,299.8,Rolling
1.18000,9,671.644,329.192,28.575,261.5,Rolling
1.18000,10,141.988,-181.083,28.575,1087.2,Rolling
1.18000,11,805.949,-476.754,28.575,361.9,Rolling
1.18000,12,1049.484,293.533,28.575,301.9,Rolling
1.18000,13,608.270,169.540,28.575,250.8,Rolling
1.18000,14,995.627,-292.927,28.575,391.8,Rolling
1.18000,15,341.069,-515.522,28.575,401.3,Rolling
1.18500,0,396.708,-44.078,28.575,118.3,Rolling
1.18500,1,362.281,154.278,28.575,381.8,Rolling
1.18500,2,1021.711,-50.311,28.575,200.3,Rolling
1.18500,3,612.469,504.673,28.575,428.4,Rolling
1.18500,4,264.368,-315.441,28.575,521.0,Rolling
1.18500,5,1238.085,52.428,28.575,63.5,Rolling
1.18500,6,833.647,425.112,28.575,386.0,Rolling
1.18500,7,838.046,499.217,28.575,282.0,Rolling
1.18500,8,483.935,-81.011,28.575,299.3,Rolling
1.18500,9,671.598,330.498,28.575,261.0,Rolling
1.18500,10,136.580,-181.620,28.575,1086.7,Rolling
1.18500,11,806.045,-478.559,28.575,361.4,Rolling
1.18500,12,1050.671,294.463,28.575,301.4,Rolling
1.18500,13,607.484,170.515,28.575,250.3,Rolling
1.18500,14,996.338,-291.103,28.575,391.4,Rolling
1.18500,15,339.427,-514.372,28.575,400.8,Rolling
1.19000,0,396.142,-44.246,28.575,117.8,Rolling
1.19000,1,360.531,155.040,28.575,381.3,Rolling
1.19000,2,1022.707,-50.399,28.575,199.8,Rolling
1.19000,3,611.880,506.731,28.575,427.9,Rolling
1.19000,4,262.202,-316.886,28.575,520.5,Rolling
1.19000,5,1238.377,52.549,28.575,63.0,Rolling
1.19000,6,832.304,423.728,28.575,385.5,Rolling
1.19000,7,837.352,497.991,28.575,281.5,Rolling
1.19000,8,482.566,-81.614,28.575,298.8,Rolling
1.19000,9,671.552,331.801,28.575,260.5,Rolling
1.19000,10,131.174,-182.157,28.575,1086.2,Rolling
1.19000,11,806.140,-480.363,28.575,360.9,Rolling
1.19000,12,1051.857,295.392,28.575,301.0,Rolling
1.19000,13,606.699,171.488,28.575,249.8,Rolling
1.19000,14,997.048,-289.281,28.575,390.9,Rolling
1.19000,15,337.786,-513.223,28.575,400.3,Rolling
1.19500,0,395.578,-44.413,28.575,117.3,Rolling
1.19500,1,358.784,155.801,28.575,380.8,Rolling
1.19500,2,1023.701,-50.486,28.575,199.3,Rolling
1.19500,3,611.292,508.787,28.575,427.4,Rolling
1.19500,4,260.037,-318.329,28.575,520.0,Rolling
1.19500,5,1238.667,52.668,28.575,62.5,Rolling
1.19500,6,830.962,422.346,28.575,385.0,Rolling
1.19500,7,836.658,496.768,28.575,281.0,Rolling
1.19500,8,481.200,-82.215,28.575,298.4,Rolling
1.19500,9,671.506,333.101,28.575,260.0,Rolling
1.19500,10,125.771,-182.694,28.575,1085.7,Rolling
1.19500,11,806.235,-482.163,28.575,360.4,Rolling
1.19500,12,1053.041,296.319,28.575,300.5,Rolling
1.19500,13,605.916,172.460,28.575,249.3,Rolling
1.19500,14,997.757,-287.461,28.575,390.4,Rolling
1.19500,15,336.148,-512.075,28.575,399.8,Rolling
1.20000,0,395.017,-44.579,28.575,116.8,Rolling
1.20000,1,357.039,156.560,28.575,380.3,Rolling
1.20000,2,1024.693,-50.573,28.575,198.9,Rolling
1.20000,3,610.704,510.840,28.575,427.0,Rolling
1.20000,4,257.875,-319.771,28.575,519.5,Rolling
1.20000,5,1238.955,52.787,28.575,62.0,Rolling
1.20000,6,829.622,420.965,28.575,384.5,Rolling
1.20000,7,835.966,495.547,28.575,280.5,Rolling
1.20000,8,479.835,-82.816,28.575,297.9,Rolling
1.20000,9,671.460,334.400,28.575,259.5,Rolling
1.20000,10,120.371,-183.230,28.575,1085.2,Rolling
1.20000,11,806.331,-483.962,28.575,359.9,Rolling
1.20000,12,1054.223,297.245,28.575,300.0,Rolling
1.20000,13,605.135,173.429,28.575,248.8,Rolling
1.20000,14,998.465,-285.644,28.575,389.9,Rolling
1.20000,15,334.512,-510.929,28.575,399.3,Rolling
1.20500,0,394.459,-44.744,28.575,116.3,Rolling
1.20500,1,355.297,157.319,28.575,379.9,Rolling
1.20500,2,1025.682,-50.660,28.575,198.4,Rolling
1.20500,3,610.117,512.892,28.575,426.5,Rolling
1.20500,4,255.715,-321.212,28.575,519.0,Rolling
1.20500,5,1239.240,52.905,28.575,61.5,Rolling
1.20500,6,828.283,419.587,28.575,384.0,Rolling
1.20500,7,835.275,494.328,28.575,280.0,Rolling
1.20500,8,478.473,-83.416,28.575,297.4,Rolling
1.20500,9,671.415,335.695,28.575,259.0,Rolling
1.20500,10,114.973,-183.767,28.575,1084.7,Rolling
1.20500,11,806.425,-485.758,28.575,359.4,Rolling
1.20500,12,1055.403,298.169,28.575,299.5,Rolling
1.20500,13,604.355,174.397,28.575,248.3,Rolling
1.20500,14,999.173,-283.828,28.575,389.4,Rolling
1.20500,15,332.877,-509.785,28.575,398.8,Rolling
1.21000,0,393.902,-44.909,28.575,115.8,Rolling
1.21000,1,353.557,158.076,28.575,379.4,Rolling
1.21000,2,1026.669,-50.747,28.575,197.9,Rolling
1.21000,3,609.531,514.941,28.575,426.0,Rolling
1.21000,4,253.557,-322.651,28.575,518.5,Rolling
1.21000,5,1239.523,53.021,28.575,61.0,Rolling
1.21000,6,826.946,418.210,28.575,383.6,Rolling
1.21000,7,834.585,493.111,28.575,279.5,Rolling
1.21000,8,477.114,-84.014,28.575,296.9,Rolling
1.21000,9,671.369,336.988,28.575,258.6,Rolling
1.21000,10,109.577,-184.303,28.575,1084.2,Rolling
1.21000,11,806.520,-487.551,28.575,358.9,Rolling
1.21000,12,1056.580,299.091,28.575,299.0,Rolling
1.21000,13,603.576,175.362,28.575,247.8,Rolling
1.21000,14,999.879,-282.015,28.575,388.9,Rolling
1.21000,15,331.245,-508.641,28.575,398.3,Rolling
1.21500,0,393.348,-45.073,28.575,115.3,Rolling
1.21500,1,351.819,158.833,28.575,378.9,Rolling
1.21500,2,1027.653,-50.834,28.575,197.4,Rolling
1.21500,3,608.945,516.987,28.575,425.5,Rolling
1.21500,4,251.401,-324.089,28.575,518.1,Rolling
1.21500,5,1239.804,53.137,28.575,60.5,Rolling
1.21500,6,825.611,416.835,28.575,383.1,Rolling
1.21500,7,833.896,491.896,28.575,279.0,Rolling
1.21500,8,475.756,-84.612,28.575,296.4,Rolling
1.21500,9,671.324,338.279,28.575,258.1,Rolling
1.21500,10,104.184,-184.839,28.575,1083.7,Rolling
1.21500,11,806.615,-489.342,28.575,358.5,Rolling
1.21500,12,1057.756,300.012,28.575,298.5,Rolling
1.21500,13,602.799,176.326,28.575,247.3,Rolling
1.21500,14,1000.585,-280.205,28.575,388.4,Rolling
1.21500,15,329.615,-507.500,28.575,397.8,Rolling
1.22000,0,392.797,-45.237,28.575,114.8,Rolling
1.22000,1,350.083,159.589,28.575,378.4,Rolling
1.22000,2,1028.635,-50.920,28.575,196.9,Rolling
1.22000,3,608.360,519.031,28.575,425.0,Rolling
1.22000,4,249.247,-325.525,28.575,517.6,Rolling
1.22000,5,1240.083,53.252,28.575,60.0,Rolling
1.22000,6,824.278,415.462,28.575,382.6,Rolling
1.22000,7,833.209,490.683,28.575,278.6,Rolling
1.22000,8,474.401,-85.208,28.575,295.9,Rolling
1.22000,9,671.278,339.568,28.575,257.6,Rolling
1.22000,10,98.793,-185.374,28.575,1083.2,Rolling
1.22000,11,806.710,-491.131,28.575,358.0,Rolling
1.22000,12,1058.931,300.932,28.575,298.0,Rolling
1.22000,13,602.024,177.288,28.575,246.8,Rolling
1.22000,14,1001.290,-278.396,28.575,387.9,Rolling
1.22000,15,327.986,-506.359,28.575,397.3,Rolling
1.22500,0,392.247,-45.399,28.575,114.3,Rolling
1.22500,1,348.349,160.343,28.575,377.9,Rolling
1.22500,2,1029.615,-51.006,28.575,196.4,Rolling
1.22500,3,607.776,521.073,28.575,424.5,Rolling
1.22500,4,247.095,-326.961,28.575,517.1,Rolling
1.22500,5,1240.359,53.366,28.575,59.5,Rolling
1.22500,6,822.946,414.090,28.575,382.1,Rolling
1.22500,7,832.523,489.472,28.575,278.1,Rolling
1.22500,8,473.048,-85.804,28.575,295.4,Rolling
1.22500,9,671.233,340.853,28.575,257.1,Rolling
1.22500,10,93.404,-185.909,28.575,1082.7,Rolling
1.22500,11,806.804,-492.917,28.575,357.5,Rolling
1.22500,12,1060.103,301.850,28.575,297.5,Rolling
1.22500,13,601.250,178.248,28.575,246.4,Rolling
1.22500,14,1001.993,-276.590,28.575,387.4,Rolling
1.22500,15,326.360,-505.220,28.575,396.9,Rolling
1.23000,0,391.701,-45.561,28.575,113.8,Rolling
1.23000,1,346.618,161.097,28.575,377.4,Rolling
1.23000,2,1030.592,-51.092,28.575,195.9,Rolling
1.23000,3,607.192,523.112,28.575,424.0,Rolling
1.23000,4,244.945,-328.394,28.575,516.6,Rolling
1.23000,5,1240.633,53.479,28.575,59.1,Rolling
1.23000,6,821.616,412.720,28.575,381.6,Rolling
1.23000,7,831.838,488.264,28.575,277.6,Rolling
1.23000,8,471.697,-86.399,28.575,294.9,Rolling
1.23000,9,671.188,342.137,28.575,256.6,Rolling
1.23000,10,88.018,-186.445,28.575,1082.2,Rolling
1.23000,11,806.898,-494.700,28.575,357.0,Rolling
1.23000,12,1061.273,302.766,28.575,297.0,Rolling
1.23000,13,600.478,179.206,28.575,245.9,Rolling
1.23000,14,1002.696,-274.786,28.575,386.9,Rolling
1.23000,15,324.736,-504.083,28.575,396.4,Rolling
1.23500,0,391.156,-45.723,28.575,113.3,Rolling
1.23500,1,344.889,161.850,28.575,376.9,Rolling
1.23500,2,1031.566,-51.178,28.575,195.4,Rolling
1.23500,3,606.609,525.149,28.575,423.5,Rolling
1.23500,4,242.797,-329.827,28.575,516.1,Rolling
1.23500,5,1240.905,53.592,28.575,58.6,Rolling
1.23500,6,820.288,411.352,28.575,381.1,Rolling
1.23500,7,831.154,487.058,28.575,277.1,Rolling
1.23500,8,470.349,-86.992,28.575,294.4,Rolling
1.23500,9,671.143,343.418,28.575,256.1,Rolling
1.23500,10,82.635,-186.979,28.575,1081.8,Rolling
1.23500,11,806.993,-496.481,28.575,356.5,Rolling
1.23500,12,1062.441,303.681,28.575,296.5,Rolling
1.23500,13,599.707,180.162,28.575,245.4,Rolling
1.23500,14,1003.398,-272.985,28.575,386.5,Rolling
1.23500,15,323.113,-502.946,28.575,395.9,Rolling
1.24000,0,390.614,-45.883,28.575,112.9,Rolling
1.24000,1,343.162,162.602,28.575,376.4,Rolling
1.24000,2,1032.539,-51.263,28.575,194.9,Rolling
1.24000,3,606.027,527.184,28.575,423.0,Rolling
1.24000,4,240.652,-331.258,28.575,515.6,Rolling
1.24000,5,1241.175,53.703,28.575,58.1,Rolling
1.24000,6,818.961,409.986,28.575,380.6,Rolling
1.24000,7,830.471,485.853,28.575,276.6,Rolling
1.24000,8,469.003,-87.585,28.575,293.9,Rolling
1.24000,9,671.098,344.696,28.575,255.6,Rolling
1.24000,10,77.254,-187.514,28.575,1081.3,Rolling
1.24000,11,807.087,-498.260,28.575,356.0,Rolling
1.24000,12,1063.607,304.594,28.575,296.0,Rolling
1.24000,13,598.938,181.116,28.575,244.9,Rolling
1.24000,14,1004.099,-271.186,28.575,386.0,Rolling
1.24000,15,321.493,-501.812,28.575,395.4,Rolling
1.24500,0,390.074,-46.043,28.575,112.4,Rolling
1.24500,1,341.438,163.353,28.575,375.9,Rolling
1.24500,2,1033.508,-51.348,28.575,194.4,Rolling
1.24500,3,605.445,529.217,28.575,422.5,Rolling
1.24500,4,238.508,-332.688,28.575,515.1,Rolling
1.24500,5,1241.414,53.812,28.577,40.5,Airborne
1.24500,6,817.637,408.622,28.575,380.1,Rolling
1.24500,7,829.790,484.651,28.575,276.1,Rolling
1.24500,8,467.659,-88.177,28.575,293.4,Rolling
1.24500,9,671.053,345.972,28.575,255.1,Rolling
1.24500,10,71.875,-188.048,28.575,1080.8,Rolling
1.24500,11,807.181,-500.036,28.575,355.5,Rolling
1.24500,12,1064.772,305.506,28.575,295.6,Rolling
1.24500,13,598.170,182.068,28.575,244.4,Rolling
1.24500,14,1004.799,-269.389,28.575,385.5,Rolling
1.24500,15,319.875,-500.678,28.575,394.9,Rolling
1.25000,0,389.536,-46.202,28.575,111.9,Rolling
1.25000,1,339.715,164.102,28.575,375.4,Rolling
1.25000,2,1034.475,-51.433,28.575,194.0,Rolling
1.25000,3,604.865,531.247,28.575,422.1,Rolling
1.25000,4,236.366,-334.116,28.575,514.6,Rolling
1.25000,5,1241.235,53.902,28.575,38.7,Sliding
1.25000,6,816.314,407.259,28.575,379.6,Rolling
1.25000,7,829.110,483.451,28.575,275.6,Rolling
1.25000,8,466.317,-88.768,28.575,293.0,Rolling
1.25000,9,671.008,347.246,28.575,254.6,Rolling
1.25000,10,66.499,-188.582,28.575,1080.3,Rolling
1.25000,11,807.274,-501.810,28.575,355.0,Rolling
1.25000,12,1065.934,306.417,28.575,295.1,Rolling
1.25000,13,597.404,183.018,28.575,243.9,Rolling
1.25000,14,1005.499,-267.594,28.575,385.0,Rolling
1.25000,15,318.259,-499.546,28.575,394.4,Rolling
1.25500,0,389.001,-46.361,28.575,111.4,Rolling
1.25500,1,337.995,164.851,28.575,375.0,Rolling
1.25500,2,1035.440,-51.518,28.575,193.5,Rolling
1.25500,3,604.284,533.274,28.575,421.6,Rolling
1.25500,4,234.226,-335.543,28.575,514.1,Rolling
1.25500,5,1241.089,53.992,28.575,30.5,Sliding
1.25500,6,814.992,405.898,28.575,379.1,Rolling
1.25500,7,828.431,482.254,28.575,275.1,Rolling
1.25500,8,464.978,-89.357,28.575,292.5,Rolling
1.25500,9,670.963,348.517,28.575,254.1,Rolling
1.25500,10,61.125,-189.116,28.575,1079.8,Rolling
1.25500,11,807.368,-503.582,28.575,354.5,Rolling
1.25500,12,1067.095,307.326,28.575,294.6,Rolling
1.25500,13,596.639,183.967,28.575,243.4,Rolling
1.25500,14,1006.197,-265.802,28.575,384.5,Rolling
1.25500,15,316.644,-498.416,28.575,393.9,Rolling
1.26000,0,388.468,-46.519,28.575,110.9,Rolling
1.26000,1,336.277,165.599,28.575,374.5,Rolling
1.26000,2,1036.403,-51.603,28.575,193.0,Rolling
1.26000,3,603.705,535.299,28.575,421.1,Rolling
1.26000,4,232.089,-336.969,28.575,513.6,Rolling
1.26000,5,1240.989,54.084,28.575,25.0,Rolling
1.26000,6,813.672,404.539,28.575,378.7,Rolling
1.26000,7,827.753,481.058,28.575,274.6,Rolling
1.26000,8,463.640,-89.946,28.575,292.0,Rolling
1.26000,9,670.919,349.786,28.575,253.7,Rolling
1.26000,10,55.754,-189.650,28.575,1079.3,Rolling
1.26000,11,807.462,-505.351,28.575,354.0,Rolling
1.26000,12,1068.254,308.233,28.575,294.1,Rolling
1.26000,13,595.876,184.913,28.575,242.9,Rolling
1.26000,14,1006.895,-264.011,28.575,384.0,Rolling
1.26000,15,315.032,-497.287,28.575,393.4,Rolling
1.26500,0,387.938,-46.676,28.575,110.4,Rolling
1.26500,1,334.562,166.346,28.575,374.0,Rolling
1.26500,2,1037.363,-51.687,28.575,192.5,Rolling
1.26500,3,603.126,537.322,28.575,420.6,Rolling
1.26500,4,229.953,-338.393,28.575,513.2,Rolling
1.26500,5,1240.904,54.174,28.575,24.6,Rolling
1.26500,6,812.354,403.181,28.575,378.2,Rolling
1.26500,7,827.077,479.864,28.575,274.1,Rolling
1.26500,8,462.305,-90.534,28.575,291.5,Rolling
1.26500,9,670.874,351.052,28.575,253.2,Rolling
1.26500,10,50.385,-190.183,28.575,1078.8,Rolling
1.26500,11,807.555,-507.117,28.575,353.5,Rolling
1.26500,12,1069.410,309.139,28.575,293.6,Rolling
1.26500,13,595.115,185.858,28.575,242.4,Rolling
1.26500,14,1007.591,-262.224,28.575,383.5,Rolling
1.26500,15,313.422,-496.159,28.575,392.9,Rolling
1.27000,0,387.410,-46.832,28.575,109.9,Rolling
1.27000,1,332.849,167.092,28.575,373.5,Rolling
1.27000,2,1038.320,-51.771,28.575,192.0,Rolling
1.27000,3,602.548,539.343,28.575,420.1,Rolling
1.27000,4,227.819,-339.816,28.575,512.7,Rolling
1.27000,5,1240.821,54.263,28.575,24.1,Rolling
1.27000,6,811.038,401.826,28.575,377.7,Rolling
1.27000,7,826.401,478.673,28.575,273.7,Rolling
1.27000,8,460.973,-91.120,28.575,291.0,Rolling
1.27000,9,670.829,352.316,28.575,252.7,Rolling
1.27000,10,45.019,-190.716,28.575,1078.3,Rolling
1.27000,11,807.648,-508.881,28.575,353.1,Rolling
1.27000,12,1070.565,310.043,28.575,293.1,Rolling
1.27000,13,594.355,186.801,28.575,241.9,Rolling
1.27000,14,1008.287,-260.438,28.575,383.0,Rolling
1.27000,15,311.814,-495.032,28.575,392.4,Rolling
1.27500,0,386.884,-46.988,28.575,109.4,Rolling
1.27500,1,331.138,167.837,28.575,373.0,Rolling
1.27500,2,1039.275,-51.855,28.575,191.5,Rolling
1.27500,3,601.970,541.361,28.575,419.6,Rolling
1.27500,4,225.688,-341.237,28.575,512.2,Rolling
1.27500,5,1240.739,54.350,28.575,23.6,Rolling
1.27500,6,809.724,400.472,28.575,377.2,Rolling
1.27500,7,825.727,477.484,28.575,273.2,Rolling
1.27500,8,459.642,-91.706,28.575,290.5,Rolling
1.27500,9,670.785,353.577,28.575,252.2,Rolling
1.27500,10,39.655,-191.249,28.575,1077.8,Rolling
1.27500,11,807.741,-510.643,28.575,352.6,Rolling
1.27500,12,1071.718,310.946,28.575,292.6,Rolling
1.27500,13,593.596,187.742,28.575,241.4,Rolling
1.27500,14,1008.982,-258.655,28.575,382.5,Rolling
1.27500,15,310.207,-493.907,28.575,392.0,Rolling
1.28000,0,386.361,-47.143,28.575,108.9,Rolling
1.28000,1,329.429,168.581,28.575,372.5,Rolling
1.28000,2,1040.228,-51.939,28.575,191.0,Rolling
1.28000,3,601.393,543.377,28.575,419.1,Rolling
1.28000,4,223.558,-342.657,28.575,511.7,Rolling
1.28000,5,1240.660,54.435,28.575,23.1,Rolling
1.28000,6,808.411,399.119,28.575,376.7,Rolling
1.28000,7,825.054,476.297,28.575,272.7,Rolling
1.28000,8,458.314,-92.291,28.575,290.0,Rolling
1.28000,9,670.741,354.836,28.575,251.7,Rolling
1.28000,10,34.293,-191.782,28.575,1077.3,Rolling
1.28000,11,807.834,-512.402,28.575,352.1,Rolling
1.28000,12,1072.869,311.847,28.575,292.1,Rolling
1.28000,13,592.839,188.681,28.575,241.0,Rolling
1.28000,14,1009.676,-256.874,28.575,382.0,Rolling
1.28000,15,308.603,-492.784,28.575,391.5,Rolling
1.28500,0,385.839,-47.297,28.575,108.4,Rolling
1.28500,1,327.722,169.324,28.575,372.0,Rolling
1.28500,2,1041.178,-52.023,28.575,190.5,Rolling
1.28500,3,600.817,545.391,28.575,418.6,Rolling
1.28500,4,221.431,-344.076,28.575,511.2,Rolling
1.28500,5,1240.581,54.518,28.575,22.6,Rolling
1.28500,6,807.100,397.769,28.575,376.2,Rolling
1.28500,7,824.383,475.111,28.575,272.2,Rolling
1.28500,8,456.988,-92.875,28.575,289.5,Rolling
1.28500,9,670.696,356.092,28.575,251.2,Rolling
1.28500,10,28.934,-192.314,28.575,1076.9,Rolling
1.28500,11,807.927,-514.159,28.575,351.6,Rolling
1.28500,12,1074.018,312.747,28.575,291.6,Rolling
1.28500,13,592.084,189.618,28.575,240.5,Rolling
1.28500,14,1010.369,-255.095,28.575,381.5,Rolling
1.28500,15,307.001,-491.662,28.575,391.0,Rolling
1.29000,0,385.321,-47.451,28.575,108.0,Rolling
1.29000,1,326.018,170.066,28.575,371.5,Rolling
1.29000,2,1042.126,-52.106,28.575,190.0,Rolling
1.29000,3,600.242,547.402,28.575,418.1,Rolling
1.29000,4,219.305,-345.494,28.575,510.7,Rolling
1.29000,5,1240.505,54.599,28.575,22.1,Rolling
1.29000,6,805.790,396.420,28.575,375.7,Rolling
1.29000,7,823.712,473.929,28.575,271.7,Rolling
1.29000,8,455.664,-93.458,28.575,289.0,Rolling
1.29000,9,670.652,357.346,28.575,250.7,Rolling
1.29000,10,23.577,-192.847,28.575,1076.4,Rolling
1.29000,11,808.020,-515.913,28.575,351.1,Rolling
1.29000,12,1075.165,313.645,28.575,291.1,Rolling
1.29000,13,591.330,190.553,28.575,240.0,Rolling
1.29000,14,1011.061,-253.319,28.575,381.1,Rolling
1.29000,15,305.401,-490.541,28.575,390.5,Rolling
1.29500,0,384.804,-47.604,28.575,107.5,Rolling
1.29500,1,324.316,170.807,28.575,371.0,Rolling
1.29500,2,1043.071,-52.189,28.575,189.5,Rolling
1.29500,3,599.667,549.410,28.575,417.6,Rolling
1.29500,4,217.182,-346.910,28.575,510.2,Rolling
1.29500,5,1240.430,54.679,28.575,21.6,Rolling
1.29500,6,804.482,395.073,28.575,375.2,Rolling
1.29500,7,823.043,472.748,28.575,271.2,Rolling
1.29500,8,454.343,-94.039,28.575,288.5,Rolling
1.29500,9,670.608,358.598,28.575,250.2,Rolling
1.29500,10,18.223,-193.379,28.575,1075.9,Rolling
1.29500,11,808.113,-517.665,28.575,350.6,Rolling
1.29500,12,1076.310,314.542,28.575,290.7,Rolling
1.29500,13,590.578,191.486,28.575,239.5,Rolling
1.29500,14,1011.753,-251.545,28.575,380.6,Rolling
1.29500,15,303.803,-489.422,28.575,390.0,Rolling
1.30000,0,384.290,-47.756,28.575,107.0,Rolling
1.30000,1,322.616,171.547,28.575,370.5,Rolling
1.30000,2,1044.014,-52.272,28.575,189.1,Rolling
1.30000,3,599.093,551.417,28.575,417.1,Rolling
1.30000,4,215.061,-348.325,28.575,509.7,Rolling
1.30000,5,1240.357,54.757,28.575,21.1,Rolling
1.30000,6,803.176,393.728,28.575,374.7,Rolling
1.30000,7,822.375,471.569,28.575,270.7,Rolling
1.30000,8,453.023,-94.620,28.575,288.1,Rolling
1.30000,9,670.564,359.847,28.575,249.7,Rolling
1.30000,10,12.871,-193.910,28.575,1075.4,Rolling
1.30000,11,808.205,-519.414,28.575,350.1,Rolling
1.30000,12,1077.453,315.438,28.575,290.2,Rolling
1.30000,13,589.827,192.417,28.575,239.0,Rolling
1.30000,14,1012.443,-249.773,28.575,380.1,Rolling
1.30000,15,302.207,-488.304,28.575,389.5,Rolling
1.30500,0,383.779,-47.908,28.575,106.5,Rolling
1.30500,1,320.918,172.286,28.575,370.0,Rolling
1.30500,2,1044.954,-52.355,28.575,188.6,Rolling
1.30500,3,598.519,553.421,28.575,416.7,Rolling
1.30500,4,212.941,-349.738,28.575,509.2,Rolling
1.30500,5,1240.286,54.833,28.575,20.6,Rolling
1.30500,6,801.872,392.385,28.575,374.2,Rolling
1.30500,7,821.708,470.393,28.575,270.2,Rolling
1.30500,8,451.706,-95.200,28.575,287.6,Rolling
1.30500,9,670.520,361.094,28.575,249.2,Rolling
1.30500,10,7.522,-194.442,28.575,1074.9,Rolling
1.30500,11,808.298,-521.161,28.575,349.6,Rolling
1.30500,12,1078.594,316.331,28.575,289.7,Rolling
1.30500,13,589.078,193.346,28.575,238.5,Rolling
1.30500,14,1013.133,-248.003,28.575,379.6,Rolling
1.30500,15,300.612,-487.187,28.575,389.0,Rolling
1.31000,0,383.269,-48.058,28.575,106.0,Rolling
1.31000,1,319.223,173.024,28.575,369.6,Rolling
1.31000,2,1045.892,-52.437,28.575,188.1,Rolling
1.31000,3,597.946,555.423,28.575,416.2,Rolling
1.31000,4,210.824,-351.150,28.575,508.7,Rolling
1.31000,5,1240.216,54.908,28.575,20.1,Rolling
1.31000,6,800.569,391.043,28.575,373.7,Rolling
1.31000,7,821.042,469.218,28.575,269.7,Rolling
1.31000,8,450.391,-95.779,28.575,287.1,Rolling
1.31000,9,670.477,362.338,28.575,248.7,Rolling
1.31000,10,2.175,-194.973,28.575,1074.4,Rolling
1.31000,11,808.390,-522.906,28.575,349.1,Rolling
1.31000,12,1079.734,317.224,28.575,289.2,Rolling
1.31000,13,588.330,194.274,28.575,238.0,Rolling
1.31000,14,1013.821,-246.236,28.575,379.1,Rolling
1.31000,15,299.020,-486.072,28.575,388.5,Rolling
1.31500,0,382.762,-48.209,28.575,105.5,Rolling
1.31500,1,317.530,173.761,28.575,369.1,Rolling
1.31500,2,1046.828,-52.519,28.575,187.6,Rolling
1.31500,3,597.374,557.422,28.575,415.7,Rolling
1.31500,4,208.709,-352.561,28.575,508.3,Rolling
1.31500,5,1240.148,54.980,28.575,19.7,Rolling
1.31500,6,799.268,389.703,28.575,373.3,Rolling
1.31500,7,820.378,468.046,28.575,269.2,Rolling
1.31500,8,449.079,-96.357,28.575,286.6,Rolling
1.31500,9,670.433,363.580,28.575,248.3,Rolling
1.31500,10,-3.170,-195.504,28.575,1073.9,Rolling
1.31500,11,808.482,-524.648,28.575,348.6,Rolling
1.31500,12,1080.871,318.114,28.575,288.7,Rolling
1.31500,13,587.584,195.199,28.575,237.5,Rolling
1.31500,14,1014.509,-244.471,28.575,378.6,Rolling
1.31500,15,297.430,-484.958,28.575,388.0,Rolling
1.32000,0,382.258,-48.358,28.575,105.0,Rolling
1.32000,1,315.839,174.497,28.575,368.6,Rolling
1.32000,2,1047.761,-52.601,28.575,187.1,Rolling
1.32000,3,596.803,559.419,28.575,415.2,Rolling
1.32000,4,206.596,-353.970,28.575,507.8,Rolling
1.32000,5,1240.081,55.051,28.575,19.2,Rolling
1.32000,6,797.969,388.365,28.575,372.8,Rolling
1.32000,7,819.714,466.876,28.575,268.8,Rolling
1.32000,8,447.768,-96.934,28.575,286.1,Rolling
1.32000,9,670.389,364.819,28.575,247.8,Rolling
1.32000,10,-8.512,-196.035,28.575,1073.4,Rolling
1.32000,11,808.574,-526.387,28.575,348.2,Rolling
1.32000,12,1082.007,319.004,28.575,288.2,Rolling
1.32000,13,586.839,196.123,28.575,237.0,Rolling
1.32000,14,1015.196,-242.708,28.575,378.1,Rolling
1.32000,15,295.842,-483.846,28.575,387.5,Rolling
1.32500,0,381.755,-48.507,28.575,104.5,Rolling
1.32500,1,314.151,175.232,28.575,368.1,Rolling
1.32500,2,1048.691,-52.683,28.575,186.6,Rolling
1.32500,3,596.232,561.414,28.575,414.7,Rolling
1.32500,4,204.485,-355.378,28.575,507.3,Rolling
1.32500,5,1240.017,55.120,28.575,18.7,Rolling
1.32500,6,796.672,387.029,28.575,372.3,Rolling
1.32500,7,819.052,465.708,28.575,268.3,Rolling
1.32500,8,446.460,-97.510,28.575,285.6,Rolling
1.32500,9,670.346,366.056,28.575,247.3,Rolling
1.32500,10,-13.851,-196.565,28.575,1072.9,Rolling
1.32500,11,808.666,-528.124,28.575,347.7,Rolling
1.32500,12,1083.140,319.891,28.575,287.7,Rolling
1.32500,13,586.096,197.045,28.575,236.5,Rolling
1.32500,14,1015.882,-240.948,28.575,377.6,Rolling
1.32500,15,294.256,-482.735,28.575,387.0,Rolling
1.33000,0,381.256,-48.655,28.575,104.0,Rolling
1.33000,1,312.464,175.966,28.575,367.6,Rolling
1.33000,2,1049.620,-52.765,28.575,186.1,Rolling
1.33000,3,595.662,563.406,28.575,414.2,Rolling
1.33000,4,202.375,-356.785,28.575,506.8,Rolling
1.33000,5,1239.954,55.187,28.575,18.2,Rolling
1.33000,6,795.376,385.694,28.575,371.8,Rolling
1.33000,7,818.392,464.542,28.575,267.8,Rolling
1.33000,8,445.155,-98.085,28.575,285.1,Rolling
1.33000,9,670.302,367.290,28.575,246.8,Rolling
1.33000,10,-19.188,-197.095,28.575,1072.4,Rolling
1.33000,11,808.758,-529.859,28.575,347.2,Rolling
1.33000,12,1084.272,320.778,28.575,287.2,Rolling
1.33000,13,585.355,197.965,28.575,236.1,Rolling
1.33000,14,1016.567,-239.190,28.575,377.1,Rolling
1.33000,15,292.672,-481.626,28.575,386.6,Rolling
1.33500,0,380.758,-48.802,28.575,103.5,Rolling
1.33500,1,310.780,176.699,28.575,367.1,Rolling
1.33500,2,1050.545,-52.846,28.575,185.6,Rolling
1.33500,3,595.093,565.396,28.575,413.7,Rolling
1.33500,4,200.268,-358.190,28.575,506.3,Rolling
1.33500,5,1239.892,55.252,28.575,17.7,Rolling
1.33500,6,794.082,384.362,28.575,371.3,Rolling
1.33500,7,817.732,463.379,28.575,267.3,Rolling
1.33500,8,443.851,-98.659,28.575,284.6,Rolling
1.33500,9,670.259,368.522,28.575,246.3,Rolling
1.33500,10,-24.523,-197.625,28.575,1072.0,Rolling
1.33500,11,808.849,-531.591,28.575,346.7,Rolling
1.33500,12,1085.401,321.662,28.575,286.7,Rolling
1.33500,13,584.615,198.882,28.575,235.6,Rolling
1.33500,14,1017.251,-237.434,28.575,376.6,Rolling
1.33500,15,291.090,-480.518,28.575,386.1,Rolling
1.34000,0,380.263,-48.949,28.575,103.1,Rolling
1.34000,1,309.098,177.432,28.575,366.6,Rolling
1.34000,2,1051.469,-52.927,28.575,185.1,Rolling
1.34000,3,594.524,567.383,28.575,413.2,Rolling
1.34000,4,198.163,-359.594,28.575,505.8,Rolling
1.34000,5,1239.833,55.316,28.575,17.2,Rolling
1.34000,6,792.790,383.030,28.575,370.8,Rolling
1.34000,7,817.074,462.217,28.575,266.8,Rolling
1.34000,8,442.550,-99.231,28.575,284.1,Rolling
1.34000,9,670.216,369.752,28.575,245.8,Rolling
1.34000,10,-29.855,-198.155,28.575,1071.5,Rolling
1.34000,11,808.941,-533.321,28.575,346.2,Rolling
1.34000,12,1086.529,322.545,28.575,286.2,Rolling
1.34000,13,583.876,199.798,28.575,235.1,Rolling
1.34000,14,1017.935,-235.680,28.575,376.2,Rolling
1.34000,15,289.509,-479.411,28.575,385.6,Rolling
1.34500,0,379.770,-49.095,28.575,102.6,Rolling
1.34500,1,307.419,178.163,28.575,366.1,Rolling
1.34500,2,1052.389,-53.008,28.575,184.6,Rolling
1.34500,3,593.956,569.369,28.575,412.7,Rolling
1.34500,4,196.060,-360.996,28.575,505.3,Rolling
1.34500,5,1239.775,55.378,28.575,16.7,Rolling
1.34500,6,791.499,381.701,28.575,370.3,Rolling
1.34500,7,816.416,461.058,28.575,266.3,Rolling
1.34500,8,441.251,-99.803,28.575,283.6,Rolling
1.34500,9,670.172,370.979,28.575,245.3,Rolling
1.34500,10,-35.185,-198.685,28.575,1071.0,Rolling
1.34500,11,809.032,-535.048,28.575,345.7,Rolling
1.34500,12,1087.655,323.427,28.575,285.7,Rolling
1.34500,13,583.139,200.713,28.575,234.6,Rolling
1.34500,14,1018.617,-233.929,28.575,375.7,Rolling
1.34500,15,287.931,-478.306,28.575,385.1,Rolling
1.35000,0,379.279,-49.240,28.575,102.1,Rolling
1.35000,1,305.741,178.893,28.575,365.6,Rolling
1.35000,2,1053.308,-53.089,28.575,184.1,Rolling
1.35000,3,593.388,571.351,28.575,412.2,Rolling
1.35000,4,193.959,-362.397,28.575,504.8,Rolling
1.35000,5,1239.718,55.438,28.575,16.2,Rolling
1.35000,6,790.210,380.374,28.575,369.8,Rolling
1.35000,7,815.760,459.900,28.575,265.8,Rolling
1.35000,8,439.954,-100.374,28.575,283.1,Rolling
1.35000,9,670.129,372.203,28.575,244.8,Rolling
1.35000,10,-40.513,-199.214,28.575,1070.5,Rolling
1.35000,11,809.123,-536.773,28.575,345.2,Rolling
1.35000,12,1088.779,324.307,28.575,285.3,Rolling
1.35000,13,582.404,201.625,28.575,234.1,Rolling
1.35000,14,1019.298,-232.180,28.575,375.2,Rolling
1.35000,15,286.355,-477.202,28.575,384.6,Rolling
1.35500,0,378.791,-49.385,28.575,101.6,Rolling
1.35500,1,304.066,179.622,28.575,365.1,Rolling
1.35500,2,1054.224,-53.170,28.575,183.7,Rolling
1.35500,3,592.822,573.332,28.575,411.8,Rolling
1.35500,4,191.860,-363.797,28.575,504.3,Rolling
1.35500,5,1239.664,55.496,28.575,15.7,Rolling
1.35500,6,788.923,379.048,28.575,369.3,Rolling
1.35500,7,815.106,458.745,28.575,265.3,Rolling
1.35500,8,438.659,-100.944,28.575,282.7,Rolling
1.35500,9,670.086,373.425,28.575,244.3,Rolling
1.35500,10,-45.838,-199.743,28.575,1070.0,Rolling
1.35500,11,809.214,-538.496,28.575,344.7,Rolling
1.35500,12,1089.901,325.186,28.575,284.8,Rolling
1.35500,13,581.670,202.535,28.575,233.6,Rolling
1.35500,14,1019.979,-230.433,28.575,374.7,Rolling
1.35500,15,284.781,-476.100,28.575,384.1,Rolling
1.36000,0,378.305,-49.529,28.575,101.1,Rolling
1.36000,1,302.393,180.351,28.575,364.7,Rolling
1.36000,2,1055.137,-53.250,28.575,183.2,Rolling
1.36000,3,592.255,575.310,28.575,411.3,Rolling
1.36000,4,189.764,-365.196,28.575,503.8,Rolling
1.36000,5,1239.611,55.553,28.575,15.2,Rolling
1.36000,6,787.637,377.724,28.575,368.8,Rolling
1.36000,7,814.452,457.592,28.575,264.8,Rolling
1.36000,8,437.367,-101.513,28.575,282.2,Rolling
1.36000,9,670.043,374.645,28.575,243.8,Rolling
1.36000,10,-51.160,-200.272,28.575,1069.5,Rolling
1.36000,11,809.305,-540.216,28.575,344.2,Rolling
1.36000,12,1091.021,326.063,28.575,284.3,Rolling
1.36000,13,580.938,203.443,28.575,233.1,Rolling
1.36000,14,1020.659,-228.689,28.575,374.2,Rolling
1.36000,15,283.209,-474.998,28.575,383.6,Rolling
1.36500,0,377.822,-49.672,28.575,100.6,Rolling
1.36500,1,300.723,181.078,28.575,364.2,Rolling
1.36500,2,1056.049,-53.330,28.575,182.7,Rolling
1.36500,3,591.690,577.286,28.575,410.8,Rolling
1.36500,4,187.669,-366.593,28.575,503.3,Rolling
1.36500,5,1239.559,55.607,28.575,14.8,Rolling
1.36500,6,786.353,376.401,28.575,368.4,Rolling
1.36500,7,813.800,456.441,28.575,264.3,Rolling
1.36500,8,436.077,-102.081,28.575,281.7,Rolling
1.36500,9,670.000,375.862,28.575,243.4,Rolling
1.36500,10,-56.480,-200.800,28.575,1069.0,Rolling
1.36500,11,809.396,-541.933,28.575,343.7,Rolling
1.36500,12,1092.139,326.939,28.575,283.8,Rolling
1.36500,13,580.207,204.350,28.575,232.6,Rolling
1.36500,14,1021.338,-226.947,28.575,373.7,Rolling
1.36500,15,281.639,-473.899,28.575,383.1,Rolling
1.37000,0,377.341,-49.814,28.575,100.1,Rolling
1.37000,1,299.054,181.804,28.575,363.7,Rolling
1.37000,2,1056.957,-53.410,28.575,182.2,Rolling
1.37000,3,591.125,579.259,28.575,410.3,Rolling
1.37000,4,185.576,-367.988,28.575,502.9,Rolling
1.37000,5,1239.510,55.660,28.575,14.3,Rolling
1.37000,6,785.071,375.081,28.575,367.9,Rolling
1.37000,7,813.149,455.293,28.575,263.8,Rolling
1.37000,8,434.789,-102.648,28.575,281.2,Rolling
1.37000,9,669.958,377.077,28.575,242.9,Rolling
1.37000,10,-61.798,-201.328,28.575,1068.5,Rolling
1.37000,11,809.487,-543.648,28.575,343.3,Rolling
1.37000,12,1093.255,327.813,28.575,283.3,Rolling
1.37000,13,579.478,205.254,28.575,232.1,Rolling
1.37000,14,1022.016,-225.207,28.575,373.2,Rolling
1.37000,15,280.071,-472.801,28.575,382.6,Rolling
1.37500,0,376.862,-49.956,28.575,99.6,Rolling
1.37500,1,297.388,182.530,28.575,363.2,Rolling
1.37500,2,1057.863,-53.490,28.575,181.7,Rolling
1.37500,3,590.561,581.230,28.575,409.8,Rolling
1.37500,4,183.485,-369.383,28.575,502.4,Rolling
1.37500,5,1239.462,55.711,28.575,13.8,Rolling
1.37500,6,783.791,373.762,28.575,367.4,Rolling
1.37500,7,812.499,454.146,28.575,263.4,Rolling
1.37500,8,433.503,-103.214,28.575,280.7,Rolling
1.37500,9,669.915,378.290,28.575,242.4,Rolling
1.37500,10,-67.113,-201.857,28.575,1068.0,Rolling
1.37500,11,809.577,-545.361,28.575,342.8,Rolling
1.37500,12,1094.369,328.686,28.575,282.8,Rolling
1.37500,13,578.750,206.157,28.575,231.6,Rolling
1.37500,14,1022.693,-223.469,28.575,372.7,Rolling
1.37500,15,278.505,-471.704,28.575,382.1,Rolling
1.38000,0,376.386,-50.097,28.575,99.1,Rolling
1.38000,1,295.725,183.254,28.575,362.7,Rolling
1.38000,2,1058.767,-53.569,28.575,181.2,Rolling
1.38000,3,589.998,583.199,28.575,409.3,Rolling
1.38000,4,181.397,-370.776,28.575,501.9,Rolling
1.38000,5,1239.415,55.761,28.575,13.3,Rolling
1.38000,6,782.512,372.445,28.575,366.9,Rolling
1.38000,7,811.850,453.001,28.575,262.9,Rolling
1.38000,8,432.220,-103.779,28.575,280.2,Rolling
1.38000,9,669.872,379.499,28.575,241.9,Rolling
1.38000,10,-72.426,-202.384,28.575,1067.5,Rolling
1.38000,11,809.668,-547.071,28.575,342.3,Rolling
1.38000,12,1095.482,329.557,28.575,282.3,Rolling
1.38000,13,578.024,207.058,28.575,231.2,Rolling
1.38000,14,1023.369,-221.734,28.575,372.2,Rolling
1.38000,15,276.941,-470.608,28.575,381.7,Rolling
1.38500,0,375.912,-50.238,28.575,98.6,Rolling
1.38500,1,294.063,183.977,28.575,362.2,Rolling
1.38500,2,1059.668,-53.648,28.575,180.7,Rolling
1.38500,3,589.435,585.165,28.575,408.8,Rolling
1.38500,4,179.310,-372.167,28.575,501.4,Rolling
1.38500,5,1239.371,55.808,28.575,12.8,Rolling
1.38500,6,781.235,371.130,28.575,366.4,Rolling
1.38500,7,811.202,451.859,28.575,262.4,Rolling
1.38500,8,430.939,-104.343,28.575,279.7,Rolling
1.38500,9,669.830,380.707,28.575,241.4,Rolling
1.38500,10,-77.736,-202.912,28.575,1067.0,Rolling
1.38500,11,809.758,-548.779,28.575,341.8,Rolling
1.38500,12,1096.592,330.426,28.575,281.8,Rolling
1.38500,13,577.299,207.957,28.575,230.7,Rolling
1.38500,14,1024.044,-220.001,28.575,371.7,Rolling
1.38500,15,275.379,-469.514,28.575,381.2,Rolling
1.39000,0,375.440,-50.377,28.575,98.1,Rolling
1.39000,1,292.404,184.700,28.575,361.7,Rolling
1.39000,2,1060.567,-53.727,28.575,180.2,Rolling
1.39000,3,588.873,587.129,28.575,408.3,Rolling
1.39000,4,177.225,-373.558,28.575,500.9,Rolling
1.39000,5,1239.328,55.854,28.575,12.3,Rolling
1.39000,6,779.960,369.816,28.575,365.9,Rolling
1.39000,7,810.556,450.719,28.575,261.9,Rolling
1.39000,8,429.660,-104.906,28.575,279.2,Rolling
1.39000,9,669.787,381.912,28.575,240.9,Rolling
1.39000,10,-83.044,-203.439,28.575,1066.6,Rolling
1.39000,11,809.848,-550.484,28.575,341.3,Rolling
1.39000,12,1097.700,331.294,28.575,281.3,Rolling
1.39000,13,576.576,208.853,28.575,230.2,Rolling
1.39000,14,1024.719,-218.270,28.575,371.3,Rolling
1.39000,15,273.819,-468.422,28.575,380.7,Rolling
1.39500,0,374.971,-50.516,28.575,97.7,Rolling
1.39500,1,290.746,185.421,28.575,361.2,Rolling
1.39500,2,1061.464,-53.806,28.575,179.7,Rolling
1.39500,3,588.312,589.091,28.575,407.8,Rolling
1.39500,4,175.143,-374.946,28.575,500.4,Rolling
1.39500,5,1239.287,55.898,28.575,11.8,Rolling
1.39500,6,778.686,368.505,28.575,365.4,Rolling
1.39500,7,809.911,449.581,28.575,261.4,Rolling
1.39500,8,428.383,-105.468,28.575,278.7,Rolling
1.39500,9,669.745,383.114,28.575,240.4,Rolling
1.39500,10,-88.349,-203.966,28.575,1066.1,Rolling
1.39500,11,809.938,-552.187,28.575,340.8,Rolling
1.39500,12,1098.807,332.161,28.575,280.8,Rolling
1.39500,13,575.855,209.748,28.575,229.7,Rolling
1.39500,14,1025.392,-216.542,28.575,370.8,Rolling
1.39500,15,272.261,-467.331,28.575,380.2,Rolling
1.40000,0,374.504,-50.655,28.575,97.2,Rolling
1.40000,1,289.092,186.142,28.575,360.7,Rolling
1.40000,2,1062.358,-53.885,28.575,179.2,Rolling
1.40000,3,587.751,591.050,28.575,407.3,Rolling
1.40000,4,173.062,-376.334,28.575,499.9,Rolling
1.40000,5,1239.247,55.940,28.575,11.3,Rolling
1.40000,6,777.414,367.195,28.575,364.9,Rolling
1.40000,7,809.267,448.445,28.575,260.9,Rolling
1.40000,8,427.109,-106.030,28.575,278.2,Rolling
1.40000,9,669.703,384.315,28.575,239.9,Rolling
1.40000,10,-93.652,-204.493,28.575,1065.6,Rolling
1.40000,11,810.028,-553.887,28.575,340.3,Rolling
1.40000,12,1099.912,333.026,28.575,280.4,Rolling
1.40000,13,575.135,210.642,28.575,229.2,Rolling
1.40000,14,1026.065,-214.816,28.575,370.3,Rolling
1.40000,15,270.705,-466.241,28.575,379.7,Rolling
1.40500,0,374.039,-50.792,28.575,96.7,Rolling
1.40500,1,287.439,186.861,28.575,360.2,Rolling
1.40500,2,1063.249,-53.963,28.575,178.8,Rolling
1.40500,3,587.191,593.007,28.575,406.8,Rolling
1.40500,4,170.984,-377.720,28.575,499.4,Rolling
1.40500,5,1239.209,55.980,28.575,10.8,Rolling
1.40500,6,776.144,365.887,28.575,364.4,Rolling
1.40500,7,808.624,447.311,28.575,260.4,Rolling
1.40500,8,425.836,-106.590,28.575,277.8,Rolling
1.40500,9,669.661,385.512,28.575,239.4,Rolling
1.40500,10,-98.953,-205.020,28.575,1065.1,Rolling
1.40500,11,810.118,-555.585,28.575,339.8,Rolling
1.40500,12,1101.014,333.889,28.575,279.9,Rolling
1.40500,13,574.416,211.533,28.575,228.7,Rolling
1.40500,14,1026.736,-213.092,28.575,369.8,Rolling
1.40500,15,269.151,-465.152,28.575,379.2,Rolling
1.41000,0,373.577,-50.929,28.575,96.2,Rolling
1.41000,1,285.789,187.580,28.575,359.8,Rolling
1.41000,2,1064.138,-54.041,28.575,178.3,Rolling
1.41000,3,586.632,594.962,28.575,406.4,Rolling
1.41000,4,168.907,-379.105,28.575,498.9,Rolling
1.41000,5,1239.173,56.019,28.575,10.3,Rolling
1.41000,6,774.876,364.580,28.575,363.9,Rolling
1.41000,7,807.983,446.179,28.575,259.9,Rolling
1.41000,8,424.567,-107.149,28.575,277.3,Rolling
1.41000,9,669.618,386.707,28.575,238.9,Rolling
1.41000,10,-104.251,-205.546,28.575,1064.6,Rolling
1.41000,11,810.208,-557.281,28.575,339.3,Rolling
1.41000,12,1102.115,334.752,28.575,279.4,Rolling
1.41000,13,573.699,212.422,28.575,228.2,Rolling
1.41000,14,1027.407,-211.370,28.575,369.3,Rolling
1.41000,15,267.599,-464.065,28.575,378.7,Rolling
1.41500,0,373.117,-51.065,28.575,95.7,Rolling
1.41500,1,284.140,188.297,28.575,359.3,Rolling
1.41500,2,1065.025,-54.119,28.575,177.8,Rolling
1.41500,3,586.073,596.914,28.575,405.9,Rolling
1.41500,4,166.833,-380.489,28.575,498.4,Rolling
1.41500,5,1239.138,56.056,28.575,9.8,Rolling
1.41500,6,773.609,363.275,28.575,363.5,Rolling
1.41500,7,807.343,445.050,28.575,259.4,Rolling
1.41500,8,423.299,-107.707,28.575,276.8,Rolling
1.41500,9,669.576,387.900,28.575,238.5,Rolling
1.41500,10,-109.547,-206.072,28.575,1064.1,Rolling
1.41500,11,810.297,-558.974,28.575,338.8,Rolling
1.41500,12,1103.214,335.612,28.575,278.9,Rolling
1.41500,13,572.984,213.309,28.575,227.7,Rolling
1.41500,14,1028.077,-209.651,28.575,368.8,Rolling
1.41500,15,266.049,-462.980,28.575,378.2,Rolling
1.42000,0,372.659,-51.201,28.575,95.2,Rolling
1.42000,1,282.495,189.014,28.575,358.8,Rolling
1.42000,2,1065.909,-54.197,28.575,177.3,Rolling
1.42000,3,585.515,598.864,28.575,405.4,Rolling
1.42000,4,164.760,-381.871,28.575,498.0,Rolling
1.42000,5,1239.106,56.091,28.575,9.4,Rolling
1.42000,6,772.344,361.973,28.575,363.0,Rolling
1.42000,7,806.704,443.922,28.575,258.9,Rolling
1.42000,8,422.033,-108.264,28.575,276.3,Rolling
1.42000,9,669.535,389.090,28.575,238.0,Rolling
1.42000,10,-114.840,-206.598,28.575,1063.6,Rolling
1.42000,11,810.387,-560.665,28.575,338.3,Rolling
1.42000,12,1104.311,336.471,28.575,278.4,Rolling
1.42000,13,572.270,214.195,28.575,227.2,Rolling
1.42000,14,1028.746,-207.934,28.575,368.3,Rolling
1.42000,15,264.501,-461.896,28.575,377.7,Rolling
1.42500,0,372.204,-51.336,28.575,94.7,Rolling
1.42500,1,280.851,189.729,28.575,358.3,Rolling
1.42500,2,1066.791,-54.274,28.575,176.8,Rolling
1.42500,3,584.958,600.812,28.575,404.9,Rolling
1.42500,4,162.690,-383.251,28.575,497.5,Rolling
1.42500,5,1239.074,56.124,28.575,8.9,Rolling
1.42500,6,771.080,360.671,28.575,362.5,Rolling
1.42500,7,806.066,442.797,28.575,258.5,Rolling
1.42500,8,420.770,-108.820,28.575,275.8,Rolling
1.42500,9,669.493,390.278,28.575,237.5,Rolling
1.42500,10,-120.131,-207.124,28.575,1063.1,Rolling
1.42500,11,810.476,-562.353,28.575,337.9,Rolling
1.42500,12,1105.406,337.329,28.575,277.9,Rolling
1.42500,13,571.558,215.078,28.575,226.7,Rolling
1.42500,14,1029.415,-206.219,28.575,367.8,Rolling
1.42500,15,262.955,-460.813,28.575,377.2,Rolling
1.43000,0,371.751,-51.470,28.575,94.2,Rolling
1.43000,1,279.210,190.444,28.575,357.8,Rolling
1.43000,2,1067.670,-54.352,28.575,176.3,Rolling
1.43000,3,584.401,602.757,28.575,404.4,Rolling
1.43000,4,160.622,-384.631,28.575,497.0,Rolling
1.43000,5,1239.045,56.155,28.575,8.4,Rolling
1.43000,6,769.819,359.372,28.575,362.0,Rolling
1.43000,7,805.429,441.674,28.575,258.0,Rolling
1.43000,8,419.509,-109.375,28.575,275.3,Rolling
1.43000,9,669.451,391.464,28.575,237.0,Rolling
1.43000,10,-125.419,-207.649,28.575,1062.6,Rolling
1.43000,11,810.565,-564.038,28.575,337.4,Rolling
1.43000,12,1106.499,338.185,28.575,277.4,Rolling
1.43000,13,570.847,215.960,28.575,226.2,Rolling
1.43000,14,1030.082,-204.507,28.575,367.3,Rolling
1.43000,15,261.411,-459.732,28.575,376.7,Rolling
1.43500,0,371.300,-51.603,28.575,93.7,Rolling
1.43500,1,277.570,191.158,28.575,357.3,Rolling
1.43500,2,1068.547,-54.429,28.575,175.8,Rolling
1.43500,3,583.846,604.699,28.575,403.9,Rolling
1.43500,4,158.555,-386.009,28.575,496.5,Rolling
1.43500,5,1239.017,56.185,28.575,7.9,Rolling
1.43500,6,768.559,358.074,28.575,361.5,Rolling
1.43500,7,804.794,440.553,28.575,257.5,Rolling
1.43500,8,418.251,-109.929,28.575,274.8,Rolling
1.43500,9,669.409,392.647,28.575,236.5,Rolling
1.43500,10,-130.705,-208.174,28.575,1062.1,Rolling
1.43500,11,810.654,-565.722,28.575,336.9,Rolling
1.43500,12,1107.590,339.039,28.575,276.9,Rolling
1.43500,13,570.138,216.840,28.575,225.8,Rolling
1.43500,14,1030.748,-202.797,28.575,366.8,Rolling
1.43500,15,259.869,-458.652,28.575,376.3,Rolling
1.44000,0,370.852,-51.736,28.575,93.2,Rolling
1.44000,1,275.934,191.870,28.575,356.8,Rolling
1.44000,2,1069.422,-54.506,28.575,175.3,Rolling
1.44000,3,583.301,606.281,28.610,282.2,Airborne
1.44000,4,156.491,-387.385,28.575,496.0,Rolling
1.44000,5,1238.991,56.213,28.575,7.4,Rolling
1.44000,6,767.301,356.778,28.575,361.0,Rolling
1.44000,7,804.159,439.434,28.575,257.0,Rolling
1.44000,8,416.994,-110.483,28.575,274.3,Rolling
1.44000,9,669.368,393.827,28.575,236.0,Rolling
1.44000,10,-135.989,-208.699,28.575,1061.7,Rolling
1.44000,11,810.743,-567.403,28.575,336.4,Rolling
1.44000,12,1108.679,339.892,28.575,276.4,Rolling
1.44000,13,569.430,217.718,28.575,225.3,Rolling
1.44000,14,1031.414,-201.089,28.575,366.3,Rolling
1.44000,15,258.329,-457.573,28.575,375.8,Rolling
1.44500,0,370.406,-51.868,28.575,92.8,Rolling
1.44500,1,274.299,192.582,28.575,356.3,Rolling
1.44500,2,1070.294,-54.582,28.575,174.8,Rolling
1.44500,3,582.847,604.979,28.786,276.0,Airborne
1.44500,4,154.429,-388.761,28.575,495.5,Rolling
1.44500,5,1238.967,56.239,28.575,6.9,Rolling
1.44500,6,766.044,355.484,28.575,360.5,Rolling
1.44500,7,803.526,438.317,28.575,256.5,Rolling
1.44500,8,415.740,-111.035,28.575,273.8,Rolling
1.44500,9,669.326,395.005,28.575,235.5,Rolling
1.44500,10,-141.270,-209.224,28.575,1061.2,Rolling
1.44500,11,810.832,-569.081,28.575,335.9,Rolling
1.44500,12,1109.766,340.743,28.575,275.9,Rolling
1.44500,13,568.724,218.594,28.575,224.8,Rolling
1.44500,14,1032.078,-199.383,28.575,365.9,Rolling
1.44500,15,256.791,-456.496,28.575,375.3,Rolling
1.45000,0,369.963,-52.000,28.575,92.3,Rolling
1.45000,1,272.667,193.292,28.575,355.8,Rolling
1.45000,2,1071.163,-54.659,28.575,174.3,Rolling
1.45000,3,582.393,603.676,28.717,278.5,Airborne
1.45000,4,152.369,-390.135,28.575,495.0,Rolling
1.45000,5,1238.944,56.263,28.575,6.4,Rolling
1.45000,6,764.789,354.192,28.575,360.0,Rolling
1.45000,7,802.895,437.203,28.575,256.0,Rolling
1.45000,8,414.488,-111.586,28.575,273.3,Rolling
1.45000,9,669.285,396.181,28.575,235.0,Rolling
1.45000,10,-146.548,-209.748,28.575,1060.7,Rolling
1.45000,11,810.920,-570.757,28.575,335.4,Rolling
1.45000,12,1110.851,341.593,28.575,275.5,Rolling
1.45000,13,568.019,219.468,28.575,224.3,Rolling
1.45000,14,1032.742,-197.680,28.575,365.4,Rolling
1.45000,15,255.255,-455.420,28.575,374.8,Rolling
1.45500,0,369.522,-52.130,28.575,91.8,Rolling
1.45500,1,271.036,194.002,28.575,355.3,Rolling
1.45500,2,1072.031,-54.735,28.575,173.9,Rolling
1.45500,3,581.938,602.374,28.638,276.4,Airborne
1.45500,4,150.311,-391.507,28.575,494.5,Rolling
1.45500,5,1238.923,56.286,28.575,5.9,Rolling
1.45500,6,763.536,352.901,28.575,359.5,Rolling
1.45500,7,802.264,436.090,28.575,255.5,Rolling
1.45500,8,413.238,-112.136,28.575,272.9,Rolling
1.45500,9,669.244,397.354,28.575,234.5,Rolling
1.45500,10,-151.825,-210.272,28.575,1060.2,Rolling
1.45500,11,811.009,-572.430,28.575,334.9,Rolling
1.45500,12,1111.935,342.442,28.575,275.0,Rolling
1.45500,13,567.316,220.340,28.575,223.8,Rolling
1.45500,14,1033.405,-195.979,28.575,364.9,Rolling
1.45500,15,253.721,-454.346,28.575,374.3,Rolling
1.46000,0,369.083,-52.260,28.575,91.3,Rolling
1.46000,1,269.409,194.711,28.575,354.8,Rolling
1.46000,2,1072.895,-54.811,28.575,173.4,Rolling
1.46000,3,581.484,601.072,28.601,277.7,Airborne
1.46000,4,148.255,-392.878,28.575,494.0,Rolling
1.46000,5,1238.903,56.306,28.575,5.4,Rolling
1.46000,6,762.285,351.612,28.575,359.0,Rolling
1.46000,7,801.635,434.980,28.575,255.0,Rolling
1.46000,8,411.991,-112.685,28.575,272.4,Rolling
1.46000,9,669.202,398.525,28.575,234.0,Rolling
1.46000,10,-157.098,-210.796,28.575,1059.7,Rolling
1.46000,11,811.097,-574.101,28.575,334.4,Rolling
1.46000,12,1113.016,343.289,28.575,274.5,Rolling
1.46000,13,566.615,221.210,28.575,223.3,Rolling
1.46000,14,1034.067,-194.280,28.575,364.4,Rolling
1.46000,15,252.189,-453.273,28.575,373.8,Rolling
1.46500,0,368.646,-52.389,28.575,90.8,Rolling
1.46500,1,267.783,195.419,28.575,354.4,Rolling
1.46500,2,1073.758,-54.887,28.575,172.9,Rolling
1.46500,3,581.030,599.770,28.586,276.4,Airborne
1.46500,4,146.200,-394.248,28.575,493.5,Rolling
1.46500,5,1238.885,56.325,28.575,4.9,Rolling
1.46500,6,761.035,350.325,28.575,358.5,Rolling
1.46500,7,801.006,433.871,28.575,254.5,Rolling
1.46500,8,410.745,-113.234,28.575,271.9,Rolling
1.46500,9,669.161,399.693,28.575,233.5,Rolling
1.46500,10,-162.370,-211.320,28.575,1059.2,Rolling
1.46500,11,811.185,-575.770,28.575,333.9,Rolling
1.46500,12,1114.095,344.134,28.575,274.0,Rolling
1.46500,13,565.915,222.078,28.575,222.8,Rolling
1.46500,14,1034.728,-192.584,28.575,363.9,Rolling
1.46500,15,250.659,-452.202,28.575,373.3,Rolling
1.47000,0,368.212,-52.518,28.575,90.3,Rolling
1.47000,1,266.160,196.125,28.575,353.9,Rolling
1.47000,2,1074.617,-54.963,28.575,172.4,Rolling
1.47000,3,580.576,598.467,28.576,275.9,Airborne
1.47000,4,144.148,-395.617,28.575,493.0,Rolling
1.47000,5,1238.869,56.342,28.575,4.5,Rolling
1.47000,6,759.787,349.040,28.575,358.1,Rolling
1.47000,7,800.379,432.765,28.575,254.0,Rolling
1.47000,8,409.502,-113.781,28.575,271.4,Rolling
1.47000,9,669.120,400.859,28.575,233.1,Rolling
1.47000,10,-167.638,-211.843,28.575,1058.7,Rolling
1.47000,11,811.274,-577.436,28.575,333.4,Rolling
1.47000,12,1115.173,344.978,28.575,273.5,Rolling
1.47000,13,565.216,222.945,28.575,222.3,Rolling
1.47000,14,1035.388,-190.889,28.575,363.4,Rolling
1.47000,15,249.132,-451.131,28.575,372.8,Rolling
1.47500,0,367.780,-52.646,28.575,89.8,Rolling
1.47500,1,264.538,196.831,28.575,353.4,Rolling
1.47500,2,1075.475,-55.038,28.575,171.9,Rolling
1.47500,3,580.157,598.130,28.596,176.3,Airborne
1.47500,4,142.099,-396.984,28.575,492.6,Rolling
1.47500,5,1238.855,56.358,28.575,4.0,Rolling
1.47500,6,758.541,347.756,28.575,357.6,Rolling
1.47500,7,799.754,431.661,28.575,253.6,Rolling
1.47500,8,408.262,-114.327,28.575,270.9,Rolling
1.47500,9,669.079,402.022,28.575,232.6,Rolling
1.47500,10,-172.905,-212.367,28.575,1058.2,Rolling
1.47500,11,811.362,-579.100,28.575,333.0,Rolling
1.47500,12,1116.249,345.820,28.575,273.0,Rolling
1.47500,13,564.483,222.845,28.628,291.9,Airborne
1.47500,14,1036.047,-189.197,28.575,362.9,Rolling
1.47500,15,247.606,-450.063,28.575,372.3,Rolling
1.48000,0,367.351,-52.773,28.575,89.3,Rolling
1.48000,1,262.919,197.536,28.575,352.9,Rolling
1.48000,2,1076.330,-55.113,28.575,171.4,Rolling
1.48000,3,579.782,598.927,28.578,176.3,Airborne
1.48000,4,140.051,-398.350,28.575,492.1,Rolling
1.48000,5,1238.842,56.371,28.575,3.5,Rolling
1.48000,6,757.296,346.475,28.575,357.1,Rolling
1.48000,7,799.129,430.560,28.575,253.1,Rolling
1.48000,8,407.023,-114.872,28.575,270.4,Rolling
1.48000,9,669.038,403.183,28.575,232.1,Rolling
1.48000,10,-178.169,-212.890,28.575,1057.7,Rolling
1.48000,11,811.449,-580.761,28.575,332.5,Rolling
1.48000,12,1117.322,346.661,28.575,272.5,Rolling
1.48000,13,563.708,221.610,28.581,292.2,Airborne
1.48000,14,1036.706,-187.508,28.575,362.4,Rolling
1.48000,15,246.082,-448.995,28.575,371.8,Rolling
1.48500,0,366.924,-52.900,28.575,88.8,Rolling
1.48500,1,261.303,198.240,28.575,352.4,Rolling
1.48500,2,1077.182,-55.188,28.575,170.9,Rolling
1.48500,3,579.404,599.721,28.575,174.7,Sliding
1.48500,4,138.005,-399.714,28.575,491.6,Rolling
1.48500,5,1238.831,56.383,28.575,3.0,Rolling
1.48500,6,756.054,345.195,28.575,356.6,Rolling
1.48500,7,798.506,429.460,28.575,252.6,Rolling
1.48500,8,405.787,-115.417,28.575,269.9,Rolling
1.48500,9,668.998,404.341,28.575,231.6,Rolling
1.48500,10,-183.430,-213.412,28.575,1057.2,Rolling
1.48500,11,811.537,-582.420,28.575,332.0,Rolling
1.48500,12,1118.394,347.501,28.575,272.0,Rolling
1.48500,13,562.932,220.375,28.583,291.7,Airborne
1.48500,14,1037.363,-185.821,28.575,361.9,Rolling
1.48500,15,244.560,-447.930,28.575,371.4,Rolling
1.49000,0,366.499,-53.025,28.575,88.3,Rolling
1.49000,1,259.688,198.943,28.575,351.9,Rolling
1.49000,2,1078.032,-55.263,28.575,170.4,Rolling
1.49000,3,579.003,600.486,28.575,171.1,Rolling
1.49000,4,135.961,-401.077,28.575,491.1,Rolling
1.49000,5,1238.822,56.393,28.575,2.5,Rolling
1.49000,6,754.812,343.916,28.575,356.1,Rolling
1.49000,7,797.884,428.362,28.575,252.1,Rolling
1.49000,8,404.553,-115.960,28.575,269.4,Rolling
1.49000,9,668.957,405.497,28.575,231.1,Rolling
1.49000,10,-188.689,-213.935,28.575,1056.8,Rolling
1.49000,11,811.625,-584.076,28.575,331.5,Rolling
1.49000,12,1119.464,348.338,28.575,271.5,Rolling
1.49000,13,562.156,219.140,28.575,291.7,Airborne
1.49000,14,1038.020,-184.136,28.575,361.4,Rolling
1.49000,15,243.040,-446.865,28.575,370.9,Rolling
1.49500,0,366.077,-53.150,28.575,87.9,Rolling
1.49500,1,258.076,199.644,28.575,351.4,Rolling
1.49500,2,1078.880,-55.337,28.575,169.9,Rolling
1.49500,3,578.591,601.234,28.575,170.6,Rolling
1.49500,4,133.919,-402.439,28.575,490.6,Rolling
1.49500,5,1238.814,56.401,28.575,2.0,Rolling
1.49500,6,753.573,342.640,28.575,355.6,Rolling
1.49500,7,797.263,427.267,28.575,251.6,Rolling
1.49500,8,403.321,-116.502,28.575,268.9,Rolling
1.49500,9,668.916,406.651,28.575,230.6,Rolling
1.49500,10,-193.946,-214.457,28.575,1056.3,Rolling
1.49500,11,811.712,-585.730,28.575,331.0,Rolling
1.49500,12,1120.532,349.175,28.575,271.0,Rolling
1.49500,13,561.382,217.927,28.575,283.5,Sliding
1.49500,14,1038.675,-182.453,28.575,361.0,Rolling
1.49500,15,241.522,-445.802,28.575,370.4,Rolling
1.50000,0,365.657,-53.275,28.575,87.4,Rolling
1.50000,1,256.466,200.345,28.575,350.9,Rolling
1.50000,2,1079.725,-55.412,28.575,169.4,Rolling
1.50000,3,578.180,601.980,28.575,170.1,Rolling
1.50000,4,131.879,-403.799,28.575,490.1,Rolling
1.50000,5,1238.808,56.408,28.575,1.5,Rolling
1.50000,6,752.335,341.365,28.575,355.1,Rolling
1.50000,7,796.643,426.174,28.575,251.1,Rolling
1.50000,8,402.092,-117.044,28.575,268.4,Rolling
1.50000,9,668.876,407.802,28.575,230.1,Rolling
1.50000,10,-199.200,-214.979,28.575,1055.8,Rolling
1.50000,11,811.799,-587.381,28.575,330.5,Rolling
1.50000,12,1121.598,350.010,28.575,270.5,Rolling
1.50000,13,560.609,216.764,28.575,275.2,Sliding
1.50000,14,1039.330,-180.772,28.575,360.5,Rolling
1.50000,15,240.006,-444.740,28.575,369.9,Rolling
1.50500,0,365.239,-53.399,28.575,86.9,Rolling
1.50500,1,254.859,201.045,28.575,350.4,Rolling
1.50500,2,1080.568,-55.486,28.575,168.9,Rolling
1.50500,3,577.771,602.724,28.575,169.6,Rolling
1.50500,4,129.842,-405.158,28.575,489.6,Rolling
1.50500,5,1238.804,56.412,28.575,1.0,Rolling
1.50500,6,751.099,340.092,28.575,354.6,Rolling
1.50500,7,796.025,425.082,28.575,250.6,Rolling
1.50500,8,400.864,-117.584,28.575,267.9,Rolling
1.50500,9,668.835,408.951,28.575,229.6,Rolling
1.50500,10,-204.452,-215.501,28.575,1055.3,Rolling
1.50500,11,811.887,-589.030,28.575,330.0,Rolling
1.50500,12,1122.662,350.843,28.575,270.1,Rolling
1.50500,13,559.838,215.650,28.575,266.9,Sliding
1.50500,14,1039.984,-179.094,28.575,360.0,Rolling
1.50500,15,238.493,-443.680,28.575,369.4,Rolling
1.51000,0,364.824,-53.522,28.575,86.4,Rolling
1.51000,1,253.253,201.744,28.575,349.9,Rolling
1.51000,2,1081.408,-55.560,28.575,168.5,Rolling
1.51000,3,577.363,603.466,28.575,169.1,Rolling
1.51000,4,127.806,-406.516,28.575,489.1,Rolling
1.51000,5,1238.801,56.415,28.575,0.5,Rolling
1.51000,6,749.865,338.821,28.575,354.1,Rolling
1.51000,7,795.407,423.993,28.575,250.1,Rolling
1.51000,8,399.639,-118.123,28.575,267.5,Rolling
1.51000,9,668.795,410.097,28.575,229.1,Rolling
1.51000,10,-209.701,-216.022,28.575,1054.8,Rolling
1.51000,11,811.974,-590.677,28.575,329.5,Rolling
1.51000,12,1123.724,351.675,28.575,269.6,Rolling
1.51000,13,559.068,214.584,28.575,258.8,Sliding
1.51000,14,1040.637,-177.418,28.575,359.5,Rolling
1.51000,15,236.981,-442.621,28.575,368.9,Rolling
1.51500,0,364.411,-53.644,28.575,85.9,Rolling
1.51500,1,251.650,202.442,28.575,349.5,Rolling
1.51500,2,1082.246,-55.633,28.575,168.0,Rolling
1.51500,3,576.956,604.206,28.575,168.6,Rolling
1.51500,4,125.772,-407.872,28.575,488.6,Rolling
1.51500,5,1238.800,56.416,28.575,0.0,Rolling
1.51500,6,748.632,337.551,28.575,353.6,Rolling
1.51500,7,794.791,422.906,28.575,249.6,Rolling
1.51500,8,398.416,-118.662,28.575,267.0,Rolling
1.51500,9,668.755,411.240,28.575,228.6,Rolling
1.51500,10,-214.948,-216.544,28.575,1054.3,Rolling
1.51500,11,812.061,-592.321,28.575,329.0,Rolling
1.51500,12,1124.784,352.505,28.575,269.1,Rolling
1.51500,13,558.301,213.568,28.575,250.7,Sliding
1.51500,14,1041.289,-175.745,28.575,359.0,Rolling
1.51500,15,235.471,-441.564,28.575,368.4,Rolling
1.52000,0,364.001,-53.765,28.575,85.4,Rolling
1.52000,1,250.049,203.139,28.575,349.0,Rolling
1.52000,2,1083.081,-55.707,28.575,167.5,Rolling
1.52000,3,576.550,604.944,28.575,168.1,Rolling
1.52000,4,123.741,-409.227,28.575,488.1,Rolling
1.52000,5,1238.800,56.416,28.575,0.0,Stationary
1.52000,6,747.401,336.283,28.575,353.2,Rolling
1.52000,7,794.176,421.822,28.575,249.1,Rolling
1.52000,8,397.196,-119.199,28.575,266.5,Rolling
1.52000,9,668.714,412.382,28.575,228.2,Rolling
1.52000,10,-220.193,-217.065,28.575,1053.8,Rolling
1.52000,11,812.148,-593.963,28.575,328.5,Rolling
1.52000,12,1125.842,353.334,28.575,268.6,Rolling
1.52000,13,557.535,212.600,28.575,242.8,Sliding
1.52000,14,1041.941,-174.073,28.575,358.5,Rolling
1.52000,15,233.963,-440.508,28.575,367.9,Rolling
1.52500,0,363.592,-53.886,28.575,84.9,Rolling
1.52500,1,248.451,203.835,28.575,348.5,Rolling
1.52500,2,1083.914,-55.780,28.575,167.0,Rolling
1.52500,3,576.145,605.679,28.575,167.7,Rolling
1.52500,4,121.711,-410.581,28.575,487.7,Rolling
1.52500,5,1238.800,56.416,28.575,0.0,Stationary
1.52500,6,746.172,335.017,28.575,352.7,Rolling
1.52500,7,793.563,420.739,28.575,248.6,Rolling
1.52500,8,395.977,-119.735,28.575,266.0,Rolling
1.52500,9,668.674,413.521,28.575,227.7,Rolling
1.52500,10,-225.435,-217.585,28.575,1053.3,Rolling
1.52500,11,812.234,-595.602,28.575,328.1,Rolling
1.52500,12,1126.899,354.161,28.575,268.1,Rolling
1.52500,13,556.771,211.682,28.575,235.1,Sliding
1.52500,14,1042.591,-172.404,28.575,358.0,Rolling
1.52500,15,232.457,-439.453,28.575,367.4,Rolling
1.53000,0,363.186,-54.007,28.575,84.4,Rolling
1.53000,1,246.854,204.530,28.575,348.0,Rolling
1.53000,2,1084.745,-55.853,28.575,166.5,Rolling
1.53000,3,575.742,606.413,28.575,167.2,Rolling
1.53000,4,119.684,-411.933,28.575,487.2,Rolling
1.53000,5,1238.800,56.416,28.575,0.0,Stationary
1.53000,6,744.945,333.753,28.575,352.2,Rolling
1.53000,7,792.950,419.658,28.575,248.2,Rolling
1.53000,8,394.761,-120.271,28.575,265.5,Rolling
1.53000,9,668.634,414.657,28.575,227.2,Rolling
1.53000,10,-230.674,-218.106,28.575,1052.8,Rolling
1.53000,11,812.321,-597.239,28.575,327.6,Rolling
1.53000,12,1127.953,354.987,28.575,267.6,Rolling
1.53000,13,556.009,210.812,28.575,227.5,Sliding
1.53000,14,1043.241,-170.737,28.575,357.5,Rolling
1.53000,15,230.953,-438.400,28.575,366.9,Rolling
1.53500,0,362.783,-54.126,28.575,83.9,Rolling
1.53500,1,245.260,205.224,28.575,347.5,Rolling
1.53500,2,1085.573,-55.926,28.575,166.0,Rolling
1.53500,3,575.384,605.941,28.578,123.8,Airborne
1.53500,4,117.658,-413.284,28.575,486.7,Rolling
1.53500,5,1238.800,56.416,28.575,0.0,Stationary
1.53500,6,743.719,332.491,28.575,351.7,Rolling
1.53500,7,792.339,418.580,28.575,247.7,Rolling
1.53500,8,393.548,-120.805,28.575,265.0,Rolling
1.53500,9,668.594,415.791,28.575,226.7,Rolling
1.53500,10,-235.912,-218.626,28.575,1052.3,Rolling
1.53500,11,812.407,-598.873,28.575,327.1,Rolling
1.53500,12,1129.006,355.811,28.575,267.1,Rolling
1.53500,13,555.249,209.992,28.575,220.0,Sliding
1.53500,14,1043.889,-169.073,28.575,357.0,Rolling
1.53500,15,229.452,-437.348,28.575,366.5,Rolling
1.54000,0,362.382,-54.245,28.575,83.4,Rolling
1.54000,1,243.668,205.917,28.575,347.0,Rolling
1.54000,2,1086.398,-55.998,28.575,165.5,Rolling
1.54000,3,575.027,605.450,28.575,121.6,Airborne
1.54000,4,115.635,-414.633,28.575,486.2,Rolling
1.54000,5,1238.800,56.416,28.575,0.0,Stationary
1.54000,6,742.495,331.230,28.575,351.2,Rolling
1.54000,7,791.729,417.504,28.575,247.2,Rolling
1.54000,8,392.336,-121.339,28.575,264.5,Rolling
1.54000,9,668.555,416.922,28.575,226.2,Rolling
1.54000,10,-241.146,-219.146,28.575,1051.8,Rolling
1.54000,11,812.493,-600.505,28.575,326.6,Rolling
1.54000,12,1130.056,356.634,28.575,266.6,Rolling
1.54000,13,554.490,209.219,28.575,214.2,Rolling
1.54000,14,1044.537,-167.411,28.575,356.5,Rolling
1.54000,15,227.952,-436.298,28.575,366.0,Rolling
1.54500,0,361.983,-54.363,28.575,82.9,Rolling
1.54500,1,242.078,206.609,28.575,346.5,Rolling
1.54500,2,1087.221,-56.071,28.575,165.0,Rolling
1.54500,3,574.671,604.964,28.575,117.8,Sliding
1.54500,4,113.613,-415.981,28.575,485.7,Rolling
1.54500,5,1238.800,56.416,28.575,0.0,Stationary
1.54500,6,741.273,329.971,28.575,350.7,Rolling
1.54500,7,791.120,416.430,28.575,246.7,Rolling
1.54500,8,391.127,-121.871,28.575,264.0,Rolling
1.54500,9,668.515,418.051,28.575,225.7,Rolling
1.54500,10,-246.378,-219.666,28.575,1051.4,Rolling
1.54500,11,812.580,-602.134,28.575,326.1,Rolling
1.54500,12,1131.105,357.455,28.575,266.1,Rolling
1.54500,13,553.733,208.463,28.575,213.8,Rolling
1.54500,14,1045.184,-165.751,28.575,356.0,Rolling
1.54500,15,226.454,-435.249,28.575,365.5,Rolling
1.55000,0,361.586,-54.481,28.575,82.5,Rolling
1.55000,1,240.491,207.300,28.575,346.0,Rolling
1.55000,2,1088.042,-56.143,28.575,164.5,Rolling
1.55000,3,574.313,604.520,28.575,110.3,Sliding
1.55000,4,111.594,-417.328,28.575,485.2,Rolling
1.55000,5,1238.800,56.416,28.575,0.0,Stationary
1.55000,6,740.052,328.714,28.575,350.2,Rolling
1.55000,7,790.512,415.358,28.575,246.2,Rolling
1.55000,8,389.920,-122.403,28.575,263.5,Rolling
1.55000,9,668.475,419.178,28.575,225.2,Rolling
1.55000,10,-251.608,-220.186,28.575,1050.9,Rolling
1.55000,11,812.666,-603.761,28.575,325.6,Rolling
1.55000,12,1132.152,358.275,28.575,265.6,Rolling
1.55000,13,552.978,207.708,28.575,213.3,Rolling
1.55000,14,1045.830,-164.093,28.575,355.6,Rolling
1.55000,15,224.958,-434.201,28.575,365.0,Rolling
1.55500,0,361.192,-54.597,28.575,82.0,Rolling
1.55500,1,238.906,207.990,28.575,345.5,Rolling
1.55500,2,1088.860,-56.215,28.575,164.0,Rolling
1.55500,3,573.955,604.125,28.575,103.1,Sliding
1.55500,4,109.577,-418.673,28.575,484.7,Rolling
1.55500,5,1238.800,56.416,28.575,0.0,Stationary
1.55500,6,738.833,327.458,28.575,349.7,Rolling
1.55500,7,789.906,414.288,28.575,245.7,Rolling
1.55500,8,388.715,-122.933,28.575,263.0,Rolling
1.55500,9,668.436,420.302,28.575,224.7,Rolling
1.55500,10,-256.836,-220.705,28.575,1050.4,Rolling
1.55500,11,812.752,-605.386,28.575,325.1,Rolling
1.55500,12,1133.196,359.093,28.575,265.2,Rolling
1.55500,13,552.225,206.955,28.575,212.8,Rolling
1.55500,14,1046.475,-162.438,28.575,355.1,Rolling
1.55500,15,223.465,-433.155,28.575,364.5,Rolling
1.56000,0,360.800,-54.713,28.575,81.5,Rolling
1.56000,1,237.323,208.680,28.575,345.0,Rolling
1.56000,2,1089.676,-56.286,28.575,163.6,Rolling
1.56000,3,573.595,603.779,28.575,96.5,Sliding
1.56000,4,107.561,-420.017,28.575,484.2,Rolling
1.56000,5,1238.800,56.416,28.575,0.0,Stationary
1.56000,6,737.616,326.205,28.575,349.2,Rolling
1.56000,7,789.301,413.220,28.575,245.2,Rolling
1.56000,8,387.512,-123.462,28.575,262.6,Rolling
1.56000,9,668.396,421.424,28.575,224.2,Rolling
1.56000,10,-262.061,-221.224,28.575,1049.9,Rolling
1.56000,11,812.832,-606.034,28.657,221.3,Airborne
1.56000,12,1134.239,359.910,28.575,264.7,Rolling
1.56000,13,551.473,206.204,28.575,212.3,Rolling
1.56000,14,1047.119,-160.785,28.575,354.6,Rolling
1.56000,15,221.973,-432.110,28.575,364.0,Rolling
1.56500,0,360.411,-54.829,28.575,81.0,Rolling
1.56500,1,235.742,209.368,28.575,344.6,Rolling
1.56500,2,1090.490,-56.358,28.575,163.1,Rolling
1.56500,3,573.235,603.482,28.575,90.4,Sliding
1.56500,4,105.548,-421.360,28.575,483.7,Rolling
1.56500,5,1238.800,56.416,28.575,0.0,Stationary
1.56500,6,736.400,324.953,28.575,348.7,Rolling
1.56500,7,788.697,412.155,28.575,244.7,Rolling
1.56500,8,386.312,-123.991,28.575,262.1,Rolling
1.56500,9,668.357,422.543,28.575,223.7,Rolling
1.56500,10,-267.283,-221.743,28.575,1049.4,Rolling
1.56500,11,812.902,-604.945,28.719,218.6,Airborne
1.56500,12,1135.280,360.725,28.575,264.2,Rolling
1.56500,13,550.723,205.455,28.575,211.8,Rolling
1.56500,14,1047.762,-159.134,28.575,354.1,Rolling
1.56500,15,220.483,-431.067,28.575,363.5,Rolling
1.57000,0,360.024,-54.943,28.575,80.5,Rolling
1.57000,1,234.164,210.055,28.575,344.1,Rolling
1.57000,2,1091.301,-56.429,28.575,162.6,Rolling
1.57000,3,572.875,603.232,28.575,86.2,Rolling
1.57000,4,103.537,-422.701,28.575,483.2,Rolling
1.57000,5,1238.800,56.416,28.575,0.0,Stationary
1.57000,6,735.187,323.703,28.575,348.3,Rolling
1.57000,7,788.094,411.091,28.575,244.2,Rolling
1.57000,8,385.114,-124.518,28.575,261.6,Rolling
1.57000,9,668.317,423.660,28.575,223.3,Rolling
1.57000,10,-272.503,-222.262,28.575,1048.9,Rolling
1.57000,11,812.972,-603.856,28.595,219.8,Airborne
1.57000,12,1136.319,361.538,28.575,263.7,Rolling
1.57000,13,549.975,204.707,28.575,211.3,Rolling
1.57000,14,1048.404,-157.486,28.575,353.6,Rolling
1.57000,15,218.995,-430.025,28.575,363.0,Rolling
1.57500,0,359.639,-55.057,28.575,80.0,Rolling
1.57500,1,232.588,210.741,28.575,343.6,Rolling
1.57500,2,1092.109,-56.500,28.575,162.1,Rolling
1.57500,3,572.515,602.996,28.575,85.7,Rolling
1.57500,4,101.528,-424.041,28.575,482.8,Rolling
1.57500,5,1238.800,56.416,28.575,0.0,Stationary
1.57500,6,733.974,322.454,28.575,347.8,Rolling
1.57500,7,787.492,410.030,28.575,243.7,Rolling
1.57500,8,383.918,-125.045,28.575,261.1,Rolling
1.57500,9,668.278,424.774,28.575,222.8,Rolling
1.57500,10,-277.721,-222.780,28.575,1048.4,Rolling
1.57500,11,813.042,-602.767,28.603,219.4,Airborne
1.57500,12,1137.356,362.351,28.575,263.2,Rolling
1.57500,13,549.228,203.961,28.575,210.8,Rolling
1.57500,14,1049.046,-155.839,28.575,353.1,Rolling
1.57500,15,217.510,-428.984,28.575,362.5,Rolling
1.58000,0,359.257,-55.170,28.575,79.5,Rolling
1.58000,1,231.014,211.426,28.575,343.1,Rolling
1.58000,2,1092.915,-56.571,28.575,161.6,Rolling
1.58000,3,572.158,602.762,28.575,85.2,Rolling
1.58000,4,99.521,-425.380,28.575,482.3,Rolling
1.58000,5,1238.800,56.416,28.575,0.0,Stationary
1.58000,6,732.764,321.208,28.575,347.3,Rolling
1.58000,7,786.892,408.971,28.575,243.3,Rolling
1.58000,8,382.724,-125.570,28.575,260.6,Rolling
1.58000,9,668.239,425.886,28.575,222.3,Rolling
1.58000,10,-282.936,-223.298,28.575,1047.9,Rolling
1.58000,11,813.113,-601.678,28.575,219.1,Airborne
1.58000,12,1138.391,363.161,28.575,262.7,Rolling
1.58000,13,548.484,203.217,28.575,210.3,Rolling
1.58000,14,1049.686,-154.196,28.575,352.6,Rolling
1.58000,15,216.026,-427.945,28.575,362.0,Rolling
1.58500,0,358.877,-55.283,28.575,79.0,Rolling
1.58500,1,229.442,212.111,28.575,342.6,Rolling
1.58500,2,1093.719,-56.642,28.575,161.1,Rolling
1.58500,3,571.802,602.529,28.575,84.8,Rolling
1.58500,4,97.515,-426.717,28.575,481.8,Rolling
1.58500,5,1238.800,56.416,28.575,0.0,Stationary
1.58500,6,731.555,319.963,28.575,346.8,Rolling
1.58500,7,786.293,407.914,28.575,242.8,Rolling
1.58500,8,381.533,-126.095,28.575,260.1,Rolling
1.58500,9,668.200,426.996,28.575,221.8,Rolling
1.58500,10,-288.149,-223.816,28.575,1047.4,Rolling
1.58500,11,813.183,-600.589,28.575,218.2,Airborne
1.58500,12,1139.424,363.970,28.575,262.2,Rolling
1.58500,13,547.741,202.474,28.575,209.8,Rolling
1.58500,14,1050.326,-152.554,28.575,352.1,Rolling
1.58500,15,214.544,-426.907,28.575,361.5,Rolling
1.59000,0,358.499,-55.395,28.575,78.5,Rolling
1.59000,1,227.872,212.794,28.575,342.1,Rolling
1.59000,2,1094.520,-56.712,28.575,160.6,Rolling
1.59000,3,571.449,602.297,28.575,84.3,Rolling
1.59000,4,95.512,-428.053,28.575,481.3,Rolling
1.59000,5,1238.800,56.416,28.575,0.0,Stationary
1.59000,6,730.348,318.720,28.575,346.3,Rolling
1.59000,7,785.695,406.859,28.575,242.3,Rolling
1.59000,8,380.344,-126.618,28.575,259.6,Rolling
1.59000,9,668.161,428.103,28.575,221.3,Rolling
1.59000,10,-293.359,-224.334,28.575,1046.9,Rolling
1.59000,11,813.253,-599.516,28.575,210.4,Sliding
1.59000,12,1140.455,364.778,28.575,261.7,Rolling
1.59000,13,546.999,201.734,28.575,209.3,Rolling
1.59000,14,1050.965,-150.915,28.575,351.6,Rolling
1.59000,15,213.065,-425.871,28.575,361.1,Rolling
1.59500,0,358.124,-55.506,28.575,78.0,Rolling
1.59500,1,226.305,213.476,28.575,341.6,Rolling
1.59500,2,1095.319,-56.783,28.575,160.1,Rolling
1.59500,3,571.098,602.067,28.575,83.8,Rolling
1.59500,4,93.511,-429.387,28.575,480.8,Rolling
1.59500,5,1238.800,56.416,28.575,0.0,Stationary
1.59500,6,729.143,317.478,28.575,345.8,Rolling
1.59500,7,785.098,405.806,28.575,241.8,Rolling
1.59500,8,379.157,-127.141,28.575,259.1,Rolling
1.59500,9,668.122,429.207,28.575,220.8,Rolling
1.59500,10,-298.567,-224.851,28.575,1046.5,Rolling
1.59500,11,813.323,-598.491,28.575,200.6,Sliding
1.59500,12,1141.485,365.584,28.575,261.2,Rolling
1.59500,13,546.260,200.995,28.575,208.9,Rolling
1.59500,14,1051.603,-149.277,28.575,351.1,Rolling
1.59500,15,211.587,-424.836,28.575,360.6,Rolling
1.60000,0,357.751,-55.617,28.575,77.6,Rolling
1.60000,1,224.740,214.157,28.575,341.1,Rolling
1.60000,2,1096.115,-56.853,28.575,159.6,Rolling
1.60000,3,570.749,601.837,28.575,83.3,Rolling
1.60000,4,91.512,-430.720,28.575,480.3,Rolling
1.60000,5,1238.800,56.416,28.575,0.0,Stationary
1.60000,6,727.939,316.239,28.575,345.3,Rolling
1.60000,7,784.503,404.755,28.575,241.3,Rolling
1.60000,8,377.972,-127.663,28.575,258.6,Rolling
1.60000,9,668.083,430.309,28.575,220.3,Rolling
1.60000,10,-303.772,-225.368,28.575,1046.0,Rolling
1.60000,11,813.394,-597.515,28.575,190.9,Sliding
1.60000,12,1142.512,366.389,28.575,260.7,Rolling
1.60000,13,545.522,200.257,28.575,208.4,Rolling
1.60000,14,1052.240,-147.643,28.575,350.7,Rolling
1.60000,15,210.111,-423.803,28.575,360.1,Rolling
1.60500,0,357.380,-55.726,28.575,77.1,Rolling
1.60500,1,223.178,214.838,28.575,340.6,Rolling
1.60500,2,1096.909,-56.922,28.575,159.1,Rolling
1.60500,3,570.402,601.610,28.575,82.8,Rolling
1.60500,4,89.516,-432.052,28.575,479.8,Rolling
1.60500,5,1238.800,56.416,28.575,0.0,Stationary
1.60500,6,726.738,315.001,28.575,344.8,Rolling
1.60500,7,783.908,403.707,28.575,240.8,Rolling
1.60500,8,376.790,-128.183,28.575,258.1,Rolling
1.60500,9,668.045,431.409,28.575,219.8,Rolling
1.60500,10,-308.975,-225.885,28.575,1045.5,Rolling
1.60500,11,813.464,-596.588,28.575,181.1,Sliding
1.60500,12,1143.538,367.192,28.575,260.3,Rolling
1.60500,13,544.786,199.522,28.575,207.9,Rolling
1.60500,14,1052.876,-146.010,28.575,350.2,Rolling
1.60500,15,208.637,-422.770,28.575,359.6,Rolling
1.61000,0,357.012,-55.835,28.575,76.6,Rolling
1.61000,1,221.617,215.517,28.575,340.1,Rolling
1.61000,2,1097.700,-56.992,28.575,158.7,Rolling
1.61000,3,570.056,601.383,28.575,82.3,Rolling
1.61000,4,87.521,-433.383,28.575,479.3,Rolling
1.61000,5,1238.800,56.416,28.575,0.0,Stationary
1.61000,6,725.537,313.765,28.575,344.3,Rolling
1.61000,7,783.315,402.660,28.575,240.3,Rolling
1.61000,8,375.609,-128.703,28.575,257.7,Rolling
1.61000,9,668.006,432.506,28.575,219.3,Rolling
1.61000,10,-314.176,-226.402,28.575,1045.0,Rolling
1.61000,11,813.535,-595.710,28.575,171.3,Sliding
1.61000,12,1144.561,367.993,28.575,259.8,Rolling
1.61000,13,544.052,198.788,28.575,207.4,Rolling
1.61000,14,1053.511,-144.380,28.575,349.7,Rolling
1.61000,15,207.166,-421.740,28.575,359.1,Rolling
1.61500,0,356.646,-55.944,28.575,76.1,Rolling
1.61500,1,220.059,216.196,28.575,339.6,Rolling
1.61500,2,1098.489,-57.061,28.575,158.2,Rolling
1.61500,3,569.713,601.158,28.575,81.8,Rolling
1.61500,4,85.528,-434.712,28.575,478.8,Rolling
1.61500,5,1238.800,56.416,28.575,0.0,Stationary
1.61500,6,724.339,312.530,28.575,343.8,Rolling
1.61500,7,782.723,401.616,28.575,239.8,Rolling
1.61500,8,374.431,-129.221,28.575,257.2,Rolling
1.61500,9,667.967,433.601,28.575,218.8,Rolling
1.61500,10,-319.374,-226.918,28.575,1044.5,Rolling
1.61500,11,813.606,-594.881,28.575,161.5,Sliding
1.61500,12,1145.583,368.793,28.575,259.3,Rolling
1.61500,13,543.319,198.056,28.575,206.9,Rolling
1.61500,14,1054.145,-142.752,28.575,349.2,Rolling
1.61500,15,205.696,-420.710,28.575,358.6,Rolling
1.62000,0,356.282,-56.051,28.575,75.6,Rolling
1.62000,1,218.503,216.873,28.575,339.2,Rolling
1.62000,2,1099.276,-57.130,28.575,157.7,Rolling
1.62000,3,569.372,600.935,28.575,81.3,Rolling
1.62000,4,83.537,-436.039,28.575,478.3,Rolling
1.62000,5,1238.800,56.416,28.575,0.0,Stationary
1.62000,6,723.142,311.298,28.575,343.3,Rolling
1.62000,7,782.133,400.574,28.575,239.3,Rolling
1.62000,8,373.256,-129.739,28.575,256.7,Rolling
1.62000,9,667.929,434.693,28.575,218.3,Rolling
1.62000,10,-324.570,-227.434,28.575,1044.0,Rolling
1.62000,11,813.677,-594.101,28.575,151.8,Sliding
1.62000,12,1146.602,369.592,28.575,258.8,Rolling
1.62000,13,542.588,197.325,28.575,206.4,Rolling
1.62000,14,1054.779,-141.126,28.575,348.7,Rolling
1.62000,15,204.228,-419.682,28.575,358.1,Rolling
1.62500,0,355.921,-56.158,28.575,75.1,Rolling
1.62500,1,216.949,217.549,28.575,338.7,Rolling
1.62500,2,1100.060,-57.199,28.575,157.2,Rolling
1.62500,3,569.033,600.712,28.575,80.8,Rolling
1.62500,4,81.548,-437.366,28.575,477.8,Rolling
1.62500,5,1238.800,56.416,28.575,0.0,Stationary
1.62500,6,721.947,310.067,28.575,342.9,Rolling
1.62500,7,781.543,399.534,28.575,238.8,Rolling
1.62500,8,372.082,-130.256,28.575,256.2,Rolling
1.62500,9,667.891,435.783,28.575,217.9,Rolling
1.62500,10,-329.763,-227.950,28.575,1043.5,Rolling
1.62500,11,813.748,-593.370,28.575,142.0,Sliding
1.62500,12,1147.620,370.389,28.575,258.3,Rolling
1.62500,13,541.859,196.597,28.575,205.9,Rolling
1.62500,14,1055.412,-139.503,28.575,348.2,Rolling
1.62500,15,202.763,-418.656,28.575,357.6,Rolling
1.63000,0,355.562,-56.265,28.575,74.6,Rolling
1.63000,1,215.398,218.225,28.575,338.2,Rolling
1.63000,2,1100.842,-57.268,28.575,156.7,Rolling
1.63000,3,568.697,600.491,28.575,80.3,Rolling
1.63000,4,79.561,-438.691,28.575,477.4,Rolling
1.63000,5,1238.800,56.416,28.575,0.0,Stationary
1.63000,6,720.754,308.838,28.575,342.4,Rolling
1.63000,7,780.955,398.496,28.575,238.4,Rolling
1.63000,8,370.911,-130.771,28.575,255.7,Rolling
1.63000,9,667.852,436.870,28.575,217.4,Rolling
1.63000,10,-334.954,-228.466,28.575,1043.0,Rolling
1.63000,11,813.819,-592.688,28.575,132.3,Sliding
1.63000,12,1148.636,371.184,28.575,257.8,Rolling
1.63000,13,541.132,195.870,28.575,205.4,Rolling
1.63000,14,1056.043,-137.882,28.575,347.7,Rolling
1.63000,15,201.299,-417.631,28.575,357.1,Rolling
1.63500,0,355.206,-56.370,28.575,74.1,Rolling
1.63500,1,213.849,218.899,28.575,337.7,Rolling
1.63500,2,1101.621,-57.337,28.575,156.2,Rolling
1.63500,3,568.362,600.271,28.575,79.9,Rolling
1.63500,4,77.577,-440.014,28.575,476.9,Rolling
1.63500,5,1238.800,56.416,28.575,0.0,Stationary
1.63500,6,719.562,307.611,28.575,341.9,Rolling
1.63500,7,780.368,397.461,28.575,237.9,Rolling
1.63500,8,369.742,-131.286,28.575,255.2,Rolling
1.63500,9,667.814,437.955,28.575,216.9,Rolling
1.63500,10,-340.142,-228.981,28.575,1042.5,Rolling
1.63500,11,813.891,-592.055,28.575,122.5,Sliding
1.63500,12,1149.650,371.979,28.575,257.3,Rolling
1.63500,13,540.406,195.145,28.575,204.9,Rolling
1.63500,14,1056.674,-136.263,28.575,347.2,Rolling
1.63500,15,199.838,-416.607,28.575,356.6,Rolling
1.64000,0,354.852,-56.475,28.575,73.6,Rolling
1.64000,1,212.302,219.573,28.575,337.2,Rolling
1.64000,2,1102.398,-57.405,28.575,155.7,Rolling
1.64000,3,568.029,600.053,28.575,79.4,Rolling
1.64000,4,75.594,-441.337,28.575,476.4,Rolling
1.64000,5,1238.800,56.416,28.575,0.0,Stationary
1.64000,6,718.372,306.385,28.575,341.4,Rolling
1.64000,7,779.782,396.427,28.575,237.4,Rolling
1.64000,8,368.575,-131.800,28.575,254.7,Rolling
1.64000,9,667.776,439.038,28.575,216.4,Rolling
1.64000,10,-345.328,-229.497,28.575,1042.0,Rolling
1.64000,11,813.962,-591.471,28.575,112.8,Sliding
1.64000,12,1150.662,372.771,28.575,256.8,Rolling
1.64000,13,539.682,194.421,28.575,204.4,Rolling
1.64000,14,1057.304,-134.647,28.575,346.7,Rolling
1.64000,15,198.378,-415.585,28.575,356.2,Rolling
1.64500,0,354.500,-56.579,28.575,73.1,Rolling
1.64500,1,210.757,220.245,28.575,336.7,Rolling
1.64500,2,1103.172,-57.473,28.575,155.2,Rolling
1.64500,3,567.698,599.836,28.575,78.9,Rolling
1.64500,4,73.614,-442.657,28.575,475.9,Rolling
1.64500,5,1238.800,56.416,28.575,0.0,Stationary
1.64500,6,717.184,305.161,28.575,340.9,Rolling
1.64500,7,779.197,395.396,28.575,236.9,Rolling
1.64500,8,367.411,-132.312,28.575,254.2,Rolling
1.64500,9,667.738,440.118,28.575,215.9,Rolling
1.64500,10,-350.511,-230.012,28.575,1041.6,Rolling
1.64500,11,814.034,-590.934,28.575,105.7,Rolling
1.64500,12,1151.672,373.562,28.575,256.3,Rolling
1.64500,13,538.960,193.699,28.575,204.0,Rolling
1.64500,14,1057.933,-133.032,28.575,346.2,Rolling
1.64500,15,196.920,-414.564,28.575,355.7,Rolling
1.65000,0,354.150,-56.683,28.575,72.7,Rolling
1.65000,1,209.214,220.917,28.575,336.2,Rolling
1.65000,2,1103.944,-57.541,28.575,154.7,Rolling
1.65000,3,567.369,599.621,28.575,78.4,Rolling
1.65000,4,71.635,-443.977,28.575,475.4,Rolling
1.65000,5,1238.800,56.416,28.575,0.0,Stationary
1.65000,6,715.998,303.939,28.575,340.4,Rolling
1.65000,7,778.614,394.366,28.575,236.4,Rolling
1.65000,8,366.249,-132.824,28.575,253.7,Rolling
1.65000,9,667.700,441.195,28.575,215.4,Rolling
1.65000,10,-355.692,-230.526,28.575,1041.1,Rolling
1.65000,11,814.105,-590.411,28.575,105.3,Rolling
1.65000,12,1152.680,374.351,28.575,255.8,Rolling
1.65000,13,538.239,192.979,28.575,203.5,Rolling
1.65000,14,1058.561,-131.421,28.575,345.8,Rolling
1.65000,15,195.465,-413.545,28.575,355.2,Rolling
1.65500,0,353.803,-56.786,28.575,72.2,Rolling
1.65500,1,207.674,221.587,28.575,335.7,Rolling
1.65500,2,1104.713,-57.609,28.575,154.2,Rolling
1.65500,3,567.043,599.406,28.575,77.9,Rolling
1.65500,4,69.658,-445.295,28.575,474.9,Rolling
1.65500,5,1238.800,56.416,28.575,0.0,Stationary
1.65500,6,714.813,302.719,28.575,339.9,Rolling
1.65500,7,778.031,393.339,28.575,235.9,Rolling
1.65500,8,365.089,-133.335,28.575,253.2,Rolling
1.65500,9,667.662,442.271,28.575,214.9,Rolling
1.65500,10,-360.871,-231.041,28.575,1040.6,Rolling
1.65500,11,814.176,-589.891,28.575,104.8,Rolling
1.65500,12,1153.686,375.139,28.575,255.3,Rolling
1.65500,13,537.521,192.261,28.575,203.0,Rolling
1.65500,14,1059.188,-129.811,28.575,345.3,Rolling
1.65500,15,194.011,-412.526,28.575,354.7,Rolling
1.66000,0,353.458,-56.888,28.575,71.7,Rolling
1.66000,1,206.136,222.257,28.575,335.2,Rolling
1.66000,2,1105.480,-57.676,28.575,153.7,Rolling
1.66000,3,566.718,599.193,28.575,77.4,Rolling
1.66000,4,67.684,-446.612,28.575,474.4,Rolling
1.66000,5,1238.800,56.416,28.575,0.0,Stationary
1.66000,6,713.630,301.501,28.575,339.4,Rolling
1.66000,7,777.450,392.314,28.575,235.4,Rolling
1.66000,8,363.931,-133.844,28.575,252.7,Rolling
1.66000,9,667.624,443.343,28.575,214.4,Rolling
1.66000,10,-366.047,-231.555,28.575,1040.1,Rolling
1.66000,11,814.247,-589.373,28.575,104.3,Rolling
1.66000,12,1154.690,375.926,28.575,254.9,Rolling
1.66000,13,536.804,191.545,28.575,202.5,Rolling
1.66000,14,1059.815,-128.204,28.575,344.8,Rolling
1.66000,15,192.560,-411.510,28.575,354.2,Rolling
1.66500,0,353.116,-56.989,28.575,71.2,Rolling
1.66500,1,204.601,222.925,28.575,334.7,Rolling
1.66500,2,1106.245,-57.743,28.575,153.3,Rolling
1.66500,3,566.396,598.982,28.575,76.9,Rolling
1.66500,4,65.711,-447.927,28.575,473.9,Rolling
1.66500,5,1238.800,56.416,28.575,0.0,Stationary
1.66500,6,712.449,300.284,28.575,338.9,Rolling
1.66500,7,776.871,391.291,28.575,234.9,Rolling
1.66500,8,362.776,-134.353,28.575,252.3,Rolling
1.66500,9,667.587,444.413,28.575,213.9,Rolling
1.66500,10,-371.221,-232.069,28.575,1039.6,Rolling
1.66500,11,814.317,-588.858,28.575,103.8,Rolling
1.66500,12,1155.692,376.711,28.575,254.4,Rolling
1.66500,13,536.089,190.830,28.575,202.0,Rolling
1.66500,14,1060.440,-126.598,28.575,344.3,Rolling
1.66500,15,191.110,-410.495,28.575,353.7,Rolling
1.67000,0,352.776,-57.090,28.575,70.7,Rolling
1.67000,1,203.067,223.593,28.575,334.3,Rolling
1.67000,2,1107.007,-57.810,28.575,152.8,Rolling
1.67000,3,566.075,598.771,28.575,76.4,Rolling
1.67000,4,63.741,-449.242,28.575,473.4,Rolling
1.67000,5,1238.800,56.416,28.575,0.0,Stationary
1.67000,6,711.269,299.069,28.575,338.4,Rolling
1.67000,7,776.292,390.270,28.575,234.4,Rolling
1.67000,8,361.622,-134.861,28.575,251.8,Rolling
1.67000,9,667.549,445.481,28.575,213.4,Rolling
1.67000,10,-376.392,-232.583,28.575,1039.1,Rolling
1.67000,11,814.387,-588.345,28.575,103.3,Rolling
1.67000,12,1156.693,377.494,28.575,253.9,Rolling
1.67000,13,535.375,190.117,28.575,201.5,Rolling
1.67000,14,1061.065,-124.996,28.575,343.8,Rolling
1.67000,15,189.662,-409.481,28.575,353.2,Rolling
1.67500,0,352.438,-57.190,28.575,70.2,Rolling
1.67500,1,201.536,224.260,28.575,333.8,Rolling
1.67500,2,1107.767,-57.877,28.575,152.3,Rolling
1.67500,3,565.757,598.562,28.575,75.9,Rolling
1.67500,4,61.773,-450.554,28.575,472.9,Rolling
1.67500,5,1238.800,56.416,28.575,0.0,Stationary
1.67500,6,710.091,297.856,28.575,338.0,Rolling
1.67500,7,775.715,389.252,28.575,233.9,Rolling
1.67500,8,360.471,-135.367,28.575,251.3,Rolling
1.67500,9,667.512,446.547,28.575,213.0,Rolling
1.67500,10,-381.561,-233.096,28.575,1038.6,Rolling
1.67500,11,814.457,-587.835,28.575,102.8,Rolling
1.67500,12,1157.691,378.276,28.575,253.4,Rolling
1.67500,13,534.663,189.406,28.575,201.0,Rolling
1.67500,14,1061.688,-123.395,28.575,343.3,Rolling
1.67500,15,188.217,-408.468,28.575,352.7,Rolling
1.68000,0,352.103,-57.289,28.575,69.7,Rolling
1.68000,1,200.007,224.925,28.575,333.3,Rolling
1.68000,2,1108.524,-57.944,28.575,151.8,Rolling
1.68000,3,565.440,598.355,28.575,75.4,Rolling
1.68000,4,59.806,-451.866,28.575,472.5,Rolling
1.68000,5,1238.800,56.416,28.575,0.0,Stationary
1.68000,6,708.915,296.644,28.575,337.5,Rolling
1.68000,7,775.138,388.235,28.575,233.4,Rolling
1.68000,8,359.323,-135.873,28.575,250.8,Rolling
1.68000,9,667.474,447.609,28.575,212.5,Rolling
1.68000,10,-386.727,-233.609,28.575,1038.1,Rolling
1.68000,11,814.527,-587.326,28.575,102.3,Rolling
1.68000,12,1158.688,379.057,28.575,252.9,Rolling
1.68000,13,533.953,188.696,28.575,200.5,Rolling
1.68000,14,1062.311,-121.797,28.575,342.8,Rolling
1.68000,15,186.773,-407.457,28.575,352.2,Rolling
1.68500,0,351.770,-57.388,28.575,69.2,Rolling
1.68500,1,198.480,225.590,28.575,332.8,Rolling
1.68500,2,1109.279,-58.010,28.575,151.3,Rolling
1.68500,3,565.126,598.149,28.575,74.9,Rolling
1.68500,4,57.842,-453.176,28.575,472.0,Rolling
1.68500,5,1238.800,56.416,28.575,0.0,Stationary
1.68500,6,707.740,295.434,28.575,337.0,Rolling
1.68500,7,774.563,387.221,28.575,233.0,Rolling
1.68500,8,358.176,-136.378,28.575,250.3,Rolling
1.68500,9,667.437,448.670,28.575,212.0,Rolling
1.68500,10,-391.891,-234.123,28.575,1037.6,Rolling
1.68500,11,814.596,-586.821,28.575,101.8,Rolling
1.68500,12,1159.682,379.835,28.575,252.4,Rolling
1.68500,13,533.245,187.988,28.575,200.0,Rolling
1.68500,14,1062.933,-120.201,28.575,342.3,Rolling
1.68500,15,185.332,-406.448,28.575,351.7,Rolling
1.69000,0,351.439,-57.486,28.575,68.7,Rolling
1.69000,1,196.956,226.254,28.575,332.3,Rolling
1.69000,2,1110.031,-58.076,28.575,150.8,Rolling
1.69000,3,564.814,597.944,28.575,74.5,Rolling
1.69000,4,55.880,-454.484,28.575,471.5,Rolling
1.69000,5,1238.800,56.416,28.575,0.0,Stationary
1.69000,6,706.567,294.227,28.575,336.5,Rolling
1.69000,7,773.990,386.208,28.575,232.5,Rolling
1.69000,8,357.032,-136.882,28.575,249.8,Rolling
1.69000,9,667.400,449.728,28.575,211.5,Rolling
1.69000,10,-397.053,-234.635,28.575,1037.1,Rolling
1.69000,11,814.664,-586.318,28.575,101.3,Rolling
1.69000,12,1160.675,380.613,28.575,251.9,Rolling
1.69000,13,532.538,187.282,28.575,199.5,Rolling
1.69000,14,1063.554,-118.607,28.575,341.8,Rolling
1.69000,15,183.892,-405.439,28.575,351.3,Rolling
1.69500,0,351.111,-57.583,28.575,68.2,Rolling
1.69500,1,195.433,226.916,28.575,331.8,Rolling
1.69500,2,1110.781,-58.142,28.575,150.3,Rolling
1.69500,3,564.503,597.740,28.575,74.0,Rolling
1.69500,4,53.920,-455.792,28.575,471.0,Rolling
1.69500,5,1238.800,56.416,28.575,0.0,Stationary
1.69500,6,705.396,293.020,28.575,336.0,Rolling
1.69500,7,773.417,385.198,28.575,232.0,Rolling
1.69500,8,355.890,-137.385,28.575,249.3,Rolling
1.69500,9,667.362,450.783,28.575,211.0,Rolling
1.69500,10,-402.212,-235.148,28.575,1036.6,Rolling
1.69500,11,814.733,-585.817,28.575,100.8,Rolling
1.69500,12,1161.666,381.389,28.575,251.4,Rolling
1.69500,13,531.833,186.578,28.575,199.0,Rolling
1.69500,14,1064.174,-117.016,28.575,341.3,Rolling
1.69500,15,182.455,-404.433,28.575,350.8,Rolling
1.70000,0,350.785,-57.680,28.575,67.7,Rolling
1.70000,1,193.913,227.578,28.575,331.3,Rolling
1.70000,2,1111.528,-58.208,28.575,149.8,Rolling
1.70000,3,564.195,597.538,28.575,73.5,Rolling
1.70000,4,51.961,-457.098,28.575,470.5,Rolling
1.70000,5,1238.800,56.416,28.575,0.0,Stationary
1.70000,6,704.227,291.816,28.575,335.5,Rolling
1.70000,7,772.846,384.190,28.575,231.5,Rolling
1.70000,8,354.750,-137.886,28.575,248.8,Rolling
1.70000,9,667.325,451.836,28.575,210.5,Rolling
1.70000,10,-407.368,-235.660,28.575,1036.2,Rolling
1.70000,11,814.801,-585.319,28.575,100.3,Rolling
1.70000,12,1162.654,382.163,28.575,250.9,Rolling
1.70000,13,531.130,185.875,28.575,198.6,Rolling
1.70000,14,1064.793,-115.427,28.575,340.8,Rolling
1.70000,15,181.019,-403.427,28.575,350.3,Rolling
1.70500,0,350.461,-57.776,28.575,67.3,Rolling
1.70500,1,192.396,228.239,28.575,330.8,Rolling
1.70500,2,1112.273,-58.273,28.575,149.3,Rolling
1.70500,3,563.889,597.337,28.575,73.0,Rolling
1.70500,4,50.005,-458.402,28.575,470.0,Rolling
1.70500,5,1238.800,56.416,28.575,0.0,Stationary
1.70500,6,703.059,290.613,28.575,335.0,Rolling
1.70500,7,772.276,383.184,28.575,231.0,Rolling
1.70500,8,353.612,-138.387,28.575,248.3,Rolling
1.70500,9,667.288,452.887,28.575,210.0,Rolling
1.70500,10,-412.523,-236.172,28.575,1035.7,Rolling
1.70500,11,814.869,-584.823,28.575,99.9,Rolling
1.70500,12,1163.641,382.936,28.575,250.4,Rolling
1.70500,13,530.429,185.174,28.575,198.1,Rolling
1.70500,14,1065.412,-113.840,28.575,340.4,Rolling
1.70500,15,179.586,-402.423,28.575,349.8,Rolling
1.71000,0,350.140,-57.871,28.575,66.8,Rolling
1.71000,1,190.880,228.899,28.575,330.3,Rolling
1.71000,2,1113.016,-58.339,28.575,148.8,Rolling
1.71000,3,563.585,597.138,28.575,72.5,Rolling
1.71000,4,48.051,-459.705,28.575,469.5,Rolling
1.71000,5,1238.800,56.416,28.575,0.0,Stationary
1.71000,6,701.893,289.412,28.575,334.5,Rolling
1.71000,7,771.707,382.181,28.575,230.5,Rolling
1.71000,8,352.477,-138.887,28.575,247.8,Rolling
1.71000,9,667.251,453.935,28.575,209.5,Rolling
1.71000,10,-417.674,-236.684,28.575,1035.2,Rolling
1.71000,11,814.936,-584.329,28.575,99.4,Rolling
1.71000,12,1164.626,383.707,28.575,250.0,Rolling
1.71000,13,529.729,184.475,28.575,197.6,Rolling
1.71000,14,1066.029,-112.255,28.575,339.9,Rolling
1.71000,15,178.154,-401.421,28.575,349.3,Rolling
1.71500,0,349.821,-57.965,28.575,66.3,Rolling
1.71500,1,189.367,229.558,28.575,329.8,Rolling
1.71500,2,1113.756,-58.404,28.575,148.4,Rolling
1.71500,3,563.283,596.940,28.575,72.0,Rolling
1.71500,4,46.099,-461.007,28.575,469.0,Rolling
1.71500,5,1238.800,56.416,28.575,0.0,Stationary
1.71500,6,700.729,288.213,28.575,334.0,Rolling
1.71500,7,771.139,381.179,28.575,230.0,Rolling
1.71500,8,351.344,-139.386,28.575,247.4,Rolling
1.71500,9,667.215,454.981,28.575,209.0,Rolling
1.71500,10,-422.824,-237.196,28.575,1034.7,Rolling
1.71500,11,815.003,-583.838,28.575,98.9,Rolling
1.71500,12,1165.609,384.477,28.575,249.5,Rolling
1.71500,13,529.031,183.777,28.575,197.1,Rolling
1.71500,14,1066.646,-110.673,28.575,339.4,Rolling
1.71500,15,176.725,-400.419,28.575,348.8,Rolling
1.72000,0,349.504,-58.059,28.575,65.8,Rolling
1.72000,1,187.856,230.215,28.575,329.4,Rolling
1.72000,2,1114.494,-58.468,28.575,147.9,Rolling
1.72000,3,562.983,596.743,28.575,71.5,Rolling
1.72000,4,44.149,-462.308,28.575,468.5,Rolling
1.72000,5,1238.800,56.416,28.575,0.0,Stationary
1.72000,6,699.566,287.016,28.575,333.5,Rolling
1.72000,7,770.572,380.180,28.575,229.5,Rolling
1.72000,8,350.213,-139.884,28.575,246.9,Rolling
1.72000,9,667.178,456.024,28.575,208.5,Rolling
1.72000,10,-427.971,-237.707,28.575,1034.2,Rolling
1.72000,11,815.070,-583.349,28.575,98.4,Rolling
1.72000,12,1166.590,385.245,28.575,249.0,Rolling
1.72000,13,528.335,183.082,28.575,196.6,Rolling
1.72000,14,1067.261,-109.093,28.575,338.9,Rolling
1.72000,15,175.297,-399.420,28.575,348.3,Rolling
1.72500,0,349.190,-58.152,28.575,65.3,Rolling
1.72500,1,186.347,230.872,28.575,328.9,Rolling
1.72500,2,1115.229,-58.533,28.575,147.4,Rolling
1.72500,3,562.685,596.547,28.575,71.0,Rolling
1.72500,4,42.201,-463.607,28.575,468.0,Rolling
1.72500,5,1238.800,56.416,28.575,0.0,Stationary
1.72500,6,698.405,285.820,28.575,333.1,Rolling
1.72500,7,770.007,379.182,28.575,229.0,Rolling
1.72500,8,349.085,-140.381,28.575,246.4,Rolling
1.72500,9,667.141,457.065,28.575,208.1,Rolling
1.72500,10,-433.115,-238.218,28.575,1033.7,Rolling
1.72500,11,815.136,-582.863,28.575,97.9,Rolling
1.72500,12,1167.569,386.012,28.575,248.5,Rolling
1.72500,13,527.641,182.388,28.575,196.1,Rolling
1.72500,14,1067.876,-107.516,28.575,338.4,Rolling
1.72500,15,173.872,-398.421,28.575,347.8,Rolling
1.73000,0,348.878,-58.244,28.575,64.8,Rolling
1.73000,1,184.841,231.528,28.575,328.4,Rolling
1.73000,2,1115.962,-58.598,28.575,146.9,Rolling
1.73000,3,562.389,596.353,28.575,70.5,Rolling
1.73000,4,40.255,-464.905,28.575,467.6,Rolling
1.73000,5,1238.800,56.416,28.575,0.0,Stationary
1.73000,6,697.246,284.626,28.575,332.6,Rolling
1.73000,7,769.443,378.187,28.575,228.5,Rolling
1.73000,8,347.958,-140.876,28.575,245.9,Rolling
1.73000,9,667.105,458.104,28.575,207.6,Rolling
1.73000,10,-438.257,-238.729,28.575,1033.2,Rolling
1.73000,11,815.202,-582.379,28.575,97.4,Rolling
1.73000,12,1168.546,386.777,28.575,248.0,Rolling
1.73000,13,526.948,181.695,28.575,195.6,Rolling
1.73000,14,1068.490,-105.940,28.575,337.9,Rolling
1.73000,15,172.448,-397.424,28.575,347.3,Rolling
1.73500,0,348.569,-58.336,28.575,64.3,Rolling
1.73500,1,183.336,232.183,28.575,327.9,Rolling
1.73500,2,1116.692,-58.662,28.575,146.4,Rolling
1.73500,3,562.095,596.160,28.575,70.0,Rolling
1.73500,4,38.311,-466.201,28.575,467.1,Rolling
1.73500,5,1238.800,56.416,28.575,0.0,Stationary
1.73500,6,696.089,283.434,28.575,332.1,Rolling
1.73500,7,768.880,377.194,28.575,228.1,Rolling
1.73500,8,346.834,-141.371,28.575,245.4,Rolling
1.73500,9,667.068,459.139,28.575,207.1,Rolling
1.73500,10,-443.397,-239.239,28.575,1032.7,Rolling
1.73500,11,815.268,-581.898,28.575,96.9,Rolling
1.73500,12,1169.522,387.541,28.575,247.5,Rolling
1.73500,13,526.257,181.005,28.575,195.1,Rolling
1.73500,14,1069.103,-104.367,28.575,337.4,Rolling
1.73500,15,171.027,-396.429,28.575,346.8,Rolling
1.74000,0,348.262,-58.427,28.575,63.8,Rolling
1.74000,1,181.834,232.837,28.575,327.4,Rolling
1.74000,2,1117.420,-58.726,28.575,145.9,Rolling
1.74000,3,561.803,595.969,28.575,69.6,Rolling
1.74000,4,36.369,-467.496,28.575,466.6,Rolling
1.74000,5,1238.800,56.416,28.575,0.0,Stationary
1.74000,6,694.933,282.244,28.575,331.6,Rolling
1.74000,7,768.318,376.203,28.575,227.6,Rolling
1.74000,8,345.712,-141.865,28.575,244.9,Rolling
1.74000,9,667.032,460.173,28.575,206.6,Rolling
1.74000,10,-448.534,-239.750,28.575,1032.2,Rolling
1.74000,11,815.333,-581.419,28.575,96.4,Rolling
1.74000,12,1170.495,388.304,28.575,247.0,Rolling
1.74000,13,525.568,180.316,28.575,194.6,Rolling
1.74000,14,1069.715,-102.796,28.575,336.9,Rolling
1.74000,15,169.607,-395.435,28.575,346.3,Rolling
1.74500,0,347.957,-58.517,28.575,63.3,Rolling
1.74500,1,180.335,233.490,28.575,326.9,Rolling
1.74500,2,1118.146,-58.789,28.575,145.4,Rolling
1.74500,3,561.514,595.779,28.575,69.1,Rolling
1.74500,4,34.430,-468.790,28.575,466.1,Rolling
1.74500,5,1238.800,56.416,28.575,0.0,Stationary
1.74500,6,693.779,281.055,28.575,331.1,Rolling
1.74500,7,767.758,375.214,28.575,227.1,Rolling
1.74500,8,344.593,-142.358,28.575,244.4,Rolling
1.74500,9,666.995,461.204,28.575,206.1,Rolling
1.74500,10,-453.668,-240.260,28.575,1031.7,Rolling
1.74500,11,815.398,-580.943,28.575,95.9,Rolling
1.74500,12,1171.466,389.064,28.575,246.5,Rolling
1.74500,13,524.880,179.629,28.575,194.1,Rolling
1.74500,14,1070.326,-101.228,28.575,336.4,Rolling
1.74500,15,168.190,-394.442,28.575,345.9,Rolling
1.75000,0,347.654,-58.607,28.575,62.8,Rolling
1.75000,1,178.837,234.142,28.575,326.4,Rolling
1.75000,2,1118.869,-58.853,28.575,144.9,Rolling
1.75000,3,561.226,595.590,28.575,68.6,Rolling
1.75000,4,32.492,-470.082,28.575,465.6,Rolling
1.75000,5,1238.800,56.416,28.575,0.0,Stationary
1.75000,6,692.627,279.868,28.575,330.6,Rolling
1.75000,7,767.199,374.228,28.575,226.6,Rolling
1.75000,8,343.475,-142.850,28.575,243.9,Rolling
1.75000,9,666.959,462.233,28.575,205.6,Rolling
1.75000,10,-458.801,-240.770,28.575,1031.3,Rolling
1.75000,11,815.463,-580.469,28.575,95.4,Rolling
1.75000,12,1172.436,389.824,28.575,246.0,Rolling
1.75000,13,524.195,178.944,28.575,193.7,Rolling
1.75000,14,1070.936,-99.662,28.575,335.9,Rolling
1.75000,15,166.774,-393.451,28.575,345.4,Rolling
1.75500,0,347.354,-58.696,28.575,62.4,Rolling
1.75500,1,177.342,234.793,28.575,325.9,Rolling
1.75500,2,1119.589,-58.916,28.575,144.4,Rolling
1.75500,3,560.940,595.403,28.575,68.1,Rolling
1.75500,4,30.556,-471.373,28.575,465.1,Rolling
1.75500,5,1238.800,56.416,28.575,0.0,Stationary
1.75500,6,691.476,278.683,28.575,330.1,Rolling
1.75500,7,766.641,373.243,28.575,226.1,Rolling
1.75500,8,342.360,-143.341,28.575,243.4,Rolling
1.75500,9,666.923,463.259,28.575,205.1,Rolling
1.75500,10,-463.930,-241.279,28.575,1030.8,Rolling
1.75500,11,815.528,-579.997,28.575,95.0,Rolling
1.75500,12,1173.403,390.581,28.575,245.5,Rolling
1.75500,13,523.511,178.260,28.575,193.2,Rolling
1.75500,14,1071.546,-98.098,28.575,335.5,Rolling
1.75500,15,165.361,-392.461,28.575,344.9,Rolling
1.76000,0,347.057,-58.784,28.575,61.9,Rolling
1.76000,1,175.849,235.443,28.575,325.4,Rolling
1.76000,2,1120.307,-58.980,28.575,143.9,Rolling
1.76000,3,560.657,595.217,28.575,67.6,Rolling
1.76000,4,28.622,-472.663,28.575,464.6,Rolling
1.76000,5,1238.800,56.416,28.575,0.0,Stationary
1.76000,6,690.327,277.500,28.575,329.6,Rolling
1.76000,7,766.084,372.261,28.575,225.6,Rolling
1.76000,8,341.248,-143.831,28.575,242.9,Rolling
1.76000,9,666.887,464.282,28.575,204.6,Rolling
1.76000,10,-469.058,-241.789,28.575,1030.3,Rolling
1.76000,11,815.592,-579.528,28.575,94.5,Rolling
1.76000,12,1174.369,391.337,28.575,245.1,Rolling
1.76000,13,522.828,177.578,28.575,192.7,Rolling
1.76000,14,1072.154,-96.536,28.575,335.0,Rolling
1.76000,15,163.950,-391.472,28.575,344.4,Rolling
1.76500,0,346.761,-58.871,28.575,61.4,Rolling
1.76500,1,174.358,236.092,28.575,324.9,Rolling
1.76500,2,1121.023,-59.042,28.575,143.4,Rolling
1.76500,3,560.375,595.032,28.575,67.1,Rolling
1.76500,4,26.691,-473.951,28.575,464.1,Rolling
1.76500,5,1238.800,56.416,28.575,0.0,Stationary
1.76500,6,689.180,276.318,28.575,329.1,Rolling
1.76500,7,765.528,371.281,28.575,225.1,Rolling
1.76500,8,340.137,-144.320,28.575,242.5,Rolling
1.76500,9,666.851,465.304,28.575,204.1,Rolling
1.76500,10,-474.183,-242.298,28.575,1029.8,Rolling
1.76500,11,815.655,-579.061,28.575,94.0,Rolling
1.76500,12,1175.333,392.092,28.575,244.6,Rolling
1.76500,13,522.148,176.898,28.575,192.2,Rolling
1.76500,14,1072.762,-94.977,28.575,334.5,Rolling
1.76500,15,162.540,-390.485,28.575,343.9,Rolling
1.77000,0,346.468,-58.958,28.575,60.9,Rolling
1.77000,1,172.870,236.740,28.575,324.4,Rolling
1.77000,2,1121.736,-59.105,28.575,143.0,Rolling
1.77000,3,560.096,594.849,28.575,66.6,Rolling
1.77000,4,24.761,-475.238,28.575,463.6,Rolling
1.77000,5,1238.800,56.416,28.575,0.0,Stationary
1.77000,6,688.034,275.139,28.575,328.6,Rolling
1.77000,7,764.974,370.302,28.575,224.6,Rolling
1.77000,8,339.029,-144.808,28.575,242.0,Rolling
1.77000,9,666.815,466.322,28.575,203.6,Rolling
1.77000,10,-479.305,-242.807,28.575,1029.3,Rolling
1.77000,11,815.719,-578.597,28.575,93.5,Rolling
1.77000,12,1176.294,392.845,28.575,244.1,Rolling
1.77000,13,521.469,176.220,28.575,191.7,Rolling
1.77000,14,1073.369,-93.419,28.575,334.0,Rolling
1.77000,15,161.133,-389.499,28.575,343.4,Rolling
1.77500,0,346.177,-59.044,28.575,60.4,Rolling
1.77500,1,171.383,237.387,28.575,324.0,Rolling
1.77500,2,1122.447,-59.168,28.575,142.5,Rolling
1.77500,3,559.818,594.667,28.575,66.1,Rolling
1.77500,4,22.834,-476.523,28.575,463.1,Rolling
1.77500,5,1238.800,56.416,28.575,0.0,Stationary
1.77500,6,686.891,273.961,28.575,328.1,Rolling
1.77500,7,764.420,369.326,28.575,224.1,Rolling
1.77500,8,337.922,-145.295,28.575,241.5,Rolling
1.77500,9,666.779,467.339,28.575,203.1,Rolling
1.77500,10,-484.425,-243.316,28.575,1028.8,Rolling
1.77500,11,815.782,-578.135,28.575,93.0,Rolling
1.77500,12,1177.254,393.597,28.575,243.6,Rolling
1.77500,13,520.792,175.543,28.575,191.2,Rolling
1.77500,14,1073.975,-91.865,28.575,333.5,Rolling
1.77500,15,159.727,-388.515,28.575,342.9,Rolling
1.78000,0,345.889,-59.130,28.575,59.9,Rolling
1.78000,1,169.899,238.033,28.575,323.5,Rolling
1.78000,2,1123.156,-59.230,28.575,142.0,Rolling
1.78000,3,559.543,594.486,28.575,65.6,Rolling
1.78000,4,20.908,-477.807,28.575,462.6,Rolling
1.78000,5,1238.800,56.416,28.575,0.0,Stationary
1.78000,6,685.749,272.784,28.575,327.7,Rolling
1.78000,7,763.868,368.353,28.575,223.6,Rolling
1.78000,8,336.819,-145.781,28.575,241.0,Rolling
1.78000,9,666.744,468.353,28.575,202.7,Rolling
1.78000,10,-489.543,-243.824,28.575,1028.3,Rolling
1.78000,11,815.845,-577.675,28.575,92.5,Rolling
1.78000,12,1178.212,394.347,28.575,243.1,Rolling
1.78000,13,520.117,174.868,28.575,190.7,Rolling
1.78000,14,1074.580,-90.312,28.575,333.0,Rolling
1.78000,15,158.324,-387.532,28.575,342.4,Rolling
1.78500,0,345.603,-59.214,28.575,59.4,Rolling
1.78500,1,168.417,238.678,28.575,323.0,Rolling
1.78500,2,1124.062,-59.156,28.575,273.1,Airborne
1.78500,3,559.269,594.307,28.575,65.1,Rolling
1.78500,4,18.985,-479.090,28.575,462.2,Rolling
1.78500,5,1238.800,56.416,28.575,0.0,Stationary
1.78500,6,684.608,271.610,28.575,327.2,Rolling
1.78500,7,763.318,367.381,28.575,223.2,Rolling
1.78500,8,335.717,-146.266,28.575,240.5,Rolling
1.78500,9,666.708,469.364,28.575,202.2,Rolling
1.78500,10,-494.658,-244.332,28.575,1027.8,Rolling
1.78500,11,815.907,-577.218,28.575,92.0,Rolling
1.78500,12,1179.168,395.096,28.575,242.6,Rolling
1.78500,13,519.443,174.195,28.575,190.2,Rolling
1.78500,14,1074.983,-88.898,28.576,226.7,Airborne
1.78500,15,156.923,-386.551,28.575,341.9,Rolling
1.79000,0,345.319,-59.298,28.575,58.9,Rolling
1.79000,1,166.938,239.322,28.575,322.5,Rolling
1.79000,2,1125.368,-58.809,28.575,265.8,Sliding
1.79000,3,558.998,594.129,28.575,64.6,Rolling
1.79000,4,17.063,-480.372,28.575,461.7,Rolling
1.79000,5,1238.800,56.416,28.575,0.0,Stationary
1.79000,6,683.469,270.437,28.575,326.7,Rolling
1.79000,7,762.768,366.411,28.575,222.7,Rolling
1.79000,8,334.617,-146.750,28.575,240.0,Rolling
1.79000,9,666.673,470.373,28.575,201.7,Rolling
1.79000,10,-499.771,-244.840,28.575,1027.3,Rolling
1.79000,11,815.969,-576.764,28.575,91.5,Rolling
1.79000,12,1180.122,395.843,28.575,242.1,Rolling
1.79000,13,518.771,173.524,28.575,189.7,Rolling
1.79000,14,1074.978,-87.763,28.575,229.0,Sliding
1.79000,15,155.523,-385.571,28.575,341.4,Rolling
1.79500,0,345.038,-59.382,28.575,58.4,Rolling
1.79500,1,165.461,239.965,28.575,322.0,Rolling
1.79500,2,1126.634,-58.490,28.575,256.6,Sliding
1.79500,3,558.729,593.952,28.575,64.2,Rolling
1.79500,4,15.144,-481.652,28.575,461.2,Rolling
1.79500,5,1238.800,56.416,28.575,0.0,Stationary
1.79500,6,682.333,269.266,28.575,326.2,Rolling
1.79500,7,762.220,365.444,28.575,222.2,Rolling
1.79500,8,333.520,-147.233,28.575,239.5,Rolling
1.79500,9,666.637,471.380,28.575,201.2,Rolling
1.79500,10,-504.881,-245.348,28.575,1026.8,Rolling
1.79500,11,816.031,-576.311,28.575,91.0,Rolling
1.79500,12,1181.074,396.589,28.575,241.6,Rolling
1.79500,13,518.101,172.854,28.575,189.2,Rolling
1.79500,14,1075.006,-86.604,28.575,234.8,Sliding
1.79500,15,154.126,-384.592,28.575,341.0,Rolling
1.80000,0,344.759,-59.464,28.575,57.9,Rolling
1.80000,1,163.986,240.607,28.575,321.5,Rolling
1.80000,2,1127.860,-58.197,28.575,247.4,Sliding
1.80000,3,558.462,593.777,28.575,63.7,Rolling
1.80000,4,13.226,-482.930,28.575,460.7,Rolling
1.80000,5,1238.800,56.416,28.575,0.0,Stationary
1.80000,6,681.197,268.097,28.575,325.7,Rolling
1.80000,7,761.672,364.478,28.575,221.7,Rolling
1.80000,8,332.425,-147.715,28.575,239.0,Rolling
1.80000,9,666.602,472.384,28.575,200.7,Rolling
1.80000,10,-509.989,-245.855,28.575,1026.4,Rolling
1.80000,11,816.092,-575.862,28.575,90.5,Rolling
1.80000,12,1182.024,397.333,28.575,241.1,Rolling
1.80000,13,517.432,172.186,28.575,188.8,Rolling
1.80000,14,1075.075,-85.417,28.575,240.8,Sliding
1.80000,15,152.730,-383.615,28.575,340.5,Rolling
1.80500,0,344.483,-59.546,28.575,57.5,Rolling
1.80500,1,162.513,241.249,28.575,321.0,Rolling
1.80500,2,1129.044,-57.932,28.575,238.2,Sliding
1.80500,3,558.197,593.603,28.575,63.2,Rolling
1.80500,4,11.311,-484.208,28.575,460.2,Rolling
1.80500,5,1238.800,56.416,28.575,0.0,Stationary
1.80500,6,680.064,266.929,28.575,325.2,Rolling
1.80500,7,761.127,363.515,28.575,221.2,Rolling
1.80500,8,331.333,-148.196,28.575,238.5,Rolling
1.80500,9,666.567,473.385,28.575,200.2,Rolling
1.80500,10,-515.094,-246.362,28.575,1025.9,Rolling
1.80500,11,816.154,-575.414,28.575,90.1,Rolling
1.80500,12,1182.973,398.075,28.575,240.6,Rolling
1.80500,13,516.766,171.520,28.575,188.3,Rolling
1.80500,14,1075.184,-84.202,28.575,247.1,Sliding
1.80500,15,151.337,-382.639,28.575,340.0,Rolling
1.81000,0,344.208,-59.628,28.575,57.0,Rolling
1.81000,1,161.042,241.889,28.575,320.5,Rolling
1.81000,2,1130.188,-57.695,28.575,229.1,Sliding
1.81000,3,557.933,593.430,28.575,62.7,Rolling
1.81000,4,9.398,-485.484,28.575,459.7,Rolling
1.81000,5,1238.800,56.416,28.575,0.0,Stationary
1.81000,6,678.932,265.764,28.575,324.7,Rolling
1.81000,7,760.582,362.554,28.575,220.7,Rolling
1.81000,8,330.242,-148.676,28.575,238.0,Rolling
1.81000,9,666.531,474.385,28.575,199.7,Rolling
1.81000,10,-520.197,-246.869,28.575,1025.4,Rolling
1.81000,11,816.214,-574.969,28.575,89.6,Rolling
1.81000,12,1183.919,398.817,28.575,240.1,Rolling
1.81000,13,516.101,170.855,28.575,187.8,Rolling
1.81000,14,1075.322,-82.968,28.575,248.3,Rolling
1.81000,15,149.946,-381.664,28.575,339.5,Rolling
1.81500,0,343.936,-59.708,28.575,56.5,Rolling
1.81500,1,159.574,242.528,28.575,320.0,Rolling
1.81500,2,1131.305,-57.475,28.575,227.2,Rolling
1.81500,3,557.672,593.259,28.575,62.2,Rolling
1.81500,4,7.486,-486.758,28.575,459.2,Rolling
1.81500,5,1238.800,56.416,28.575,0.0,Stationary
1.81500,6,677.802,264.600,28.575,324.2,Rolling
1.81500,7,760.038,361.595,28.575,220.2,Rolling
1.81500,8,329.154,-149.155,28.575,237.5,Rolling
1.81500,9,666.496,475.381,28.575,199.2,Rolling
1.81500,10,-525.298,-247.376,28.575,1024.9,Rolling
1.81500,11,816.275,-574.527,28.575,89.1,Rolling
1.81500,12,1184.863,399.556,28.575,239.7,Rolling
1.81500,13,515.438,170.192,28.575,187.3,Rolling
1.81500,14,1075.461,-81.736,28.575,247.8,Rolling
1.81500,15,148.556,-380.691,28.575,339.0,Rolling
1.82000,0,343.667,-59.788,28.575,56.0,Rolling
1.82000,1,158.108,243.166,28.575,319.5,Rolling
1.82000,2,1132.418,-57.257,28.575,226.7,Rolling
1.82000,3,557.413,593.089,28.575,61.7,Rolling
1.82000,4,5.577,-488.032,28.575,458.7,Rolling
1.82000,5,1238.800,56.416,28.575,0.0,Stationary
1.82000,6,676.673,263.437,28.575,323.7,Rolling
1.82000,7,759.496,360.638,28.575,219.7,Rolling
1.82000,8,328.068,-149.633,28.575,237.1,Rolling
1.82000,9,666.461,476.376,28.575,198.7,Rolling
1.82000,10,-530.396,-247.883,28.575,1024.4,Rolling
1.82000,11,816.335,-574.087,28.575,88.6,Rolling
1.82000,12,1185.806,400.294,28.575,239.2,Rolling
1.82000,13,514.776,169.531,28.575,186.8,Rolling
1.82000,14,1075.600,-80.506,28.575,247.3,Rolling
1.82000,15,147.169,-379.720,28.575,338.5,Rolling
1.82500,0,343.400,-59.867,28.575,55.5,Rolling
1.82500,1,156.644,243.804,28.575,319.1,Rolling
1.82500,2,1133.529,-57.038,28.575,226.2,Rolling
1.82500,3,557.156,592.920,28.575,61.2,Rolling
1.82500,4,3.670,-489.304,28.575,458.2,Rolling
1.82500,5,1238.800,56.416,28.575,0.0,Stationary
1.82500,6,675.547,262.277,28.575,323.2,Rolling
1.82500,7,758.955,359.684,28.575,219.2,Rolling
1.82500,8,326.985,-150.110,28.575,236.6,Rolling
1.82500,9,666.426,477.367,28.575,198.2,Rolling
1.82500,10,-535.491,-248.389,28.575,1023.9,Rolling
1.82500,11,816.395,-573.649,28.575,88.1,Rolling
1.82500,12,1186.746,401.031,28.575,238.7,Rolling
1.82500,13,514.116,168.872,28.575,186.3,Rolling
1.82500,14,1075.738,-79.278,28.575,246.8,Rolling
1.82500,15,145.784,-378.749,28.575,338.0,Rolling
1.83000,0,343.135,-59.945,28.575,55.0,Rolling
1.83000,1,155.183,244.440,28.575,318.6,Rolling
1.83000,2,1134.638,-56.821,28.575,225.7,Rolling
1.83000,3,556.902,592.753,28.575,60.7,Rolling
1.83000,4,1.765,-490.574,28.575,457.7,Rolling
1.83000,5,1238.800,56.416,28.575,0.0,Stationary
1.83000,6,674.422,261.118,28.575,322.8,Rolling
1.83000,7,758.415,358.731,28.575,218.7,Rolling
1.83000,8,325.903,-150.587,28.575,236.1,Rolling
1.83000,9,666.391,478.357,28.575,197.8,Rolling
1.83000,10,-540.584,-248.895,28.575,1023.4,Rolling
1.83000,11,816.454,-573.214,28.575,87.6,Rolling
1.83000,12,1187.685,401.766,28.575,238.2,Rolling
1.83000,13,513.458,168.214,28.575,185.8,Rolling
1.83000,14,1075.876,-78.053,28.575,246.3,Rolling
1.83000,15,144.400,-377.780,28.575,337.5,Rolling
1.83500,0,342.872,-60.023,28.575,54.5,Rolling
1.83500,1,153.723,245.075,28.575,318.1,Rolling
1.83500,2,1135.744,-56.604,28.575,225.2,Rolling
1.83500,3,556.649,592.587,28.575,60.2,Rolling
1.83500,4,-0.138,-491.843,28.575,457.3,Rolling
1.83500,5,1238.800,56.416,28.575,0.0,Stationary
1.83500,6,673.298,259.961,28.575,322.3,Rolling
1.83500,7,757.876,357.781,28.575,218.2,Rolling
1.83500,8,324.824,-151.062,28.575,235.6,Rolling
1.83500,9,666.357,479.344,28.575,197.3,Rolling
1.83500,10,-545.675,-249.401,28.575,1022.9,Rolling
1.83500,11,816.513,-572.781,28.575,87.1,Rolling
1.83500,12,1188.622,402.499,28.575,237.7,Rolling
1.83500,13,512.802,167.558,28.575,185.3,Rolling
1.83500,14,1076.014,-76.830,28.575,245.9,Rolling
1.83500,15,143.019,-376.813,28.575,337.0,Rolling
1.84000,0,342.612,-60.100,28.575,54.0,Rolling
1.84000,1,152.266,245.710,28.575,317.6,Rolling
1.84000,2,1136.847,-56.387,28.575,224.7,Rolling
1.84000,3,556.398,592.423,28.575,59.7,Rolling
1.84000,4,-2.039,-493.111,28.575,456.8,Rolling
1.84000,5,1238.800,56.416,28.575,0.0,Stationary
1.84000,6,672.177,258.806,28.575,321.8,Rolling
1.84000,7,757.339,356.833,28.575,217.8,Rolling
1.84000,8,323.747,-151.536,28.575,235.1,Rolling
1.84000,9,666.322,480.328,28.575,196.8,Rolling
1.84000,10,-550.764,-249.906,28.575,1022.4,Rolling
1.84000,11,816.572,-572.351,28.575,86.6,Rolling
1.84000,12,1189.556,403.231,28.575,237.2,Rolling
1.84000,13,512.147,166.904,28.575,184.8,Rolling
1.84000,14,1076.152,-75.610,28.575,245.4,Rolling
1.84000,15,141.640,-375.847,28.575,336.5,Rolling
1.84500,0,342.354,-60.177,28.575,53.5,Rolling
1.84500,1,150.811,246.343,28.575,317.1,Rolling
1.84500,2,1137.949,-56.171,28.575,224.2,Rolling
1.84500,3,556.149,592.259,28.575,59.3,Rolling
1.84500,4,-3.938,-494.378,28.575,456.3,Rolling
1.84500,5,1238.800,56.416,28.575,0.0,Stationary
1.84500,6,671.057,257.653,28.575,321.3,Rolling
1.84500,7,756.802,355.886,28.575,217.3,Rolling
1.84500,8,322.672,-152.009,28.575,234.6,Rolling
1.84500,9,666.288,481.310,28.575,196.3,Rolling
1.84500,10,-555.849,-250.411,28.575,1021.9,Rolling
1.84500,11,816.630,-571.923,28.575,86.1,Rolling
1.84500,12,1190.489,403.962,28.575,236.7,Rolling
1.84500,13,511.495,166.252,28.575,184.3,Rolling
1.84500,14,1076.289,-74.392,28.575,244.9,Rolling
1.84500,15,140.263,-374.882,28.575,336.1,Rolling
1.85000,0,342.099,-60.252,28.575,53.0,Rolling
1.85000,1,149.359,246.975,28.575,316.6,Rolling
1.85000,2,1139.048,-55.955,28.575,223.7,Rolling
1.85000,3,555.902,592.098,28.575,58.8,Rolling
1.85000,4,-5.835,-495.643,28.575,455.8,Rolling
1.85000,5,1238.800,56.416,28.575,0.0,Stationary
1.85000,6,669.939,256.501,28.575,320.8,Rolling
1.85000,7,756.267,354.942,28.575,216.8,Rolling
1.85000,8,321.600,-152.481,28.575,234.1,Rolling
1.85000,9,666.253,482.290,28.575,195.8,Rolling
1.85000,10,-560.933,-250.916,28.575,1021.4,Rolling
1.85000,11,816.689,-571.498,28.575,85.6,Rolling
1.85000,12,1191.420,404.691,28.575,236.2,Rolling
1.85000,13,510.844,165.601,28.575,183.8,Rolling
1.85000,14,1076.426,-73.176,28.575,244.4,Rolling
1.85000,15,138.887,-373.919,28.575,335.6,Rolling
1.85500,0,341.846,-60.327,28.575,52.5,Rolling
1.85500,1,147.909,247.607,28.575,316.1,Rolling
1.85500,2,1140.144,-55.739,28.575,223.3,Rolling
1.85500,3,555.658,591.937,28.575,58.3,Rolling
1.85500,4,-7.730,-496.907,28.575,455.3,Rolling
1.85500,5,1238.800,56.416,28.575,0.0,Stationary
1.85500,6,668.822,255.351,28.575,320.3,Rolling
1.85500,7,755.733,354.001,28.575,216.3,Rolling
1.85500,8,320.530,-152.952,28.575,233.6,Rolling
1.85500,9,666.219,483.267,28.575,195.3,Rolling
1.85500,10,-566.014,-251.421,28.575,1021.0,Rolling
1.85500,11,816.746,-571.075,28.575,85.1,Rolling
1.85500,12,1192.349,405.418,28.575,235.7,Rolling
1.85500,13,510.194,164.952,28.575,183.4,Rolling
1.85500,14,1076.563,-71.963,28.575,243.9,Rolling
1.85500,15,137.514,-372.957,28.575,335.1,Rolling
1.86000,0,341.595,-60.402,28.575,52.1,Rolling
1.86000,1,146.461,248.237,28.575,315.6,Rolling
1.86000,2,1141.238,-55.525,28.575,222.8,Rolling
1.86000,3,555.415,591.778,28.575,57.8,Rolling
1.86000,4,-9.623,-498.169,28.575,454.8,Rolling
1.86000,5,1238.800,56.416,28.575,0.0,Stationary
1.86000,6,667.707,254.203,28.575,319.8,Rolling
1.86000,7,755.201,353.061,28.575,215.8,Rolling
1.86000,8,319.462,-153.423,28.575,233.1,Rolling
1.86000,9,666.184,484.242,28.575,194.8,Rolling
1.86000,10,-571.092,-251.926,28.575,1020.5,Rolling
1.86000,11,816.804,-570.654,28.575,84.7,Rolling
1.86000,12,1193.276,406.144,28.575,235.2,Rolling
1.86000,13,509.547,164.305,28.575,182.9,Rolling
1.86000,14,1076.699,-70.753,28.575,243.4,Rolling
1.86000,15,136.143,-371.997,28.575,334.6,Rolling
1.86500,0,341.347,-60.475,28.575,51.6,Rolling
1.86500,1,145.015,248.867,28.575,315.1,Rolling
1.86500,2,1142.330,-55.310,28.575,222.3,Rolling
1.86500,3,555.175,591.620,28.575,57.3,Rolling
1.86500,4,-11.514,-499.430,28.575,454.3,Rolling
1.86500,5,1238.800,56.416,28.575,0.0,Stationary
1.86500,6,666.594,253.057,28.575,319.3,Rolling
1.86500,7,754.669,352.123,28.575,215.3,Rolling
1.86500,8,318.396,-153.892,28.575,232.6,Rolling
1.86500,9,666.150,485.214,28.575,194.3,Rolling
1.86500,10,-576.169,-252.430,28.575,1020.0,Rolling
1.86500,11,816.861,-570.236,28.575,84.2,Rolling
1.86500,12,1194.201,406.869,28.575,234.8,Rolling
1.86500,13,508.901,163.660,28.575,182.4,Rolling
1.86500,14,1076.835,-69.545,28.575,242.9,Rolling
1.86500,15,134.774,-371.038,28.575,334.1,Rolling
1.87000,0,341.101,-60.548,28.575,51.1,Rolling
1.87000,1,143.571,249.495,28.575,314.6,Rolling
1.87000,2,1143.420,-55.096,28.575,221.8,Rolling
1.87000,3,554.936,591.464,28.575,56.8,Rolling
1.87000,4,-13.403,-500.690,28.575,453.8,Rolling
1.87000,5,1238.800,56.416,28.575,0.0,Stationary
1.87000,6,665.483,251.912,28.575,318.8,Rolling
1.87000,7,754.139,351.188,28.575,214.8,Rolling
1.87000,8,317.332,-154.360,28.575,232.2,Rolling
1.87000,9,666.116,486.184,28.575,193.8,Rolling
1.87000,10,-581.242,-252.934,28.575,1019.5,Rolling
1.87000,11,816.918,-569.820,28.575,83.7,Rolling
1.87000,12,1195.124,407.592,28.575,234.3,Rolling
1.87000,13,508.257,163.016,28.575,181.9,Rolling
1.87000,14,1076.971,-68.339,28.575,242.4,Rolling
1.87000,15,133.406,-370.080,28.575,333.6,Rolling
1.87500,0,340.857,-60.620,28.575,50.6,Rolling
1.87500,1,142.130,250.122,28.575,314.2,Rolling
1.87500,2,1144.507,-54.883,28.575,221.3,Rolling
1.87500,3,554.700,591.309,28.575,56.3,Rolling
1.87500,4,-15.290,-501.948,28.575,453.3,Rolling
1.87500,5,1238.800,56.416,28.575,0.0,Stationary
1.87500,6,664.373,250.769,28.575,318.3,Rolling
1.87500,7,753.610,350.254,28.575,214.3,Rolling
1.87500,8,316.271,-154.827,28.575,231.7,Rolling
1.87500,9,666.082,487.151,28.575,193.3,Rolling
1.87500,10,-586.313,-253.438,28.575,1019.0,Rolling
1.87500,11,816.974,-569.407,28.575,83.2,Rolling
1.87500,12,1196.045,408.313,28.575,233.8,Rolling
1.87500,13,507.614,162.374,28.575,181.4,Rolling
1.87500,14,1077.107,-67.136,28.575,241.9,Rolling
1.87500,15,132.041,-369.124,28.575,333.1,Rolling
1.88000,0,340.616,-60.692,28.575,50.1,Rolling
1.88000,1,140.691,250.749,28.575,313.7,Rolling
1.88000,2,1145.591,-54.670,28.575,220.8,Rolling
1.88000,3,554.465,591.155,28.575,55.8,Rolling
1.88000,4,-17.174,-503.205,28.575,452.8,Rolling
1.88000,5,1238.800,56.416,28.575,0.0,Stationary
1.88000,6,663.265,249.628,28.575,317.9,Rolling
1.88000,7,753.082,349.323,28.575,213.8,Rolling
1.88000,8,315.212,-155.293,28.575,231.2,Rolling
1.88000,9,666.048,488.116,28.575,192.9,Rolling
1.88000,10,-591.382,-253.942,28.575,1018.5,Rolling
1.88000,11,817.030,-568.996,28.575,82.7,Rolling
1.88000,12,1196.965,409.033,28.575,233.3,Rolling
1.88000,13,506.973,161.734,28.575,180.9,Rolling
1.88000,14,1077.242,-65.935,28.575,241.4,Rolling
1.88000,15,130.678,-368.169,28.575,332.6,Rolling
1.88500,0,340.377,-60.762,28.575,49.6,Rolling
1.88500,1,139.254,251.375,28.575,313.2,Rolling
1.88500,2,1146.673,-54.457,28.575,220.3,Rolling
1.88500,3,554.233,591.002,28.575,55.3,Rolling
1.88500,4,-19.057,-504.461,28.575,452.4,Rolling
1.88500,5,1238.800,56.416,28.575,0.0,Stationary
1.88500,6,662.159,248.489,28.575,317.4,Rolling
1.88500,7,752.555,348.394,28.575,213.3,Rolling
1.88500,8,314.155,-155.759,28.575,230.7,Rolling
1.88500,9,666.014,489.078,28.575,192.4,Rolling
1.88500,10,-596.449,-254.445,28.575,1018.0,Rolling
1.88500,11,817.086,-568.587,28.575,82.2,Rolling
1.88500,12,1197.882,409.752,28.575,232.8,Rolling
1.88500,13,506.335,161.095,28.575,180.4,Rolling
1.88500,14,1077.378,-64.736,28.575,241.0,Rolling
1.88500,15,129.317,-367.216,28.575,332.1,Rolling
1.89000,0,340.140,-60.832,28.575,49.1,Rolling
1.89000,1,137.819,251.999,28.575,312.7,Rolling
1.89000,2,1147.753,-54.245,28.575,219.8,Rolling
1.89000,3,554.003,590.851,28.575,54.8,Rolling
1.89000,4,-20.938,-505.715,28.575,451.9,Rolling
1.89000,5,1238.800,56.416,28.575,0.0,Stationary
1.89000,6,661.055,247.351,28.575,316.9,Rolling
1.89000,7,752.030,347.467,28.575,212.9,Rolling
1.89000,8,313.101,-156.223,28.575,230.2,Rolling
1.89000,9,665.980,490.038,28.575,191.9,Rolling
1.89000,10,-601.513,-254.948,28.575,1017.5,Rolling
1.89000,11,817.141,-568.181,28.575,81.7,Rolling
1.89000,12,1198.797,410.469,28.575,232.3,Rolling
1.89000,13,505.697,160.458,28.575,179.9,Rolling
1.89000,14,1077.512,-63.540,28.575,240.5,Rolling
1.89000,15,127.957,-366.264,28.575,331.6,Rolling
1.89500,0,339.906,-60.902,28.575,48.6,Rolling
1.89500,1,136.387,252.623,28.575,312.2,Rolling
1.89500,2,1148.830,-54.034,28.575,219.3,Rolling
1.89500,3,553.774,590.701,28.575,54.4,Rolling
1.89500,4,-22.816,-506.968,28.575,451.4,Rolling
1.89500,5,1238.800,56.416,28.575,0.0,Stationary
1.89500,6,659.952,246.215,28.575,316.4,Rolling
1.89500,7,751.506,346.542,28.575,212.4,Rolling
1.89500,8,312.049,-156.686,28.575,229.7,Rolling
1.89500,9,665.946,490.996,28.575,191.4,Rolling
1.89500,10,-606.574,-255.451,28.575,1017.0,Rolling
1.89500,11,817.197,-567.778,28.575,81.2,Rolling
1.89500,12,1199.711,411.184,28.575,231.8,Rolling
1.89500,13,505.062,159.823,28.575,179.4,Rolling
1.89500,14,1077.647,-62.347,28.575,240.0,Rolling
1.89500,15,126.600,-365.314,28.575,331.1,Rolling
1.90000,0,339.674,-60.971,28.575,48.1,Rolling
1.90000,1,134.957,253.245,28.575,311.7,Rolling
1.90000,2,1149.905,-53.823,28.575,218.8,Rolling
1.90000,3,553.548,590.553,28.575,53.9,Rolling
1.90000,4,-24.693,-508.219,28.575,450.9,Rolling
1.90000,5,1238.800,56.416,28.575,0.0,Stationary
1.90000,6,658.851,245.081,28.575,315.9,Rolling
1.90000,7,750.983,345.620,28.575,211.9,Rolling
1.90000,8,310.998,-157.149,28.575,229.2,Rolling
1.90000,9,665.913,491.951,28.575,190.9,Rolling
1.90000,10,-611.633,-255.953,28.575,1016.5,Rolling
1.90000,11,817.251,-567.377,28.575,80.7,Rolling
1.90000,12,1200.622,411.898,28.575,231.3,Rolling
1.90000,13,504.428,159.190,28.575,178.9,Rolling
1.90000,14,1077.781,-61.156,28.575,239.5,Rolling
1.90000,15,125.245,-364.364,28.575,330.7,Rolling
1.90500,0,339.444,-61.039,28.575,47.6,Rolling
1.90500,1,133.529,253.867,28.575,311.2,Rolling
1.90500,2,1150.978,-53.612,28.575,218.4,Rolling
1.90500,3,553.324,590.406,28.575,53.4,Rolling
1.90500,4,-26.568,-509.469,28.575,450.4,Rolling
1.90500,5,1238.800,56.416,28.575,0.0,Stationary
1.90500,6,657.751,243.949,28.575,315.4,Rolling
1.90500,7,750.461,344.699,28.575,211.4,Rolling
1.90500,8,309.951,-157.610,28.575,228.7,Rolling
1.90500,9,665.879,492.903,28.575,190.4,Rolling
1.90500,10,-616.690,-256.456,28.575,1016.1,Rolling
1.90500,11,817.306,-566.978,28.575,80.2,Rolling
1.90500,12,1201.532,412.610,28.575,230.8,Rolling
1.90500,13,503.796,158.558,28.575,178.5,Rolling
1.90500,14,1077.915,-59.967,28.575,239.0,Rolling
1.90500,15,123.892,-363.417,28.575,330.2,Rolling
1.91000,0,339.217,-61.106,28.575,47.2,Rolling
1.91000,1,132.104,254.487,28.575,310.7,Rolling
1.91000,2,1152.048,-53.402,28.575,217.9,Rolling
1.91000,3,553.102,590.260,28.575,52.9,Rolling
1.91000,4,-28.440,-510.718,28.575,449.9,Rolling
1.91000,5,1238.800,56.416,28.575,0.0,Stationary
1.91000,6,656.654,242.818,28.575,314.9,Rolling
1.91000,7,749.940,343.781,28.575,210.9,Rolling
1.91000,8,308.905,-158.070,28.575,228.2,Rolling
1.91000,9,665.846,493.854,28.575,189.9,Rolling
1.91000,10,-621.744,-256.958,28.575,1015.6,Rolling
1.91000,11,817.360,-566.581,28.575,79.8,Rolling
1.91000,12,1202.440,413.321,28.575,230.3,Rolling
1.91000,13,503.166,157.929,28.575,178.0,Rolling
1.91000,14,1078.049,-58.781,28.575,238.5,Rolling
1.91000,15,122.541,-362.470,28.575,329.7,Rolling
1.91500,0,338.992,-61.172,28.575,46.7,Rolling
1.91500,1,130.680,255.107,28.575,310.2,Rolling
1.91500,2,1153.115,-53.192,28.575,217.4,Rolling
1.91500,3,552.882,590.116,28.575,52.4,Rolling
1.91500,4,-30.311,-511.966,28.575,449.4,Rolling
1.91500,5,1238.800,56.416,28.575,0.0,Stationary
1.91500,6,655.558,241.690,28.575,314.4,Rolling
1.91500,7,749.421,342.864,28.575,210.4,Rolling
1.91500,8,307.862,-158.529,28.575,227.7,Rolling
1.91500,9,665.812,494.801,28.575,189.4,Rolling
1.91500,10,-626.796,-257.460,28.575,1015.1,Rolling
1.91500,11,817.414,-566.188,28.575,79.3,Rolling
1.91500,12,1203.346,414.031,28.575,229.9,Rolling
1.91500,13,502.537,157.300,28.575,177.5,Rolling
1.91500,14,1078.183,-57.597,28.575,238.0,Rolling
1.91500,15,121.191,-361.525,28.575,329.2,Rolling
1.92000,0,338.770,-61.238,28.575,46.2,Rolling
1.92000,1,129.259,255.726,28.575,309.7,Rolling
1.92000,2,1154.181,-52.983,28.575,216.9,Rolling
1.92000,3,552.664,589.973,28.575,51.9,Rolling
1.92000,4,-32.179,-513.212,28.575,448.9,Rolling
1.92000,5,1238.800,56.416,28.575,0.0,Stationary
1.92000,6,654.464,240.563,28.575,313.9,Rolling
1.92000,7,748.903,341.950,28.575,209.9,Rolling
1.92000,8,306.821,-158.988,28.575,227.3,Rolling
1.92000,9,665.779,495.747,28.575,188.9,Rolling
1.92000,10,-631.845,-257.961,28.575,1014.6,Rolling
1.92000,11,817.467,-565.796,28.575,78.8,Rolling
1.92000,12,1204.249,414.738,28.575,229.4,Rolling
1.92000,13,501.910,156.674,28.575,177.0,Rolling
1.92000,14,1078.316,-56.416,28.575,237.5,Rolling
1.92000,15,119.844,-360.582,28.575,328.7,Rolling
1.92500,0,338.549,-61.304,28.575,45.7,Rolling
1.92500,1,127.840,256.344,28.575,309.2,Rolling
1.92500,2,1155.244,-52.775,28.575,216.4,Rolling
1.92500,3,552.448,589.831,28.575,51.4,Rolling
1.92500,4,-34.045,-514.456,28.575,448.4,Rolling
1.92500,5,1238.800,56.416,28.575,0.0,Stationary
1.92500,6,653.371,239.437,28.575,313.4,Rolling
1.92500,7,748.386,341.038,28.575,209.4,Rolling
1.92500,8,305.782,-159.445,28.575,226.8,Rolling
1.92500,9,665.746,496.690,28.575,188.4,Rolling
1.92500,10,-636.892,-258.463,28.575,1014.1,Rolling
1.92500,11,817.520,-565.407,28.575,78.3,Rolling
1.92500,12,1205.151,415.445,28.575,228.9,Rolling
1.92500,13,501.285,156.049,28.575,176.5,Rolling
1.92500,14,1078.449,-55.237,28.575,237.0,Rolling
1.92500,15,118.499,-359.640,28.575,328.2,Rolling
1.93000,0,338.332,-61.368,28.575,45.2,Rolling
1.93000,1,126.424,256.960,28.575,308.8,Rolling
1.93000,2,1156.304,-52.566,28.575,215.9,Rolling
1.93000,3,552.234,589.691,28.575,50.9,Rolling
1.93000,4,-35.910,-515.700,28.575,447.9,Rolling
1.93000,5,1238.800,56.416,28.575,0.0,Stationary
1.93000,6,652.280,238.314,28.575,312.9,Rolling
1.93000,7,747.870,340.128,28.575,208.9,Rolling
1.93000,8,304.745,-159.902,28.575,226.3,Rolling
1.93000,9,665.713,497.630,28.575,187.9,Rolling
1.93000,10,-641.936,-258.964,28.575,1013.6,Rolling
1.93000,11,817.573,-565.020,28.575,77.8,Rolling
1.93000,12,1206.051,416.150,28.575,228.4,Rolling
1.93000,13,500.662,155.426,28.575,176.0,Rolling
1.93000,14,1078.581,-54.060,28.575,236.5,Rolling
1.93000,15,117.156,-358.699,28.575,327.7,Rolling
1.93500,0,338.116,-61.432,28.575,44.7,Rolling
1.93500,1,125.009,257.576,28.575,308.3,Rolling
1.93500,2,1157.362,-52.359,28.575,215.4,Rolling
1.93500,3,552.022,589.552,28.575,50.4,Rolling
1.93500,4,-37.772,-516.942,28.575,447.4,Rolling
1.93500,5,1238.800,56.416,28.575,0.0,Stationary
1.93500,6,651.191,237.192,28.575,312.5,Rolling
1.93500,7,747.356,339.221,28.575,208.4,Rolling
1.93500,8,303.711,-160.357,28.575,225.8,Rolling
1.93500,9,665.680,498.568,28.575,187.5,Rolling
1.93500,10,-646.978,-259.465,28.575,1013.1,Rolling
1.93500,11,817.626,-564.636,28.575,77.3,Rolling
1.93500,12,1206.949,416.853,28.575,227.9,Rolling
1.93500,13,500.040,154.805,28.575,175.5,Rolling
1.93500,14,1078.714,-52.886,28.575,236.1,Rolling
1.93500,15,115.815,-357.760,28.575,327.2,Rolling
1.94000,0,337.903,-61.495,28.575,44.2,Rolling
1.94000,1,123.597,258.191,28.575,307.8,Rolling
1.94000,2,1158.418,-52.151,28.575,214.9,Rolling
1.94000,3,551.812,589.414,28.575,49.9,Rolling
1.94000,4,-39.632,-518.182,28.575,447.0,Rolling
1.94000,5,1238.800,56.416,28.575,0.0,Stationary
1.94000,6,650.104,236.072,28.575,312.0,Rolling
1.94000,7,746.842,338.315,28.575,208.0,Rolling
1.94000,8,302.679,-160.811,28.575,225.3,Rolling
1.94000,9,665.647,499.503,28.575,187.0,Rolling
1.94000,10,-652.018,-259.966,28.575,1012.6,Rolling
1.94000,11,817.678,-564.255,28.575,76.8,Rolling
1.94000,12,1207.845,417.555,28.575,227.4,Rolling
1.94000,13,499.421,154.186,28.575,175.0,Rolling
1.94000,14,1078.846,-51.715,28.575,235.6,Rolling
1.94000,15,114.476,-356.822,28.575,326.7,Rolling
1.94500,0,337.692,-61.557,28.575,43.7,Rolling
1.94500,1,122.187,258.805,28.575,307.3,Rolling
1.94500,2,1159.471,-51.945,28.575,214.4,Rolling
1.94500,3,551.605,589.278,28.575,49.4,Rolling
1.94500,4,-41.490,-519.422,28.575,446.5,Rolling
1.94500,5,1238.800,56.416,28.575,0.0,Stationary
1.94500,6,649.018,234.954,28.575,311.5,Rolling
1.94500,7,746.330,337.412,28.575,207.5,Rolling
1.94500,8,301.649,-161.265,28.575,224.8,Rolling
1.94500,9,665.614,500.436,28.575,186.5,Rolling
1.94500,10,-657.055,-260.466,28.575,1012.1,Rolling
1.94500,11,817.730,-563.875,28.575,76.3,Rolling
1.94500,12,1208.740,418.255,28.575,226.9,Rolling
1.94500,13,498.802,153.568,28.575,174.5,Rolling
1.94500,14,1078.978,-50.546,28.575,235.1,Rolling
1.94500,15,113.139,-355.885,28.575,326.2,Rolling
1.95000,0,337.484,-61.619,28.575,43.2,Rolling
1.95000,1,120.780,259.417,28.575,306.8,Rolling
1.95000,2,1160.522,-51.738,28.575,213.9,Rolling
1.95000,3,551.399,589.143,28.575,49.0,Rolling
1.95000,4,-43.347,-520.660,28.575,446.0,Rolling
1.95000,5,1238.800,56.416,28.575,0.0,Stationary
1.95000,6,647.934,233.837,28.575,311.0,Rolling
1.95000,7,745.819,336.510,28.575,207.0,Rolling
1.95000,8,300.622,-161.717,28.575,224.3,Rolling
1.95000,9,665.581,501.367,28.575,186.0,Rolling
1.95000,10,-662.089,-260.966,28.575,1011.6,Rolling
1.95000,11,817.781,-563.498,28.575,75.8,Rolling
1.95000,12,1209.632,418.954,28.575,226.4,Rolling
1.95000,13,498.186,152.952,28.575,174.0,Rolling
1.95000,14,1079.109,-49.379,28.575,234.6,Rolling
1.95000,15,111.804,-354.950,28.575,325.8,Rolling
1.95500,0,337.278,-61.680,28.575,42.7,Rolling
1.95500,1,119.375,260.029,28.575,306.3,Rolling
1.95500,2,1161.570,-51.532,28.575,213.4,Rolling
1.95500,3,551.195,589.009,28.575,48.5,Rolling
1.95500,4,-45.201,-521.896,28.575,445.5,Rolling
1.95500,5,1238.800,56.416,28.575,0.0,Stationary
1.95500,6,646.852,232.723,28.575,310.5,Rolling
1.95500,7,745.310,335.611,28.575,206.5,Rolling
1.95500,8,299.596,-162.169,28.575,223.8,Rolling
1.95500,9,665.549,502.295,28.575,185.5,Rolling
1.95500,10,-667.122,-261.466,28.575,1011.2,Rolling
1.95500,11,817.832,-563.124,28.575,75.3,Rolling
1.95500,12,1210.522,419.651,28.575,225.9,Rolling
1.95500,13,497.571,152.338,28.575,173.6,Rolling
1.95500,14,1079.240,-48.215,28.575,234.1,Rolling
1.95500,15,110.470,-354.017,28.575,325.3,Rolling
1.96000,0,337.074,-61.741,28.575,42.2,Rolling
1.96000,1,117.971,260.640,28.575,305.8,Rolling
1.96000,2,1162.616,-51.327,28.575,213.0,Rolling
1.96000,3,550.994,588.877,28.575,48.0,Rolling
1.96000,4,-47.053,-523.131,28.575,445.0,Rolling
1.96000,5,1238.800,56.416,28.575,0.0,Stationary
1.96000,6,645.771,231.610,28.575,310.0,Rolling
1.96000,7,744.801,334.714,28.575,206.0,Rolling
1.96000,8,298.573,-162.619,28.575,223.3,Rolling
1.96000,9,665.516,503.221,28.575,185.0,Rolling
1.96000,10,-672.151,-261.966,28.575,1010.7,Rolling
1.96000,11,817.883,-562.752,28.575,74.9,Rolling
1.96000,12,1211.411,420.347,28.575,225.4,Rolling
1.96000,13,496.958,151.725,28.575,173.1,Rolling
1.96000,14,1079.371,-47.053,28.575,233.6,Rolling
1.96000,15,109.139,-353.084,28.575,324.8,Rolling
1.96500,0,336.873,-61.800,28.575,41.8,Rolling
1.96500,1,116.571,261.250,28.575,305.3,Rolling
1.96500,2,1163.660,-51.122,28.575,212.5,Rolling
1.96500,3,550.794,588.746,28.575,47.5,Rolling
1.96500,4,-48.903,-524.365,28.575,444.5,Rolling
1.96500,5,1238.800,56.416,28.575,0.0,Stationary
1.96500,6,644.692,230.498,28.575,309.5,Rolling
1.96500,7,744.294,333.819,28.575,205.5,Rolling
1.96500,8,297.552,-163.068,28.575,222.8,Rolling
1.96500,9,665.484,504.144,28.575,184.5,Rolling
1.96500,10,-677.179,-262.465,28.575,1010.2,Rolling
1.96500,11,817.933,-562.382,28.575,74.4,Rolling
1.96500,12,1212.297,421.041,28.575,224.9,Rolling
1.96500,13,496.347,151.114,28.575,172.6,Rolling
1.96500,14,1079.502,-45.893,28.575,233.1,Rolling
1.96500,15,107.810,-352.154,28.575,324.3,Rolling
1.97000,0,336.674,-61.859,28.575,41.3,Rolling
1.97000,1,115.172,261.859,28.575,304.8,Rolling
1.97000,2,1164.701,-50.918,28.575,212.0,Rolling
1.97000,3,550.596,588.617,28.575,47.0,Rolling
1.97000,4,-50.751,-525.598,28.575,444.0,Rolling
1.97000,5,1238.800,56.416,28.575,0.0,Stationary
1.97000,6,643.615,229.389,28.575,309.0,Rolling
1.97000,7,743.788,332.926,28.575,205.0,Rolling
1.97000,8,296.534,-163.517,28.575,222.3,Rolling
1.97000,9,665.451,505.065,28.575,184.0,Rolling
1.97000,10,-682.204,-262.964,28.575,1009.7,Rolling
1.97000,11,817.984,-562.015,28.575,73.9,Rolling
1.97000,12,1213.182,421.734,28.575,224.5,Rolling
1.97000,13,495.738,150.505,28.575,172.1,Rolling
1.97000,14,1079.633,-44.736,28.575,232.6,Rolling
1.97000,15,106.483,-351.224,28.575,323.8,Rolling
1.97500,0,336.477,-61.917,28.575,40.8,Rolling
1.97500,1,113.776,262.467,28.575,304.3,Rolling
1.97500,2,1165.740,-50.714,28.575,211.5,Rolling
1.97500,3,550.401,588.488,28.575,46.5,Rolling
1.97500,4,-52.597,-526.829,28.575,443.5,Rolling
1.97500,5,1238.800,56.416,28.575,0.0,Stationary
1.97500,6,642.539,228.281,28.575,308.5,Rolling
1.97500,7,743.283,332.036,28.575,204.5,Rolling
1.97500,8,295.517,-163.964,28.575,221.9,Rolling
1.97500,9,665.419,505.983,28.575,183.5,Rolling
1.97500,10,-687.226,-263.463,28.575,1009.2,Rolling
1.97500,11,818.033,-561.650,28.575,73.4,Rolling
1.97500,12,1214.064,422.425,28.575,224.0,Rolling
1.97500,13,495.130,149.898,28.575,171.6,Rolling
1.97500,14,1079.763,-43.582,28.575,232.1,Rolling
1.97500,15,105.158,-350.296,28.575,323.3,Rolling
1.98000,0,336.283,-61.975,28.575,40.3,Rolling
1.98000,1,112.381,263.074,28.575,303.9,Rolling
1.98000,2,1166.776,-50.510,28.575,211.0,Rolling
1.98000,3,550.208,588.362,28.575,46.0,Rolling
1.98000,4,-54.441,-528.059,28.575,443.0,Rolling
1.98000,5,1238.800,56.416,28.575,0.0,Stationary
1.98000,6,641.466,227.175,28.575,308.0,Rolling
1.98000,7,742.779,331.147,28.575,204.0,Rolling
1.98000,8,294.503,-164.411,28.575,221.4,Rolling
1.98000,9,665.387,506.899,28.575,183.0,Rolling
1.98000,10,-692.246,-263.962,28.575,1008.7,Rolling
1.98000,11,818.083,-561.288,28.575,72.9,Rolling
1.98000,12,1214.945,423.115,28.575,223.5,Rolling
1.98000,13,494.524,149.292,28.575,171.1,Rolling
1.98000,14,1079.893,-42.430,28.575,231.6,Rolling
1.98000,15,103.835,-349.369,28.575,322.8,Rolling
1.98500,0,336.091,-62.032,28.575,39.8,Rolling
1.98500,1,110.990,263.680,28.575,303.4,Rolling
1.98500,2,1167.810,-50.307,28.575,210.5,Rolling
1.98500,3,550.016,588.236,28.575,45.5,Rolling
1.98500,4,-56.283,-529.287,28.575,442.5,Rolling
1.98500,5,1238.800,56.416,28.575,0.0,Stationary
1.98500,6,640.394,226.071,28.575,307.6,Rolling
1.98500,7,742.277,330.261,28.575,203.5,Rolling
1.98500,8,293.491,-164.856,28.575,220.9,Rolling
1.98500,9,665.354,507.812,28.575,182.6,Rolling
1.98500,10,-697.264,-264.461,28.575,1008.2,Rolling
1.98500,11,818.132,-560.928,28.575,72.4,Rolling
1.98500,12,1215.824,423.803,28.575,223.0,Rolling
1.98500,13,493.920,148.689,28.575,170.6,Rolling
1.98500,14,1080.022,-41.280,28.575,231.1,Rolling
1.98500,15,102.514,-348.444,28.575,322.3,Rolling
1.99000,0,335.901,-62.088,28.575,39.3,Rolling
1.99000,1,109.600,264.285,28.575,302.9,Rolling
1.99000,2,1168.842,-50.104,28.575,210.0,Rolling
1.99000,3,549.827,588.112,28.575,45.0,Rolling
1.99000,4,-58.123,-530.514,28.575,442.1,Rolling
1.99000,5,1238.800,56.416,28.575,0.0,Stationary
1.99000,6,639.323,224.969,28.575,307.1,Rolling
1.99000,7,741.776,329.376,28.575,203.0,Rolling
1.99000,8,292.482,-165.301,28.575,220.4,Rolling
1.99000,9,665.322,508.723,28.575,182.1,Rolling
1.99000,10,-702.279,-264.959,28.575,1007.7,Rolling
1.99000,11,818.181,-560.571,28.575,71.9,Rolling
1.99000,12,1216.701,424.490,28.575,222.5,Rolling
1.99000,13,493.317,148.086,28.575,170.1,Rolling
1.99000,14,1080.152,-40.133,28.575,230.7,Rolling
1.99000,15,101.195,-347.520,28.575,321.8,Rolling
1.99500,0,335.714,-62.143,28.575,38.8,Rolling
1.99500,1,108.213,264.889,28.575,302.4,Rolling
1.99500,2,1169.871,-49.902,28.575,209.5,Rolling
1.99500,3,549.640,587.989,28.575,44.5,Rolling
1.99500,4,-59.961,-531.740,28.575,441.6,Rolling
1.99500,5,1238.800,56.416,28.575,0.0,Stationary
1.99500,6,638.255,223.868,28.575,306.6,Rolling
1.99500,7,741.276,328.494,28.575,202.6,Rolling
1.99500,8,291.474,-165.744,28.575,219.9,Rolling
1.99500,9,665.290,509.632,28.575,181.6,Rolling
1.99500,10,-707.291,-265.457,28.575,1007.2,Rolling
1.99500,11,818.229,-560.216,28.575,71.4,Rolling
1.99500,12,1217.575,425.175,28.575,222.0,Rolling
1.99500,13,492.717,147.486,28.575,169.6,Rolling
1.99500,14,1080.281,-38.988,28.575,230.2,Rolling
1.99500,15,99.878,-346.598,28.575,321.3,Rolling
2.00000,0,335.529,-62.198,28.575,38.3,Rolling
2.00000,1,106.828,265.492,28.575,301.9,Rolling
2.00000,2,1170.898,-49.701,28.575,209.0,Rolling
2.00000,3,549.454,587.867,28.575,44.1,Rolling
2.00000,4,-61.796,-532.964,28.575,441.1,Rolling
2.00000,5,1238.800,56.416,28.575,0.0,Stationary
2.00000,6,637.188,222.769,28.575,306.1,Rolling
2.00000,7,740.777,327.614,28.575,202.1,Rolling
2.00000,8,290.469,-166.187,28.575,219.4,Rolling
2.00000,9,665.258,510.538,28.575,181.1,Rolling
2.00000,10,-712.302,-265.955,28.575,1006.7,Rolling
2.00000,11,818.278,-559.863,28.575,70.9,Rolling
2.00000,12,1218.448,425.858,28.575,221.5,Rolling
2.00000,13,492.117,146.887,28.575,169.1,Rolling
2.00000,14,1080.409,-37.846,28.575,229.7,Rolling
2.00000,15,98.563,-345.677,28.575,320.9,Rolling
2.00500,0,335.346,-62.252,28.575,37.8,Rolling
2.00500,1,105.445,266.094,28.575,301.4,Rolling
2.00500,2,1171.922,-49.500,28.575,208.5,Rolling
2.00500,3,549.271,587.747,28.575,43.6,Rolling
2.00500,4,-63.630,-534.187,28.575,440.6,Rolling
2.00500,5,1238.800,56.416,28.575,0.0,Stationary
2.00500,6,636.122,221.672,28.575,305.6,Rolling
2.00500,7,740.279,326.736,28.575,201.6,Rolling
2.00500,8,289.466,-166.628,28.575,218.9,Rolling
2.00500,9,665.227,511.442,28.575,180.6,Rolling
2.00500,10,-717.309,-266.452,28.575,1006.2,Rolling
2.00500,11,818.325,-559.513,28.575,70.4,Rolling
2.00500,12,1219.319,426.541,28.575,221.0,Rolling
2.00500,13,491.520,146.290,28.575,168.6,Rolling
2.00500,14,1080.538,-36.706,28.575,229.2,Rolling
2.00500,15,97.250,-344.757,28.575,320.4,Rolling
2.01000,0,335.166,-62.306,28.575,37.3,Rolling
2.01000,1,104.064,266.695,28.575,300.9,Rolling
2.01000,2,1172.944,-49.299,28.575,208.1,Rolling
2.01000,3,549.090,587.628,28.575,43.1,Rolling
2.01000,4,-65.462,-535.409,28.575,440.1,Rolling
2.01000,5,1238.800,56.416,28.575,0.0,Stationary
2.01000,6,635.059,220.577,28.575,305.1,Rolling
2.01000,7,739.783,325.860,28.575,201.1,Rolling
2.01000,8,288.465,-167.069,28.575,218.4,Rolling
2.01000,9,665.195,512.343,28.575,180.1,Rolling
2.01000,10,-722.315,-266.949,28.575,1005.8,Rolling
2.01000,11,818.373,-559.165,28.575,69.9,Rolling
2.01000,12,1220.189,427.221,28.575,220.5,Rolling
2.01000,13,490.925,145.695,28.575,168.2,Rolling
2.01000,14,1080.666,-35.568,28.575,228.7,Rolling
2.01000,15,95.939,-343.839,28.575,319.9,Rolling
2.01500,0,334.988,-62.358,28.575,36.9,Rolling
2.01500,1,102.686,267.295,28.575,300.4,Rolling
2.01500,2,1173.964,-49.099,28.575,207.6,Rolling
2.01500,3,548.911,587.511,28.575,42.6,Rolling
2.01500,4,-67.292,-536.629,28.575,439.6,Rolling
2.01500,5,1238.800,56.416,28.575,0.0,Stationary
2.01500,6,633.997,219.483,28.575,304.6,Rolling
2.01500,7,739.287,324.987,28.575,200.6,Rolling
2.01500,8,287.467,-167.509,28.575,217.9,Rolling
2.01500,9,665.163,513.241,28.575,179.6,Rolling
2.01500,10,-727.318,-267.446,28.575,1005.3,Rolling
2.01500,11,818.420,-558.820,28.575,69.5,Rolling
2.01500,12,1221.056,427.900,28.575,220.0,Rolling
2.01500,13,490.331,145.102,28.575,167.7,Rolling
2.01500,14,1080.794,-34.433,28.575,228.2,Rolling
2.01500,15,94.630,-342.922,28.575,319.4,Rolling
2.02000,0,334.813,-62.410,28.575,36.4,Rolling
2.02000,1,101.310,267.894,28.575,299.9,Rolling
2.02000,2,1174.981,-48.899,28.575,207.1,Rolling
2.02000,3,548.734,587.395,28.575,42.1,Rolling
2.02000,4,-69.119,-537.848,28.575,439.1,Rolling
2.02000,5,1238.800,56.416,28.575,0.0,Stationary
2.02000,6,632.937,218.391,28.575,304.1,Rolling
2.02000,7,738.794,324.115,28.575,200.1,Rolling
2.02000,8,286.471,-167.947,28.575,217.4,Rolling
2.02000,9,665.132,514.138,28.575,179.1,Rolling
2.02000,10,-732.318,-267.943,28.575,1004.8,Rolling
2.02000,11,818.467,-558.477,28.575,69.0,Rolling
2.02000,12,1221.921,428.578,28.575,219.6,Rolling
2.02000,13,489.739,144.510,28.575,167.2,Rolling
2.02000,14,1080.922,-33.300,28.575,227.7,Rolling
2.02000,15,93.323,-342.007,28.575,318.9,Rolling
2.02500,0,334.639,-62.462,28.575,35.9,Rolling
2.02500,1,99.936,268.492,28.575,299.4,Rolling
2.02500,2,1175.996,-48.700,28.575,206.6,Rolling
2.02500,3,548.559,587.280,28.575,41.6,Rolling
2.02500,4,-70.945,-539.065,28.575,438.6,Rolling
2.02500,5,1238.800,56.416,28.575,0.0,Stationary
2.02500,6,631.878,217.301,28.575,303.6,Rolling
2.02500,7,738.301,323.246,28.575,199.6,Rolling
2.02500,8,285.477,-168.385,28.575,217.0,Rolling
2.02500,9,665.100,515.032,28.575,178.6,Rolling
2.02500,10,-737.316,-268.440,28.575,1004.3,Rolling
2.02500,11,818.513,-558.137,28.575,68.5,Rolling
2.02500,12,1222.784,429.254,28.575,219.1,Rolling
2.02500,13,489.148,143.920,28.575,166.7,Rolling
2.02500,14,1081.049,-32.170,28.575,227.2,Rolling
2.02500,15,92.018,-341.093,28.575,318.4,Rolling
2.03000,0,334.469,-62.512,28.575,35.4,Rolling
2.03000,1,98.564,269.089,28.575,299.0,Rolling
2.03000,2,1177.008,-48.501,28.575,206.1,Rolling
2.03000,3,548.386,587.167,28.575,41.1,Rolling
2.03000,4,-72.768,-540.281,28.575,438.1,Rolling
2.03000,5,1238.800,56.416,28.575,0.0,Stationary
2.03000,6,630.822,216.213,28.575,303.1,Rolling
2.03000,7,737.809,322.379,28.575,199.1,Rolling
2.03000,8,284.485,-168.821,28.575,216.5,Rolling
2.03000,9,665.069,515.923,28.575,178.1,Rolling
2.03000,10,-742.312,-268.936,28.575,1003.8,Rolling
2.03000,11,818.560,-557.798,28.575,68.0,Rolling
2.03000,12,1223.646,429.929,28.575,218.6,Rolling
2.03000,13,488.560,143.332,28.575,166.2,Rolling
2.03000,14,1081.176,-31.042,28.575,226.7,Rolling
2.03000,15,90.715,-340.180,28.575,317.9,Rolling
2.03500,0,334.300,-62.562,28.575,34.9,Rolling
2.03500,1,97.195,269.685,28.575,298.5,Rolling
2.03500,2,1178.018,-48.303,28.575,205.6,Rolling
2.03500,3,548.215,587.055,28.575,40.6,Rolling
2.03500,4,-74.590,-541.496,28.575,437.6,Rolling
2.03500,5,1238.800,56.416,28.575,0.0,Stationary
2.03500,6,629.767,215.126,28.575,302.6,Rolling
2.03500,7,737.319,321.514,28.575,198.6,Rolling
2.03500,8,283.496,-169.257,28.575,216.0,Rolling
2.03500,9,665.037,516.812,28.575,177.7,Rolling
2.03500,10,-747.305,-269.432,28.575,1003.3,Rolling
2.03500,11,818.605,-557.463,28.575,67.5,Rolling
2.03500,12,1224.505,430.602,28.575,218.1,Rolling
2.03500,13,487.973,142.745,28.575,165.7,Rolling
2.03500,14,1081.303,-29.917,28.575,226.2,Rolling
2.03500,15,89.414,-339.269,28.575,317.4,Rolling
2.04000,0,334.134,-62.611,28.575,34.4,Rolling
2.04000,1,95.827,270.281,28.575,298.0,Rolling
2.04000,2,1179.026,-48.105,28.575,205.1,Rolling
2.04000,3,548.047,586.944,28.575,40.1,Rolling
2.04000,4,-76.409,-542.710,28.575,437.2,Rolling
2.04000,5,1238.800,56.416,28.575,0.0,Stationary
2.04000,6,628.714,214.042,28.575,302.2,Rolling
2.04000,7,736.830,320.651,28.575,198.1,Rolling
2.04000,8,282.509,-169.692,28.575,215.5,Rolling
2.04000,9,665.006,517.698,28.575,177.2,Rolling
2.04000,10,-752.296,-269.928,28.575,1002.8,Rolling
2.04000,11,818.651,-557.130,28.575,67.0,Rolling
2.04000,12,1225.363,431.273,28.575,217.6,Rolling
2.04000,13,487.387,142.160,28.575,165.2,Rolling
2.04000,14,1081.430,-28.794,28.575,225.8,Rolling
2.04000,15,88.115,-338.359,28.575,316.9,Rolling
2.04500,0,333.970,-62.660,28.575,33.9,Rolling
2.04500,1,94.463,270.875,28.575,297.5,Rolling
2.04500,2,1180.031,-47.907,28.575,204.6,Rolling
2.04500,3,547.880,586.834,28.575,39.6,Rolling
2.04500,4,-78.227,-543.922,28.575,436.7,Rolling
2.04500,5,1238.800,56.416,28.575,0.0,Stationary
2.04500,6,627.662,212.958,28.575,301.7,Rolling
2.04500,7,736.342,319.790,28.575,197.7,Rolling
2.04500,8,281.524,-170.125,28.575,215.0,Rolling
2.04500,9,664.975,518.582,28.575,176.7,Rolling
2.04500,10,-757.284,-270.424,28.575,1002.3,Rolling
2.04500,11,818.696,-556.799,28.575,66.5,Rolling
2.04500,12,1226.218,431.943,28.575,217.1,Rolling
2.04500,13,486.804,141.577,28.575,164.7,Rolling
2.04500,14,1081.556,-27.674,28.575,225.3,Rolling
2.04500,15,86.818,-337.451,28.575,316.4,Rolling
2.05000,0,333.809,-62.708,28.575,33.4,Rolling
2.05000,1,93.100,271.468,28.575,297.0,Rolling
2.05000,2,1181.034,-47.711,28.575,204.1,Rolling
2.05000,3,547.715,586.726,28.575,39.2,Rolling
2.05000,4,-80.042,-545.132,28.575,436.2,Rolling
2.05000,5,1238.800,56.416,28.575,0.0,Stationary
2.05000,6,626.612,211.877,28.575,301.2,Rolling
2.05000,7,735.855,318.931,28.575,197.2,Rolling
2.05000,8,280.541,-170.558,28.575,214.5,Rolling
2.05000,9,664.944,519.464,28.575,176.2,Rolling
2.05000,10,-762.270,-270.919,28.575,1001.8,Rolling
2.05000,11,818.741,-556.471,28.575,66.0,Rolling
2.05000,12,1227.072,432.612,28.575,216.6,Rolling
2.05000,13,486.222,140.996,28.575,164.2,Rolling
2.05000,14,1081.682,-26.556,28.575,224.8,Rolling
2.05000,15,85.523,-336.544,28.575,315.9,Rolling
2.05500,0,333.650,-62.755,28.575,32.9,Rolling
2.05500,1,91.740,272.060,28.575,296.5,Rolling
2.05500,2,1182.034,-47.514,28.575,203.6,Rolling
2.05500,3,547.553,586.620,28.575,38.7,Rolling
2.05500,4,-81.856,-546.342,28.575,435.7,Rolling
2.05500,5,1238.800,56.416,28.575,0.0,Stationary
2.05500,6,625.564,210.798,28.575,300.7,Rolling
2.05500,7,735.369,318.075,28.575,196.7,Rolling
2.05500,8,279.560,-170.990,28.575,214.0,Rolling
2.05500,9,664.913,520.343,28.575,175.7,Rolling
2.05500,10,-767.253,-271.414,28.575,1001.3,Rolling
2.05500,11,818.785,-556.145,28.575,65.5,Rolling
2.05500,12,1227.924,433.279,28.575,216.1,Rolling
2.05500,13,485.642,140.416,28.575,163.7,Rolling
2.05500,14,1081.808,-25.440,28.575,224.3,Rolling
2.05500,15,84.230,-335.639,28.575,315.5,Rolling
2.06000,0,333.493,-62.801,28.575,32.4,Rolling
2.06000,1,90.381,272.652,28.575,296.0,Rolling
2.06000,2,1183.032,-47.318,28.575,203.2,Rolling
2.06000,3,547.392,586.514,28.575,38.2,Rolling
2.06000,4,-83.667,-547.550,28.575,435.2,Rolling
2.06000,5,1238.800,56.416,28.575,0.0,Stationary
2.06000,6,624.518,209.720,28.575,300.2,Rolling
2.06000,7,734.885,317.220,28.575,196.2,Rolling
2.06000,8,278.582,-171.420,28.575,213.5,Rolling
2.06000,9,664.882,521.220,28.575,175.2,Rolling
2.06000,10,-772.234,-271.909,28.575,1000.9,Rolling
2.06000,11,818.830,-555.821,28.575,65.0,Rolling
2.06000,12,1228.773,433.944,28.575,215.6,Rolling
2.06000,13,485.064,139.838,28.575,163.3,Rolling
2.06000,14,1081.934,-24.327,28.575,223.8,Rolling
2.06000,15,82.939,-334.734,28.575,315.0,Rolling
2.06500,0,333.339,-62.847,28.575,32.0,Rolling
2.06500,1,89.026,273.242,28.575,295.5,Rolling
2.06500,2,1184.027,-47.123,28.575,202.7,Rolling
2.06500,3,547.233,586.410,28.575,37.7,Rolling
2.06500,4,-85.476,-548.756,28.575,434.7,Rolling
2.06500,5,1238.800,56.416,28.575,0.0,Stationary
2.06500,6,623.473,208.644,28.575,299.7,Rolling
2.06500,7,734.402,316.368,28.575,195.7,Rolling
2.06500,8,277.606,-171.850,28.575,213.0,Rolling
2.06500,9,664.851,522.094,28.575,174.7,Rolling
2.06500,10,-777.213,-272.403,28.575,1000.4,Rolling
2.06500,11,818.873,-555.500,28.575,64.6,Rolling
2.06500,12,1229.621,434.608,28.575,215.1,Rolling
2.06500,13,484.488,139.262,28.575,162.8,Rolling
2.06500,14,1082.059,-23.216,28.575,223.3,Rolling
2.06500,15,81.650,-333.832,28.575,314.5,Rolling
2.07000,0,333.187,-62.892,28.575,31.5,Rolling
2.07000,1,87.672,273.831,28.575,295.0,Rolling
2.07000,2,1185.020,-46.928,28.575,202.2,Rolling
2.07000,3,547.077,586.308,28.575,37.2,Rolling
2.07000,4,-87.283,-549.962,28.575,434.2,Rolling
2.07000,5,1238.800,56.416,28.575,0.0,Stationary
2.07000,6,622.430,207.570,28.575,299.2,Rolling
2.07000,7,733.920,315.518,28.575,195.2,Rolling
2.07000,8,276.632,-172.279,28.575,212.5,Rolling
2.07000,9,664.821,522.966,28.575,174.2,Rolling
2.07000,10,-782.189,-272.898,28.575,999.9,Rolling
2.07000,11,818.917,-555.182,28.575,64.1,Rolling
2.07000,12,1230.467,435.271,28.575,214.7,Rolling
2.07000,13,483.913,138.688,28.575,162.3,Rolling
2.07000,14,1082.184,-22.108,28.575,222.8,Rolling
2.07000,15,80.363,-332.930,28.575,314.0,Rolling
2.07500,0,333.037,-62.936,28.575,31.0,Rolling
2.07500,1,86.320,274.419,28.575,294.5,Rolling
2.07500,2,1186.011,-46.733,28.575,201.7,Rolling
2.07500,3,546.922,586.206,28.575,36.7,Rolling
2.07500,4,-89.089,-551.165,28.575,433.7,Rolling
2.07500,5,1238.800,56.416,28.575,0.0,Stationary
2.07500,6,621.388,206.497,28.575,298.7,Rolling
2.07500,7,733.439,314.670,28.575,194.7,Rolling
2.07500,8,275.661,-172.706,28.575,212.1,Rolling
2.07500,9,664.790,523.835,28.575,173.7,Rolling
2.07500,10,-787.163,-273.392,28.575,999.4,Rolling
2.07500,11,818.960,-554.866,28.575,63.6,Rolling
2.07500,12,1231.311,435.932,28.575,214.2,Rolling
2.07500,13,483.340,138.115,28.575,161.8,Rolling
2.07500,14,1082.308,-21.002,28.575,222.3,Rolling
2.07500,15,79.078,-332.030,28.575,313.5,Rolling
2.08000,0,332.890,-62.980,28.575,30.5,Rolling
2.08000,1,84.971,275.007,28.575,294.0,Rolling
2.08000,2,1186.999,-46.539,28.575,201.2,Rolling
2.08000,3,546.770,586.106,28.575,36.2,Rolling
2.08000,4,-90.892,-552.368,28.575,433.2,Rolling
2.08000,5,1238.800,56.416,28.575,0.0,Stationary
2.08000,6,620.349,205.426,28.575,298.2,Rolling
2.08000,7,732.960,313.824,28.575,194.2,Rolling
2.08000,8,274.692,-173.133,28.575,211.6,Rolling
2.08000,9,664.760,524.702,28.575,173.2,Rolling
2.08000,10,-792.134,-273.886,28.575,998.9,Rolling
2.08000,11,819.003,-554.552,28.575,63.1,Rolling
2.08000,12,1232.153,436.591,28.575,213.7,Rolling
2.08000,13,482.768,137.544,28.575,161.3,Rolling
2.08000,14,1082.433,-19.899,28.575,221.8,Rolling
2.08000,15,77.795,-331.132,28.575,313.0,Rolling
2.08500,0,332.745,-63.023,28.575,30.0,Rolling
2.08500,1,83.624,275.593,28.575,293.6,Rolling
2.08500,2,1187.985,-46.346,28.575,200.7,Rolling
2.08500,3,546.620,586.008,28.575,35.7,Rolling
2.08500,4,-92.693,-553.569,28.575,432.7,Rolling
2.08500,5,1238.800,56.416,28.575,0.0,Stationary
2.08500,6,619.311,204.357,28.575,297.7,Rolling
2.08500,7,732.482,312.980,28.575,193.7,Rolling
2.08500,8,273.725,-173.559,28.575,211.1,Rolling
2.08500,9,664.729,525.566,28.575,172.7,Rolling
2.08500,10,-797.103,-274.379,28.575,998.4,Rolling
2.08500,11,819.046,-554.241,28.575,62.6,Rolling
2.08500,12,1232.993,437.249,28.575,213.2,Rolling
2.08500,13,482.199,136.975,28.575,160.8,Rolling
2.08500,14,1082.557,-18.798,28.575,221.3,Rolling
2.08500,15,76.514,-330.235,28.575,312.5,Rolling
2.09000,0,332.602,-63.065,28.575,29.5,Rolling
2.09000,1,82.280,276.179,28.575,293.1,Rolling
2.09000,2,1188.969,-46.152,28.575,200.2,Rolling
2.09000,3,546.471,585.910,28.575,35.2,Rolling
2.09000,4,-94.492,-554.769,28.575,432.2,Rolling
2.09000,5,1238.800,56.416,28.575,0.0,Stationary
2.09000,6,618.275,203.290,28.575,297.3,Rolling
2.09000,7,732.005,312.139,28.575,193.2,Rolling
2.09000,8,272.760,-173.984,28.575,210.6,Rolling
2.09000,9,664.699,526.428,28.575,172.3,Rolling
2.09000,10,-802.069,-274.873,28.575,997.9,Rolling
2.09000,11,819.088,-553.932,28.575,62.1,Rolling
2.09000,12,1233.832,437.906,28.575,212.7,Rolling
2.09000,13,481.631,136.408,28.575,160.3,Rolling
2.09000,14,1082.681,-17.699,28.575,220.9,Rolling
2.09000,15,75.236,-329.339,28.575,312.0,Rolling
2.09500,0,332.462,-63.107,28.575,29.0,Rolling
2.09500,1,80.937,276.763,28.575,292.6,Rolling
2.09500,2,1189.950,-45.960,28.575,199.7,Rolling
2.09500,3,546.325,585.814,28.575,34.7,Rolling
2.09500,4,-96.289,-555.967,28.575,431.8,Rolling
2.09500,5,1238.800,56.416,28.575,0.0,Stationary
2.09500,6,617.240,202.225,28.575,296.8,Rolling
2.09500,7,731.529,311.299,28.575,192.8,Rolling
2.09500,8,271.797,-174.407,28.575,210.1,Rolling
2.09500,9,664.669,527.288,28.575,171.8,Rolling
2.09500,10,-807.033,-275.366,28.575,997.4,Rolling
2.09500,11,819.130,-553.625,28.575,61.6,Rolling
2.09500,12,1234.668,438.561,28.575,212.2,Rolling
2.09500,13,481.065,135.842,28.575,159.8,Rolling
2.09500,14,1082.804,-16.603,28.575,220.4,Rolling
2.09500,15,73.959,-328.445,28.575,311.5,Rolling
2.10000,0,332.324,-63.147,28.575,28.5,Rolling
2.10000,1,79.597,277.346,28.575,292.1,Rolling
2.10000,2,1190.929,-45.768,28.575,199.2,Rolling
2.10000,3,546.181,585.720,28.575,34.2,Rolling
2.10000,4,-98.084,-557.165,28.575,431.3,Rolling
2.10000,5,1238.800,56.416,28.575,0.0,Stationary
2.10000,6,616.207,201.161,28.575,296.3,Rolling
2.10000,7,731.054,310.462,28.575,192.3,Rolling
2.10000,8,270.837,-174.830,28.575,209.6,Rolling
2.10000,9,664.638,528.145,28.575,171.3,Rolling
2.10000,10,-811.994,-275.859,28.575,996.9,Rolling
2.10000,11,819.171,-553.321,28.575,61.1,Rolling
2.10000,12,1235.502,439.214,28.575,211.7,Rolling
2.10000,13,480.500,135.278,28.575,159.3,Rolling
2.10000,14,1082.928,-15.510,28.575,219.9,Rolling
2.10000,15,72.684,-327.552,28.575,311.0,Rolling
2.10500,0,332.188,-63.188,28.575,28.0,Rolling
2.10500,1,78.259,277.929,28.575,291.6,Rolling
2.10500,2,1191.905,-45.576,28.575,198.7,Rolling
2.10500,3,546.039,585.627,28.575,33.8,Rolling
2.10500,4,-99.877,-558.360,28.575,430.8,Rolling
2.10500,5,1238.800,56.416,28.575,0.0,Stationary
2.10500,6,615.176,200.099,28.575,295.8,Rolling
2.10500,7,730.581,309.626,28.575,191.8,Rolling
2.10500,8,269.879,-175.252,28.575,209.1,Rolling
2.10500,9,664.608,529.000,28.575,170.8,Rolling
2.10500,10,-816.953,-276.352,28.575,996.4,Rolling
2.10500,11,819.212,-553.020,28.575,60.6,Rolling
2.10500,12,1236.335,439.866,28.575,211.2,Rolling
2.10500,13,479.938,134.716,28.575,158.8,Rolling
2.10500,14,1083.051,-14.419,28.575,219.4,Rolling
2.10500,15,71.411,-326.660,28.575,310.6,Rolling
2.11000,0,332.055,-63.227,28.575,27.5,Rolling
2.11000,1,76.924,278.510,28.575,291.1,Rolling
2.11000,2,1192.879,-45.385,28.575,198.2,Rolling
2.11000,3,545.899,585.535,28.575,33.3,Rolling
2.11000,4,-101.668,-559.555,28.575,430.3,Rolling
2.11000,5,1238.800,56.416,28.575,0.0,Stationary
2.11000,6,614.147,199.039,28.575,295.3,Rolling
2.11000,7,730.109,308.793,28.575,191.3,Rolling
2.11000,8,268.923,-175.673,28.575,208.6,Rolling
2.11000,9,664.578,529.852,28.575,170.3,Rolling
2.11000,10,-821.910,-276.844,28.575,996.0,Rolling
2.11000,11,819.253,-552.720,28.575,60.1,Rolling
2.11000,12,1237.165,440.516,28.575,210.7,Rolling
2.11000,13,479.377,134.155,28.575,158.4,Rolling
2.11000,14,1083.173,-13.330,28.575,218.9,Rolling
2.11000,15,70.140,-325.770,28.575,310.1,Rolling
2.11500,0,331.924,-63.266,28.575,27.0,Rolling
2.11500,1,75.590,279.091,28.575,290.6,Rolling
2.11500,2,1193.850,-45.194,28.575,197.8,Rolling
2.11500,3,545.761,585.444,28.575,32.8,Rolling
2.11500,4,-103.457,-560.748,28.575,429.8,Rolling
2.11500,5,1238.800,56.416,28.575,0.0,Stationary
2.11500,6,613.119,197.980,28.575,294.8,Rolling
2.11500,7,729.638,307.962,28.575,190.8,Rolling
2.11500,8,267.970,-176.092,28.575,208.1,Rolling
2.11500,9,664.548,530.701,28.575,169.8,Rolling
2.11500,10,-826.864,-277.336,28.575,995.5,Rolling
2.11500,11,819.294,-552.424,28.575,59.7,Rolling
2.11500,12,1237.994,441.165,28.575,210.2,Rolling
2.11500,13,478.818,133.596,28.575,157.9,Rolling
2.11500,14,1083.296,-12.243,28.575,218.4,Rolling
2.11500,15,68.871,-324.882,28.575,309.6,Rolling
2.12000,0,331.796,-63.304,28.575,26.6,Rolling
2.12000,1,74.259,279.670,28.575,290.1,Rolling
2.12000,2,1194.819,-45.004,28.575,197.3,Rolling
2.12000,3,545.625,585.355,28.575,32.3,Rolling
2.12000,4,-105.244,-561.939,28.575,429.3,Rolling
2.12000,5,1238.800,56.416,28.575,0.0,Stationary
2.12000,6,612.093,196.924,28.575,294.3,Rolling
2.12000,7,729.168,307.134,28.575,190.3,Rolling
2.12000,8,267.018,-176.511,28.575,207.6,Rolling
2.12000,9,664.519,531.549,28.575,169.3,Rolling
2.12000,10,-831.816,-277.828,28.575,995.0,Rolling
2.12000,11,819.334,-552.129,28.575,59.2,Rolling
2.12000,12,1238.820,441.813,28.575,209.7,Rolling
2.12000,13,478.260,133.039,28.575,157.4,Rolling
2.12000,14,1083.418,-11.159,28.575,217.9,Rolling
2.12000,15,67.604,-323.994,28.575,309.1,Rolling
2.12500,0,331.670,-63.341,28.575,26.1,Rolling
2.12500,1,72.930,280.249,28.575,289.6,Rolling
2.12500,2,1195.786,-44.814,28.575,196.8,Rolling
2.12500,3,545.491,585.267,28.575,31.8,Rolling
2.12500,4,-107.028,-563.130,28.575,428.8,Rolling
2.12500,5,1238.800,56.416,28.575,0.0,Stationary
2.12500,6,611.069,195.869,28.575,293.8,Rolling
2.12500,7,728.699,306.307,28.575,189.8,Rolling
2.12500,8,266.069,-176.929,28.575,207.1,Rolling
2.12500,9,664.489,532.394,28.575,168.8,Rolling
2.12500,10,-836.765,-278.320,28.575,994.5,Rolling
2.12500,11,819.374,-551.838,28.575,58.7,Rolling
2.12500,12,1239.645,442.459,28.575,209.3,Rolling
2.12500,13,477.705,132.484,28.575,156.9,Rolling
2.12500,14,1083.540,-10.078,28.575,217.4,Rolling
2.12500,15,66.340,-323.109,28.575,308.6,Rolling
2.13000,0,331.546,-63.378,28.575,25.6,Rolling
2.13000,1,71.603,280.827,28.575,289.1,Rolling
2.13000,2,1196.750,-44.624,28.575,196.3,Rolling
2.13000,3,545.359,585.180,28.575,31.3,Rolling
2.13000,4,-108.811,-564.319,28.575,428.3,Rolling
2.13000,5,1238.800,56.416,28.575,0.0,Stationary
2.13000,6,610.047,194.816,28.575,293.3,Rolling
2.13000,7,728.232,305.482,28.575,189.3,Rolling
2.13000,8,265.123,-177.346,28.575,206.7,Rolling
2.13000,9,664.459,533.236,28.575,168.3,Rolling
2.13000,10,-841.712,-278.811,28.575,994.0,Rolling
2.13000,11,819.413,-551.548,28.575,58.2,Rolling
2.13000,12,1240.468,443.103,28.575,208.8,Rolling
2.13000,13,477.151,131.930,28.575,156.4,Rolling
2.13000,14,1083.662,-8.999,28.575,216.9,Rolling
2.13000,15,65.077,-322.224,28.575,308.1,Rolling
2.13500,0,331.424,-63.414,28.575,25.1,Rolling
2.13500,1,70.279,281.403,28.575,288.7,Rolling
2.13500,2,1197.712,-44.436,28.575,195.8,Rolling
2.13500,3,545.229,585.095,28.575,30.8,Rolling
2.13500,4,-110.592,-565.506,28.575,427.8,Rolling
2.13500,5,1238.800,56.416,28.575,0.0,Stationary
2.13500,6,609.026,193.764,28.575,292.8,Rolling
2.13500,7,727.766,304.660,28.575,188.8,Rolling
2.13500,8,264.178,-177.762,28.575,206.2,Rolling
2.13500,9,664.430,534.076,28.575,167.8,Rolling
2.13500,10,-846.656,-279.302,28.575,993.5,Rolling
2.13500,11,819.452,-551.261,28.575,57.7,Rolling
2.13500,12,1241.289,443.746,28.575,208.3,Rolling
2.13500,13,476.598,131.378,28.575,155.9,Rolling
2.13500,14,1083.783,-7.922,28.575,216.4,Rolling
2.13500,15,63.816,-321.341,28.575,307.6,Rolling
2.14000,0,331.305,-63.449,28.575,24.6,Rolling
2.14000,1,68.957,281.979,28.575,288.2,Rolling
2.14000,2,1198.671,-44.247,28.575,195.3,Rolling
2.14000,3,545.101,585.011,28.575,30.3,Rolling
2.14000,4,-112.371,-566.692,28.575,427.3,Rolling
2.14000,5,1238.800,56.416,28.575,0.0,Stationary
2.14000,6,608.007,192.715,28.575,292.4,Rolling
2.14000,7,727.301,303.840,28.575,188.3,Rolling
2.14000,8,263.236,-178.177,28.575,205.7,Rolling
2.14000,9,664.400,534.913,28.575,167.4,Rolling
2.14000,10,-851.598,-279.793,28.575,993.0,Rolling
2.14000,11,819.491,-550.977,28.575,57.2,Rolling
2.14000,12,1240.966,444.291,28.605,152.7,Airborne
2.14000,13,476.048,130.828,28.575,155.4,Rolling
2.14000,14,1083.904,-6.848,28.575,215.9,Rolling
2.14000,15,62.557,-320.459,28.575,307.1,Rolling
2.14500,0,331.189,-63.484,28.575,24.1,Rolling
2.14500,1,67.637,282.553,28.575,287.7,Rolling
2.14500,2,1199.628,-44.059,28.575,194.8,Rolling
2.14500,3,544.975,584.929,28.575,29.8,Rolling
2.14500,4,-114.147,-567.877,28.575,426.9,Rolling
2.14500,5,1238.800,56.416,28.575,0.0,Stationary
2.14500,6,606.989,191.667,28.575,291.9,Rolling
2.14500,7,726.837,303.021,28.575,187.8,Rolling
2.14500,8,262.296,-178.591,28.575,205.2,Rolling
2.14500,9,664.371,535.748,28.575,166.9,Rolling
2.14500,10,-856.538,-280.284,28.575,992.5,Rolling
2.14500,11,819.530,-550.694,28.575,56.7,Rolling
2.14500,12,1240.416,444.816,28.577,152.4,Airborne
2.14500,13,475.499,130.280,28.575,154.9,Rolling
2.14500,14,1084.025,-5.777,28.575,215.5,Rolling
2.14500,15,61.300,-319.579,28.575,306.6,Rolling
2.15000,0,331.074,-63.518,28.575,23.6,Rolling
2.15000,1,66.319,283.127,28.575,287.2,Rolling
2.15000,2,1200.583,-43.872,28.575,194.3,Rolling
2.15000,3,544.851,584.848,28.575,29.3,Rolling
2.15000,4,-115.922,-569.061,28.575,426.4,Rolling
2.15000,5,1238.800,56.416,28.575,0.0,Stationary
2.15000,6,605.974,190.621,28.575,291.4,Rolling
2.15000,7,726.374,302.205,28.575,187.4,Rolling
2.15000,8,261.358,-179.003,28.575,204.7,Rolling
2.15000,9,664.341,536.581,28.575,166.4,Rolling
2.15000,10,-861.475,-280.775,28.575,992.0,Rolling
2.15000,11,819.568,-550.415,28.575,56.2,Rolling
2.15000,12,1239.866,445.341,28.575,152.0,Sliding
2.15000,13,474.952,129.733,28.575,154.4,Rolling
2.15000,14,1084.146,-4.707,28.575,215.0,Rolling
2.15000,15,60.046,-318.700,28.575,306.1,Rolling
2.15500,0,330.962,-63.551,28.575,23.1,Rolling
2.15500,1,65.004,283.700,28.575,286.7,Rolling
2.15500,2,1201.535,-43.685,28.575,193.8,Rolling
2.15500,3,544.730,584.768,28.575,28.9,Rolling
2.15500,4,-117.694,-570.243,28.575,425.9,Rolling
2.15500,5,1238.800,56.416,28.575,0.0,Stationary
2.15500,6,604.960,189.576,28.575,290.9,Rolling
2.15500,7,725.913,301.391,28.575,186.9,Rolling
2.15500,8,260.422,-179.415,28.575,204.2,Rolling
2.15500,9,664.312,537.411,28.575,165.9,Rolling
2.15500,10,-866.409,-281.265,28.575,991.5,Rolling
2.15500,11,819.606,-550.137,28.575,55.7,Rolling
2.15500,12,1239.341,445.868,28.575,145.4,Sliding
2.15500,13,474.407,129.188,28.575,153.9,Rolling
2.15500,14,1084.266,-3.640,28.575,214.5,Rolling
2.15500,15,58.793,-317.823,28.575,305.7,Rolling
2.16000,0,330.852,-63.583,28.575,22.6,Rolling
2.16000,1,63.691,284.272,28.575,286.2,Rolling
2.16000,2,1202.485,-43.498,28.575,193.3,Rolling
2.16000,3,544.610,584.689,28.575,28.4,Rolling
2.16000,4,-119.465,-571.424,28.575,425.4,Rolling
2.16000,5,1238.800,56.416,28.575,0.0,Stationary
2.16000,6,603.947,188.534,28.575,290.4,Rolling
2.16000,7,725.453,300.580,28.575,186.4,Rolling
2.16000,8,259.489,-179.826,28.575,203.7,Rolling
2.16000,9,664.283,538.239,28.575,165.4,Rolling
2.16000,10,-871.342,-281.755,28.575,991.0,Rolling
2.16000,11,819.643,-549.862,28.575,55.2,Rolling
2.16000,12,1238.865,446.396,28.575,139.1,Sliding
2.16000,13,473.863,128.645,28.575,153.4,Rolling
2.16000,14,1084.386,-2.576,28.575,214.0,Rolling
2.16000,15,57.542,-316.947,28.575,305.2,Rolling
2.16500,0,330.745,-63.615,28.575,22.1,Rolling
2.16500,1,62.380,284.842,28.575,285.7,Rolling
2.16500,2,1203.432,-43.312,28.575,192.9,Rolling
2.16500,3,544.493,584.612,28.575,27.9,Rolling
2.16500,4,-121.233,-572.603,28.575,424.9,Rolling
2.16500,5,1238.800,56.416,28.575,0.0,Stationary
2.16500,6,602.937,187.493,28.575,289.9,Rolling
2.16500,7,724.994,299.770,28.575,185.9,Rolling
2.16500,8,258.558,-180.236,28.575,203.2,Rolling
2.16500,9,664.254,539.064,28.575,164.9,Rolling
2.16500,10,-876.271,-282.245,28.575,990.6,Rolling
2.16500,11,819.681,-549.590,28.575,54.7,Rolling
2.16500,12,1238.439,446.926,28.575,133.2,Sliding
2.16500,13,473.321,128.103,28.575,153.0,Rolling
2.16500,14,1084.506,-1.514,28.575,213.5,Rolling
2.16500,15,56.293,-316.072,28.575,304.7,Rolling
2.17000,0,330.640,-63.646,28.575,21.7,Rolling
2.17000,1,61.071,285.412,28.575,285.2,Rolling
2.17000,2,1204.377,-43.127,28.575,192.4,Rolling
2.17000,3,544.377,584.537,28.575,27.4,Rolling
2.17000,4,-123.000,-573.781,28.575,424.4,Rolling
2.17000,5,1238.800,56.416,28.575,0.0,Stationary
2.17000,6,601.928,186.454,28.575,289.4,Rolling
2.17000,7,724.536,298.963,28.575,185.4,Rolling
2.17000,8,257.629,-180.645,28.575,202.7,Rolling
2.17000,9,664.225,539.887,28.575,164.4,Rolling
2.17000,10,-881.199,-282.734,28.575,990.1,Rolling
2.17000,11,819.718,-549.320,28.575,54.3,Rolling
2.17000,12,1238.061,447.458,28.575,127.9,Sliding
2.17000,13,472.781,127.564,28.575,152.5,Rolling
2.17000,14,1084.625,-0.454,28.575,213.0,Rolling
2.17000,15,55.047,-315.199,28.575,304.2,Rolling
2.17500,0,330.537,-63.677,28.575,21.2,Rolling
2.17500,1,59.765,285.981,28.575,284.7,Rolling
2.17500,2,1205.320,-42.942,28.575,191.9,Rolling
2.17500,3,544.264,584.462,28.575,26.9,Rolling
2.17500,4,-124.764,-574.958,28.575,423.9,Rolling
2.17500,5,1238.800,56.416,28.575,0.0,Stationary
2.17500,6,600.921,185.416,28.575,288.9,Rolling
2.17500,7,724.080,298.157,28.575,184.9,Rolling
2.17500,8,256.702,-181.053,28.575,202.2,Rolling
2.17500,9,664.196,540.707,28.575,163.9,Rolling
2.17500,10,-886.123,-283.223,28.575,989.6,Rolling
2.17500,11,819.754,-549.052,28.575,53.8,Rolling
2.17500,12,1237.733,447.992,28.575,123.0,Sliding
2.17500,13,472.243,127.026,28.575,152.0,Rolling
2.17500,14,1084.744,0.603,28.575,212.5,Rolling
2.17500,15,53.802,-314.327,28.575,303.7,Rolling
2.18000,0,330.437,-63.706,28.575,20.7,Rolling
2.18000,1,58.460,286.549,28.575,284.2,Rolling
2.18000,2,1206.260,-42.757,28.575,191.4,Rolling
2.18000,3,544.152,584.389,28.575,26.4,Rolling
2.18000,4,-126.527,-576.133,28.575,423.4,Rolling
2.18000,5,1238.800,56.416,28.575,0.0,Stationary
2.18000,6,599.915,184.381,28.575,288.4,Rolling
2.18000,7,723.624,297.354,28.575,184.4,Rolling
2.18000,8,255.778,-181.460,28.575,201.8,Rolling
2.18000,9,664.167,541.525,28.575,163.4,Rolling
2.18000,10,-891.046,-283.712,28.575,989.1,Rolling
2.18000,11,819.790,-548.787,28.575,53.3,Rolling
2.18000,12,1237.452,448.527,28.575,119.5,Rolling
2.18000,13,471.706,126.489,28.575,151.5,Rolling
2.18000,14,1084.863,1.657,28.575,212.0,Rolling
2.18000,15,52.559,-313.457,28.575,303.2,Rolling
2.18500,0,330.339,-63.735,28.575,20.2,Rolling
2.18500,1,57.158,287.115,28.575,283.8,Rolling
2.18500,2,1207.198,-42.573,28.575,190.9,Rolling
2.18500,3,544.043,584.317,28.575,25.9,Rolling
2.18500,4,-128.287,-577.307,28.575,422.9,Rolling
2.18500,5,1238.800,56.416,28.575,0.0,Stationary
2.18500,6,598.911,183.347,28.575,287.9,Rolling
2.18500,7,723.170,296.553,28.575,183.9,Rolling
2.18500,8,254.856,-181.866,28.575,201.3,Rolling
2.18500,9,664.139,542.340,28.575,162.9,Rolling
2.18500,10,-895.966,-284.201,28.575,988.6,Rolling
2.18500,11,819.826,-548.525,28.575,52.8,Rolling
2.18500,12,1237.188,449.062,28.575,119.0,Rolling
2.18500,13,471.171,125.955,28.575,151.0,Rolling
2.18500,14,1084.982,2.710,28.575,211.5,Rolling
2.18500,15,51.318,-312.588,28.575,302.7,Rolling
2.19000,0,330.244,-63.764,28.575,19.7,Rolling
2.19000,1,55.859,287.681,28.575,283.3,Rolling
2.19000,2,1208.133,-42.389,28.575,190.4,Rolling
2.19000,3,543.936,584.247,28.575,25.4,Rolling
2.19000,4,-130.045,-578.480,28.575,422.4,Rolling
2.19000,5,1238.800,56.416,28.575,0.0,Stationary
2.19000,6,597.909,182.315,28.575,287.4,Rolling
2.19000,7,722.717,295.754,28.575,183.4,Rolling
2.19000,8,253.936,-182.271,28.575,200.8,Rolling
2.19000,9,664.110,543.153,28.575,162.5,Rolling
2.19000,10,-900.883,-284.690,28.575,988.1,Rolling
2.19000,11,819.862,-548.264,28.575,52.3,Rolling
2.19000,12,1236.924,449.594,28.575,118.6,Rolling
2.19000,13,470.638,125.422,28.575,150.5,Rolling
2.19000,14,1085.100,3.759,28.575,211.0,Rolling
2.19000,15,50.080,-311.720,28.575,302.2,Rolling
2.19500,0,330.150,-63.791,28.575,19.2,Rolling
2.19500,1,54.561,288.246,28.575,282.8,Rolling
2.19500,2,1209.066,-42.206,28.575,189.9,Rolling
2.19500,3,543.830,584.178,28.575,24.9,Rolling
2.19500,4,-131.801,-579.651,28.575,422.0,Rolling
2.19500,5,1238.800,56.416,28.575,0.0,Stationary
2.19500,6,596.909,181.285,28.575,287.0,Rolling
2.19500,7,722.266,294.957,28.575,182.9,Rolling
2.19500,8,253.018,-182.675,28.575,200.3,Rolling
2.19500,9,664.081,543.964,28.575,162.0,Rolling
2.19500,10,-905.798,-285.178,28.575,987.6,Rolling
2.19500,11,819.897,-548.006,28.575,51.8,Rolling
2.19500,12,1236.662,450.125,28.575,118.1,Rolling
2.19500,13,470.107,124.891,28.575,150.0,Rolling
2.19500,14,1085.218,4.807,28.575,210.6,Rolling
2.19500,15,48.843,-310.854,28.575,301.7,Rolling
2.20000,0,330.059,-63.818,28.575,18.7,Rolling
2.20000,1,53.266,288.810,28.575,282.3,Rolling
2.20000,2,1209.997,-42.023,28.575,189.4,Rolling
2.20000,3,543.727,584.110,28.575,24.4,Rolling
2.20000,4,-133.556,-580.821,28.575,421.5,Rolling
2.20000,5,1238.800,56.416,28.575,0.0,Stationary
2.20000,6,595.910,180.256,28.575,286.5,Rolling
2.20000,7,721.815,294.162,28.575,182.5,Rolling
2.20000,8,252.103,-183.078,28.575,199.8,Rolling
2.20000,9,664.053,544.772,28.575,161.5,Rolling
2.20000,10,-910.711,-285.666,28.575,987.1,Rolling
2.20000,11,819.932,-547.751,28.575,51.3,Rolling
2.20000,12,1236.401,450.653,28.575,117.6,Rolling
2.20000,13,469.577,124.362,28.575,149.5,Rolling
2.20000,14,1085.336,5.852,28.575,210.1,Rolling
2.20000,15,47.608,-309.990,28.575,301.2,Rolling
2.20500,0,329.971,-63.844,28.575,18.2,Rolling
2.20500,1,51.973,289.373,28.575,281.8,Rolling
2.20500,2,1210.925,-41.841,28.575,188.9,Rolling
2.20500,3,543.626,584.044,28.575,24.0,Rolling
2.20500,4,-135.308,-581.990,28.575,421.0,Rolling
2.20500,5,1238.800,56.416,28.575,0.0,Stationary
2.20500,6,594.913,179.229,28.575,286.0,Rolling
2.20500,7,721.366,293.370,28.575,182.0,Rolling
2.20500,8,251.190,-183.480,28.575,199.3,Rolling
2.20500,9,664.025,545.578,28.575,161.0,Rolling
2.20500,10,-915.621,-286.154,28.575,986.6,Rolling
2.20500,11,819.966,-547.498,28.575,50.8,Rolling
2.20500,12,1236.141,451.179,28.575,117.1,Rolling
2.20500,13,469.049,123.834,28.575,149.0,Rolling
2.20500,14,1085.454,6.894,28.575,209.6,Rolling
2.20500,15,46.375,-309.126,28.575,300.7,Rolling
2.21000,0,329.885,-63.870,28.575,17.7,Rolling
2.21000,1,50.682,289.935,28.575,281.3,Rolling
2.21000,2,1211.851,-41.659,28.575,188.4,Rolling
2.21000,3,543.527,583.979,28.575,23.5,Rolling
2.21000,4,-137.058,-583.157,28.575,420.5,Rolling
2.21000,5,1238.800,56.416,28.575,0.0,Stationary
2.21000,6,593.918,178.204,28.575,285.5,Rolling
2.21000,7,720.918,292.579,28.575,181.5,Rolling
2.21000,8,250.279,-183.881,28.575,198.8,Rolling
2.21000,9,663.996,546.381,28.575,160.5,Rolling
2.21000,10,-920.529,-286.642,28.575,986.1,Rolling
2.21000,11,820.001,-547.247,28.575,50.3,Rolling
2.21000,12,1235.882,451.702,28.575,116.6,Rolling
2.21000,13,468.523,123.308,28.575,148.5,Rolling
2.21000,14,1085.571,7.934,28.575,209.1,Rolling
2.21000,15,45.145,-308.264,28.575,300.3,Rolling
2.21500,0,329.801,-63.895,28.575,17.2,Rolling
2.21500,1,49.394,290.496,28.575,280.8,Rolling
2.21500,2,1212.774,-41.478,28.575,188.0,Rolling
2.21500,3,543.430,583.915,28.575,23.0,Rolling
2.21500,4,-138.806,-584.323,28.575,420.0,Rolling
2.21500,5,1238.800,56.416,28.575,0.0,Stationary
2.21500,6,592.925,177.181,28.575,285.0,Rolling
2.21500,7,720.471,291.791,28.575,181.0,Rolling
2.21500,8,249.370,-184.281,28.575,198.3,Rolling
2.21500,9,663.968,547.181,28.575,160.0,Rolling
2.21500,10,-925.434,-287.129,28.575,985.7,Rolling
2.21500,11,820.035,-546.999,28.575,49.8,Rolling
2.21500,12,1235.624,452.224,28.575,116.1,Rolling
2.21500,13,467.998,122.784,28.575,148.1,Rolling
2.21500,14,1085.688,8.972,28.575,208.6,Rolling
2.21500,15,43.916,-307.404,28.575,299.8,Rolling
2.22000,0,329.719,-63.919,28.575,16.8,Rolling
2.22000,1,48.108,291.056,28.575,280.3,Rolling
2.22000,2,1213.695,-41.297,28.575,187.5,Rolling
2.22000,3,543.335,583.853,28.575,22.5,Rolling
2.22000,4,-140.552,-585.487,28.575,419.5,Rolling
2.22000,5,1238.800,56.416,28.575,0.0,Stationary
2.22000,6,591.933,176.160,28.575,284.5,Rolling
2.22000,7,720.025,291.005,28.575,180.5,Rolling
2.22000,8,248.464,-184.680,28.575,197.8,Rolling
2.22000,9,663.940,547.980,28.575,159.5,Rolling
2.22000,10,-930.337,-287.616,28.575,985.2,Rolling
2.22000,11,820.068,-546.754,28.575,49.4,Rolling
2.22000,12,1235.368,452.743,28.575,115.6,Rolling
2.22000,13,467.476,122.262,28.575,147.6,Rolling
2.22000,14,1085.805,10.007,28.575,208.1,Rolling
2.22000,15,42.689,-306.545,28.575,299.3,Rolling
2.22500,0,329.640,-63.942,28.575,16.3,Rolling
2.22500,1,46.824,291.615,28.575,279.8,Rolling
2.22500,2,1214.614,-41.117,28.575,187.0,Rolling
2.22500,3,543.242,583.792,28.575,22.0,Rolling
2.22500,4,-142.296,-586.650,28.575,419.0,Rolling
2.22500,5,1238.800,56.416,28.575,0.0,Stationary
2.22500,6,590.943,175.140,28.575,284.0,Rolling
2.22500,7,719.581,290.221,28.575,180.0,Rolling
2.22500,8,247.559,-185.078,28.575,197.3,Rolling
2.22500,9,663.912,548.776,28.575,159.0,Rolling
2.22500,10,-935.238,-288.103,28.575,984.7,Rolling
2.22500,11,820.101,-546.510,28.575,48.9,Rolling
2.22500,12,1235.112,453.260,28.575,115.1,Rolling
2.22500,13,466.955,121.741,28.575,147.1,Rolling
2.22500,14,1085.921,11.040,28.575,207.6,Rolling
2.22500,15,41.465,-305.687,28.575,298.8,Rolling
2.23000,0,329.563,-63.965,28.575,15.8,Rolling
2.23000,1,45.542,292.173,28.575,279.3,Rolling
2.23000,2,1215.530,-40.937,28.575,186.5,Rolling
2.23000,3,543.151,583.732,28.575,21.5,Rolling
2.23000,4,-144.038,-587.812,28.575,418.5,Rolling
2.23000,5,1238.800,56.416,28.575,0.0,Stationary
2.23000,6,589.955,174.122,28.575,283.5,Rolling
2.23000,7,719.138,289.439,28.575,179.5,Rolling
2.23000,8,246.657,-185.475,28.575,196.9,Rolling
2.23000,9,663.884,549.569,28.575,158.5,Rolling
2.23000,10,-940.136,-288.589,28.575,984.2,Rolling
2.23000,11,820.134,-546.269,28.575,48.4,Rolling
2.23000,12,1234.858,453.775,28.575,114.6,Rolling
2.23000,13,466.435,121.222,28.575,146.6,Rolling
2.23000,14,1086.037,12.070,28.575,207.1,Rolling
2.23000,15,40.242,-304.831,28.575,298.3,Rolling
2.23500,0,329.489,-63.987,28.575,15.3,Rolling
2.23500,1,44.263,292.730,28.575,278.8,Rolling
2.23500,2,1216.443,-40.758,28.575,186.0,Rolling
2.23500,3,543.062,583.674,28.575,21.0,Rolling
2.23500,4,-145.778,-588.972,28.575,418.0,Rolling
2.23500,5,1238.800,56.416,28.575,0.0,Stationary
2.23500,6,588.968,173.106,28.575,283.0,Rolling
2.23500,7,718.696,288.659,28.575,179.0,Rolling
2.23500,8,245.758,-185.872,28.575,196.4,Rolling
2.23500,9,663.856,550.360,28.575,158.0,Rolling
2.23500,10,-945.031,-289.076,28.575,983.7,Rolling
2.23500,11,820.167,-546.031,28.575,47.9,Rolling
2.23500,12,1234.604,454.288,28.575,114.1,Rolling
2.23500,13,465.918,120.705,28.575,146.1,Rolling
2.23500,14,1086.153,13.098,28.575,206.6,Rolling
2.23500,15,39.021,-303.976,28.575,297.8,Rolling
2.24000,0,329.417,-64.008,28.575,14.8,Rolling
2.24000,1,42.985,293.286,28.575,278.4,Rolling
2.24000,2,1217.355,-40.579,28.575,185.5,Rolling
2.24000,3,542.975,583.617,28.575,20.5,Rolling
2.24000,4,-147.516,-590.131,28.575,417.5,Rolling
2.24000,5,1238.800,56.416,28.575,0.0,Stationary
2.24000,6,587.983,172.091,28.575,282.5,Rolling
2.24000,7,718.255,287.882,28.575,178.5,Rolling
2.24000,8,244.860,-186.267,28.575,195.9,Rolling
2.24000,9,663.828,551.148,28.575,157.5,Rolling
2.24000,10,-949.925,-289.562,28.575,983.2,Rolling
2.24000,11,820.199,-545.795,28.575,47.4,Rolling
2.24000,12,1234.352,454.798,28.575,113.6,Rolling
2.24000,13,465.402,120.189,28.575,145.6,Rolling
2.24000,14,1086.269,14.123,28.575,206.1,Rolling
2.24000,15,37.803,-303.122,28.575,297.3,Rolling
2.24500,0,329.347,-64.029,28.575,14.3,Rolling
2.24500,1,41.710,293.841,28.575,277.9,Rolling
2.24500,2,1218.264,-40.400,28.575,185.0,Rolling
2.24500,3,542.890,583.561,28.575,20.0,Rolling
2.24500,4,-149.252,-591.289,28.575,417.0,Rolling
2.24500,5,1238.800,56.416,28.575,0.0,Stationary
2.24500,6,587.000,171.079,28.575,282.1,Rolling
2.24500,7,717.815,287.106,28.575,178.0,Rolling
2.24500,8,243.965,-186.661,28.575,195.4,Rolling
2.24500,9,663.801,551.934,28.575,157.1,Rolling
2.24500,10,-954.815,-290.048,28.575,982.7,Rolling
2.24500,11,820.231,-545.561,28.575,46.9,Rolling
2.24500,12,1234.100,455.306,28.575,113.2,Rolling
2.24500,13,464.888,119.676,28.575,145.1,Rolling
2.24500,14,1086.384,15.146,28.575,205.7,Rolling
2.24500,15,36.586,-302.270,28.575,296.8,Rolling
2.25000,0,329.280,-64.049,28.575,13.8,Rolling
2.25000,1,40.438,294.395,28.575,277.4,Rolling
2.25000,2,1219.170,-40.222,28.575,184.5,Rolling
2.25000,3,542.808,583.507,28.575,19.5,Rolling
2.25000,4,-150.985,-592.445,28.575,416.6,Rolling
2.25000,5,1238.800,56.416,28.575,0.0,Stationary
2.25000,6,586.018,170.068,28.575,281.6,Rolling
2.25000,7,717.377,286.333,28.575,177.6,Rolling
2.25000,8,243.072,-187.054,28.575,194.9,Rolling
2.25000,9,663.773,552.718,28.575,156.6,Rolling
2.25000,10,-959.704,-290.533,28.575,982.2,Rolling
2.25000,11,820.262,-545.330,28.575,46.4,Rolling
2.25000,12,1233.850,455.813,28.575,112.7,Rolling
2.25000,13,464.376,119.163,28.575,144.6,Rolling
2.25000,14,1086.499,16.167,28.575,205.2,Rolling
2.25000,15,35.371,-301.419,28.575,296.3,Rolling
2.25500,0,329.215,-64.068,28.575,13.3,Rolling
2.25500,1,39.167,294.948,28.575,276.9,Rolling
2.25500,2,1220.074,-40.045,28.575,184.0,Rolling
2.25500,3,542.727,583.454,28.575,19.0,Rolling
2.25500,4,-152.717,-593.600,28.575,416.1,Rolling
2.25500,5,1238.800,56.416,28.575,0.0,Stationary
2.25500,6,585.038,169.058,28.575,281.1,Rolling
2.25500,7,716.940,285.561,28.575,177.1,Rolling
2.25500,8,242.181,-187.446,28.575,194.4,Rolling
2.25500,9,663.746,553.499,28.575,156.1,Rolling
2.25500,10,-964.589,-291.019,28.575,981.7,Rolling
2.25500,11,820.294,-545.102,28.575,45.9,Rolling
2.25500,12,1233.601,456.316,28.575,112.2,Rolling
2.25500,13,463.865,118.653,28.575,144.1,Rolling
2.25500,14,1086.614,17.185,28.575,204.7,Rolling
2.25500,15,34.159,-300.570,28.575,295.8,Rolling
2.26000,0,329.152,-64.087,28.575,12.8,Rolling
2.26000,1,37.899,295.500,28.575,276.4,Rolling
2.26000,2,1220.976,-39.868,28.575,183.5,Rolling
2.26000,3,542.649,583.402,28.575,18.6,Rolling
2.26000,4,-154.447,-594.754,28.575,415.6,Rolling
2.26000,5,1238.800,56.416,28.575,0.0,Stationary
2.26000,6,584.060,168.051,28.575,280.6,Rolling
2.26000,7,716.504,284.792,28.575,176.6,Rolling
2.26000,8,241.293,-187.837,28.575,193.9,Rolling
2.26000,9,663.718,554.278,28.575,155.6,Rolling
2.26000,10,-969.473,-291.504,28.575,981.2,Rolling
2.26000,11,820.325,-544.875,28.575,45.4,Rolling
2.26000,12,1233.353,456.818,28.575,111.7,Rolling
2.26000,13,463.356,118.145,28.575,143.6,Rolling
2.26000,14,1086.728,18.201,28.575,204.2,Rolling
2.26000,15,32.948,-299.722,28.575,295.4,Rolling
2.26500,0,329.092,-64.105,28.575,12.3,Rolling
2.26500,1,36.633,296.051,28.575,275.9,Rolling
2.26500,2,1221.875,-39.691,28.575,183.0,Rolling
2.26500,3,542.572,583.352,28.575,18.1,Rolling
2.26500,4,-156.175,-595.906,28.575,415.1,Rolling
2.26500,5,1238.800,56.416,28.575,0.0,Stationary
2.26500,6,583.084,167.045,28.575,280.1,Rolling
2.26500,7,716.069,284.025,28.575,176.1,Rolling
2.26500,8,240.407,-188.227,28.575,193.4,Rolling
2.26500,9,663.691,555.054,28.575,155.1,Rolling
2.26500,10,-974.354,-291.989,28.575,980.8,Rolling
2.26500,11,820.355,-544.651,28.575,44.9,Rolling
2.26500,12,1233.106,457.318,28.575,111.2,Rolling
2.26500,13,462.849,117.638,28.575,143.2,Rolling
2.26500,14,1086.843,19.214,28.575,203.7,Rolling
2.26500,15,31.740,-298.876,28.575,294.9,Rolling
2.27000,0,329.034,-64.122,28.575,11.8,Rolling
2.27000,1,35.369,296.601,28.575,275.4,Rolling
2.27000,2,1222.772,-39.515,28.575,182.6,Rolling
2.27000,3,542.497,583.303,28.575,17.6,Rolling
2.27000,4,-157.900,-597.057,28.575,414.6,Rolling
2.27000,5,1238.800,56.416,28.575,0.0,Stationary
2.27000,6,582.109,166.041,28.575,279.6,Rolling
2.27000,7,715.636,283.260,28.575,175.6,Rolling
2.27000,8,239.523,-188.617,28.575,192.9,Rolling
2.27000,9,663.664,555.828,28.575,154.6,Rolling
2.27000,10,-979.232,-292.474,28.575,980.3,Rolling
2.27000,11,820.385,-544.430,28.575,44.5,Rolling
2.27000,12,1232.860,457.815,28.575,110.7,Rolling
2.27000,13,462.344,117.133,28.575,142.7,Rolling
2.27000,14,1086.957,20.225,28.575,203.2,Rolling
2.27000,15,30.533,-298.031,28.575,294.4,Rolling
2.27500,0,328.978,-64.138,28.575,11.4,Rolling
2.27500,1,34.108,297.151,28.575,274.9,Rolling
2.27500,2,1223.667,-39.339,28.575,182.1,Rolling
2.27500,3,542.425,583.256,28.575,17.1,Rolling
2.27500,4,-159.624,-598.206,28.575,414.1,Rolling
2.27500,5,1238.800,56.416,28.575,0.0,Stationary
2.27500,6,581.136,165.039,28.575,279.1,Rolling
2.27500,7,715.203,282.498,28.575,175.1,Rolling
2.27500,8,238.641,-189.005,28.575,192.4,Rolling
2.27500,9,663.637,556.599,28.575,154.1,Rolling
2.27500,10,-984.108,-292.958,28.575,979.8,Rolling
2.27500,11,820.415,-544.211,28.575,44.0,Rolling
2.27500,12,1232.615,458.310,28.575,110.2,Rolling
2.27500,13,461.840,116.629,28.575,142.2,Rolling
2.27500,14,1087.070,21.233,28.575,202.7,Rolling
2.27500,15,29.328,-297.187,28.575,293.9,Rolling
2.28000,0,328.925,-64.154,28.575,10.9,Rolling
2.28000,1,32.848,297.699,28.575,274.4,Rolling
2.28000,2,1224.559,-39.164,28.575,181.6,Rolling
2.28000,3,542.355,583.210,28.575,16.6,Rolling
2.28000,4,-161.346,-599.355,28.575,413.6,Rolling
2.28000,5,1238.800,56.416,28.575,0.0,Stationary
2.28000,6,580.165,164.039,28.575,278.6,Rolling
2.28000,7,714.772,281.737,28.575,174.6,Rolling
2.28000,8,237.761,-189.392,28.575,191.9,Rolling
2.28000,9,663.609,557.368,28.575,153.6,Rolling
2.28000,10,-988.982,-293.442,28.575,979.3,Rolling
2.28000,11,820.445,-543.994,28.575,43.5,Rolling
2.28000,12,1232.372,458.803,28.575,109.7,Rolling
2.28000,13,461.338,116.128,28.575,141.7,Rolling
2.28000,14,1087.184,22.239,28.575,202.2,Rolling
2.28000,15,28.126,-296.345,28.575,293.4,Rolling
2.28500,0,328.874,-64.169,28.575,10.4,Rolling
2.28500,1,31.591,298.246,28.575,273.9,Rolling
2.28500,2,1225.448,-38.989,28.575,181.1,Rolling
2.28500,3,542.286,583.165,28.575,16.1,Rolling
2.28500,4,-163.065,-600.501,28.575,413.1,Rolling
2.28500,5,1238.800,56.416,28.575,0.0,Stationary
2.28500,6,579.195,163.040,28.575,278.1,Rolling
2.28500,7,714.342,280.979,28.575,174.1,Rolling
2.28500,8,236.884,-189.778,28.575,191.5,Rolling
2.28500,9,663.583,558.134,28.575,153.1,Rolling
2.28500,10,-993.853,-293.926,28.575,978.8,Rolling
2.28500,11,820.474,-543.780,28.575,43.0,Rolling
2.28500,12,1232.129,459.294,28.575,109.2,Rolling
2.28500,13,460.838,115.628,28.575,141.2,Rolling
2.28500,14,1087.297,23.243,28.575,201.7,Rolling
2.28500,15,26.925,-295.504,28.575,292.9,Rolling
2.29000,0,328.825,-64.184,28.575,9.9,Rolling
2.29000,1,30.337,298.792,28.575,273.5,Rolling
2.29000,2,1226.336,-38.815,28.575,180.6,Rolling
2.29000,3,542.220,583.121,28.575,15.6,Rolling
2.29000,4,-164.783,-601.647,28.575,412.6,Rolling
2.29000,5,1238.800,56.416,28.575,0.0,Stationary
2.29000,6,578.227,162.043,28.575,277.6,Rolling
2.29000,7,713.914,280.222,28.575,173.6,Rolling
2.29000,8,236.009,-190.164,28.575,191.0,Rolling
2.29000,9,663.556,558.898,28.575,152.6,Rolling
2.29000,10,-998.722,-294.410,28.575,978.3,Rolling
2.29000,11,820.503,-543.569,28.575,42.5,Rolling
2.29000,12,1231.888,459.782,28.575,108.7,Rolling
2.29000,13,460.339,115.130,28.575,140.7,Rolling
2.29000,14,1087.410,24.244,28.575,201.2,Rolling
2.29000,15,25.727,-294.664,28.575,292.4,Rolling
2.29500,0,328.779,-64.197,28.575,9.4,Rolling
2.29500,1,29.084,299.338,28.575,273.0,Rolling
2.29500,2,1227.220,-38.641,28.575,180.1,Rolling
2.29500,3,542.156,583.079,28.575,15.1,Rolling
2.29500,4,-166.498,-602.791,28.575,412.1,Rolling
2.29500,5,1238.800,56.416,28.575,0.0,Stationary
2.29500,6,577.261,161.048,28.575,277.2,Rolling
2.29500,7,713.486,279.468,28.575,173.1,Rolling
2.29500,8,235.136,-190.548,28.575,190.5,Rolling
2.29500,9,663.529,559.660,28.575,152.2,Rolling
2.29500,10,-1003.588,-294.893,28.575,977.8,Rolling
2.29500,11,820.532,-543.359,28.575,42.0,Rolling
2.29500,12,1231.647,460.268,28.575,108.3,Rolling
2.29500,13,459.842,114.633,28.575,140.2,Rolling
2.29500,14,1087.522,25.242,28.575,200.7,Rolling
2.29500,15,24.530,-293.826,28.575,291.9,Rolling
2.30000,0,328.735,-64.210,28.575,8.9,Rolling
2.30000,1,27.834,299.882,28.575,272.5,Rolling
2.30000,2,1228.103,-38.468,28.575,179.6,Rolling
2.30000,3,542.093,583.038,28.575,14.6,Rolling
2.30000,4,-168.211,-603.933,28.575,411.7,Rolling
2.30000,5,1238.800,56.416,28.575,0.0,Stationary
2.30000,6,576.297,160.055,28.575,276.7,Rolling
2.30000,7,713.060,278.716,28.575,172.6,Rolling
2.30000,8,234.266,-190.931,28.575,190.0,Rolling
2.30000,9,663.502,560.419,28.575,151.7,Rolling
2.30000,10,-1008.452,-295.376,28.575,977.3,Rolling
2.30000,11,820.560,-543.152,28.575,41.5,Rolling
2.30000,12,1231.408,460.753,28.575,107.8,Rolling
2.30000,13,459.347,114.139,28.575,139.7,Rolling
2.30000,14,1087.635,26.238,28.575,200.3,Rolling
2.30000,15,23.336,-292.990,28.575,291.4,Rolling
2.30500,0,328.694,-64.223,28.575,8.4,Rolling
2.30500,1,26.586,300.425,28.575,272.0,Rolling
2.30500,2,1228.983,-38.295,28.575,179.1,Rolling
2.30500,3,542.033,582.999,28.575,14.1,Rolling
2.30500,4,-169.923,-605.075,28.575,411.2,Rolling
2.30500,5,1238.800,56.416,28.575,0.0,Stationary
2.30500,6,575.334,159.063,28.575,276.2,Rolling
2.30500,7,712.635,277.966,28.575,172.2,Rolling
2.30500,8,233.398,-191.313,28.575,189.5,Rolling
2.30500,9,663.475,561.175,28.575,151.2,Rolling
2.30500,10,-1013.314,-295.859,28.575,976.8,Rolling
2.30500,11,820.588,-542.948,28.575,41.0,Rolling
2.30500,12,1231.170,461.235,28.575,107.3,Rolling
2.30500,13,458.854,113.646,28.575,139.2,Rolling
2.30500,14,1087.747,27.232,28.575,199.8,Rolling
2.30500,15,22.143,-292.155,28.575,290.9,Rolling
2.31000,0,328.655,-64.234,28.575,7.9,Rolling
2.31000,1,25.340,300.968,28.575,271.5,Rolling
2.31000,2,1229.861,-38.123,28.575,178.6,Rolling
2.31000,3,541.975,582.961,28.575,13.7,Rolling
2.31000,4,-171.632,-606.215,28.575,410.7,Rolling
2.31000,5,1238.800,56.416,28.575,0.0,Stationary
2.31000,6,574.373,158.074,28.575,275.7,Rolling
2.31000,7,712.211,277.218,28.575,171.7,Rolling
2.31000,8,232.532,-191.695,28.575,189.0,Rolling
2.31000,9,663.449,561.930,28.575,150.7,Rolling
2.31000,10,-1018.173,-296.342,28.575,976.3,Rolling
2.31000,11,820.615,-542.746,28.575,40.5,Rolling
2.31000,12,1230.932,461.714,28.575,106.8,Rolling
2.31000,13,458.363,113.154,28.575,138.7,Rolling
2.31000,14,1087.858,28.224,28.575,199.3,Rolling
2.31000,15,20.953,-291.321,28.575,290.5,Rolling
2.31500,0,328.618,-64.245,28.575,7.4,Rolling
2.31500,1,24.097,301.509,28.575,271.0,Rolling
2.31500,2,1230.736,-37.951,28.575,178.1,Rolling
2.31500,3,541.919,582.924,28.575,13.2,Rolling
2.31500,4,-173.087,-605.801,28.650,318.7,Airborne
2.31500,5,1238.800,56.416,28.575,0.0,Stationary
2.31500,6,573.413,157.086,28.575,275.2,Rolling
2.31500,7,711.788,276.473,28.575,171.2,Rolling
2.31500,8,231.668,-192.075,28.575,188.5,Rolling
2.31500,9,663.422,562.681,28.575,150.2,Rolling
2.31500,10,-1023.029,-296.825,28.575,975.8,Rolling
2.31500,11,820.643,-542.546,28.575,40.0,Rolling
2.31500,12,1230.696,462.192,28.575,106.3,Rolling
2.31500,13,457.873,112.665,28.575,138.2,Rolling
2.31500,14,1087.970,29.212,28.575,198.8,Rolling
2.31500,15,19.764,-290.488,28.575,290.0,Rolling
2.32000,0,328.583,-64.255,28.575,6.9,Rolling
2.32000,1,22.855,302.049,28.575,270.5,Rolling
2.32000,2,1231.609,-37.780,28.575,177.7,Rolling
2.32000,3,541.865,582.888,28.575,12.7,Rolling
2.32000,4,-174.485,-605.037,28.596,318.9,Airborne
2.32000,5,1238.800,56.416,28.575,0.0,Stationary
2.32000,6,572.456,156.099,28.575,274.7,Rolling
2.32000,7,711.367,275.729,28.575,170.7,Rolling
2.32000,8,230.806,-192.454,28.575,188.0,Rolling
2.32000,9,663.396,563.431,28.575,149.7,Rolling
2.32000,10,-1027.883,-297.307,28.575,975.4,Rolling
2.32000,11,820.670,-542.349,28.575,39.5,Rolling
2.32000,12,1230.461,462.667,28.575,105.8,Rolling
2.32000,13,457.385,112.177,28.575,137.8,Rolling
2.32000,14,1088.081,30.199,28.575,198.3,Rolling
2.32000,15,18.578,-289.657,28.575,289.5,Rolling
2.32500,0,328.551,-64.265,28.575,6.5,Rolling
2.32500,1,21.616,302.589,28.575,270.0,Rolling
2.32500,2,1232.479,-37.609,28.575,177.2,Rolling
2.32500,3,541.813,582.854,28.575,12.2,Rolling
2.32500,4,-175.884,-604.272,28.585,318.7,Airborne
2.32500,5,1238.800,56.416,28.575,0.0,Stationary
2.32500,6,571.500,155.115,28.575,274.2,Rolling
2.32500,7,710.947,274.988,28.575,170.2,Rolling
2.32500,8,229.947,-192.832,28.575,187.5,Rolling
2.32500,9,663.370,564.177,28.575,149.2,Rolling
2.32500,10,-1032.735,-297.789,28.575,974.9,Rolling
2.32500,11,820.696,-542.155,28.575,39.1,Rolling
2.32500,12,1230.228,463.140,28.575,105.3,Rolling
2.32500,13,456.898,111.691,28.575,137.3,Rolling
2.32500,14,1088.192,31.183,28.575,197.8,Rolling
2.32500,15,17.393,-288.828,28.575,289.0,Rolling
2.33000,0,328.521,-64.274,28.575,6.0,Rolling
2.33000,1,20.380,303.127,28.575,269.5,Rolling
2.33000,2,1233.347,-37.438,28.575,176.7,Rolling
2.33000,3,541.763,582.822,28.575,11.7,Rolling
2.33000,4,-177.282,-603.507,28.575,318.7,Airborne
2.33000,5,1238.800,56.416,28.575,0.0,Stationary
2.33000,6,570.546,154.132,28.575,273.7,Rolling
2.33000,7,710.528,274.249,28.575,169.7,Rolling
2.33000,8,229.090,-193.210,28.575,187.0,Rolling
2.33000,9,663.344,564.922,28.575,148.7,Rolling
2.33000,10,-1037.584,-298.271,28.575,974.4,Rolling
2.33000,11,820.722,-541.962,28.575,38.6,Rolling
2.33000,12,1229.995,463.611,28.575,104.8,Rolling
2.33000,13,456.414,111.207,28.575,136.8,Rolling
2.33000,14,1088.303,32.164,28.575,197.3,Rolling
2.33000,15,16.211,-287.999,28.575,288.5,Rolling
2.33500,0,328.494,-64.282,28.575,5.5,Rolling
2.33500,1,19.145,303.665,28.575,269.0,Rolling
2.33500,2,1234.213,-37.268,28.575,176.2,Rolling
2.33500,3,541.715,582.790,28.575,11.2,Rolling
2.33500,4,-178.681,-602.763,28.575,315.1,Sliding
2.33500,5,1238.800,56.416,28.575,0.0,Stationary
2.33500,6,569.593,153.151,28.575,273.2,Rolling
2.33500,7,710.110,273.512,28.575,169.2,Rolling
2.33500,8,228.235,-193.586,28.575,186.6,Rolling
2.33500,9,663.317,565.664,28.575,148.2,Rolling
2.33500,10,-1042.431,-298.752,28.575,973.9,Rolling
2.33500,11,820.748,-541.772,28.575,38.1,Rolling
2.33500,12,1229.763,464.080,28.575,104.3,Rolling
2.33500,13,455.931,110.724,28.575,136.3,Rolling
2.33500,14,1088.413,33.144,28.575,196.8,Rolling
2.33500,15,15.030,-287.173,28.575,288.0,Rolling
2.34000,0,328.469,-64.289,28.575,5.0,Rolling
2.34000,1,17.913,304.201,28.575,268.6,Rolling
2.34000,2,1235.076,-37.099,28.575,175.7,Rolling
2.34000,3,541.670,582.760,28.575,10.7,Rolling
2.34000,4,-180.084,-602.067,28.575,311.4,Sliding
2.34000,5,1238.800,56.416,28.575,0.0,Stationary
2.34000,6,568.642,152.172,28.575,272.7,Rolling
2.34000,7,709.693,272.777,28.575,168.7,Rolling
2.34000,8,227.382,-193.962,28.575,186.1,Rolling
2.34000,9,663.291,566.403,28.575,147.7,Rolling
2.34000,10,-1047.275,-299.233,28.575,973.4,Rolling
2.34000,11,820.774,-541.585,28.575,37.6,Rolling
2.34000,12,1229.532,464.546,28.575,103.8,Rolling
2.34000,13,455.450,110.244,28.575,135.8,Rolling
2.34000,14,1088.523,34.120,28.575,196.3,Rolling
2.34000,15,13.852,-286.347,28.575,287.5,Rolling
2.34500,0,328.446,-64.296,28.575,4.5,Rolling
2.34500,1,16.683,304.737,28.575,268.1,Rolling
2.34500,2,1235.937,-36.930,28.575,175.2,Rolling
2.34500,3,541.626,582.731,28.575,10.2,Rolling
2.34500,4,-181.491,-601.420,28.575,308.0,Sliding
2.34500,5,1238.800,56.416,28.575,0.0,Stationary
2.34500,6,567.693,151.194,28.575,272.2,Rolling
2.34500,7,709.278,272.044,28.575,168.2,Rolling
2.34500,8,226.532,-194.336,28.575,185.6,Rolling
2.34500,9,663.265,567.140,28.575,147.2,Rolling
2.34500,10,-1052.117,-299.715,28.575,972.9,Rolling
2.34500,11,820.799,-541.400,28.575,37.1,Rolling
2.34500,12,1229.303,465.011,28.575,103.4,Rolling
2.34500,13,454.970,109.764,28.575,135.3,Rolling
2.34500,14,1088.633,35.095,28.575,195.8,Rolling
2.34500,15,12.675,-285.523,28.575,287.0,Rolling
2.35000,0,328.426,-64.302,28.575,4.0,Rolling
2.35000,1,15.455,305.271,28.575,267.6,Rolling
2.35000,2,1236.795,-36.761,28.575,174.7,Rolling
2.35000,3,541.584,582.704,28.575,9.7,Rolling
2.35000,4,-182.901,-600.822,28.575,304.8,Sliding
2.35000,5,1238.800,56.416,28.575,0.0,Stationary
2.35000,6,566.746,150.218,28.575,271.8,Rolling
2.35000,7,708.864,271.313,28.575,167.7,Rolling
2.35000,8,225.684,-194.709,28.575,185.1,Rolling
2.35000,9,663.240,567.875,28.575,146.8,Rolling
2.35000,10,-1056.957,-300.195,28.575,972.4,Rolling
2.35000,11,820.824,-541.217,28.575,36.6,Rolling
2.35000,12,1229.074,465.473,28.575,102.9,Rolling
2.35000,13,454.493,109.287,28.575,134.8,Rolling
2.35000,14,1088.743,36.066,28.575,195.4,Rolling
2.35000,15,11.501,-284.701,28.575,286.5,Rolling
2.35500,0,328.408,-64.307,28.575,3.5,Rolling
2.35500,1,14.230,305.805,28.575,267.1,Rolling
2.35500,2,1237.651,-36.593,28.575,174.2,Rolling
2.35500,3,541.544,582.678,28.575,9.2,Rolling
2.35500,4,-184.315,-600.273,28.575,301.9,Sliding
2.35500,5,1238.800,56.416,28.575,0.0,Stationary
2.35500,6,565.800,149.244,28.575,271.3,Rolling
2.35500,7,708.451,270.584,28.575,167.3,Rolling
2.35500,8,224.838,-195.082,28.575,184.6,Rolling
2.35500,9,663.214,568.607,28.575,146.3,Rolling
2.35500,10,-1061.794,-300.676,28.575,971.9,Rolling
2.35500,11,820.849,-541.037,28.575,36.1,Rolling
2.35500,12,1228.847,465.933,28.575,102.4,Rolling
2.35500,13,454.017,108.811,28.575,134.3,Rolling
2.35500,14,1088.852,37.036,28.575,194.9,Rolling
2.35500,15,10.328,-283.880,28.575,286.0,Rolling
2.36000,0,328.392,-64.312,28.575,3.0,Rolling
2.36000,1,13.006,306.337,28.575,266.6,Rolling
2.36000,2,1238.505,-36.426,28.575,173.7,Rolling
2.36000,3,541.507,582.653,28.575,8.8,Rolling
2.36000,4,-185.732,-599.772,28.575,299.3,Sliding
2.36000,5,1238.800,56.416,28.575,0.0,Stationary
2.36000,6,564.856,148.272,28.575,270.8,Rolling
2.36000,7,708.039,269.858,28.575,166.8,Rolling
2.36000,8,223.995,-195.453,28.575,184.1,Rolling
2.36000,9,663.188,569.337,28.575,145.8,Rolling
2.36000,10,-1066.628,-301.156,28.575,971.4,Rolling
2.36000,11,820.873,-540.860,28.575,35.6,Rolling
2.36000,12,1228.621,466.391,28.575,101.9,Rolling
2.36000,13,453.543,108.338,28.575,133.8,Rolling
2.36000,14,1088.961,38.003,28.575,194.4,Rolling
2.36000,15,9.158,-283.060,28.575,285.5,Rolling
2.36500,0,328.379,-64.316,28.575,2.5,Rolling
2.36500,1,11.785,306.869,28.575,266.1,Rolling
2.36500,2,1239.356,-36.259,28.575,173.2,Rolling
2.36500,3,541.471,582.630,28.575,8.3,Rolling
2.36500,4,-187.153,-599.321,28.575,297.1,Sliding
2.36500,5,1238.800,56.416,28.575,0.0,Stationary
2.36500,6,563.914,147.302,28.575,270.3,Rolling
2.36500,7,707.628,269.134,28.575,166.3,Rolling
2.36500,8,223.153,-195.823,28.575,183.6,Rolling
2.36500,9,663.162,570.064,28.575,145.3,Rolling
2.36500,10,-1071.460,-301.636,28.575,970.9,Rolling
2.36500,11,820.897,-540.684,28.575,35.1,Rolling
2.36500,12,1228.395,466.846,28.575,101.4,Rolling
2.36500,13,453.070,107.865,28.575,133.3,Rolling
2.36500,14,1089.070,38.967,28.575,193.9,Rolling
2.36500,15,7.989,-282.242,28.575,285.1,Rolling
2.37000,0,328.368,-64.319,28.575,2.0,Rolling
2.37000,1,10.567,307.399,28.575,265.6,Rolling
2.37000,2,1240.205,-36.092,28.575,172.7,Rolling
2.37000,3,541.438,582.608,28.575,7.8,Rolling
2.37000,4,-188.577,-598.919,28.575,295.1,Sliding
2.37000,5,1238.800,56.416,28.575,0.0,Stationary
2.37000,6,562.973,146.333,28.575,269.8,Rolling
2.37000,7,707.219,268.411,28.575,165.8,Rolling
2.37000,8,222.314,-196.193,28.575,183.1,Rolling
2.37000,9,663.137,570.789,28.575,144.8,Rolling
2.37000,10,-1076.290,-302.116,28.575,970.5,Rolling
2.37000,11,820.921,-540.512,28.575,34.6,Rolling
2.37000,12,1228.171,467.299,28.575,100.9,Rolling
2.37000,13,452.599,107.395,28.575,132.9,Rolling
2.37000,14,1089.178,39.929,28.575,193.4,Rolling
2.37000,15,6.823,-281.425,28.575,284.6,Rolling
2.37500,0,328.359,-64.322,28.575,1.6,Rolling
2.37500,1,9.350,307.929,28.575,265.1,Rolling
2.37500,2,1241.051,-35.926,28.575,172.3,Rolling
2.37500,3,541.406,582.587,28.575,7.3,Rolling
2.37500,4,-190.003,-598.549,28.575,294.3,Rolling
2.37500,5,1238.800,56.416,28.575,0.0,Stationary
2.37500,6,562.034,145.366,28.575,269.3,Rolling
2.37500,7,706.811,267.691,28.575,165.3,Rolling
2.37500,8,221.477,-196.561,28.575,182.6,Rolling
2.37500,9,663.112,571.511,28.575,144.3,Rolling
2.37500,10,-1081.117,-302.596,28.575,970.0,Rolling
2.37500,11,820.944,-540.341,28.575,34.2,Rolling
2.37500,12,1227.948,467.751,28.575,100.4,Rolling
2.37500,13,452.130,106.926,28.575,132.4,Rolling
2.37500,14,1089.286,40.889,28.575,192.9,Rolling
2.37500,15,5.658,-280.609,28.575,284.1,Rolling
2.38000,0,328.353,-64.324,28.575,1.1,Rolling
2.38000,1,8.136,308.458,28.575,264.6,Rolling
2.38000,2,1241.109,-35.777,28.616,116.6,Airborne
2.38000,3,541.377,582.568,28.575,6.8,Rolling
2.38000,4,-191.427,-598.182,28.575,293.8,Rolling
2.38000,5,1238.800,56.416,28.575,0.0,Stationary
2.38000,6,561.097,144.401,28.575,268.8,Rolling
2.38000,7,706.404,266.974,28.575,164.8,Rolling
2.38000,8,220.643,-196.929,28.575,182.1,Rolling
2.38000,9,663.086,572.231,28.575,143.8,Rolling
2.38000,10,-1085.942,-303.075,28.575,969.5,Rolling
2.38000,11,820.967,-540.173,28.575,33.7,Rolling
2.38000,12,1227.726,468.199,28.575,99.9,Rolling
2.38000,13,451.663,106.459,28.575,131.9,Rolling
2.38000,14,1089.394,41.846,28.575,192.4,Rolling
2.38000,15,4.496,-279.795,28.575,283.6,Rolling
2.38500,0,328.349,-64.325,28.575,0.6,Rolling
2.38500,1,6.924,308.985,28.575,264.1,Rolling
2.38500,2,1240.543,-35.641,28.589,116.6,Airborne
2.38500,3,541.349,582.550,28.575,6.3,Rolling
2.38500,4,-192.848,-597.815,28.575,293.4,Rolling
2.38500,5,1238.800,56.416,28.575,0.0,Stationary
2.38500,6,560.162,143.437,28.575,268.3,Rolling
2.38500,7,705.998,266.258,28.575,164.3,Rolling
2.38500,8,219.810,-197.295,28.575,181.7,Rolling
2.38500,9,663.061,572.948,28.575,143.3,Rolling
2.38500,10,-1090.765,-303.554,28.575,969.0,Rolling
2.38500,11,820.989,-540.008,28.575,33.2,Rolling
2.38500,12,1227.505,468.646,28.575,99.4,Rolling
2.38500,13,451.198,105.994,28.575,131.4,Rolling
2.38500,14,1089.502,42.801,28.575,191.9,Rolling
2.38500,15,3.336,-278.982,28.575,283.1,Rolling
2.39000,0,328.347,-64.325,28.575,0.0,Stationary
2.39000,1,5.714,309.512,28.575,263.6,Rolling
2.39000,2,1239.976,-35.505,28.576,116.6,Airborne
2.39000,3,541.324,582.534,28.575,5.8,Rolling
2.39000,4,-194.267,-597.448,28.575,292.9,Rolling
2.39000,5,1238.800,56.416,28.575,0.0,Stationary
2.39000,6,559.228,142.475,28.575,267.8,Rolling
2.39000,7,705.594,265.544,28.575,163.8,Rolling
2.39000,8,218.980,-197.661,28.575,181.2,Rolling
2.39000,9,663.036,573.663,28.575,142.8,Rolling
2.39000,10,-1095.585,-304.033,28.575,968.5,Rolling
2.39000,11,821.012,-539.844,28.575,32.7,Rolling
2.39000,12,1227.286,469.091,28.575,98.9,Rolling
2.39000,13,450.734,105.531,28.575,130.9,Rolling
2.39000,14,1089.609,43.753,28.575,191.4,Rolling
2.39000,15,2.177,-278.171,28.575,282.6,Rolling
2.39500,0,328.347,-64.325,28.575,0.0,Stationary
2.39500,1,4.506,310.038,28.575,263.2,Rolling
2.39500,2,1239.420,-35.370,28.575,110.3,Sliding
2.39500,3,541.301,582.518,28.575,5.3,Rolling
2.39500,4,-195.684,-597.083,28.575,292.4,Rolling
2.39500,5,1238.800,56.416,28.575,0.0,Stationary
2.39500,6,558.296,141.516,28.575,267.3,Rolling
2.39500,7,705.190,264.833,28.575,163.3,Rolling
2.39500,8,218.152,-198.025,28.575,180.7,Rolling
2.39500,9,663.011,574.376,28.575,142.3,Rolling
2.39500,10,-1100.402,-304.512,28.575,968.0,Rolling
2.39500,11,821.034,-539.684,28.575,32.2,Rolling
2.39500,12,1227.067,469.533,28.575,98.4,Rolling
2.39500,13,450.272,105.069,28.575,130.4,Rolling
2.39500,14,1089.716,44.703,28.575,190.9,Rolling
2.39500,15,1.021,-277.361,28.575,282.1,Rolling
2.40000,0,328.347,-64.325,28.575,0.0,Stationary
2.40000,1,3.301,310.562,28.575,262.7,Rolling
2.40000,2,1238.910,-35.233,28.575,100.8,Sliding
2.40000,3,541.280,582.504,28.575,4.8,Rolling
2.40000,4,-197.098,-596.717,28.575,291.9,Rolling
2.40000,5,1238.800,56.416,28.575,0.0,Stationary
2.40000,6,557.366,140.557,28.575,266.9,Rolling
2.40000,7,704.788,264.123,28.575,162.8,Rolling
2.40000,8,217.327,-198.389,28.575,180.2,Rolling
2.40000,9,662.986,575.086,28.575,141.9,Rolling
2.40000,10,-1105.217,-304.990,28.575,967.5,Rolling
2.40000,11,821.055,-539.525,28.575,31.7,Rolling
2.40000,12,1226.849,469.973,28.575,98.0,Rolling
2.40000,13,449.811,104.609,28.575,129.9,Rolling
2.40000,14,1089.823,45.651,28.575,190.4,Rolling
2.40000,15,-0.134,-276.552,28.575,281.6,Rolling
2.40500,0,328.347,-64.325,28.575,0.0,Stationary
2.40500,1,2.098,311.086,28.575,262.2,Rolling
2.40500,2,1238.449,-35.097,28.575,91.4,Sliding
2.40500,3,541.260,582.492,28.575,4.3,Rolling
2.40500,4,-198.510,-596.353,28.575,291.4,Rolling
2.40500,5,1238.800,56.416,28.575,0.0,Stationary
2.40500,6,556.437,139.601,28.575,266.4,Rolling
2.40500,7,704.387,263.416,28.575,162.3,Rolling
2.40500,8,216.503,-198.751,28.575,179.7,Rolling
2.40500,9,662.961,575.793,28.575,141.4,Rolling
2.40500,10,-1110.030,-305.468,28.575,967.0,Rolling
2.40500,11,821.077,-539.370,28.575,31.2,Rolling
2.40500,12,1226.633,470.411,28.575,97.5,Rolling
2.40500,13,449.353,104.151,28.575,129.4,Rolling
2.40500,14,1089.930,46.596,28.575,190.0,Rolling
2.40500,15,-1.286,-275.745,28.575,281.1,Rolling
2.41000,0,328.347,-64.325,28.575,0.0,Stationary
2.41000,1,0.897,311.609,28.575,261.7,Rolling
2.41000,2,1238.038,-34.960,28.575,82.2,Sliding
2.41000,3,541.243,582.481,28.575,3.8,Rolling
2.41000,4,-199.920,-595.989,28.575,290.9,Rolling
2.41000,5,1238.800,56.416,28.575,0.0,Stationary
2.41000,6,555.510,138.646,28.575,265.9,Rolling
2.41000,7,703.988,262.711,28.575,161.9,Rolling
2.41000,8,215.682,-199.113,28.575,179.2,Rolling
2.41000,9,662.936,576.499,28.575,140.9,Rolling
2.41000,10,-1114.840,-305.946,28.575,966.5,Rolling
2.41000,11,821.098,-539.216,28.575,30.7,Rolling
2.41000,12,1226.417,470.847,28.575,97.0,Rolling
2.41000,13,448.896,103.694,28.575,128.9,Rolling
2.41000,14,1090.036,47.538,28.575,189.5,Rolling
2.41000,15,-2.436,-274.940,28.575,280.6,Rolling
2.41500,0,328.347,-64.325,28.575,0.0,Stationary
2.41500,1,-0.301,312.131,28.575,261.2,Rolling
2.41500,2,1237.675,-34.822,28.575,73.0,Sliding
2.41500,3,541.228,582.471,28.575,3.4,Rolling
2.41500,4,-201.327,-595.626,28.575,290.4,Rolling
2.41500,5,1238.800,56.416,28.575,0.0,Stationary
2.41500,6,554.585,137.693,28.575,265.4,Rolling
2.41500,7,703.589,262.008,28.575,161.4,Rolling
2.41500,8,214.863,-199.473,28.575,178.7,Rolling
2.41500,9,662.911,577.201,28.575,140.4,Rolling
2.41500,10,-1119.648,-306.424,28.575,966.0,Rolling
2.41500,11,821.118,-539.065,28.575,30.2,Rolling
2.41500,12,1226.203,471.281,28.575,96.5,Rolling
2.41500,13,448.441,103.239,28.575,128.4,Rolling
2.41500,14,1090.142,48.479,28.575,189.0,Rolling
2.41500,15,-3.585,-274.135,28.575,280.2,Rolling
2.42000,0,328.347,-64.325,28.575,0.0,Stationary
2.42000,1,-1.498,312.652,28.575,260.7,Rolling
2.42000,2,1237.361,-34.684,28.575,64.1,Sliding
2.42000,3,541.215,582.462,28.575,2.9,Rolling
2.42000,4,-202.731,-595.263,28.575,289.9,Rolling
2.42000,5,1238.800,56.416,28.575,0.0,Stationary
2.42000,6,553.662,136.742,28.575,264.9,Rolling
2.42000,7,703.192,261.307,28.575,160.9,Rolling
2.42000,8,214.046,-199.833,28.575,178.2,Rolling
2.42000,9,662.886,577.901,28.575,139.9,Rolling
2.42000,10,-1124.453,-306.901,28.575,965.5,Rolling
2.42000,11,821.138,-538.917,28.575,29.7,Rolling
2.42000,12,1225.990,471.712,28.575,96.0,Rolling
2.42000,13,447.988,102.786,28.575,128.0,Rolling
2.42000,14,1090.248,49.416,28.575,188.5,Rolling
2.42000,15,-4.731,-273.333,28.575,279.7,Rolling
2.42500,0,328.347,-64.325,28.575,0.0,Stationary
2.42500,1,-2.692,313.171,28.575,260.2,Rolling
2.42500,2,1237.086,-34.546,28.575,60.9,Rolling
2.42500,3,541.204,582.455,28.575,2.4,Rolling
2.42500,4,-204.134,-594.901,28.575,289.4,Rolling
2.42500,5,1238.800,56.416,28.575,0.0,Stationary
2.42500,6,552.740,135.793,28.575,264.4,Rolling
2.42500,7,702.796,260.608,28.575,160.4,Rolling
2.42500,8,213.232,-200.191,28.575,177.7,Rolling
2.42500,9,662.862,578.599,28.575,139.4,Rolling
2.42500,10,-1129.256,-307.378,28.575,965.1,Rolling
2.42500,11,821.158,-538.771,28.575,29.3,Rolling
2.42500,12,1225.778,472.141,28.575,95.5,Rolling
2.42500,13,447.536,102.335,28.575,127.5,Rolling
2.42500,14,1090.353,50.352,28.575,188.0,Rolling
2.42500,15,-5.875,-272.531,28.575,279.2,Rolling
2.43000,0,328.347,-64.325,28.575,0.0,Stationary
2.43000,1,-3.883,313.690,28.575,259.7,Rolling
2.43000,2,1236.816,-34.408,28.575,60.4,Rolling
2.43000,3,541.195,582.449,28.575,1.9,Rolling
2.43000,4,-205.534,-594.539,28.575,288.9,Rolling
2.43000,5,1238.800,56.416,28.575,0.0,Stationary
2.43000,6,551.820,134.845,28.575,263.9,Rolling
2.43000,7,702.401,259.912,28.575,159.9,Rolling
2.43000,8,212.420,-200.549,28.575,177.2,Rolling
2.43000,9,662.837,579.295,28.575,138.9,Rolling
2.43000,10,-1134.056,-307.855,28.575,964.6,Rolling
2.43000,11,821.178,-538.627,28.575,28.8,Rolling
2.43000,12,1225.566,472.568,28.575,95.0,Rolling
2.43000,13,447.086,101.885,28.575,127.0,Rolling
2.43000,14,1090.458,51.284,28.575,187.5,Rolling
2.43000,15,-7.018,-271.731,28.575,278.7,Rolling
2.43500,0,328.347,-64.325,28.575,0.0,Stationary
2.43500,1,-5.073,314.208,28.575,259.2,Rolling
2.43500,2,1236.548,-34.272,28.575,59.9,Rolling
2.43500,3,541.189,582.445,28.575,1.4,Rolling
2.43500,4,-206.931,-594.178,28.575,288.4,Rolling
2.43500,5,1238.800,56.416,28.575,0.0,Stationary
2.43500,6,550.901,133.899,28.575,263.4,Rolling
2.43500,7,702.007,259.217,28.575,159.4,Rolling
2.43500,8,211.610,-200.906,28.575,176.7,Rolling
2.43500,9,662.813,579.988,28.575,138.4,Rolling
2.43500,10,-1138.854,-308.332,28.575,964.1,Rolling
2.43500,11,821.197,-538.486,28.575,28.3,Rolling
2.43500,12,1225.356,472.993,28.575,94.5,Rolling
2.43500,13,446.638,101.437,28.575,126.5,Rolling
2.43500,14,1090.563,52.215,28.575,187.0,Rolling
2.43500,15,-8.158,-270.932,28.575,278.2,Rolling
2.44000,0,328.347,-64.325,28.575,0.0,Stationary
2.44000,1,-6.260,314.725,28.575,258.7,Rolling
2.44000,2,1236.281,-34.137,28.575,59.4,Rolling
2.44000,3,541.184,582.441,28.575,0.9,Rolling
2.44000,4,-208.327,-593.818,28.575,288.0,Rolling
2.44000,5,1238.800,56.416,28.575,0.0,Stationary
2.44000,6,549.985,132.955,28.575,262.9,Rolling
2.44000,7,701.615,258.525,28.575,158.9,Rolling
2.44000,8,210.802,-201.261,28.575,176.3,Rolling
2.44000,9,662.789,580.678,28.575,137.9,Rolling
2.44000,10,-1143.650,-308.808,28.575,963.6,Rolling
2.44000,11,821.216,-538.347,28.575,27.8,Rolling
2.44000,12,1225.148,473.415,28.575,94.0,Rolling
2.44000,13,446.191,100.991,28.575,126.0,Rolling
2.44000,14,1090.668,53.143,28.575,186.5,Rolling
2.44000,15,-9.296,-270.135,28.575,277.7,Rolling
2.44500,0,328.347,-64.325,28.575,0.0,Stationary
2.44500,1,-7.445,315.241,28.575,258.3,Rolling
2.44500,2,1236.018,-34.004,28.575,58.9,Rolling
2.44500,3,541.181,582.440,28.575,0.4,Rolling
2.44500,4,-209.720,-593.458,28.575,287.5,Rolling
2.44500,5,1238.800,56.416,28.575,0.0,Stationary
2.44500,6,549.070,132.013,28.575,262.4,Rolling
2.44500,7,701.224,257.835,28.575,158.4,Rolling
2.44500,8,209.997,-201.616,28.575,175.8,Rolling
2.44500,9,662.765,581.366,28.575,137.4,Rolling
2.44500,10,-1148.443,-309.284,28.575,963.1,Rolling
2.44500,11,821.235,-538.210,28.575,27.3,Rolling
2.44500,12,1224.940,473.836,28.575,93.5,Rolling
2.44500,13,445.747,100.547,28.575,125.5,Rolling
2.44500,14,1090.772,54.068,28.575,186.0,Rolling
2.44500,15,-10.433,-269.339,28.575,277.2,Rolling
2.45000,0,328.347,-64.325,28.575,0.0,Stationary
2.45000,1,-8.628,315.756,28.575,257.8,Rolling
2.45000,2,1235.756,-33.871,28.575,58.4,Rolling
2.45000,3,541.180,582.439,28.575,0.0,Stationary
2.45000,4,-211.110,-593.099,28.575,287.0,Rolling
2.45000,5,1238.800,56.416,28.575,0.0,Stationary
2.45000,6,548.157,131.072,28.575,262.0,Rolling
2.45000,7,700.834,257.147,28.575,157.9,Rolling
2.45000,8,209.194,-201.969,28.575,175.3,Rolling
2.45000,9,662.740,582.052,28.575,137.0,Rolling
2.45000,10,-1153.234,-309.760,28.575,962.6,Rolling
2.45000,11,821.253,-538.076,28.575,26.8,Rolling
2.45000,12,1224.733,474.254,28.575,93.1,Rolling
2.45000,13,445.304,100.104,28.575,125.0,Rolling
2.45000,14,1090.876,54.991,28.575,185.5,Rolling
2.45000,15,-11.567,-268.545,28.575,276.7,Rolling
2.45500,0,328.347,-64.325,28.575,0.0,Stationary
2.45500,1,-9.809,316.270,28.575,257.3,Rolling
2.45500,2,1235.496,-33.739,28.575,58.0,Rolling
2.45500,3,541.180,582.439,28.575,0.0,Stationary
2.45500,4,-212.498,-592.741,28.575,286.5,Rolling
2.45500,5,1238.800,56.416,28.575,0.0,Stationary
2.45500,6,547.245,130.134,28.575,261.5,Rolling
2.45500,7,700.445,256.461,28.575,157.4,Rolling
2.45500,8,208.393,-202.322,28.575,174.8,Rolling
2.45500,9,662.716,582.735,28.575,136.5,Rolling
2.45500,10,-1158.022,-310.236,28.575,962.1,Rolling
2.45500,11,821.271,-537.945,28.575,26.3,Rolling
2.45500,12,1224.527,474.670,28.575,92.6,Rolling
2.45500,13,444.862,99.663,28.575,124.5,Rolling
2.45500,14,1090.980,55.912,28.575,185.1,Rolling
2.45500,15,-12.699,-267.752,28.575,276.2,Rolling
2.46000,0,328.347,-64.325,28.575,0.0,Stationary
2.46000,1,-10.987,316.783,28.575,256.8,Rolling
2.46000,2,1235.239,-33.609,28.575,57.5,Rolling
2.46000,3,541.180,582.439,28.575,0.0,Stationary
2.46000,4,-213.884,-592.383,28.575,286.0,Rolling
2.46000,5,1238.800,56.416,28.575,0.0,Stationary
2.46000,6,546.335,129.197,28.575,261.0,Rolling
2.46000,7,700.057,255.777,28.575,157.0,Rolling
2.46000,8,207.594,-202.674,28.575,174.3,Rolling
2.46000,9,662.692,583.415,28.575,136.0,Rolling
2.46000,10,-1162.808,-310.711,28.575,961.6,Rolling
2.46000,11,821.289,-537.816,28.575,25.8,Rolling
2.46000,12,1224.323,475.084,28.575,92.1,Rolling
2.46000,13,444.423,99.224,28.575,124.0,Rolling
2.46000,14,1091.084,56.830,28.575,184.6,Rolling
2.46000,15,-13.830,-266.960,28.575,275.7,Rolling
2.46500,0,328.347,-64.325,28.575,0.0,Stationary
2.46500,1,-12.163,317.295,28.575,256.3,Rolling
2.46500,2,1234.984,-33.479,28.575,57.0,Rolling
2.46500,3,541.180,582.439,28.575,0.0,Stationary
2.46500,4,-215.267,-592.026,28.575,285.5,Rolling
2.46500,5,1238.800,56.416,28.575,0.0,Stationary
2.46500,6,545.427,128.261,28.575,260.5,Rolling
2.46500,7,699.671,255.095,28.575,156.5,Rolling
2.46500,8,206.797,-203.024,28.575,173.8,Rolling
2.46500,9,662.668,584.094,28.575,135.5,Rolling
2.46500,10,-1167.591,-311.187,28.575,961.1,Rolling
2.46500,11,821.306,-537.689,28.575,25.3,Rolling
2.46500,12,1224.119,475.495,28.575,91.6,Rolling
2.46500,13,443.985,98.786,28.575,123.5,Rolling
2.46500,14,1091.187,57.746,28.575,184.1,Rolling
2.46500,15,-14.958,-266.170,28.575,275.3,Rolling
2.47000,0,328.347,-64.325,28.575,0.0,Stationary
2.47000,1,-13.337,317.806,28.575,255.8,Rolling
2.47000,2,1234.731,-33.351,28.575,56.5,Rolling
2.47000,3,541.180,582.439,28.575,0.0,Stationary
2.47000,4,-216.648,-591.669,28.575,285.0,Rolling
2.47000,5,1238.800,56.416,28.575,0.0,Stationary
2.47000,6,544.521,127.328,28.575,260.0,Rolling
2.47000,7,699.286,254.416,28.575,156.0,Rolling
2.47000,8,206.003,-203.374,28.575,173.3,Rolling
2.47000,9,662.645,584.769,28.575,135.0,Rolling
2.47000,10,-1172.372,-311.662,28.575,960.6,Rolling
2.47000,11,821.323,-537.565,28.575,24.8,Rolling
2.47000,12,1223.917,475.905,28.575,91.1,Rolling
2.47000,13,443.549,98.350,28.575,123.0,Rolling
2.47000,14,1091.290,58.660,28.575,183.6,Rolling
2.47000,15,-16.084,-265.381,28.575,274.8,Rolling
2.47500,0,328.347,-64.325,28.575,0.0,Stationary
2.47500,1,-14.508,318.316,28.575,255.3,Rolling
2.47500,2,1234.480,-33.224,28.575,56.0,Rolling
2.47500,3,541.180,582.439,28.575,0.0,Stationary
2.47500,4,-218.027,-591.313,28.575,284.5,Rolling
2.47500,5,1238.800,56.416,28.575,0.0,Stationary
2.47500,6,543.616,126.396,28.575,259.5,Rolling
2.47500,7,698.902,253.738,28.575,155.5,Rolling
2.47500,8,205.211,-203.723,28.575,172.8,Rolling
2.47500,9,662.621,585.443,28.575,134.5,Rolling
2.47500,10,-1177.151,-312.136,28.575,960.2,Rolling
2.47500,11,821.340,-537.443,28.575,24.3,Rolling
2.47500,12,1223.716,476.312,28.575,90.6,Rolling
2.47500,13,443.115,97.916,28.575,122.6,Rolling
2.47500,14,1091.393,59.570,28.575,183.1,Rolling
2.47500,15,-17.208,-264.594,28.575,274.3,Rolling
2.48000,0,328.347,-64.325,28.575,0.0,Stationary
2.48000,1,-15.678,318.825,28.575,254.8,Rolling
2.48000,2,1234.231,-33.098,28.575,55.5,Rolling
2.48000,3,541.180,582.439,28.575,0.0,Stationary
2.48000,4,-219.403,-590.958,28.575,284.0,Rolling
2.48000,5,1238.800,56.416,28.575,0.0,Stationary
2.48000,6,542.713,125.466,28.575,259.0,Rolling
2.48000,7,698.519,253.063,28.575,155.0,Rolling
2.48000,8,204.421,-204.070,28.575,172.3,Rolling
2.48000,9,662.597,586.114,28.575,134.0,Rolling
2.48000,10,-1181.927,-312.611,28.575,959.7,Rolling
2.48000,11,821.356,-537.324,28.575,23.9,Rolling
2.48000,12,1223.515,476.717,28.575,90.1,Rolling
2.48000,13,442.682,97.484,28.575,122.1,Rolling
2.48000,14,1091.495,60.479,28.575,182.6,Rolling
2.48000,15,-18.331,-263.808,28.575,273.8,Rolling
2.48500,0,328.347,-64.325,28.575,0.0,Stationary
2.48500,1,-16.845,319.333,28.575,254.3,Rolling
2.48500,2,1233.985,-32.973,28.575,55.0,Rolling
2.48500,3,541.180,582.439,28.575,0.0,Stationary
2.48500,4,-220.777,-590.603,28.575,283.5,Rolling
2.48500,5,1238.800,56.416,28.575,0.0,Stationary
2.48500,6,541.812,124.538,28.575,258.5,Rolling
2.48500,7,698.137,252.390,28.575,154.5,Rolling
2.48500,8,203.634,-204.417,28.575,171.8,Rolling
2.48500,9,662.574,586.782,28.575,133.5,Rolling
2.48500,10,-1186.700,-313.085,28.575,959.2,Rolling
2.48500,11,821.372,-537.207,28.575,23.4,Rolling
2.48500,12,1223.316,477.120,28.575,89.6,Rolling
2.48500,13,442.251,97.053,28.575,121.6,Rolling
2.48500,14,1091.597,61.385,28.575,182.1,Rolling
2.48500,15,-19.451,-263.023,28.575,273.3,Rolling
2.49000,0,328.347,-64.325,28.575,0.0,Stationary
2.49000,1,-18.010,319.840,28.575,253.8,Rolling
2.49000,2,1233.741,-32.849,28.575,54.5,Rolling
2.49000,3,541.180,582.439,28.575,0.0,Stationary
2.49000,4,-222.149,-590.249,28.575,283.1,Rolling
2.49000,5,1238.800,56.416,28.575,0.0,Stationary
2.49000,6,540.912,123.611,28.575,258.0,Rolling
2.49000,7,697.757,251.719,28.575,154.0,Rolling
2.49000,8,202.849,-204.763,28.575,171.4,Rolling
2.49000,9,662.550,587.448,28.575,133.0,Rolling
2.49000,10,-1191.471,-313.559,28.575,958.7,Rolling
2.49000,11,821.388,-537.092,28.575,22.9,Rolling
2.49000,12,1223.118,477.520,28.575,89.1,Rolling
2.49000,13,441.822,96.625,28.575,121.1,Rolling
2.49000,14,1091.699,62.289,28.575,181.6,Rolling
2.49000,15,-20.569,-262.240,28.575,272.8,Rolling
2.49500,0,328.347,-64.325,28.575,0.0,Stationary
2.49500,1,-19.172,320.346,28.575,253.4,Rolling
2.49500,2,1233.499,-32.726,28.575,54.0,Rolling
2.49500,3,541.180,582.439,28.575,0.0,Stationary
2.49500,4,-223.518,-589.895,28.575,282.6,Rolling
2.49500,5,1238.800,56.416,28.575,0.0,Stationary
2.49500,6,540.014,122.686,28.575,257.5,Rolling
2.49500,7,697.378,251.050,28.575,153.5,Rolling
2.49500,8,202.066,-205.108,28.575,170.9,Rolling
2.49500,9,662.527,588.111,28.575,132.5,Rolling
2.49500,10,-1196.240,-314.033,28.575,958.2,Rolling
2.49500,11,821.403,-536.980,28.575,22.4,Rolling
2.49500,12,1222.921,477.919,28.575,88.6,Rolling
2.49500,13,441.395,96.198,28.575,120.6,Rolling
2.49500,14,1091.801,63.190,28.575,181.1,Rolling
2.49500,15,-21.685,-261.458,28.575,272.3,Rolling
2.50000,0,328.347,-64.325,28.575,0.0,Stationary
2.50000,1,-20.333,320.852,28.575,252.9,Rolling
2.50000,2,1233.259,-32.605,28.575,53.5,Rolling
2.50000,3,541.180,582.439,28.575,0.0,Stationary
2.50000,4,-224.885,-589.542,28.575,282.1,Rolling
2.50000,5,1238.800,56.416,28.575,0.0,Stationary
2.50000,6,539.118,121.763,28.575,257.0,Rolling
2.50000,7,697.000,250.383,28.575,153.0,Rolling
2.50000,8,201.285,-205.451,28.575,170.4,Rolling
2.50000,9,662.504,588.773,28.575,132.0,Rolling
2.50000,10,-1201.006,-314.506,28.575,957.7,Rolling
2.50000,11,821.418,-536.870,28.575,21.9,Rolling
2.50000,12,1222.725,478.315,28.575,88.2,Rolling
2.50000,13,440.969,95.772,28.575,120.1,Rolling
2.50000,14,1091.902,64.089,28.575,180.6,Rolling
2.50000,15,-22.799,-260.678,28.575,271.8,Rolling
2.50500,0,328.347,-64.325,28.575,0.0,Stationary
2.50500,1,-21.491,321.356,28.575,252.4,Rolling
2.50500,2,1233.021,-32.484,28.575,53.1,Rolling
2.50500,3,541.180,582.439,28.575,0.0,Stationary
2.50500,4,-226.249,-589.190,28.575,281.6,Rolling
2.50500,5,1238.800,56.416,28.575,0.0,Stationary
2.50500,6,538.224,120.842,28.575,256.6,Rolling
2.50500,7,696.623,249.719,28.575,152.5,Rolling
2.50500,8,200.506,-205.794,28.575,169.9,Rolling
2.50500,9,662.481,589.431,28.575,131.6,Rolling
2.50500,10,-1205.770,-314.980,28.575,957.2,Rolling
2.50500,11,821.433,-536.763,28.575,21.4,Rolling
2.50500,12,1222.531,478.709,28.575,87.7,Rolling
2.50500,13,440.545,95.349,28.575,119.6,Rolling
2.50500,14,1092.003,64.985,28.575,180.2,Rolling
2.50500,15,-23.912,-259.899,28.575,271.3,Rolling
2.51000,0,328.347,-64.325,28.575,0.0,Stationary
2.51000,1,-22.647,321.859,28.575,251.9,Rolling
2.51000,2,1232.786,-32.365,28.575,52.6,Rolling
2.51000,3,541.180,582.439,28.575,0.0,Stationary
2.51000,4,-227.611,-588.838,28.575,281.1,Rolling
2.51000,5,1238.800,56.416,28.575,0.0,Stationary
2.51000,6,537.331,119.923,28.575,256.1,Rolling
2.51000,7,696.248,249.056,28.575,152.1,Rolling
2.51000,8,199.730,-206.136,28.575,169.4,Rolling
2.51000,9,662.457,590.087,28.575,131.1,Rolling
2.51000,10,-1210.532,-315.453,28.575,956.7,Rolling
2.51000,11,821.447,-536.658,28.575,20.9,Rolling
2.51000,12,1222.337,479.101,28.575,87.2,Rolling
2.51000,13,440.123,94.927,28.575,119.1,Rolling
2.51000,14,1092.104,65.879,28.575,179.7,Rolling
2.51000,15,-25.022,-259.121,28.575,270.8,Rolling
2.51500,0,328.347,-64.325,28.575,0.0,Stationary
2.51500,1,-23.800,322.361,28.575,251.4,Rolling
2.51500,2,1232.552,-32.246,28.575,52.1,Rolling
2.51500,3,541.180,582.439,28.575,0.0,Stationary
2.51500,4,-228.971,-588.487,28.575,280.6,Rolling
2.51500,5,1238.800,56.416,28.575,0.0,Stationary
2.51500,6,536.440,119.005,28.575,255.6,Rolling
2.51500,7,695.873,248.396,28.575,151.6,Rolling
2.51500,8,198.956,-206.477,28.575,168.9,Rolling
2.51500,9,662.434,590.741,28.575,130.6,Rolling
2.51500,10,-1215.291,-315.925,28.575,956.2,Rolling
2.51500,11,821.461,-536.556,28.575,20.4,Rolling
2.51500,12,1222.144,479.490,28.575,86.7,Rolling
2.51500,13,439.703,94.506,28.575,118.6,Rolling
2.51500,14,1092.204,66.770,28.575,179.2,Rolling
2.51500,15,-26.130,-258.345,28.575,270.3,Rolling
2.52000,0,328.347,-64.325,28.575,0.0,Stationary
2.52000,1,-24.951,322.862,28.575,250.9,Rolling
2.52000,2,1232.321,-32.129,28.575,51.6,Rolling
2.52000,3,541.180,582.439,28.575,0.0,Stationary
2.52000,4,-230.328,-588.137,28.575,280.1,Rolling
2.52000,5,1238.800,56.416,28.575,0.0,Stationary
2.52000,6,535.551,118.089,28.575,255.1,Rolling
2.52000,7,695.500,247.738,28.575,151.1,Rolling
2.52000,8,198.184,-206.816,28.575,168.4,Rolling
2.52000,9,662.411,591.392,28.575,130.1,Rolling
2.52000,10,-1220.047,-316.398,28.575,955.7,Rolling
2.52000,11,821.475,-536.456,28.575,19.9,Rolling
2.52000,12,1221.953,479.878,28.575,86.2,Rolling
2.52000,13,439.284,94.088,28.575,118.1,Rolling
2.52000,14,1092.305,67.659,28.575,178.7,Rolling
2.52000,15,-27.236,-257.570,28.575,269.9,Rolling
2.52500,0,328.347,-64.325,28.575,0.0,Stationary
2.52500,1,-26.101,323.363,28.575,250.4,Rolling
2.52500,2,1232.092,-32.013,28.575,51.1,Rolling
2.52500,3,541.180,582.439,28.575,0.0,Stationary
2.52500,4,-231.683,-587.787,28.575,279.6,Rolling
2.52500,5,1238.800,56.416,28.575,0.0,Stationary
2.52500,6,534.663,117.175,28.575,254.6,Rolling
2.52500,7,695.128,247.082,28.575,150.6,Rolling
2.52500,8,197.415,-207.155,28.575,167.9,Rolling
2.52500,9,662.389,592.041,28.575,129.6,Rolling
2.52500,10,-1224.801,-316.870,28.575,955.3,Rolling
2.52500,11,821.488,-536.358,28.575,19.4,Rolling
2.52500,12,1221.762,480.263,28.575,85.7,Rolling
2.52500,13,438.867,93.671,28.575,117.7,Rolling
2.52500,14,1092.405,68.546,28.575,178.2,Rolling
2.52500,15,-28.340,-256.797,28.575,269.4,Rolling
2.53000,0,328.347,-64.325,28.575,0.0,Stationary
2.53000,1,-27.247,323.862,28.575,249.9,Rolling
2.53000,2,1231.866,-31.898,28.575,50.6,Rolling
2.53000,3,541.180,582.439,28.575,0.0,Stationary
2.53000,4,-233.035,-587.438,28.575,279.1,Rolling
2.53000,5,1238.800,56.416,28.575,0.0,Stationary
2.53000,6,533.777,116.262,28.575,254.1,Rolling
2.53000,7,694.758,246.428,28.575,150.1,Rolling
2.53000,8,196.647,-207.493,28.575,167.4,Rolling
2.53000,9,662.366,592.687,28.575,129.1,Rolling
2.53000,10,-1229.553,-317.342,28.575,954.8,Rolling
2.53000,11,821.501,-536.263,28.575,19.0,Rolling
2.53000,12,1221.573,480.646,28.575,85.2,Rolling
2.53000,13,438.452,93.256,28.575,117.2,Rolling
2.53000,14,1092.504,69.430,28.575,177.7,Rolling
2.53000,15,-29.443,-256.025,28.575,268.9,Rolling
2.53500,0,328.347,-64.325,28.575,0.0,Stationary
2.53500,1,-28.392,324.360,28.575,249.4,Rolling
2.53500,2,1231.641,-31.784,28.575,50.1,Rolling
2.53500,3,541.180,582.439,28.575,0.0,Stationary
2.53500,4,-234.386,-587.089,28.575,278.6,Rolling
2.53500,5,1238.800,56.416,28.575,0.0,Stationary
2.53500,6,532.893,115.352,28.575,253.6,Rolling
2.53500,7,694.388,245.776,28.575,149.6,Rolling
2.53500,8,195.882,-207.830,28.575,166.9,Rolling
2.53500,9,662.343,593.331,28.575,128.6,Rolling
2.53500,10,-1234.302,-317.814,28.575,954.3,Rolling
2.53500,11,821.514,-536.170,28.575,18.5,Rolling
2.53500,12,1221.385,481.027,28.575,84.7,Rolling
2.53500,13,438.038,92.843,28.575,116.7,Rolling
2.53500,14,1092.604,70.312,28.575,177.2,Rolling
2.53500,15,-30.543,-255.255,28.575,268.4,Rolling
2.54000,0,328.347,-64.325,28.575,0.0,Stationary
2.54000,1,-29.534,324.858,28.575,248.9,Rolling
2.54000,2,1231.419,-31.671,28.575,49.6,Rolling
2.54000,3,541.180,582.439,28.575,0.0,Stationary
2.54000,4,-235.733,-586.741,28.575,278.2,Rolling
2.54000,5,1238.800,56.416,28.575,0.0,Stationary
2.54000,6,532.010,114.443,28.575,253.1,Rolling
2.54000,7,694.020,245.126,28.575,149.1,Rolling
2.54000,8,195.119,-208.166,28.575,166.5,Rolling
2.54000,9,662.321,593.973,28.575,128.1,Rolling
2.54000,10,-1239.049,-318.286,28.575,953.8,Rolling
2.54000,11,821.526,-536.080,28.575,18.0,Rolling
2.54000,12,1221.197,481.405,28.575,84.2,Rolling
2.54000,13,437.626,92.432,28.575,116.2,Rolling
2.54000,14,1092.703,71.191,28.575,176.7,Rolling
2.54000,15,-31.641,-254.485,28.575,267.9,Rolling
2.54500,0,328.347,-64.325,28.575,0.0,Stationary
2.54500,1,-30.674,325.354,28.575,248.4,Rolling
2.54500,2,1231.199,-31.560,28.575,49.1,Rolling
2.54500,3,541.180,582.439,28.575,0.0,Stationary
2.54500,4,-237.079,-586.394,28.575,277.7,Rolling
2.54500,5,1238.800,56.416,28.575,0.0,Stationary
2.54500,6,531.130,113.536,28.575,252.6,Rolling
2.54500,7,693.653,244.479,28.575,148.6,Rolling
2.54500,8,194.359,-208.501,28.575,166.0,Rolling
2.54500,9,662.298,594.612,28.575,127.6,Rolling
2.54500,10,-1239.835,-318.714,28.943,655.8,Airborne
2.54500,11,821.538,-535.992,28.575,17.5,Rolling
2.54500,12,1221.011,481.782,28.575,83.7,Rolling
2.54500,13,437.216,92.022,28.575,115.7,Rolling
2.54500,14,1092.802,72.068,28.575,176.2,Rolling
2.54500,15,-32.737,-253.718,28.575,267.4,Rolling
2.55000,0,328.347,-64.325,28.575,0.0,Stationary
2.55000,1,-31.812,325.849,28.575,248.0,Rolling
2.55000,2,1230.981,-31.449,28.575,48.6,Rolling
2.55000,3,541.180,582.439,28.575,0.0,Stationary
2.55000,4,-238.422,-586.047,28.575,277.2,Rolling
2.55000,5,1238.800,56.416,28.575,0.0,Stationary
2.55000,6,530.251,112.630,28.575,252.1,Rolling
2.55000,7,693.287,243.833,28.575,148.1,Rolling
2.55000,8,193.601,-208.834,28.575,165.5,Rolling
2.55000,9,662.276,595.248,28.575,127.1,Rolling
2.55000,10,-1236.649,-319.100,29.496,647.5,Airborne
2.55000,11,821.550,-535.907,28.575,17.0,Rolling
2.55000,12,1220.826,482.156,28.575,83.2,Rolling
2.55000,13,436.808,91.614,28.575,115.2,Rolling
2.55000,14,1092.900,72.942,28.575,175.7,Rolling
2.55000,15,-33.831,-252.951,28.575,266.9,Rolling
2.55500,0,328.347,-64.325,28.575,0.0,Stationary
2.55500,1,-32.948,326.344,28.575,247.5,Rolling
2.55500,2,1230.765,-31.340,28.575,48.1,Rolling
2.55500,3,541.180,582.439,28.575,0.0,Stationary
2.55500,4,-239.763,-585.701,28.575,276.7,Rolling
2.55500,5,1238.800,56.416,28.575,0.0,Stationary
2.55500,6,529.373,111.727,28.575,251.7,Rolling
2.55500,7,692.923,243.190,28.575,147.6,Rolling
2.55500,8,192.844,-209.167,28.575,165.0,Rolling
2.55500,9,662.253,595.883,28.575,126.7,Rolling
2.55500,10,-1233.464,-319.486,29.803,642.8,Airborne
2.55500,11,821.561,-535.824,28.575,16.5,Rolling
2.55500,12,1220.642,482.528,28.575,82.8,Rolling
2.55500,13,436.402,91.208,28.575,114.7,Rolling
2.55500,14,1092.999,73.814,28.575,175.2,Rolling
2.55500,15,-34.923,-252.187,28.575,266.4,Rolling
2.56000,0,328.347,-64.325,28.575,0.0,Stationary
2.56000,1,-34.081,326.837,28.575,247.0,Rolling
2.56000,2,1230.551,-31.231,28.575,47.7,Rolling
2.56000,3,541.180,582.439,28.575,0.0,Stationary
2.56000,4,-241.101,-585.355,28.575,276.2,Rolling
2.56000,5,1238.800,56.416,28.575,0.0,Stationary
2.56000,6,528.497,110.825,28.575,251.2,Rolling
2.56000,7,692.559,242.549,28.575,147.1,Rolling
2.56000,8,192.091,-209.499,28.575,164.5,Rolling
2.56000,9,662.231,596.514,28.575,126.2,Rolling
2.56000,10,-1230.279,-319.872,29.866,641.8,Airborne
2.56000,11,821.572,-535.743,28.575,16.0,Rolling
2.56000,12,1220.460,482.898,28.575,82.3,Rolling
2.56000,13,435.997,90.803,28.575,114.2,Rolling
2.56000,14,1093.097,74.684,28.575,174.8,Rolling
2.56000,15,-36.014,-251.423,28.575,265.9,Rolling
2.56500,0,328.347,-64.325,28.575,0.0,Stationary
2.56500,1,-35.212,327.330,28.575,246.5,Rolling
2.56500,2,1230.340,-31.124,28.575,47.2,Rolling
2.56500,3,541.180,582.439,28.575,0.0,Stationary
2.56500,4,-242.437,-585.010,28.575,275.7,Rolling
2.56500,5,1238.800,56.416,28.575,0.0,Stationary
2.56500,6,527.624,109.925,28.575,250.7,Rolling
2.56500,7,692.197,241.910,28.575,146.7,Rolling
2.56500,8,191.339,-209.830,28.575,164.0,Rolling
2.56500,9,662.209,597.143,28.575,125.7,Rolling
2.56500,10,-1227.093,-320.258,29.683,644.6,Airborne
2.56500,11,821.583,-535.665,28.575,15.5,Rolling
2.56500,12,1220.278,483.266,28.575,81.8,Rolling
2.56500,13,435.594,90.400,28.575,113.7,Rolling
2.56500,14,1093.194,75.551,28.575,174.3,Rolling
2.56500,15,-37.102,-250.661,28.575,265.4,Rolling
2.57000,0,328.347,-64.325,28.575,0.0,Stationary
2.57000,1,-36.341,327.821,28.575,246.0,Rolling
2.57000,2,1230.131,-31.018,28.575,46.7,Rolling
2.57000,3,541.180,582.439,28.575,0.0,Stationary
2.57000,4,-243.770,-584.666,28.575,275.2,Rolling
2.57000,5,1238.800,56.416,28.575,0.0,Stationary
2.57000,6,526.751,109.026,28.575,250.2,Rolling
2.57000,7,691.836,241.273,28.575,146.2,Rolling
2.57000,8,190.590,-210.160,28.575,163.5,Rolling
2.57000,9,662.187,597.770,28.575,125.2,Rolling
2.57000,10,-1223.908,-320.644,29.255,651.1,Airborne
2.57000,11,821.593,-535.590,28.575,15.0,Rolling
2.57000,12,1220.097,483.631,28.575,81.3,Rolling
2.57000,13,435.192,89.999,28.575,113.2,Rolling
2.57000,14,1093.292,76.415,28.575,173.8,Rolling
2.57000,15,-38.188,-249.900,28.575,265.0,Rolling
2.57500,0,328.347,-64.325,28.575,0.0,Stationary
2.57500,1,-37.468,328.312,28.575,245.5,Rolling
2.57500,2,1229.923,-30.913,28.575,46.2,Rolling
2.57500,3,541.180,582.439,28.575,0.0,Stationary
2.57500,4,-245.101,-584.322,28.575,274.7,Rolling
2.57500,5,1238.800,56.416,28.575,0.0,Stationary
2.57500,6,525.881,108.130,28.575,249.7,Rolling
2.57500,7,691.476,240.638,28.575,145.7,Rolling
2.57500,8,189.842,-210.489,28.575,163.0,Rolling
2.57500,9,662.165,598.394,28.575,124.7,Rolling
2.57500,10,-1220.722,-321.029,28.582,661.2,Airborne
2.57500,11,821.603,-535.516,28.575,14.5,Rolling
2.57500,12,1219.918,483.994,28.575,80.8,Rolling
2.57500,13,434.793,89.600,28.575,112.8,Rolling
2.57500,14,1093.389,77.277,28.575,173.3,Rolling
2.57500,15,-39.272,-249.141,28.575,264.5,Rolling
2.58000,0,328.347,-64.325,28.575,0.0,Stationary
2.58000,1,-38.592,328.801,28.575,245.0,Rolling
2.58000,2,1229.719,-30.809,28.575,45.7,Rolling
2.58000,3,541.180,582.439,28.575,0.0,Stationary
2.58000,4,-246.430,-583.979,28.575,274.2,Rolling
2.58000,5,1238.800,56.416,28.575,0.0,Stationary
2.58000,6,525.012,107.235,28.575,249.2,Rolling
2.58000,7,691.118,240.006,28.575,145.2,Rolling
2.58000,8,189.098,-210.817,28.575,162.5,Rolling
2.58000,9,662.143,599.016,28.575,124.2,Rolling
2.58000,10,-1217.537,-321.415,28.929,643.5,Airborne
2.58000,11,821.613,-535.446,28.575,14.1,Rolling
2.58000,12,1219.739,484.355,28.575,80.3,Rolling
2.58000,13,434.395,89.202,28.575,112.3,Rolling
2.58000,14,1093.486,78.137,28.575,172.8,Rolling
2.58000,15,-40.354,-248.383,28.575,264.0,Rolling
2.58500,0,328.347,-64.325,28.575,0.0,Stationary
2.58500,1,-39.714,329.290,28.575,244.5,Rolling
2.58500,2,1229.516,-30.706,28.575,45.2,Rolling
2.58500,3,541.180,582.439,28.575,0.0,Stationary
2.58500,4,-247.757,-583.637,28.575,273.7,Rolling
2.58500,5,1238.800,56.416,28.575,0.0,Stationary
2.58500,6,524.145,106.342,28.575,248.7,Rolling
2.58500,7,690.760,239.375,28.575,144.7,Rolling
2.58500,8,188.355,-211.144,28.575,162.0,Rolling
2.58500,9,662.121,599.636,28.575,123.7,Rolling
2.58500,10,-1214.352,-321.801,29.042,641.7,Airborne
2.58500,11,821.622,-535.377,28.575,13.6,Rolling
2.58500,12,1219.562,484.714,28.575,79.8,Rolling
2.58500,13,433.999,88.806,28.575,111.8,Rolling
2.58500,14,1093.583,78.995,28.575,172.3,Rolling
2.58500,15,-41.434,-247.627,28.575,263.5,Rolling
2.59000,0,328.347,-64.325,28.575,0.0,Stationary
2.59000,1,-40.834,329.777,28.575,244.0,Rolling
2.59000,2,1229.315,-30.605,28.575,44.7,Rolling
2.59000,3,541.180,582.439,28.575,0.0,Stationary
2.59000,4,-249.081,-583.295,28.575,273.2,Rolling
2.59000,5,1238.800,56.416,28.575,0.0,Stationary
2.59000,6,523.279,105.450,28.575,248.2,Rolling
2.59000,7,690.404,238.747,28.575,144.2,Rolling
2.59000,8,187.615,-211.470,28.575,161.5,Rolling
2.59000,9,662.100,600.253,28.575,123.2,Rolling
2.59000,10,-1211.166,-322.187,28.910,643.8,Airborne
2.59000,11,821.631,-535.311,28.575,13.1,Rolling
2.59000,12,1219.385,485.071,28.575,79.3,Rolling
2.59000,13,433.604,88.412,28.575,111.3,Rolling
2.59000,14,1093.679,79.849,28.575,171.8,Rolling
2.59000,15,-42.512,-246.872,28.575,263.0,Rolling
2.59500,0,328.347,-64.325,28.575,0.0,Stationary
2.59500,1,-41.952,330.264,28.575,243.5,Rolling
2.59500,2,1229.117,-30.504,28.575,44.2,Rolling
2.59500,3,541.180,582.439,28.575,0.0,Stationary
2.59500,4,-250.402,-582.953,28.575,272.8,Rolling
2.59500,5,1238.800,56.416,28.575,0.0,Stationary
2.59500,6,522.416,104.561,28.575,247.7,Rolling
2.59500,7,690.049,238.121,28.575,143.7,Rolling
2.59500,8,186.876,-211.795,28.575,161.1,Rolling
2.59500,9,662.078,600.867,28.575,122.7,Rolling
2.59500,10,-1207.981,-322.573,28.599,643.9,Airborne
2.59500,11,821.640,-535.248,28.575,12.6,Rolling
2.59500,12,1219.210,485.425,28.575,78.8,Rolling
2.59500,13,433.211,88.020,28.575,110.8,Rolling
2.59500,14,1093.775,80.702,28.575,171.3,Rolling
2.59500,15,-43.588,-246.118,28.575,262.5,Rolling
2.60000,0,328.347,-64.325,28.575,0.0,Stationary
2.60000,1,-43.067,330.749,28.575,243.1,Rolling
2.60000,2,1228.921,-30.405,28.575,43.7,Rolling
2.60000,3,541.180,582.439,28.575,0.0,Stationary
2.60000,4,-251.722,-582.613,28.575,272.3,Rolling
2.60000,5,1238.800,56.416,28.575,0.0,Stationary
2.60000,6,521.554,103.673,28.575,247.2,Rolling
2.60000,7,689.695,237.497,28.575,143.2,Rolling
2.60000,8,186.141,-212.119,28.575,160.6,Rolling
2.60000,9,662.056,601.479,28.575,122.2,Rolling
2.60000,10,-1204.795,-322.959,28.742,641.7,Airborne
2.60000,11,821.648,-535.187,28.575,12.1,Rolling
2.60000,12,1219.036,485.777,28.575,78.3,Rolling
2.60000,13,432.820,87.629,28.575,110.3,Rolling
2.60000,14,1093.871,81.552,28.575,170.8,Rolling
2.60000,15,-44.662,-245.366,28.575,262.0,Rolling
2.60500,0,328.347,-64.325,28.575,0.0,Stationary
2.60500,1,-44.180,331.234,28.575,242.6,Rolling
2.60500,2,1228.727,-30.306,28.575,43.2,Rolling
2.60500,3,541.180,582.439,28.575,0.0,Stationary
2.60500,4,-253.039,-582.273,28.575,271.8,Rolling
2.60500,5,1238.800,56.416,28.575,0.0,Stationary
2.60500,6,520.693,102.787,28.575,246.8,Rolling
2.60500,7,689.343,236.875,28.575,142.7,Rolling
2.60500,8,185.407,-212.442,28.575,160.1,Rolling
2.60500,9,662.035,602.089,28.575,121.8,Rolling
2.60500,10,-1201.610,-323.344,28.641,643.3,Airborne
2.60500,11,821.656,-535.128,28.575,11.6,Rolling
2.60500,12,1218.863,486.127,28.575,77.9,Rolling
2.60500,13,432.431,87.240,28.575,109.8,Rolling
2.60500,14,1093.967,82.400,28.575,170.3,Rolling
2.60500,15,-45.734,-244.615,28.575,261.5,Rolling
2.61000,0,328.347,-64.325,28.575,0.0,Stationary
2.61000,1,-45.291,331.717,28.575,242.1,Rolling
2.61000,2,1228.535,-30.209,28.575,42.8,Rolling
2.61000,3,541.180,582.439,28.575,0.0,Stationary
2.61000,4,-254.353,-581.933,28.575,271.3,Rolling
2.61000,5,1238.800,56.416,28.575,0.0,Stationary
2.61000,6,519.835,101.903,28.575,246.3,Rolling
2.61000,7,688.992,236.255,28.575,142.2,Rolling
2.61000,8,184.676,-212.764,28.575,159.6,Rolling
2.61000,9,662.013,602.696,28.575,121.3,Rolling
2.61000,10,-1198.425,-323.730,28.635,641.7,Airborne
2.61000,11,821.664,-535.072,28.575,11.1,Rolling
2.61000,12,1218.691,486.475,28.575,77.4,Rolling
2.61000,13,432.044,86.853,28.575,109.3,Rolling
2.61000,14,1094.062,83.245,28.575,169.9,Rolling
2.61000,15,-46.804,-243.865,28.575,261.0,Rolling
2.61500,0,328.347,-64.325,28.575,0.0,Stationary
2.61500,1,-46.400,332.200,28.575,241.6,Rolling
2.61500,2,1228.346,-30.113,28.575,42.3,Rolling
2.61500,3,541.180,582.439,28.575,0.0,Stationary
2.61500,4,-255.665,-581.594,28.575,270.8,Rolling
2.61500,5,1238.800,56.416,28.575,0.0,Stationary
2.61500,6,518.978,101.020,28.575,245.8,Rolling
2.61500,7,688.641,235.637,28.575,141.8,Rolling
2.61500,8,183.946,-213.085,28.575,159.1,Rolling
2.61500,9,661.992,603.301,28.575,120.8,Rolling
2.61500,10,-1195.239,-324.116,28.596,641.7,Airborne
2.61500,11,821.671,-535.018,28.575,10.6,Rolling
2.61500,12,1218.520,486.821,28.575,76.9,Rolling
2.61500,13,431.658,86.467,28.575,108.8,Rolling
2.61500,14,1094.157,84.087,28.575,169.4,Rolling
2.61500,15,-47.872,-243.117,28.575,260.5,Rolling
2.62000,0,328.347,-64.325,28.575,0.0,Stationary
2.62000,1,-47.506,332.682,28.575,241.1,Rolling
2.62000,2,1228.158,-30.018,28.575,41.8,Rolling
2.62000,3,541.180,582.439,28.575,0.0,Stationary
2.62000,4,-256.975,-581.256,28.575,270.3,Rolling
2.62000,5,1238.800,56.416,28.575,0.0,Stationary
2.62000,6,518.123,100.139,28.575,245.3,Rolling
2.62000,7,688.292,235.022,28.575,141.3,Rolling
2.62000,8,183.219,-213.405,28.575,158.6,Rolling
2.62000,9,661.971,603.903,28.575,120.3,Rolling
2.62000,10,-1192.054,-324.502,28.576,641.8,Airborne
2.62000,11,821.678,-534.966,28.575,10.1,Rolling
2.62000,12,1218.350,487.164,28.575,76.4,Rolling
2.62000,13,431.274,86.083,28.575,108.3,Rolling
2.62000,14,1094.252,84.928,28.575,168.9,Rolling
2.62000,15,-48.938,-242.371,28.575,260.1,Rolling
2.62500,0,328.347,-64.325,28.575,0.0,Stationary
2.62500,1,-48.610,333.162,28.575,240.6,Rolling
2.62500,2,1227.973,-29.924,28.575,41.3,Rolling
2.62500,3,541.180,582.439,28.575,0.0,Stationary
2.62500,4,-258.283,-580.919,28.575,269.8,Rolling
2.62500,5,1238.800,56.416,28.575,0.0,Stationary
2.62500,6,517.269,99.260,28.575,244.8,Rolling
2.62500,7,687.945,234.408,28.575,140.8,Rolling
2.62500,8,182.495,-213.724,28.575,158.1,Rolling
2.62500,9,661.950,604.503,28.575,119.8,Rolling
2.62500,10,-1188.870,-324.888,28.575,639.5,Sliding
2.62500,11,821.685,-534.917,28.575,9.6,Rolling
2.62500,12,1218.182,487.506,28.575,75.9,Rolling
2.62500,13,430.892,85.701,28.575,107.8,Rolling
2.62500,14,1094.346,85.766,28.575,168.4,Rolling
2.62500,15,-50.002,-241.626,28.575,259.6,Rolling
2.63000,0,328.347,-64.325,28.575,0.0,Stationary
2.63000,1,-49.712,333.642,28.575,240.1,Rolling
2.63000,2,1227.790,-29.831,28.575,40.8,Rolling
2.63000,3,541.180,582.439,28.575,0.0,Stationary
2.63000,4,-259.588,-580.582,28.575,269.3,Rolling
2.63000,5,1238.800,56.416,28.575,0.0,Stationary
2.63000,6,516.418,98.383,28.575,244.3,Rolling
2.63000,7,687.598,233.797,28.575,140.3,Rolling
2.63000,8,181.772,-214.042,28.575,157.6,Rolling
2.63000,9,661.929,605.100,28.575,119.3,Rolling
2.63000,10,-1185.720,-325.274,28.575,629.8,Sliding
2.63000,11,821.691,-534.871,28.575,9.1,Rolling
2.63000,12,1218.014,487.845,28.575,75.4,Rolling
2.63000,13,430.511,85.321,28.575,107.4,Rolling
2.63000,14,1094.440,86.601,28.575,167.9,Rolling
2.63000,15,-51.064,-240.882,28.575,259.1,Rolling
2.63500,0,328.347,-64.325,28.575,0.0,Stationary
2.63500,1,-50.812,334.121,28.575,239.6,Rolling
2.63500,2,1227.609,-29.739,28.575,40.3,Rolling
2.63500,3,541.180,582.439,28.575,0.0,Stationary
2.63500,4,-260.890,-580.245,28.575,268.8,Rolling
2.63500,5,1238.800,56.416,28.575,0.0,Stationary
2.63500,6,515.567,97.508,28.575,243.8,Rolling
2.63500,7,687.253,233.188,28.575,139.8,Rolling
2.63500,8,181.052,-214.359,28.575,157.1,Rolling
2.63500,9,661.908,605.695,28.575,118.8,Rolling
2.63500,10,-1182.620,-325.660,28.575,620.1,Sliding
2.63500,11,821.697,-534.827,28.575,8.7,Rolling
2.63500,12,1217.847,488.182,28.575,74.9,Rolling
2.63500,13,430.132,84.942,28.575,106.9,Rolling
2.63500,14,1094.534,87.434,28.575,167.4,Rolling
2.63500,15,-52.124,-240.139,28.575,258.6,Rolling
2.64000,0,328.347,-64.325,28.575,0.0,Stationary
2.64000,1,-51.909,334.599,28.575,239.1,Rolling
2.64000,2,1227.431,-29.649,28.575,39.8,Rolling
2.64000,3,541.180,582.439,28.575,0.0,Stationary
2.64000,4,-262.191,-579.910,28.575,268.3,Rolling
2.64000,5,1238.800,56.416,28.575,0.0,Stationary
2.64000,6,514.719,96.634,28.575,243.3,Rolling
2.64000,7,686.909,232.581,28.575,139.3,Rolling
2.64000,8,180.334,-214.675,28.575,156.6,Rolling
2.64000,9,661.887,606.288,28.575,118.3,Rolling
2.64000,10,-1179.568,-326.046,28.575,610.3,Sliding
2.64000,11,821.703,-534.785,28.575,8.2,Rolling
2.64000,12,1217.682,488.516,28.575,74.4,Rolling
2.64000,13,429.755,84.566,28.575,106.4,Rolling
2.64000,14,1094.628,88.264,28.575,166.9,Rolling
2.64000,15,-53.182,-239.398,28.575,258.1,Rolling
2.64500,0,328.347,-64.325,28.575,0.0,Stationary
2.64500,1,-53.004,335.075,28.575,238.6,Rolling
2.64500,2,1227.254,-29.559,28.575,39.3,Rolling
2.64500,3,541.180,582.439,28.575,0.0,Stationary
2.64500,4,-263.489,-579.574,28.575,267.9,Rolling
2.64500,5,1238.800,56.416,28.575,0.0,Stationary
2.64500,6,513.873,95.762,28.575,242.8,Rolling
2.64500,7,686.566,231.976,28.575,138.8,Rolling
2.64500,8,179.618,-214.990,28.575,156.2,Rolling
2.64500,9,661.869,606.121,28.579,81.4,Airborne
2.64500,10,-1176.565,-326.433,28.575,600.6,Sliding
2.64500,11,821.708,-534.746,28.575,7.7,Rolling
2.64500,12,1217.518,488.849,28.575,73.9,Rolling
2.64500,13,429.380,84.190,28.575,105.9,Rolling
2.64500,14,1094.721,89.093,28.575,166.4,Rolling
2.64500,15,-54.238,-238.659,28.575,257.6,Rolling
2.65000,0,328.347,-64.325,28.575,0.0,Stationary
2.65000,1,-54.097,335.551,28.575,238.1,Rolling
2.65000,2,1227.080,-29.471,28.575,38.8,Rolling
2.65000,3,541.180,582.439,28.575,0.0,Stationary
2.65000,4,-264.784,-579.240,28.575,267.4,Rolling
2.65000,5,1238.800,56.416,28.575,0.0,Stationary
2.65000,6,513.028,94.892,28.575,242.3,Rolling
2.65000,7,686.224,231.373,28.575,138.3,Rolling
2.65000,8,178.905,-215.304,28.575,155.7,Rolling
2.65000,9,661.852,605.724,28.575,79.4,Airborne
2.65000,10,-1173.612,-326.820,28.575,590.9,Sliding
2.65000,11,821.713,-534.709,28.575,7.2,Rolling
2.65000,12,1217.354,489.179,28.575,73.4,Rolling
2.65000,13,429.006,83.817,28.575,105.4,Rolling
2.65000,14,1094.814,89.918,28.575,165.9,Rolling
2.65000,15,-55.292,-237.921,28.575,257.1,Rolling
2.65500,0,328.347,-64.325,28.575,0.0,Stationary
2.65500,1,-55.188,336.026,28.575,237.7,Rolling
2.65500,2,1226.908,-29.384,28.575,38.3,Rolling
2.65500,3,541.180,582.439,28.575,0.0,Stationary
2.65500,4,-266.077,-578.906,28.575,266.9,Rolling
2.65500,5,1238.800,56.416,28.575,0.0,Stationary
2.65500,6,512.184,94.023,28.575,241.8,Rolling
2.65500,7,685.884,230.772,28.575,137.8,Rolling
2.65500,8,178.194,-215.617,28.575,155.2,Rolling
2.65500,9,661.835,605.341,28.575,72.1,Sliding
2.65500,10,-1170.707,-327.207,28.575,581.2,Sliding
2.65500,11,821.718,-534.675,28.575,6.7,Rolling
2.65500,12,1217.192,489.507,28.575,72.9,Rolling
2.65500,13,428.634,83.445,28.575,104.9,Rolling
2.65500,14,1094.907,90.741,28.575,165.4,Rolling
2.65500,15,-56.344,-237.184,28.575,256.6,Rolling
2.66000,0,328.347,-64.325,28.575,0.0,Stationary
2.66000,1,-56.276,336.500,28.575,237.2,Rolling
2.66000,2,1226.738,-29.298,28.575,37.9,Rolling
2.66000,3,541.180,582.439,28.575,0.0,Stationary
2.66000,4,-267.368,-578.573,28.575,266.4,Rolling
2.66000,5,1238.800,56.416,28.575,0.0,Stationary
2.66000,6,511.343,93.156,28.575,241.4,Rolling
2.66000,7,685.545,230.174,28.575,137.3,Rolling
2.66000,8,177.485,-215.930,28.575,154.7,Rolling
2.66000,9,661.818,605.005,28.575,62.3,Sliding
2.66000,10,-1167.852,-327.595,28.575,571.5,Sliding
2.66000,11,821.722,-534.643,28.575,6.2,Rolling
2.66000,12,1217.031,489.833,28.575,72.5,Rolling
2.66000,13,428.264,83.076,28.575,104.4,Rolling
2.66000,14,1095.000,91.562,28.575,165.0,Rolling
2.66000,15,-57.394,-236.449,28.575,256.1,Rolling
2.66500,0,328.347,-64.325,28.575,0.0,Stationary
2.66500,1,-57.362,336.973,28.575,236.7,Rolling
2.66500,2,1226.570,-29.213,28.575,37.4,Rolling
2.66500,3,541.180,582.439,28.575,0.0,Stationary
2.66500,4,-268.656,-578.240,28.575,265.9,Rolling
2.66500,5,1238.800,56.416,28.575,0.0,Stationary
2.66500,6,510.503,92.291,28.575,240.9,Rolling
2.66500,7,685.207,229.578,28.575,136.9,Rolling
2.66500,8,176.778,-216.241,28.575,154.2,Rolling
2.66500,9,661.801,604.719,28.575,52.5,Sliding
2.66500,10,-1165.045,-327.982,28.575,561.8,Sliding
2.66500,11,821.726,-534.613,28.575,5.7,Rolling
2.66500,12,1216.871,490.157,28.575,72.0,Rolling
2.66500,13,427.896,82.707,28.575,103.9,Rolling
2.66500,14,1095.092,92.381,28.575,164.5,Rolling
2.66500,15,-58.442,-235.715,28.575,255.6,Rolling
2.67000,0,328.347,-64.325,28.575,0.0,Stationary
2.67000,1,-58.446,337.445,28.575,236.2,Rolling
2.67000,2,1226.405,-29.129,28.575,36.9,Rolling
2.67000,3,541.180,582.439,28.575,0.0,Stationary
2.67000,4,-269.943,-577.908,28.575,265.4,Rolling
2.67000,5,1238.800,56.416,28.575,0.0,Stationary
2.67000,6,509.665,91.428,28.575,240.4,Rolling
2.67000,7,684.870,228.983,28.575,136.4,Rolling
2.67000,8,176.074,-216.551,28.575,153.7,Rolling
2.67000,9,661.783,604.481,28.575,42.8,Sliding
2.67000,10,-1162.288,-328.370,28.575,552.1,Sliding
2.67000,11,821.730,-534.586,28.575,5.2,Rolling
2.67000,12,1216.712,490.478,28.575,71.5,Rolling
2.67000,13,427.529,82.341,28.575,103.4,Rolling
2.67000,14,1095.184,93.196,28.575,164.0,Rolling
2.67000,15,-59.488,-234.982,28.575,255.1,Rolling
2.67500,0,328.347,-64.325,28.575,0.0,Stationary
2.67500,1,-59.528,337.916,28.575,235.7,Rolling
2.67500,2,1226.242,-29.046,28.575,36.4,Rolling
2.67500,3,541.180,582.439,28.575,0.0,Stationary
2.67500,4,-271.226,-577.576,28.575,264.9,Rolling
2.67500,5,1238.800,56.416,28.575,0.0,Stationary
2.67500,6,508.829,90.567,28.575,239.9,Rolling
2.67500,7,684.534,228.391,28.575,135.9,Rolling
2.67500,8,175.371,-216.860,28.575,153.2,Rolling
2.67500,9,661.766,604.285,28.575,38.1,Rolling
2.67500,10,-1159.580,-328.758,28.575,542.4,Sliding
2.67500,11,821.733,-534.561,28.575,4.7,Rolling
2.67500,12,1216.554,490.797,28.575,71.0,Rolling
2.67500,13,427.164,81.976,28.575,102.9,Rolling
2.67500,14,1095.276,94.010,28.575,163.5,Rolling
2.67500,15,-60.532,-234.251,28.575,254.7,Rolling
2.68000,0,328.347,-64.325,28.575,0.0,Stationary
2.68000,1,-60.607,338.385,28.575,235.2,Rolling
2.68000,2,1226.080,-28.964,28.575,35.9,Rolling
2.68000,3,541.180,582.439,28.575,0.0,Stationary
2.68000,4,-272.508,-577.246,28.575,264.4,Rolling
2.68000,5,1238.800,56.416,28.575,0.0,Stationary
2.68000,6,507.994,89.707,28.575,239.4,Rolling
2.68000,7,684.200,227.801,28.575,135.4,Rolling
2.68000,8,174.671,-217.168,28.575,152.7,Rolling
2.68000,9,661.749,604.097,28.575,37.6,Rolling
2.68000,10,-1156.920,-329.147,28.575,532.7,Sliding
2.68000,11,821.736,-534.539,28.575,4.2,Rolling
2.68000,12,1216.397,491.114,28.575,70.5,Rolling
2.68000,13,426.801,81.613,28.575,102.5,Rolling
2.68000,14,1095.367,94.821,28.575,163.0,Rolling
2.68000,15,-61.574,-233.521,28.575,254.2,Rolling
2.68500,0,328.347,-64.325,28.575,0.0,Stationary
2.68500,1,-61.685,338.854,28.575,234.7,Rolling
2.68500,2,1225.921,-28.883,28.575,35.4,Rolling
2.68500,3,541.180,582.439,28.575,0.0,Stationary
2.68500,4,-273.787,-576.915,28.575,263.9,Rolling
2.68500,5,1238.800,56.416,28.575,0.0,Stationary
2.68500,6,507.161,88.849,28.575,238.9,Rolling
2.68500,7,683.867,227.214,28.575,134.9,Rolling
2.68500,8,173.974,-217.475,28.575,152.2,Rolling
2.68500,9,661.732,603.911,28.575,37.1,Rolling
2.68500,10,-1154.310,-329.535,28.575,523.0,Sliding
2.68500,11,821.739,-534.519,28.575,3.8,Rolling
2.68500,12,1216.242,491.429,28.575,70.0,Rolling
2.68500,13,426.439,81.252,28.575,102.0,Rolling
2.68500,14,1095.458,95.630,28.575,162.5,Rolling
2.68500,15,-62.614,-232.793,28.575,253.7,Rolling
2.69000,0,328.347,-64.325,28.575,0.0,Stationary
2.69000,1,-62.759,339.322,28.575,234.2,Rolling
2.69000,2,1225.765,-28.804,28.575,34.9,Rolling
2.69000,3,541.180,582.439,28.575,0.0,Stationary
2.69000,4,-275.063,-576.586,28.575,263.4,Rolling
2.69000,5,1238.800,56.416,28.575,0.0,Stationary
2.69000,6,506.330,87.993,28.575,238.4,Rolling
2.69000,7,683.535,226.628,28.575,134.4,Rolling
2.69000,8,173.278,-217.782,28.575,151.7,Rolling
2.69000,9,661.715,603.727,28.575,36.6,Rolling
2.69000,10,-1151.749,-329.924,28.575,513.3,Sliding
2.69000,11,821.741,-534.502,28.575,3.3,Rolling
2.69000,12,1216.087,491.742,28.575,69.5,Rolling
2.69000,13,426.080,80.892,28.575,101.5,Rolling
2.69000,14,1095.549,96.436,28.575,162.0,Rolling
2.69000,15,-63.652,-232.066,28.575,253.2,Rolling
2.69500,0,328.347,-64.325,28.575,0.0,Stationary
2.69500,1,-63.832,339.789,28.575,233.7,Rolling
2.69500,2,1225.610,-28.726,28.575,34.4,Rolling
2.69500,3,541.180,582.439,28.575,0.0,Stationary
2.69500,4,-276.337,-576.257,28.575,263.0,Rolling
2.69500,5,1238.800,56.416,28.575,0.0,Stationary
2.69500,6,505.500,87.139,28.575,237.9,Rolling
2.69500,7,683.204,226.044,28.575,133.9,Rolling
2.69500,8,172.585,-218.087,28.575,151.3,Rolling
2.69500,9,661.699,603.546,28.575,36.1,Rolling
2.69500,10,-1149.237,-330.313,28.575,503.6,Sliding
2.69500,11,821.743,-534.487,28.575,2.8,Rolling
2.69500,12,1215.934,492.053,28.575,69.0,Rolling
2.69500,13,425.722,80.535,28.575,101.0,Rolling
2.69500,14,1095.640,97.240,28.575,161.5,Rolling
2.69500,15,-64.688,-231.340,28.575,252.7,Rolling
2.70000,0,328.347,-64.325,28.575,0.0,Stationary
2.70000,1,-64.903,340.255,28.575,233.2,Rolling
2.70000,2,1225.458,-28.648,28.575,33.9,Rolling
2.70000,3,541.180,582.439,28.575,0.0,Stationary
2.70000,4,-277.609,-575.928,28.575,262.5,Rolling
2.70000,5,1238.800,56.416,28.575,0.0,Stationary
2.70000,6,504.672,86.286,28.575,237.4,Rolling
2.70000,7,682.874,225.463,28.575,133.4,Rolling
2.70000,8,171.894,-218.391,28.575,150.8,Rolling
2.70000,9,661.683,603.367,28.575,35.6,Rolling
2.70000,10,-1146.773,-330.702,28.575,493.9,Sliding
2.70000,11,821.745,-534.475,28.575,2.3,Rolling
2.70000,12,1215.781,492.361,28.575,68.5,Rolling
2.70000,13,425.365,80.179,28.575,100.5,Rolling
2.70000,14,1095.730,98.041,28.575,161.0,Rolling
2.70000,15,-65.722,-230.616,28.575,252.2,Rolling
2.70500,0,328.347,-64.325,28.575,0.0,Stationary
2.70500,1,-65.971,340.720,28.575,232.8,Rolling
2.70500,2,1225.308,-28.572,28.575,33.4,Rolling
2.70500,3,541.180,582.439,28.575,0.0,Stationary
2.70500,4,-278.879,-575.600,28.575,262.0,Rolling
2.70500,5,1238.800,56.416,28.575,0.0,Stationary
2.70500,6,503.846,85.435,28.575,236.9,Rolling
2.70500,7,682.546,224.884,28.575,132.9,Rolling
2.70500,8,171.205,-218.694,28.575,150.3,Rolling
2.70500,9,661.667,603.191,28.575,35.2,Rolling
2.70500,10,-1144.359,-331.092,28.575,484.2,Sliding
2.70500,11,821.747,-534.464,28.575,1.8,Rolling
2.70500,12,1215.630,492.667,28.575,68.0,Rolling
2.70500,13,425.011,79.824,28.575,100.0,Rolling
2.70500,14,1095.820,98.840,28.575,160.5,Rolling
2.70500,15,-66.754,-229.894,28.575,251.7,Rolling
2.71000,0,328.347,-64.325,28.575,0.0,Stationary
2.71000,1,-67.037,341.185,28.575,232.3,Rolling
2.71000,2,1225.160,-28.497,28.575,32.9,Rolling
2.71000,3,541.180,582.439,28.575,0.0,Stationary
2.71000,4,-280.146,-575.273,28.575,261.5,Rolling
2.71000,5,1238.800,56.416,28.575,0.0,Stationary
2.71000,6,503.022,84.586,28.575,236.5,Rolling
2.71000,7,682.219,224.306,28.575,132.4,Rolling
2.71000,8,170.519,-218.997,28.575,149.8,Rolling
2.71000,9,661.651,603.017,28.575,34.7,Rolling
2.71000,10,-1141.994,-331.482,28.575,474.6,Sliding
2.71000,11,821.748,-534.457,28.575,1.3,Rolling
2.71000,12,1215.480,492.971,28.575,67.6,Rolling
2.71000,13,424.658,79.472,28.575,99.5,Rolling
2.71000,14,1095.910,99.636,28.575,160.0,Rolling
2.71000,15,-67.783,-229.172,28.575,251.2,Rolling
2.71500,0,328.347,-64.325,28.575,0.0,Stationary
2.71500,1,-68.100,341.648,28.575,231.8,Rolling
2.71500,2,1225.014,-28.423,28.575,32.5,Rolling
2.71500,3,541.180,582.439,28.575,0.0,Stationary
2.71500,4,-281.410,-574.947,28.575,261.0,Rolling
2.71500,5,1238.800,56.416,28.575,0.0,Stationary
2.71500,6,502.199,83.739,28.575,236.0,Rolling
2.71500,7,681.893,223.731,28.575,131.9,Rolling
2.71500,8,169.834,-219.298,28.575,149.3,Rolling
2.71500,9,661.635,602.846,28.575,34.2,Rolling
2.71500,10,-1139.678,-331.872,28.575,464.9,Sliding
2.71500,11,821.748,-534.452,28.575,0.8,Rolling
2.71500,12,1215.331,493.273,28.575,67.1,Rolling
2.71500,13,424.307,79.121,28.575,99.0,Rolling
2.71500,14,1095.999,100.430,28.575,159.6,Rolling
2.71500,15,-68.811,-228.452,28.575,250.7,Rolling
2.72000,0,328.347,-64.325,28.575,0.0,Stationary
2.72000,1,-69.162,342.110,28.575,231.3,Rolling
2.72000,2,1224.870,-28.350,28.575,32.0,Rolling
2.72000,3,541.180,582.439,28.575,0.0,Stationary
2.72000,4,-282.673,-574.621,28.575,260.5,Rolling
2.72000,5,1238.800,56.416,28.575,0.0,Stationary
2.72000,6,501.378,82.893,28.575,235.5,Rolling
2.72000,7,681.568,223.159,28.575,131.5,Rolling
2.72000,8,169.152,-219.598,28.575,148.8,Rolling
2.72000,9,661.620,602.677,28.575,33.7,Rolling
2.72000,10,-1137.411,-332.262,28.575,455.3,Sliding
2.72000,11,821.749,-534.449,28.575,0.3,Rolling
2.72000,12,1215.182,493.572,28.575,66.6,Rolling
2.72000,13,423.958,78.772,28.575,98.5,Rolling
2.72000,14,1096.089,101.222,28.575,159.1,Rolling
2.72000,15,-69.837,-227.734,28.575,250.2,Rolling
2.72500,0,328.347,-64.325,28.575,0.0,Stationary
2.72500,1,-70.221,342.571,28.575,230.8,Rolling
2.72500,2,1224.729,-28.278,28.575,31.5,Rolling
2.72500,3,541.180,582.439,28.575,0.0,Stationary
2.72500,4,-283.933,-574.295,28.575,260.0,Rolling
2.72500,5,1238.800,56.416,28.575,0.0,Stationary
2.72500,6,500.559,82.049,28.575,235.0,Rolling
2.72500,7,681.245,222.588,28.575,131.0,Rolling
2.72500,8,168.472,-219.897,28.575,148.3,Rolling
2.72500,9,661.605,602.510,28.575,33.2,Rolling
2.72500,10,-1135.193,-332.652,28.575,445.6,Sliding
2.72500,11,821.749,-534.448,28.575,0.0,Stationary
2.72500,12,1215.035,493.869,28.575,66.1,Rolling
2.72500,13,423.610,78.424,28.575,98.0,Rolling
2.72500,14,1096.178,102.011,28.575,158.6,Rolling
2.72500,15,-70.861,-227.017,28.575,249.8,Rolling
2.73000,0,328.347,-64.325,28.575,0.0,Stationary
2.73000,1,-71.278,343.031,28.575,230.3,Rolling
2.73000,2,1224.589,-28.208,28.575,31.0,Rolling
2.73000,3,541.180,582.439,28.575,0.0,Stationary
2.73000,4,-285.190,-573.971,28.575,259.5,Rolling
2.73000,5,1238.800,56.416,28.575,0.0,Stationary
2.73000,6,499.741,81.207,28.575,234.5,Rolling
2.73000,7,680.922,222.019,28.575,130.5,Rolling
2.73000,8,167.795,-220.196,28.575,147.8,Rolling
2.73000,9,661.590,602.346,28.575,32.7,Rolling
2.73000,10,-1133.024,-333.043,28.575,436.0,Sliding
2.73000,11,821.749,-534.448,28.575,0.0,Stationary
2.73000,12,1214.890,494.164,28.575,65.6,Rolling
2.73000,13,423.264,78.079,28.575,97.6,Rolling
2.73000,14,1096.266,102.797,28.575,158.1,Rolling
2.73000,15,-71.883,-226.301,28.575,249.3,Rolling
2.73500,0,328.347,-64.325,28.575,0.0,Stationary
2.73500,1,-72.333,343.490,28.575,229.8,Rolling
2.73500,2,1224.452,-28.138,28.575,30.5,Rolling
2.73500,3,541.180,582.439,28.575,0.0,Stationary
2.73500,4,-286.445,-573.647,28.575,259.0,Rolling
2.73500,5,1238.800,56.416,28.575,0.0,Stationary
2.73500,6,498.925,80.367,28.575,234.0,Rolling
2.73500,7,680.601,221.453,28.575,130.0,Rolling
2.73500,8,167.120,-220.493,28.575,147.3,Rolling
2.73500,9,661.575,602.185,28.575,32.2,Rolling
2.73500,10,-1130.904,-333.434,28.575,426.3,Sliding
2.73500,11,821.749,-534.448,28.575,0.0,Stationary
2.73500,12,1214.745,494.457,28.575,65.1,Rolling
2.73500,13,422.920,77.735,28.575,97.1,Rolling
2.73500,14,1096.355,103.582,28.575,157.6,Rolling
2.73500,15,-72.903,-225.587,28.575,248.8,Rolling
2.74000,0,328.347,-64.325,28.575,0.0,Stationary
2.74000,1,-73.385,343.948,28.575,229.3,Rolling
2.74000,2,1224.317,-28.070,28.575,30.0,Rolling
2.74000,3,541.180,582.439,28.575,0.0,Stationary
2.74000,4,-287.698,-573.323,28.575,258.5,Rolling
2.74000,5,1238.800,56.416,28.575,0.0,Stationary
2.74000,6,498.111,79.528,28.575,233.5,Rolling
2.74000,7,680.281,220.888,28.575,129.5,Rolling
2.74000,8,166.446,-220.789,28.575,146.8,Rolling
2.74000,9,661.561,602.025,28.575,31.7,Rolling
2.74000,10,-1128.833,-333.825,28.575,416.7,Sliding
2.74000,11,821.749,-534.448,28.575,0.0,Stationary
2.74000,12,1214.601,494.748,28.575,64.6,Rolling
2.74000,13,422.578,77.393,28.575,96.6,Rolling
2.74000,14,1096.443,104.363,28.575,157.1,Rolling
2.74000,15,-73.921,-224.874,28.575,248.3,Rolling
2.74500,0,328.347,-64.325,28.575,0.0,Stationary
2.74500,1,-74.435,344.405,28.575,228.8,Rolling
2.74500,2,1224.185,-28.003,28.575,29.5,Rolling
2.74500,3,541.180,582.439,28.575,0.0,Stationary
2.74500,4,-288.949,-573.000,28.575,258.0,Rolling
2.74500,5,1238.800,56.416,28.575,0.0,Stationary
2.74500,6,497.299,78.692,28.575,233.0,Rolling
2.74500,7,679.963,220.326,28.575,129.0,Rolling
2.74500,8,165.776,-221.085,28.575,146.3,Rolling
2.74500,9,661.546,601.869,28.575,31.2,Rolling
2.74500,10,-1126.811,-334.217,28.575,407.1,Sliding
2.74500,11,821.749,-534.448,28.575,0.0,Stationary
2.74500,12,1214.458,495.037,28.575,64.1,Rolling
2.74500,13,422.237,77.052,28.575,96.1,Rolling
2.74500,14,1096.531,105.143,28.575,156.6,Rolling
2.74500,15,-74.936,-224.163,28.575,247.8,Rolling
2.75000,0,328.347,-64.325,28.575,0.0,Stationary
2.75000,1,-75.483,344.862,28.575,228.3,Rolling
2.75000,2,1224.054,-27.936,28.575,29.0,Rolling
2.75000,3,541.180,582.439,28.575,0.0,Stationary
2.75000,4,-290.197,-572.678,28.575,257.6,Rolling
2.75000,5,1238.800,56.416,28.575,0.0,Stationary
2.75000,6,496.488,77.857,28.575,232.5,Rolling
2.75000,7,679.645,219.766,28.575,128.5,Rolling
2.75000,8,165.107,-221.379,28.575,145.9,Rolling
2.75000,9,661.532,601.714,28.575,30.7,Rolling
2.75000,10,-1124.838,-334.608,28.575,397.5,Sliding
2.75000,11,821.749,-534.448,28.575,0.0,Stationary
2.75000,12,1214.317,495.323,28.575,63.6,Rolling
2.75000,13,421.898,76.713,28.575,95.6,Rolling
2.75000,14,1096.618,105.920,28.575,156.1,Rolling
2.75000,15,-75.950,-223.452,28.575,247.3,Rolling
2.75500,0,328.347,-64.325,28.575,0.0,Stationary
2.75500,1,-76.529,345.317,28.575,227.9,Rolling
2.75500,2,1223.926,-27.871,28.575,28.5,Rolling
2.75500,3,541.180,582.439,28.575,0.0,Stationary
2.75500,4,-291.442,-572.356,28.575,257.1,Rolling
2.75500,5,1238.800,56.416,28.575,0.0,Stationary
2.75500,6,495.679,77.023,28.575,232.0,Rolling
2.75500,7,679.329,219.208,28.575,128.0,Rolling
2.75500,8,164.441,-221.672,28.575,145.4,Rolling
2.75500,9,661.518,601.563,28.575,30.3,Rolling
2.75500,10,-1122.914,-335.000,28.575,387.9,Sliding
2.75500,11,821.749,-534.448,28.575,0.0,Stationary
2.75500,12,1214.176,495.607,28.575,63.1,Rolling
2.75500,13,421.561,76.376,28.575,95.1,Rolling
2.75500,14,1096.706,106.694,28.575,155.6,Rolling
2.75500,15,-76.962,-222.744,28.575,246.8,Rolling
2.76000,0,328.347,-64.325,28.575,0.0,Stationary
2.76000,1,-77.572,345.771,28.575,227.4,Rolling
2.76000,2,1223.800,-27.807,28.575,28.0,Rolling
2.76000,3,541.180,582.439,28.575,0.0,Stationary
2.76000,4,-292.686,-572.035,28.575,256.6,Rolling
2.76000,5,1238.800,56.416,28.575,0.0,Stationary
2.76000,6,494.871,76.192,28.575,231.6,Rolling
2.76000,7,679.014,218.652,28.575,127.5,Rolling
2.76000,8,163.777,-221.965,28.575,144.9,Rolling
2.76000,9,661.505,601.413,28.575,29.8,Rolling
2.76000,10,-1121.040,-335.392,28.575,378.3,Sliding
2.76000,11,821.749,-534.448,28.575,0.0,Stationary
2.76000,12,1214.037,495.889,28.575,62.7,Rolling
2.76000,13,421.225,76.041,28.575,94.6,Rolling
2.76000,14,1096.793,107.466,28.575,155.1,Rolling
2.76000,15,-77.972,-222.037,28.575,246.3,Rolling
2.76500,0,328.347,-64.325,28.575,0.0,Stationary
2.76500,1,-78.613,346.225,28.575,226.9,Rolling
2.76500,2,1223.676,-27.744,28.575,27.6,Rolling
2.76500,3,541.180,582.439,28.575,0.0,Stationary
2.76500,4,-293.927,-571.715,28.575,256.1,Rolling
2.76500,5,1238.800,56.416,28.575,0.0,Stationary
2.76500,6,494.066,75.362,28.575,231.1,Rolling
2.76500,7,678.700,218.099,28.575,127.0,Rolling
2.76500,8,163.115,-222.256,28.575,144.4,Rolling
2.76500,9,661.491,601.266,28.575,29.3,Rolling
2.76500,10,-1119.214,-335.785,28.575,368.7,Sliding
2.76500,11,821.749,-534.448,28.575,0.0,Stationary
2.76500,12,1213.899,496.169,28.575,62.2,Rolling
2.76500,13,420.892,75.708,28.575,94.1,Rolling
2.76500,14,1096.880,108.236,28.575,154.7,Rolling
2.76500,15,-78.980,-221.331,28.575,245.8,Rolling
2.77000,0,328.347,-64.325,28.575,0.0,Stationary
2.77000,1,-79.652,346.677,28.575,226.4,Rolling
2.77000,2,1223.554,-27.683,28.575,27.1,Rolling
2.77000,3,541.180,582.439,28.575,0.0,Stationary
2.77000,4,-295.165,-571.395,28.575,255.6,Rolling
2.77000,5,1238.800,56.416,28.575,0.0,Stationary
2.77000,6,493.262,74.534,28.575,230.6,Rolling
2.77000,7,678.387,217.547,28.575,126.6,Rolling
2.77000,8,162.455,-222.547,28.575,143.9,Rolling
2.77000,9,661.478,601.122,28.575,28.8,Rolling
2.77000,10,-1117.437,-336.177,28.575,359.1,Sliding
2.77000,11,821.749,-534.448,28.575,0.0,Stationary
2.77000,12,1213.762,496.446,28.575,61.7,Rolling
2.77000,13,420.560,75.376,28.575,93.6,Rolling
2.77000,14,1096.966,109.003,28.575,154.2,Rolling
2.77000,15,-79.985,-220.626,28.575,245.3,Rolling
2.77500,0,328.347,-64.325,28.575,0.0,Stationary
2.77500,1,-80.689,347.128,28.575,225.9,Rolling
2.77500,2,1223.434,-27.622,28.575,26.6,Rolling
2.77500,3,541.180,582.439,28.575,0.0,Stationary
2.77500,4,-296.402,-571.076,28.575,255.1,Rolling
2.77500,5,1238.800,56.416,28.575,0.0,Stationary
2.77500,6,492.460,73.708,28.575,230.1,Rolling
2.77500,7,678.076,216.998,28.575,126.1,Rolling
2.77500,8,161.798,-222.836,28.575,143.4,Rolling
2.77500,9,661.465,600.979,28.575,28.3,Rolling
2.77500,10,-1115.709,-336.570,28.575,349.6,Sliding
2.77500,11,821.749,-534.448,28.575,0.0,Stationary
2.77500,12,1213.625,496.721,28.575,61.2,Rolling
2.77500,13,420.229,75.046,28.575,93.1,Rolling
2.77500,14,1097.052,109.768,28.575,153.7,Rolling
2.77500,15,-80.989,-219.923,28.575,244.9,Rolling
2.78000,0,328.347,-64.325,28.575,0.0,Stationary
2.78000,1,-81.724,347.579,28.575,225.4,Rolling
2.78000,2,1223.317,-27.563,28.575,26.1,Rolling
2.78000,3,541.180,582.439,28.575,0.0,Stationary
2.78000,4,-297.635,-570.757,28.575,254.6,Rolling
2.78000,5,1238.800,56.416,28.575,0.0,Stationary
2.78000,6,491.659,72.883,28.575,229.6,Rolling
2.78000,7,677.766,216.450,28.575,125.6,Rolling
2.78000,8,161.143,-223.124,28.575,142.9,Rolling
2.78000,9,661.453,600.840,28.575,27.8,Rolling
2.78000,10,-1114.031,-336.963,28.575,340.0,Sliding
2.78000,11,821.749,-534.448,28.575,0.0,Stationary
2.78000,12,1213.490,496.995,28.575,60.7,Rolling
2.78000,13,419.901,74.718,28.575,92.6,Rolling
2.78000,14,1097.138,110.530,28.575,153.2,Rolling
2.78000,15,-81.991,-219.222,28.575,244.4,Rolling
2.78500,0,328.347,-64.325,28.575,0.0,Stationary
2.78500,1,-82.756,348.028,28.575,224.9,Rolling
2.78500,2,1223.202,-27.504,28.575,25.6,Rolling
2.78500,3,541.180,582.439,28.575,0.0,Stationary
2.78500,4,-298.867,-570.439,28.575,254.1,Rolling
2.78500,5,1238.800,56.416,28.575,0.0,Stationary
2.78500,6,490.860,72.061,28.575,229.1,Rolling
2.78500,7,677.457,215.905,28.575,125.1,Rolling
2.78500,8,160.490,-223.412,28.575,142.4,Rolling
2.78500,9,661.440,600.703,28.575,27.3,Rolling
2.78500,10,-1112.401,-337.357,28.575,330.5,Sliding
2.78500,11,821.749,-534.448,28.575,0.0,Stationary
2.78500,12,1213.356,497.266,28.575,60.2,Rolling
2.78500,13,419.574,74.391,28.575,92.2,Rolling
2.78500,14,1097.224,111.290,28.575,152.7,Rolling
2.78500,15,-82.991,-218.521,28.575,243.9,Rolling
2.79000,0,328.347,-64.325,28.575,0.0,Stationary
2.79000,1,-83.786,348.476,28.575,224.4,Rolling
2.79000,2,1223.089,-27.447,28.575,25.1,Rolling
2.79000,3,541.180,582.439,28.575,0.0,Stationary
2.79000,4,-300.096,-570.122,28.575,253.6,Rolling
2.79000,5,1238.800,56.416,28.575,0.0,Stationary
2.79000,6,490.063,71.240,28.575,228.6,Rolling
2.79000,7,677.149,215.362,28.575,124.6,Rolling
2.79000,8,159.839,-223.698,28.575,141.9,Rolling
2.79000,9,661.428,600.568,28.575,26.8,Rolling
2.79000,10,-1110.820,-337.750,28.575,321.0,Sliding
2.79000,11,821.749,-534.448,28.575,0.0,Stationary
2.79000,12,1213.224,497.534,28.575,59.7,Rolling
2.79000,13,419.249,74.066,28.575,91.7,Rolling
2.79000,14,1097.309,112.048,28.575,152.2,Rolling
2.79000,15,-83.988,-217.823,28.575,243.4,Rolling
2.79500,0,328.347,-64.325,28.575,0.0,Stationary
2.79500,1,-84.813,348.924,28.575,223.9,Rolling
2.79500,2,1222.978,-27.391,28.575,24.6,Rolling
2.79500,3,541.180,582.439,28.575,0.0,Stationary
2.79500,4,-301.323,-569.805,28.575,253.1,Rolling
2.79500,5,1238.800,56.416,28.575,0.0,Stationary
2.79500,6,489.268,70.420,28.575,228.1,Rolling
2.79500,7,676.842,214.821,28.575,124.1,Rolling
2.79500,8,159.191,-223.984,28.575,141.4,Rolling
2.79500,9,661.416,600.435,28.575,26.3,Rolling
2.79500,10,-1109.282,-338.144,28.575,316.6,Rolling
2.79500,11,821.749,-534.448,28.575,0.0,Stationary
2.79500,12,1213.092,497.801,28.575,59.2,Rolling
2.79500,13,418.926,73.743,28.575,91.2,Rolling
2.79500,14,1097.394,112.803,28.575,151.7,Rolling
2.79500,15,-84.984,-217.125,28.575,242.9,Rolling
2.80000,0,328.347,-64.325,28.575,0.0,Stationary
2.80000,1,-85.839,349.370,28.575,223.4,Rolling
2.80000,2,1222.869,-27.335,28.575,24.1,Rolling
2.80000,3,541.180,582.439,28.575,0.0,Stationary
2.80000,4,-302.547,-569.489,28.575,252.7,Rolling
2.80000,5,1238.800,56.416,28.575,0.0,Stationary
2.80000,6,488.474,69.603,28.575,227.6,Rolling
2.80000,7,676.537,214.282,28.575,123.6,Rolling
2.80000,8,158.545,-224.268,28.575,141.0,Rolling
2.80000,9,661.404,600.306,28.575,25.8,Rolling
2.80000,10,-1107.749,-338.537,28.575,316.1,Rolling
2.80000,11,821.749,-534.448,28.575,0.0,Stationary
2.80000,12,1212.961,498.065,28.575,58.7,Rolling
2.80000,13,418.604,73.422,28.575,90.7,Rolling
2.80000,14,1097.479,113.555,28.575,151.2,Rolling
2.80000,15,-85.978,-216.429,28.575,242.4,Rolling
2.80500,0,328.347,-64.325,28.575,0.0,Stationary
2.80500,1,-86.862,349.816,28.575,222.9,Rolling
2.80500,2,1222.763,-27.281,28.575,23.6,Rolling
2.80500,3,541.180,582.439,28.575,0.0,Stationary
2.80500,4,-303.769,-569.173,28.575,252.2,Rolling
2.80500,5,1238.800,56.416,28.575,0.0,Stationary
2.80500,6,487.682,68.787,28.575,227.1,Rolling
2.80500,7,676.233,213.746,28.575,123.1,Rolling
2.80500,8,157.901,-224.552,28.575,140.5,Rolling
2.80500,9,661.393,600.178,28.575,25.4,Rolling
2.80500,10,-1106.220,-338.929,28.575,315.6,Rolling
2.80500,11,821.749,-534.448,28.575,0.0,Stationary
2.80500,12,1212.832,498.327,28.575,58.2,Rolling
2.80500,13,418.284,73.102,28.575,90.2,Rolling
2.80500,14,1097.564,114.305,28.575,150.7,Rolling
2.80500,15,-86.970,-215.735,28.575,241.9,Rolling
2.81000,0,328.347,-64.325,28.575,0.0,Stationary
2.81000,1,-87.883,350.260,28.575,222.5,Rolling
2.81000,2,1222.658,-27.229,28.575,23.1,Rolling
2.81000,3,541.180,582.439,28.575,0.0,Stationary
2.81000,4,-304.989,-568.858,28.575,251.7,Rolling
2.81000,5,1238.800,56.416,28.575,0.0,Stationary
2.81000,6,486.892,67.973,28.575,226.6,Rolling
2.81000,7,675.930,213.211,28.575,122.6,Rolling
2.81000,8,157.259,-224.834,28.575,140.0,Rolling
2.81000,9,661.381,600.053,28.575,24.9,Rolling
2.81000,10,-1104.692,-339.321,28.575,315.1,Rolling
2.81000,11,821.749,-534.448,28.575,0.0,Stationary
2.81000,12,1212.703,498.587,28.575,57.7,Rolling
2.81000,13,417.966,72.784,28.575,89.7,Rolling
2.81000,14,1097.648,115.053,28.575,150.2,Rolling
2.81000,15,-87.959,-215.042,28.575,241.4,Rolling
2.81500,0,328.347,-64.325,28.575,0.0,Stationary
2.81500,1,-88.902,350.704,28.575,222.0,Rolling
2.81500,2,1222.556,-27.177,28.575,22.7,Rolling
2.81500,3,541.180,582.439,28.575,0.0,Stationary
2.81500,4,-306.206,-568.544,28.575,251.2,Rolling
2.81500,5,1238.800,56.416,28.575,0.0,Stationary
2.81500,6,486.103,67.161,28.575,226.2,Rolling
2.81500,7,675.628,212.679,28.575,122.1,Rolling
2.81500,8,156.620,-225.116,28.575,139.5,Rolling
2.81500,9,661.370,599.931,28.575,24.4,Rolling
2.81500,10,-1103.168,-339.713,28.575,314.6,Rolling
2.81500,11,821.749,-534.448,28.575,0.0,Stationary
2.81500,12,1212.576,498.845,28.575,57.3,Rolling
2.81500,13,417.650,72.468,28.575,89.2,Rolling
2.81500,14,1097.732,115.798,28.575,149.8,Rolling
2.81500,15,-88.947,-214.350,28.575,240.9,Rolling
2.82000,0,328.347,-64.325,28.575,0.0,Stationary
2.82000,1,-89.918,351.146,28.575,221.5,Rolling
2.82000,2,1222.456,-27.126,28.575,22.2,Rolling
2.82000,3,541.180,582.439,28.575,0.0,Stationary
2.82000,4,-307.421,-568.231,28.575,250.7,Rolling
2.82000,5,1238.800,56.416,28.575,0.0,Stationary
2.82000,6,485.316,66.351,28.575,225.7,Rolling
2.82000,7,675.327,212.149,28.575,121.7,Rolling
2.82000,8,155.983,-225.396,28.575,139.0,Rolling
2.82000,9,661.359,599.810,28.575,23.9,Rolling
2.82000,10,-1101.645,-340.103,28.575,314.1,Rolling
2.82000,11,821.749,-534.448,28.575,0.0,Stationary
2.82000,12,1212.449,499.101,28.575,56.8,Rolling
2.82000,13,417.335,72.153,28.575,88.7,Rolling
2.82000,14,1097.816,116.541,28.575,149.3,Rolling
2.82000,15,-89.933,-213.659,28.575,240.4,Rolling
2.82500,0,328.347,-64.325,28.575,0.0,Stationary
2.82500,1,-90.932,351.588,28.575,221.0,Rolling
2.82500,2,1222.359,-27.077,28.575,21.7,Rolling
2.82500,3,541.180,582.439,28.575,0.0,Stationary
2.82500,4,-308.633,-567.917,28.575,250.2,Rolling
2.82500,5,1238.800,56.416,28.575,0.0,Stationary
2.82500,6,484.531,65.542,28.575,225.2,Rolling
2.82500,7,675.028,211.621,28.575,121.2,Rolling
2.82500,8,155.348,-225.676,28.575,138.5,Rolling
2.82500,9,661.348,599.693,28.575,23.4,Rolling
2.82500,10,-1100.125,-340.493,28.575,313.6,Rolling
2.82500,11,821.749,-534.448,28.575,0.0,Stationary
2.82500,12,1212.324,499.354,28.575,56.3,Rolling
2.82500,13,417.022,71.841,28.575,88.2,Rolling
2.82500,14,1097.899,117.282,28.575,148.8,Rolling
2.82500,15,-90.916,-212.970,28.575,239.9,Rolling
2.83000,0,328.347,-64.325,28.575,0.0,Stationary
2.83000,1,-91.944,352.028,28.575,220.5,Rolling
2.83000,2,1222.263,-27.028,28.575,21.2,Rolling
2.83000,3,541.180,582.439,28.575,0.0,Stationary
2.83000,4,-309.843,-567.605,28.575,249.7,Rolling
2.83000,5,1238.800,56.416,28.575,0.0,Stationary
2.83000,6,483.748,64.735,28.575,224.7,Rolling
2.83000,7,674.730,211.095,28.575,120.7,Rolling
2.83000,8,154.715,-225.954,28.575,138.0,Rolling
2.83000,9,661.338,599.578,28.575,22.9,Rolling
2.83000,10,-1098.607,-340.883,28.575,313.2,Rolling
2.83000,11,821.749,-534.448,28.575,0.0,Stationary
2.83000,12,1212.200,499.605,28.575,55.8,Rolling
2.83000,13,416.711,71.530,28.575,87.7,Rolling
2.83000,14,1097.983,118.019,28.575,148.3,Rolling
2.83000,15,-91.898,-212.283,28.575,239.5,Rolling
2.83500,0,328.347,-64.325,28.575,0.0,Stationary
2.83500,1,-92.954,352.468,28.575,220.0,Rolling
2.83500,2,1222.170,-26.981,28.575,20.7,Rolling
2.83500,3,541.180,582.439,28.575,0.0,Stationary
2.83500,4,-311.051,-567.293,28.575,249.2,Rolling
2.83500,5,1238.800,56.416,28.575,0.0,Stationary
2.83500,6,482.966,63.930,28.575,224.2,Rolling
2.83500,7,674.433,210.571,28.575,120.2,Rolling
2.83500,8,154.084,-226.232,28.575,137.5,Rolling
2.83500,9,661.328,599.465,28.575,22.4,Rolling
2.83500,10,-1097.091,-341.272,28.575,312.7,Rolling
2.83500,11,821.749,-534.448,28.575,0.0,Stationary
2.83500,12,1212.077,499.854,28.575,55.3,Rolling
2.83500,13,416.401,71.220,28.575,87.3,Rolling
2.83500,14,1098.065,118.755,28.575,147.8,Rolling
2.83500,15,-92.878,-211.597,28.575,239.0,Rolling
2.84000,0,328.347,-64.325,28.575,0.0,Stationary
2.84000,1,-93.962,352.906,28.575,219.5,Rolling
2.84000,2,1222.079,-26.935,28.575,20.2,Rolling
2.84000,3,541.180,582.439,28.575,0.0,Stationary
2.84000,4,-312.256,-566.982,28.575,248.7,Rolling
2.84000,5,1238.800,56.416,28.575,0.0,Stationary
2.84000,6,482.186,63.127,28.575,223.7,Rolling
2.84000,7,674.137,210.049,28.575,119.7,Rolling
2.84000,8,153.456,-226.508,28.575,137.0,Rolling
2.84000,9,661.318,599.354,28.575,21.9,Rolling
2.84000,10,-1095.578,-341.660,28.575,312.2,Rolling
2.84000,11,821.749,-534.448,28.575,0.0,Stationary
2.84000,12,1211.955,500.101,28.575,54.8,Rolling
2.84000,13,416.094,70.913,28.575,86.8,Rolling
2.84000,14,1098.148,119.488,28.575,147.3,Rolling
2.84000,15,-93.855,-210.912,28.575,238.5,Rolling
2.84500,0,328.347,-64.325,28.575,0.0,Stationary
2.84500,1,-94.967,353.344,28.575,219.0,Rolling
2.84500,2,1221.990,-26.889,28.575,19.7,Rolling
2.84500,3,541.180,582.439,28.575,0.0,Stationary
2.84500,4,-313.459,-566.671,28.575,248.2,Rolling
2.84500,5,1238.800,56.416,28.575,0.0,Stationary
2.84500,6,481.408,62.325,28.575,223.2,Rolling
2.84500,7,673.843,209.530,28.575,119.2,Rolling
2.84500,8,152.830,-226.784,28.575,136.5,Rolling
2.84500,9,661.308,599.246,28.575,21.4,Rolling
2.84500,10,-1094.068,-342.047,28.575,311.7,Rolling
2.84500,11,821.749,-534.448,28.575,0.0,Stationary
2.84500,12,1211.834,500.345,28.575,54.3,Rolling
2.84500,13,415.788,70.607,28.575,86.3,Rolling
2.84500,14,1098.231,120.219,28.575,146.8,Rolling
2.84500,15,-94.831,-210.229,28.575,238.0,Rolling
2.85000,0,328.347,-64.325,28.575,0.0,Stationary
2.85000,1,-95.970,353.781,28.575,218.5,Rolling
2.85000,2,1221.903,-26.845,28.575,19.2,Rolling
2.85000,3,541.180,582.439,28.575,0.0,Stationary
2.85000,4,-314.660,-566.361,28.575,247.8,Rolling
2.85000,5,1238.800,56.416,28.575,0.0,Stationary
2.85000,6,480.631,61.525,28.575,222.7,Rolling
2.85000,7,673.550,209.012,28.575,118.7,Rolling
2.85000,8,152.207,-227.059,28.575,136.1,Rolling
2.85000,9,661.298,599.141,28.575,20.9,Rolling
2.85000,10,-1092.559,-342.434,28.575,311.2,Rolling
2.85000,11,821.749,-534.448,28.575,0.0,Stationary
2.85000,12,1211.714,500.588,28.575,53.8,Rolling
2.85000,13,415.483,70.303,28.575,85.8,Rolling
2.85000,14,1098.313,120.947,28.575,146.3,Rolling
2.85000,15,-95.805,-209.547,28.575,237.5,Rolling
2.85500,0,328.347,-64.325,28.575,0.0,Stationary
2.85500,1,-96.971,354.216,28.575,218.0,Rolling
2.85500,2,1221.818,-26.802,28.575,18.7,Rolling
2.85500,3,541.180,582.439,28.575,0.0,Stationary
2.85500,4,-315.858,-566.052,28.575,247.3,Rolling
2.85500,5,1238.800,56.416,28.575,0.0,Stationary
2.85500,6,479.856,60.727,28.575,222.2,Rolling
2.85500,7,673.257,208.497,28.575,118.2,Rolling
2.85500,8,151.585,-227.332,28.575,135.6,Rolling
2.85500,9,661.289,599.038,28.575,20.4,Rolling
2.85500,10,-1091.053,-342.821,28.575,310.7,Rolling
2.85500,11,821.749,-534.448,28.575,0.0,Stationary
2.85500,12,1211.595,500.828,28.575,53.3,Rolling
2.85500,13,415.181,70.001,28.575,85.3,Rolling
2.85500,14,1098.394,121.673,28.575,145.8,Rolling
2.85500,15,-96.776,-208.866,28.575,237.0,Rolling
2.86000,0,328.347,-64.325,28.575,0.0,Stationary
2.86000,1,-97.969,354.651,28.575,217.6,Rolling
2.86000,2,1221.736,-26.761,28.575,18.2,Rolling
2.86000,3,541.180,582.439,28.575,0.0,Stationary
2.86000,4,-317.054,-565.743,28.575,246.8,Rolling
2.86000,5,1238.800,56.416,28.575,0.0,Stationary
2.86000,6,479.083,59.931,28.575,221.7,Rolling
2.86000,7,672.967,207.984,28.575,117.7,Rolling
2.86000,8,150.966,-227.605,28.575,135.1,Rolling
2.86000,9,661.280,598.937,28.575,20.0,Rolling
2.86000,10,-1089.550,-343.207,28.575,310.2,Rolling
2.86000,11,821.749,-534.448,28.575,0.0,Stationary
2.86000,12,1211.478,501.066,28.575,52.8,Rolling
2.86000,13,414.880,69.700,28.575,84.8,Rolling
2.86000,14,1098.476,122.396,28.575,145.3,Rolling
2.86000,15,-97.746,-208.187,28.575,236.5,Rolling
2.86500,0,328.347,-64.325,28.575,0.0,Stationary
2.86500,1,-98.965,355.085,28.575,217.1,Rolling
2.86500,2,1221.655,-26.720,28.575,17.7,Rolling
2.86500,3,541.180,582.439,28.575,0.0,Stationary
2.86500,4,-318.247,-565.435,28.575,246.3,Rolling
2.86500,5,1238.800,56.416,28.575,0.0,Stationary
2.86500,6,478.312,59.136,28.575,221.3,Rolling
2.86500,7,672.677,207.473,28.575,117.2,Rolling
2.86500,8,150.349,-227.877,28.575,134.6,Rolling
2.86500,9,661.271,598.839,28.575,19.5,Rolling
2.86500,10,-1088.049,-343.592,28.575,309.7,Rolling
2.86500,11,821.749,-534.448,28.575,0.0,Stationary
2.86500,12,1211.361,501.302,28.575,52.4,Rolling
2.86500,13,414.581,69.401,28.575,84.3,Rolling
2.86500,14,1098.557,123.117,28.575,144.8,Rolling
2.86500,15,-98.714,-207.509,28.575,236.0,Rolling
2.87000,0,328.347,-64.325,28.575,0.0,Stationary
2.87000,1,-99.959,355.518,28.575,216.6,Rolling
2.87000,2,1221.577,-26.680,28.575,17.3,Rolling
2.87000,3,541.180,582.439,28.575,0.0,Stationary
2.87000,4,-319.439,-565.127,28.575,245.8,Rolling
2.87000,5,1238.800,56.416,28.575,0.0,Stationary
2.87000,6,477.542,58.343,28.575,220.8,Rolling
2.87000,7,672.388,206.964,28.575,116.7,Rolling
2.87000,8,149.734,-228.147,28.575,134.1,Rolling
2.87000,9,661.262,598.743,28.575,19.0,Rolling
2.87000,10,-1086.550,-343.976,28.575,309.2,Rolling
2.87000,11,821.749,-534.448,28.575,0.0,Stationary
2.87000,12,1211.246,501.535,28.575,51.9,Rolling
2.87000,13,414.284,69.104,28.575,83.8,Rolling
2.87000,14,1098.638,123.835,28.575,144.4,Rolling
2.87000,15,-99.679,-206.833,28.575,235.5,Rolling
2.87500,0,328.347,-64.325,28.575,0.0,Stationary
2.87500,1,-100.951,355.949,28.575,216.1,Rolling
2.87500,2,1221.502,-26.642,28.575,16.8,Rolling
2.87500,3,541.180,582.439,28.575,0.0,Stationary
2.87500,4,-320.627,-564.820,28.575,245.3,Rolling
2.87500,5,1238.800,56.416,28.575,0.0,Stationary
2.87500,6,476.774,57.552,28.575,220.3,Rolling
2.87500,7,672.101,206.457,28.575,116.3,Rolling
2.87500,8,149.122,-228.417,28.575,133.6,Rolling
2.87500,9,661.254,598.650,28.575,18.5,Rolling
2.87500,10,-1085.053,-344.360,28.575,308.7,Rolling
2.87500,11,821.749,-534.448,28.575,0.0,Stationary
2.87500,12,1211.131,501.766,28.575,51.4,Rolling
2.87500,13,413.988,68.809,28.575,83.3,Rolling
2.87500,14,1098.719,124.551,28.575,143.9,Rolling
2.87500,15,-100.643,-206.158,28.575,235.0,Rolling
2.88000,0,328.347,-64.325,28.575,0.0,Stationary
2.88000,1,-101.940,356.380,28.575,215.6,Rolling
2.88000,2,1221.428,-26.605,28.575,16.3,Rolling
2.88000,3,541.180,582.439,28.575,0.0,Stationary
2.88000,4,-321.814,-564.514,28.575,244.8,Rolling
2.88000,5,1238.800,56.416,28.575,0.0,Stationary
2.88000,6,476.007,56.763,28.575,219.8,Rolling
2.88000,7,671.815,205.952,28.575,115.8,Rolling
2.88000,8,148.512,-228.685,28.575,133.1,Rolling
2.88000,9,661.245,598.559,28.575,18.0,Rolling
2.88000,10,-1083.559,-344.744,28.575,308.2,Rolling
2.88000,11,821.749,-534.448,28.575,0.0,Stationary
2.88000,12,1211.018,501.996,28.575,50.9,Rolling
2.88000,13,413.694,68.515,28.575,82.8,Rolling
2.88000,14,1098.799,125.265,28.575,143.4,Rolling
2.88000,15,-101.604,-205.485,28.575,234.6,Rolling
2.88500,0,328.347,-64.325,28.575,0.0,Stationary
2.88500,1,-102.928,356.810,28.575,215.1,Rolling
2.88500,2,1221.356,-26.568,28.575,15.8,Rolling
2.88500,3,541.180,582.439,28.575,0.0,Stationary
2.88500,4,-322.998,-564.208,28.575,244.3,Rolling
2.88500,5,1238.800,56.416,28.575,0.0,Stationary
2.88500,6,475.243,55.975,28.575,219.3,Rolling
2.88500,7,671.530,205.450,28.575,115.3,Rolling
2.88500,8,147.904,-228.953,28.575,132.6,Rolling
2.88500,9,661.237,598.471,28.575,17.5,Rolling
2.88500,10,-1082.068,-345.127,28.575,307.8,Rolling
2.88500,11,821.749,-534.448,28.575,0.0,Stationary
2.88500,12,1210.906,502.223,28.575,50.4,Rolling
2.88500,13,413.402,68.223,28.575,82.4,Rolling
2.88500,14,1098.880,125.976,28.575,142.9,Rolling
2.88500,15,-102.564,-204.813,28.575,234.1,Rolling
2.89000,0,328.347,-64.325,28.575,0.0,Stationary
2.89000,1,-103.913,357.239,28.575,214.6,Rolling
2.89000,2,1221.287,-26.533,28.575,15.3,Rolling
2.89000,3,541.180,582.439,28.575,0.0,Stationary
2.89000,4,-324.179,-563.903,28.575,243.8,Rolling
2.89000,5,1238.800,56.416,28.575,0.0,Stationary
2.89000,6,474.480,55.190,28.575,218.8,Rolling
2.89000,7,671.247,204.949,28.575,114.8,Rolling
2.89000,8,147.298,-229.220,28.575,132.1,Rolling
2.89000,9,661.229,598.385,28.575,17.0,Rolling
2.89000,10,-1080.578,-345.509,28.575,307.3,Rolling
2.89000,11,821.749,-534.448,28.575,0.0,Stationary
2.89000,12,1210.795,502.447,28.575,49.9,Rolling
2.89000,13,413.112,67.933,28.575,81.9,Rolling
2.89000,14,1098.960,126.685,28.575,142.4,Rolling
2.89000,15,-103.522,-204.142,28.575,233.6,Rolling
2.89500,0,328.347,-64.325,28.575,0.0,Stationary
2.89500,1,-104.895,357.667,28.575,214.1,Rolling
2.89500,2,1221.220,-26.499,28.575,14.8,Rolling
2.89500,3,541.180,582.439,28.575,0.0,Stationary
2.89500,4,-325.359,-563.599,28.575,243.3,Rolling
2.89500,5,1238.800,56.416,28.575,0.0,Stationary
2.89500,6,473.719,54.405,28.575,218.3,Rolling
2.89500,7,670.964,204.451,28.575,114.3,Rolling
2.89500,8,146.694,-229.486,28.575,131.6,Rolling
2.89500,9,661.222,598.302,28.575,16.5,Rolling
2.89500,10,-1079.091,-345.890,28.575,306.8,Rolling
2.89500,11,821.749,-534.448,28.575,0.0,Stationary
2.89500,12,1210.685,502.670,28.575,49.4,Rolling
2.89500,13,412.823,67.645,28.575,81.4,Rolling
2.89500,14,1099.039,127.391,28.575,141.9,Rolling
2.89500,15,-104.477,-203.473,28.575,233.1,Rolling
2.90000,0,328.347,-64.325,28.575,0.0,Stationary
2.90000,1,-105.876,358.093,28.575,213.6,Rolling
2.90000,2,1221.155,-26.466,28.575,14.3,Rolling
2.90000,3,541.180,582.439,28.575,0.0,Stationary
2.90000,4,-326.535,-563.295,28.575,242.8,Rolling
2.90000,5,1238.800,56.416,28.575,0.0,Stationary
2.90000,6,472.959,53.623,28.575,217.8,Rolling
2.90000,7,670.683,203.955,28.575,113.8,Rolling
2.90000,8,146.093,-229.750,28.575,131.1,Rolling
2.90000,9,661.215,598.220,28.575,16.0,Rolling
2.90000,10,-1077.607,-346.271,28.575,306.3,Rolling
2.90000,11,821.749,-534.448,28.575,0.0,Stationary
2.90000,12,1210.576,502.890,28.575,48.9,Rolling
2.90000,13,412.536,67.358,28.575,80.9,Rolling
2.90000,14,1099.119,128.095,28.575,141.4,Rolling
2.90000,15,-105.431,-202.805,28.575,232.6,Rolling
2.90500,0,328.347,-64.325,28.575,0.0,Stationary
2.90500,1,-106.854,358.519,28.575,213.1,Rolling
2.90500,2,1221.092,-26.434,28.575,13.8,Rolling
2.90500,3,541.180,582.439,28.575,0.0,Stationary
2.90500,4,-327.710,-562.992,28.575,242.4,Rolling
2.90500,5,1238.800,56.416,28.575,0.0,Stationary
2.90500,6,472.201,52.843,28.575,217.3,Rolling
2.90500,7,670.403,203.461,28.575,113.3,Rolling
2.90500,8,145.494,-230.014,28.575,130.7,Rolling
2.90500,9,661.207,598.142,28.575,15.5,Rolling
2.90500,10,-1076.125,-346.652,28.575,305.8,Rolling
2.90500,11,821.749,-534.448,28.575,0.0,Stationary
2.90500,12,1210.468,503.109,28.575,48.4,Rolling
2.90500,13,412.251,67.073,28.575,80.4,Rolling
2.90500,14,1099.198,128.796,28.575,140.9,Rolling
2.90500,15,-106.382,-202.139,28.575,232.1,Rolling
2.91000,0,328.347,-64.325,28.575,0.0,Stationary
2.91000,1,-107.830,358.944,28.575,212.7,Rolling
2.91000,2,1221.032,-26.404,28.575,13.3,Rolling
2.91000,3,541.180,582.439,28.575,0.0,Stationary
2.91000,4,-328.882,-562.689,28.575,241.9,Rolling
2.91000,5,1238.800,56.416,28.575,0.0,Stationary
2.91000,6,471.445,52.064,28.575,216.8,Rolling
2.91000,7,670.124,202.969,28.575,112.8,Rolling
2.91000,8,144.897,-230.277,28.575,130.2,Rolling
2.91000,9,661.200,598.066,28.575,15.1,Rolling
2.91000,10,-1074.645,-347.031,28.575,305.3,Rolling
2.91000,11,821.749,-534.448,28.575,0.0,Stationary
2.91000,12,1210.361,503.325,28.575,47.9,Rolling
2.91000,13,411.968,66.790,28.575,79.9,Rolling
2.91000,14,1099.276,129.495,28.575,140.4,Rolling
2.91000,15,-107.332,-201.473,28.575,231.6,Rolling
2.91500,0,328.347,-64.325,28.575,0.0,Stationary
2.91500,1,-108.804,359.368,28.575,212.2,Rolling
2.91500,2,1220.973,-26.374,28.575,12.8,Rolling
2.91500,3,541.180,582.439,28.575,0.0,Stationary
2.91500,4,-330.052,-562.387,28.575,241.4,Rolling
2.91500,5,1238.800,56.416,28.575,0.0,Stationary
2.91500,6,470.691,51.287,28.575,216.4,Rolling
2.91500,7,669.847,202.480,28.575,112.3,Rolling
2.91500,8,144.303,-230.538,28.575,129.7,Rolling
2.91500,9,661.194,597.992,28.575,14.6,Rolling
2.91500,10,-1073.167,-347.410,28.575,304.8,Rolling
2.91500,11,821.749,-534.448,28.575,0.0,Stationary
2.91500,12,1210.255,503.538,28.575,47.5,Rolling
2.91500,13,411.686,66.508,28.575,79.4,Rolling
2.91500,14,1099.355,130.192,28.575,139.9,Rolling
2.91500,15,-108.279,-200.810,28.575,231.1,Rolling
2.92000,0,328.347,-64.325,28.575,0.0,Stationary
2.92000,1,-109.775,359.791,28.575,211.7,Rolling
2.92000,2,1220.917,-26.346,28.575,12.4,Rolling
2.92000,3,541.180,582.439,28.575,0.0,Stationary
2.92000,4,-331.219,-562.085,28.575,240.9,Rolling
2.92000,5,1238.800,56.416,28.575,0.0,Stationary
2.92000,6,469.938,50.512,28.575,215.9,Rolling
2.92000,7,669.570,201.992,28.575,111.8,Rolling
2.92000,8,143.710,-230.799,28.575,129.2,Rolling
2.92000,9,661.187,597.921,28.575,14.1,Rolling
2.92000,10,-1071.692,-347.789,28.575,304.3,Rolling
2.92000,11,821.749,-534.448,28.575,0.0,Stationary
2.92000,12,1210.151,503.750,28.575,47.0,Rolling
2.92000,13,411.406,66.228,28.575,78.9,Rolling
2.92000,14,1099.433,130.886,28.575,139.5,Rolling
2.92000,15,-109.225,-200.148,28.575,230.6,Rolling
2.92500,0,328.347,-64.325,28.575,0.0,Stationary
2.92500,1,-110.745,360.213,28.575,211.2,Rolling
2.92500,2,1220.863,-26.318,28.575,11.9,Rolling
2.92500,3,541.180,582.439,28.575,0.0,Stationary
2.92500,4,-332.384,-561.785,28.575,240.4,Rolling
2.92500,5,1238.800,56.416,28.575,0.0,Stationary
2.92500,6,469.187,49.738,28.575,215.4,Rolling
2.92500,7,669.295,201.507,28.575,111.4,Rolling
2.92500,8,143.120,-231.059,28.575,128.7,Rolling
2.92500,9,661.181,597.852,28.575,13.6,Rolling
2.92500,10,-1070.220,-348.167,28.575,303.8,Rolling
2.92500,11,821.749,-534.448,28.575,0.0,Stationary
2.92500,12,1210.047,503.959,28.575,46.5,Rolling
2.92500,13,411.128,65.950,28.575,78.4,Rolling
2.92500,14,1099.511,131.578,28.575,139.0,Rolling
2.92500,15,-110.169,-199.487,28.575,230.1,Rolling
2.93000,0,328.347,-64.325,28.575,0.0,Stationary
2.93000,1,-111.712,360.634,28.575,210.7,Rolling
2.93000,2,1220.811,-26.292,28.575,11.4,Rolling
2.93000,3,541.180,582.439,28.575,0.0,Stationary
2.93000,4,-333.547,-561.484,28.575,239.9,Rolling
2.93000,5,1238.800,56.416,28.575,0.0,Stationary
2.93000,6,468.438,48.967,28.575,214.9,Rolling
2.93000,7,669.021,201.023,28.575,110.9,Rolling
2.93000,8,142.533,-231.318,28.575,128.2,Rolling
2.93000,9,661.175,597.785,28.575,13.1,Rolling
2.93000,10,-1068.749,-348.544,28.575,303.3,Rolling
2.93000,11,821.749,-534.448,28.575,0.0,Stationary
2.93000,12,1209.945,504.167,28.575,46.0,Rolling
2.93000,13,410.851,65.674,28.575,77.9,Rolling
2.93000,14,1099.589,132.267,28.575,138.5,Rolling
2.93000,15,-111.110,-198.827,28.575,229.7,Rolling
2.93500,0,328.347,-64.325,28.575,0.0,Stationary
2.93500,1,-112.677,361.054,28.575,210.2,Rolling
2.93500,2,1220.762,-26.267,28.575,10.9,Rolling
2.93500,3,541.180,582.439,28.575,0.0,Stationary
2.93500,4,-334.707,-561.185,28.575,239.4,Rolling
2.93500,5,1238.800,56.416,28.575,0.0,Stationary
2.93500,6,467.690,48.197,28.575,214.4,Rolling
2.93500,7,668.749,200.542,28.575,110.4,Rolling
2.93500,8,141.947,-231.576,28.575,127.7,Rolling
2.93500,9,661.169,597.721,28.575,12.6,Rolling
2.93500,10,-1067.281,-348.921,28.575,302.9,Rolling
2.93500,11,821.749,-534.448,28.575,0.0,Stationary
2.93500,12,1209.843,504.372,28.575,45.5,Rolling
2.93500,13,410.577,65.399,28.575,77.4,Rolling
2.93500,14,1099.666,132.954,28.575,138.0,Rolling
2.93500,15,-112.050,-198.169,28.575,229.2,Rolling
2.94000,0,328.347,-64.325,28.575,0.0,Stationary
2.94000,1,-113.639,361.473,28.575,209.7,Rolling
2.94000,2,1220.714,-26.243,28.575,10.4,Rolling
2.94000,3,541.180,582.439,28.575,0.0,Stationary
2.94000,4,-335.865,-560.886,28.575,238.9,Rolling
2.94000,5,1238.800,56.416,28.575,0.0,Stationary
2.94000,6,466.944,47.428,28.575,213.9,Rolling
2.94000,7,668.477,200.063,28.575,109.9,Rolling
2.94000,8,141.364,-231.832,28.575,127.2,Rolling
2.94000,9,661.164,597.660,28.575,12.1,Rolling
2.94000,10,-1065.816,-349.297,28.575,302.4,Rolling
2.94000,11,821.749,-534.448,28.575,0.0,Stationary
2.94000,12,1209.743,504.574,28.575,45.0,Rolling
2.94000,13,410.303,65.126,28.575,77.0,Rolling
2.94000,14,1099.744,133.638,28.575,137.5,Rolling
2.94000,15,-112.987,-197.513,28.575,228.7,Rolling
2.94500,0,328.347,-64.325,28.575,0.0,Stationary
2.94500,1,-114.599,361.891,28.575,209.2,Rolling
2.94500,2,1220.669,-26.220,28.575,9.9,Rolling
2.94500,3,541.180,582.439,28.575,0.0,Stationary
2.94500,4,-337.020,-560.587,28.575,238.4,Rolling
2.94500,5,1238.800,56.416,28.575,0.0,Stationary
2.94500,6,466.200,46.662,28.575,213.4,Rolling
2.94500,7,668.207,199.586,28.575,109.4,Rolling
2.94500,8,140.783,-232.088,28.575,126.7,Rolling
2.94500,9,661.158,597.601,28.575,11.6,Rolling
2.94500,10,-1064.353,-349.672,28.575,301.9,Rolling
2.94500,11,821.749,-534.448,28.575,0.0,Stationary
2.94500,12,1209.644,504.775,28.575,44.5,Rolling
2.94500,13,410.032,64.855,28.575,76.5,Rolling
2.94500,14,1099.820,134.320,28.575,137.0,Rolling
2.94500,15,-113.923,-196.858,28.575,228.2,Rolling
2.95000,0,328.347,-64.325,28.575,0.0,Stationary
2.95000,1,-115.557,362.308,28.575,208.7,Rolling
2.95000,2,1220.626,-26.198,28.575,9.4,Rolling
2.95000,3,541.180,582.439,28.575,0.0,Stationary
2.95000,4,-338.174,-560.290,28.575,237.9,Rolling
2.95000,5,1238.800,56.416,28.575,0.0,Stationary
2.95000,6,465.458,45.897,28.575,212.9,Rolling
2.95000,7,667.938,199.111,28.575,108.9,Rolling
2.95000,8,140.204,-232.343,28.575,126.2,Rolling
2.95000,9,661.153,597.544,28.575,11.1,Rolling
2.95000,10,-1062.892,-350.047,28.575,301.4,Rolling
2.95000,11,821.749,-534.448,28.575,0.0,Stationary
2.95000,12,1209.546,504.973,28.575,44.0,Rolling
2.95000,13,409.763,64.586,28.575,76.0,Rolling
2.95000,14,1099.897,135.000,28.575,136.5,Rolling
2.95000,15,-114.856,-196.204,28.575,227.7,Rolling
2.95500,0,328.347,-64.325,28.575,0.0,Stationary
2.95500,1,-116.513,362.724,28.575,208.2,Rolling
2.95500,2,1220.585,-26.177,28.575,8.9,Rolling
2.95500,3,541.180,582.439,28.575,0.0,Stationary
2.95500,4,-339.324,-559.993,28.575,237.5,Rolling
2.95500,5,1238.800,56.416,28.575,0.0,Stationary
2.95500,6,464.717,45.134,28.575,212.4,Rolling
2.95500,7,667.670,198.639,28.575,108.4,Rolling
2.95500,8,139.627,-232.597,28.575,125.8,Rolling
2.95500,9,661.148,597.490,28.575,10.6,Rolling
2.95500,10,-1061.433,-350.421,28.575,300.9,Rolling
2.95500,11,821.749,-534.448,28.575,0.0,Stationary
2.95500,12,1209.449,505.170,28.575,43.5,Rolling
2.95500,13,409.495,64.318,28.575,75.5,Rolling
2.95500,14,1099.973,135.677,28.575,136.0,Rolling
2.95500,15,-115.788,-195.551,28.575,227.2,Rolling
2.96000,0,328.347,-64.325,28.575,0.0,Stationary
2.96000,1,-117.467,363.140,28.575,207.7,Rolling
2.96000,2,1220.546,-26.158,28.575,8.4,Rolling
2.96000,3,541.180,582.439,28.575,0.0,Stationary
2.96000,4,-340.473,-559.696,28.575,237.0,Rolling
2.96000,5,1238.800,56.416,28.575,0.0,Stationary
2.96000,6,463.978,44.373,28.575,211.9,Rolling
2.96000,7,667.403,198.168,28.575,107.9,Rolling
2.96000,8,139.053,-232.850,28.575,125.3,Rolling
2.96000,9,661.143,597.438,28.575,10.1,Rolling
2.96000,10,-1059.977,-350.795,28.575,300.4,Rolling
2.96000,11,821.749,-534.448,28.575,0.0,Stationary
2.96000,12,1209.353,505.364,28.575,43.0,Rolling
2.96000,13,409.229,64.052,28.575,75.0,Rolling
2.96000,14,1100.049,136.351,28.575,135.5,Rolling
2.96000,15,-116.717,-194.900,28.575,226.7,Rolling
2.96500,0,328.347,-64.325,28.575,0.0,Stationary
2.96500,1,-118.418,363.554,28.575,207.3,Rolling
2.96500,2,1220.510,-26.139,28.575,7.9,Rolling
2.96500,3,541.180,582.439,28.575,0.0,Stationary
2.96500,4,-341.619,-559.400,28.575,236.5,Rolling
2.96500,5,1238.800,56.416,28.575,0.0,Stationary
2.96500,6,463.241,43.614,28.575,211.4,Rolling
2.96500,7,667.137,197.700,28.575,107.4,Rolling
2.96500,8,138.481,-233.102,28.575,124.8,Rolling
2.96500,9,661.139,597.389,28.575,9.7,Rolling
2.96500,10,-1058.524,-351.168,28.575,299.9,Rolling
2.96500,11,821.749,-534.448,28.575,0.0,Stationary
2.96500,12,1209.258,505.555,28.575,42.5,Rolling
2.96500,13,408.964,63.788,28.575,74.5,Rolling
2.96500,14,1100.125,137.023,28.575,135.0,Rolling
2.96500,15,-117.644,-194.251,28.575,226.2,Rolling
2.97000,0,328.347,-64.325,28.575,0.0,Stationary
2.97000,1,-119.367,363.967,28.575,206.8,Rolling
2.97000,2,1220.476,-26.122,28.575,7.5,Rolling
2.97000,3,541.180,582.439,28.575,0.0,Stationary
2.97000,4,-342.762,-559.105,28.575,236.0,Rolling
2.97000,5,1238.800,56.416,28.575,0.0,Stationary
2.97000,6,462.505,42.856,28.575,211.0,Rolling
2.97000,7,666.873,197.234,28.575,106.9,Rolling
2.97000,8,137.911,-233.353,28.575,124.3,Rolling
2.97000,9,661.135,597.342,28.575,9.2,Rolling
2.97000,10,-1057.072,-351.540,28.575,299.4,Rolling
2.97000,11,821.749,-534.448,28.575,0.0,Stationary
2.97000,12,1209.164,505.745,28.575,42.1,Rolling
2.97000,13,408.702,63.526,28.575,74.0,Rolling
2.97000,14,1100.201,137.693,28.575,134.6,Rolling
2.97000,15,-118.570,-193.603,28.575,225.7,Rolling
2.97500,0,328.347,-64.325,28.575,0.0,Stationary
2.97500,1,-120.314,364.379,28.575,206.3,Rolling
2.97500,2,1220.444,-26.105,28.575,7.0,Rolling
2.97500,3,541.180,582.439,28.575,0.0,Stationary
2.97500,4,-343.904,-558.810,28.575,235.5,Rolling
2.97500,5,1238.800,56.416,28.575,0.0,Stationary
2.97500,6,461.771,42.100,28.575,210.5,Rolling
2.97500,7,666.610,196.769,28.575,106.5,Rolling
2.97500,8,137.343,-233.602,28.575,123.8,Rolling
2.97500,9,661.131,597.298,28.575,8.7,Rolling
2.97500,10,-1055.623,-351.912,28.575,298.9,Rolling
2.97500,11,821.749,-534.448,28.575,0.0,Stationary
2.97500,12,1209.072,505.932,28.575,41.6,Rolling
2.97500,13,408.441,63.265,28.575,73.5,Rolling
2.97500,14,1100.276,138.360,28.575,134.1,Rolling
2.97500,15,-119.493,-192.956,28.575,225.2,Rolling
2.98000,0,328.347,-64.325,28.575,0.0,Stationary
2.98000,1,-121.258,364.815,28.575,227.9,Airborne
2.98000,2,1220.414,-26.090,28.575,6.5,Rolling
2.98000,3,541.180,582.439,28.575,0.0,Stationary
2.98000,4,-345.042,-558.516,28.575,235.0,Rolling
2.98000,5,1238.800,56.416,28.575,0.0,Stationary
2.98000,6,461.064,41.338,28.575,193.4,Airborne
2.98000,7,666.348,196.308,28.575,106.0,Rolling
2.98000,8,136.778,-233.851,28.575,123.3,Rolling
2.98000,9,661.127,597.256,28.575,8.2,Rolling
2.98000,10,-1054.177,-352.283,28.575,298.4,Rolling
2.98000,11,821.749,-534.448,28.575,0.0,Stationary
2.98000,12,1208.980,506.118,28.575,41.1,Rolling
2.98000,13,408.156,63.014,28.575,105.0,Airborne
2.98000,14,1100.351,139.025,28.575,133.6,Rolling
2.98000,15,-120.415,-192.335,28.576,202.1,Airborne
2.98500,0,328.347,-64.325,28.575,0.0,Stationary
2.98500,1,-122.202,365.436,28.575,223.4,Sliding
2.98500,2,1220.386,-26.076,28.575,6.0,Rolling
2.98500,3,541.180,582.439,28.575,0.0,Stationary
2.98500,4,-346.179,-558.223,28.575,234.5,Rolling
2.98500,5,1238.800,56.416,28.575,0.0,Stationary
2.98500,6,460.551,40.514,28.575,195.4,Sliding
2.98500,7,666.088,195.848,28.575,105.5,Rolling
2.98500,8,136.215,-234.099,28.575,122.8,Rolling
2.98500,9,661.123,597.216,28.575,7.7,Rolling
2.98500,10,-1052.733,-352.654,28.575,298.0,Rolling
2.98500,11,821.749,-534.448,28.575,0.0,Stationary
2.98500,12,1208.890,506.301,28.575,40.6,Rolling
2.98500,13,407.684,62.824,28.575,98.2,Sliding
2.98500,14,1100.426,139.688,28.575,133.1,Rolling
2.98500,15,-121.336,-191.908,28.575,204.9,Sliding
2.99000,0,328.347,-64.325,28.575,0.0,Stationary
2.99000,1,-123.145,366.011,28.575,219.2,Rolling
2.99000,2,1220.360,-26.063,28.575,5.5,Rolling
2.99000,3,541.180,582.439,28.575,0.0,Stationary
2.99000,4,-347.313,-557.930,28.575,234.0,Rolling
2.99000,5,1238.800,56.416,28.575,0.0,Stationary
2.99000,6,460.001,39.702,28.575,196.2,Rolling
2.99000,7,665.828,195.390,28.575,105.0,Rolling
2.99000,8,135.654,-234.346,28.575,122.3,Rolling
2.99000,9,661.120,597.179,28.575,7.2,Rolling
2.99000,10,-1051.291,-353.024,28.575,297.5,Rolling
2.99000,11,821.749,-534.448,28.575,0.0,Stationary
2.99000,12,1208.800,506.481,28.575,40.1,Rolling
2.99000,13,407.256,62.620,28.575,92.8,Rolling
2.99000,14,1100.500,140.348,28.575,132.6,Rolling
2.99000,15,-122.256,-191.445,28.575,206.1,Rolling
2.99500,0,328.347,-64.325,28.575,0.0,Stationary
2.99500,1,-124.087,366.568,28.575,218.7,Rolling
2.99500,2,1220.337,-26.051,28.575,5.0,Rolling
2.99500,3,541.180,582.439,28.575,0.0,Stationary
2.99500,4,-348.445,-557.637,28.575,233.5,Rolling
2.99500,5,1238.800,56.416,28.575,0.0,Stationary
2.99500,6,459.448,38.893,28.575,195.8,Rolling
2.99500,7,665.570,194.934,28.575,104.5,Rolling
2.99500,8,135.095,-234.592,28.575,121.8,Rolling
2.99500,9,661.117,597.144,28.575,6.7,Rolling
2.99500,10,-1049.851,-353.393,28.575,297.0,Rolling
2.99500,11,821.749,-534.448,28.575,0.0,Stationary
2.99500,12,1208.712,506.660,28.575,39.6,Rolling
2.99500,13,406.843,62.412,28.575,92.3,Rolling
2.99500,14,1100.574,141.005,28.575,132.1,Rolling
2.99500,15,-123.174,-190.980,28.575,205.6,Rolling
3.00000,0,328.347,-64.325,28.575,0.0,Stationary
3.00000,1,-125.027,367.124,28.575,218.2,Rolling
3.00000,2,1220.316,-26.040,28.575,4.5,Rolling
3.00000,3,541.180,582.439,28.575,0.0,Stationary
3.00000,4,-349.574,-557.346,28.575,233.0,Rolling
3.00000,5,1238.800,56.416,28.575,0.0,Stationary
3.00000,6,458.897,38.086,28.575,195.3,Rolling
3.00000,7,665.313,194.481,28.575,104.0,Rolling
3.00000,8,134.539,-234.837,28.575,121.3,Rolling
3.00000,9,661.114,597.112,28.575,6.2,Rolling
3.00000,10,-1048.414,-353.762,28.575,296.5,Rolling
3.00000,11,821.749,-534.448,28.575,0.0,Stationary
3.00000,12,1208.625,506.836,28.575,39.1,Rolling
3.00000,13,406.432,62.205,28.575,91.8,Rolling
3.00000,14,1100.648,141.660,28.575,131.6,Rolling
3.00000,15,-124.090,-190.516,28.575,205.1,Rolling
3.00500,0,328.347,-64.325,28.575,0.0,Stationary
3.00500,1,-125.965,367.679,28.575,217.7,Rolling
3.00500,2,1220.297,-26.031,28.575,4.0,Rolling
3.00500,3,541.180,582.439,28.575,0.0,Stationary
3.00500,4,-350.701,-557.055,28.575,232.6,Rolling
3.00500,5,1238.800,56.416,28.575,0.0,Stationary
3.00500,6,458.347,37.280,28.575,194.8,Rolling
3.00500,7,665.057,194.030,28.575,103.5,Rolling
3.00500,8,133.985,-235.081,28.575,120.8,Rolling
3.00500,9,661.111,597.082,28.575,5.7,Rolling
3.00500,10,-1046.979,-354.130,28.575,296.0,Rolling
3.00500,11,821.749,-534.448,28.575,0.0,Stationary
3.00500,12,1208.539,507.011,28.575,38.6,Rolling
3.00500,13,406.024,61.999,28.575,91.3,Rolling
3.00500,14,1100.722,142.313,28.575,131.1,Rolling
3.00500,15,-125.004,-190.053,28.575,204.6,Rolling
3.01000,0,328.347,-64.325,28.575,0.0,Stationary
3.01000,1,-126.901,368.232,28.575,217.2,Rolling
3.01000,2,1220.280,-26.022,28.575,3.5,Rolling
3.01000,3,541.180,582.439,28.575,0.0,Stationary
3.01000,4,-351.826,-556.764,28.575,232.1,Rolling
3.01000,5,1238.800,56.416,28.575,0.0,Stationary
3.01000,6,457.798,36.477,28.575,194.3,Rolling
3.01000,7,664.802,193.580,28.575,103.0,Rolling
3.01000,8,133.433,-235.324,28.575,120.4,Rolling
3.01000,9,661.109,597.055,28.575,5.2,Rolling
3.01000,10,-1045.547,-354.498,28.575,295.5,Rolling
3.01000,11,821.749,-534.448,28.575,0.0,Stationary
3.01000,12,1208.454,507.183,28.575,38.1,Rolling
3.01000,13,405.617,61.794,28.575,90.8,Rolling
3.01000,14,1100.795,142.963,28.575,130.6,Rolling
3.01000,15,-125.916,-189.591,28.575,204.1,Rolling
3.01500,0,328.347,-64.325,28.575,0.0,Stationary
3.01500,1,-127.835,368.785,28.575,216.7,Rolling
3.01500,2,1220.265,-26.015,28.575,3.0,Rolling
3.01500,3,541.180,582.439,28.575,0.0,Stationary
3.01500,4,-352.948,-556.475,28.575,231.6,Rolling
3.01500,5,1238.800,56.416,28.575,0.0,Stationary
3.01500,6,457.250,35.676,28.575,193.8,Rolling
3.01500,7,664.549,193.133,28.575,102.5,Rolling
3.01500,8,132.883,-235.566,28.575,119.9,Rolling
3.01500,9,661.106,597.030,28.575,4.8,Rolling
3.01500,10,-1044.117,-354.864,28.575,295.0,Rolling
3.01500,11,821.749,-534.448,28.575,0.0,Stationary
3.01500,12,1208.370,507.353,28.575,37.6,Rolling
3.01500,13,405.212,61.590,28.575,90.3,Rolling
3.01500,14,1100.868,143.611,28.575,130.1,Rolling
3.01500,15,-126.825,-189.131,28.575,203.6,Rolling
3.02000,0,328.347,-64.325,28.575,0.0,Stationary
3.02000,1,-128.766,369.336,28.575,216.2,Rolling
3.02000,2,1220.253,-26.009,28.575,2.5,Rolling
3.02000,3,541.180,582.439,28.575,0.0,Stationary
3.02000,4,-354.068,-556.185,28.575,231.1,Rolling
3.02000,5,1238.800,56.416,28.575,0.0,Stationary
3.02000,6,456.704,34.877,28.575,193.3,Rolling
3.02000,7,664.297,192.688,28.575,102.0,Rolling
3.02000,8,132.336,-235.807,28.575,119.4,Rolling
3.02000,9,661.104,597.008,28.575,4.3,Rolling
3.02000,10,-1042.690,-355.231,28.575,294.5,Rolling
3.02000,11,821.749,-534.448,28.575,0.0,Stationary
3.02000,12,1208.287,507.520,28.575,37.2,Rolling
3.02000,13,404.810,61.388,28.575,89.8,Rolling
3.02000,14,1100.941,144.257,28.575,129.6,Rolling
3.02000,15,-127.732,-188.671,28.575,203.2,Rolling
3.02500,0,328.347,-64.325,28.575,0.0,Stationary
3.02500,1,-129.695,369.885,28.575,215.7,Rolling
3.02500,2,1220.242,-26.003,28.575,2.1,Rolling
3.02500,3,541.180,582.439,28.575,0.0,Stationary
3.02500,4,-355.186,-555.897,28.575,230.6,Rolling
3.02500,5,1238.800,56.416,28.575,0.0,Stationary
3.02500,6,456.160,34.080,28.575,192.8,Rolling
3.02500,7,664.046,192.246,28.575,101.5,Rolling
3.02500,8,131.791,-236.047,28.575,118.9,Rolling
3.02500,9,661.102,596.987,28.575,3.8,Rolling
3.02500,10,-1041.264,-355.596,28.575,294.0,Rolling
3.02500,11,821.749,-534.448,28.575,0.0,Stationary
3.02500,12,1208.205,507.686,28.575,36.7,Rolling
3.02500,13,404.410,61.186,28.575,89.3,Rolling
3.02500,14,1101.013,144.900,28.575,129.2,Rolling
3.02500,15,-128.637,-188.213,28.575,202.7,Rolling
3.03000,0,328.347,-64.325,28.575,0.0,Stationary
3.03000,1,-130.623,370.434,28.575,215.2,Rolling
3.03000,2,1220.234,-25.999,28.575,1.6,Rolling
3.03000,3,541.180,582.439,28.575,0.0,Stationary
3.03000,4,-356.301,-555.609,28.575,230.1,Rolling
3.03000,5,1238.800,56.416,28.575,0.0,Stationary
3.03000,6,455.617,33.286,28.575,192.3,Rolling
3.03000,7,663.796,191.805,28.575,101.1,Rolling
3.03000,8,131.248,-236.286,28.575,118.4,Rolling
3.03000,9,661.101,596.970,28.575,3.3,Rolling
3.03000,10,-1039.842,-355.962,28.575,293.5,Rolling
3.03000,11,821.749,-534.448,28.575,0.0,Stationary
3.03000,12,1208.124,507.849,28.575,36.2,Rolling
3.03000,13,404.012,60.986,28.575,88.8,Rolling
3.03000,14,1101.085,145.540,28.575,128.7,Rolling
3.03000,15,-129.540,-187.756,28.575,202.2,Rolling
3.03500,0,328.347,-64.325,28.575,0.0,Stationary
3.03500,1,-131.548,370.981,28.575,214.7,Rolling
3.03500,2,1220.229,-25.996,28.575,1.1,Rolling
3.03500,3,541.180,582.439,28.575,0.0,Stationary
3.03500,4,-357.414,-555.322,28.575,229.6,Rolling
3.03500,5,1238.800,56.416,28.575,0.0,Stationary
3.03500,6,455.075,32.493,28.575,191.8,Rolling
3.03500,7,663.548,191.367,28.575,100.6,Rolling
3.03500,8,130.707,-236.524,28.575,117.9,Rolling
3.03500,9,661.099,596.955,28.575,2.8,Rolling
3.03500,10,-1038.421,-356.326,28.575,293.0,Rolling
3.03500,11,821.749,-534.448,28.575,0.0,Stationary
3.03500,12,1208.045,508.010,28.575,35.7,Rolling
3.03500,13,403.617,60.786,28.575,88.4,Rolling
3.03500,14,1101.157,146.178,28.575,128.2,Rolling
3.03500,15,-130.441,-187.299,28.575,201.7,Rolling
3.04000,0,328.347,-64.325,28.575,0.0,Stationary
3.04000,1,-132.471,371.527,28.575,214.3,Rolling
3.04000,2,1220.225,-25.994,28.575,0.6,Rolling
3.04000,3,541.180,582.439,28.575,0.0,Stationary
3.04000,4,-358.524,-555.035,28.575,229.1,Rolling
3.04000,5,1238.800,56.416,28.575,0.0,Stationary
3.04000,6,454.534,31.702,28.575,191.3,Rolling
3.04000,7,663.300,190.930,28.575,100.1,Rolling
3.04000,8,130.169,-236.761,28.575,117.4,Rolling
3.04000,9,661.098,596.942,28.575,2.3,Rolling
3.04000,10,-1037.003,-356.690,28.575,292.6,Rolling
3.04000,11,821.749,-534.448,28.575,0.0,Stationary
3.04000,12,1207.966,508.169,28.575,35.2,Rolling
3.04000,13,403.223,60.588,28.575,87.9,Rolling
3.04000,14,1101.229,146.814,28.575,127.7,Rolling
3.04000,15,-131.340,-186.844,28.575,201.2,Rolling
3.04500,0,328.347,-64.325,28.575,0.0,Stationary
3.04500,1,-133.392,372.072,28.575,213.8,Rolling
3.04500,2,1220.223,-25.994,28.575,0.1,Rolling
3.04500,3,541.180,582.439,28.575,0.0,Stationary
3.04500,4,-359.632,-554.749,28.575,228.6,Rolling
3.04500,5,1238.800,56.416,28.575,0.0,Stationary
3.04500,6,453.995,30.913,28.575,190.8,Rolling
3.04500,7,663.054,190.496,28.575,99.6,Rolling
3.04500,8,129.632,-236.997,28.575,116.9,Rolling
3.04500,9,661.097,596.932,28.575,1.8,Rolling
3.04500,10,-1035.587,-357.053,28.575,292.1,Rolling
3.04500,11,821.749,-534.448,28.575,0.0,Stationary
3.04500,12,1207.889,508.325,28.575,34.7,Rolling
3.04500,13,402.832,60.391,28.575,87.4,Rolling
3.04500,14,1101.300,147.447,28.575,127.2,Rolling
3.04500,15,-132.236,-186.390,28.575,200.7,Rolling
3.05000,0,328.347,-64.325,28.575,0.0,Stationary
3.05000,1,-134.311,372.616,28.575,213.3,Rolling
3.05000,2,1220.223,-25.994,28.575,0.0,Stationary
3.05000,3,541.180,582.439,28.575,0.0,Stationary
3.05000,4,-360.738,-554.463,28.575,228.1,Rolling
3.05000,5,1238.800,56.416,28.575,0.0,Stationary
3.05000,6,453.458,30.126,28.575,190.4,Rolling
3.05000,7,662.809,190.064,28.575,99.1,Rolling
3.05000,8,129.098,-237.232,28.575,116.4,Rolling
3.05000,9,661.097,596.924,28.575,1.3,Rolling
3.05000,10,-1034.174,-357.416,28.575,291.6,Rolling
3.05000,11,821.749,-534.448,28.575,0.0,Stationary
3.05000,12,1207.812,508.480,28.575,34.2,Rolling
3.05000,13,402.443,60.195,28.575,86.9,Rolling
3.05000,14,1101.372,148.078,28.575,126.7,Rolling
3.05000,15,-133.130,-185.938,28.575,200.2,Rolling
3.05500,0,328.347,-64.325,28.575,0.0,Stationary
3.05500,1,-135.228,373.158,28.575,212.8,Rolling
3.05500,2,1220.223,-25.994,28.575,0.0,Stationary
3.05500,3,541.180,582.439,28.575,0.0,Stationary
3.05500,4,-361.841,-554.178,28.575,227.6,Rolling
3.05500,5,1238.800,56.416,28.575,0.0,Stationary
3.05500,6,452.921,29.341,28.575,189.9,Rolling
3.05500,7,662.565,189.634,28.575,98.6,Rolling
3.05500,8,128.567,-237.466,28.575,115.9,Rolling
3.05500,9,661.096,596.919,28.575,0.8,Rolling
3.05500,10,-1032.763,-357.778,28.575,291.1,Rolling
3.05500,11,821.749,-534.448,28.575,0.0,Stationary
3.05500,12,1207.737,508.632,28.575,33.7,Rolling
3.05500,13,402.056,60.000,28.575,86.4,Rolling
3.05500,14,1101.442,148.706,28.575,126.2,Rolling
3.05500,15,-134.022,-185.486,28.575,199.7,Rolling
3.06000,0,328.347,-64.325,28.575,0.0,Stationary
3.06000,1,-136.142,373.699,28.575,212.3,Rolling
3.06000,2,1220.223,-25.994,28.575,0.0,Stationary
3.06000,3,541.180,582.439,28.575,0.0,Stationary
3.06000,4,-362.942,-553.894,28.575,227.2,Rolling
3.06000,5,1238.800,56.416,28.575,0.0,Stationary
3.06000,6,452.386,28.558,28.575,189.4,Rolling
3.06000,7,662.323,189.206,28.575,98.1,Rolling
3.06000,8,128.037,-237.700,28.575,115.5,Rolling
3.06000,9,661.096,596.916,28.575,0.3,Rolling
3.06000,10,-1031.355,-358.139,28.575,290.6,Rolling
3.06000,11,821.749,-534.448,28.575,0.0,Stationary
3.06000,12,1207.663,508.782,28.575,33.2,Rolling
3.06000,13,401.671,59.807,28.575,85.9,Rolling
3.06000,14,1101.513,149.332,28.575,125.7,Rolling
3.06000,15,-134.912,-185.035,28.575,199.2,Rolling
3.06500,0,328.347,-64.325,28.575,0.0,Stationary
3.06500,1,-137.055,374.239,28.575,211.8,Rolling
3.06500,2,1220.223,-25.994,28.575,0.0,Stationary
3.06500,3,541.180,582.439,28.575,0.0,Stationary
3.06500,4,-364.040,-553.610,28.575,226.7,Rolling
3.06500,5,1238.800,56.416,28.575,0.0,Stationary
3.06500,6,451.853,27.778,28.575,188.9,Rolling
3.06500,7,662.082,188.780,28.575,97.6,Rolling
3.06500,8,127.510,-237.932,28.575,115.0,Rolling
3.06500,9,661.096,596.915,28.575,0.0,Stationary
3.06500,10,-1029.948,-358.500,28.575,290.1,Rolling
3.06500,11,821.749,-534.448,28.575,0.0,Stationary
3.06500,12,1207.590,508.930,28.575,32.7,Rolling
3.06500,13,401.289,59.614,28.575,85.4,Rolling
3.06500,14,1101.583,149.955,28.575,125.2,Rolling
3.06500,15,-135.799,-184.586,28.575,198.7,Rolling
3.07000,0,328.347,-64.325,28.575,0.0,Stationary
3.07000,1,-137.965,374.777,28.575,211.3,Rolling
3.07000,2,1220.223,-25.994,28.575,0.0,Stationary
3.07000,3,541.180,582.439,28.575,0.0,Stationary
3.07000,4,-365.137,-553.327,28.575,226.2,Rolling
3.07000,5,1238.800,56.416,28.575,0.0,Stationary
3.07000,6,451.321,26.999,28.575,188.4,Rolling
3.07000,7,661.841,188.357,28.575,97.1,Rolling
3.07000,8,126.985,-238.163,28.575,114.5,Rolling
3.07000,9,661.096,596.915,28.575,0.0,Stationary
3.07000,10,-1028.544,-358.860,28.575,289.6,Rolling
3.07000,11,821.749,-534.448,28.575,0.0,Stationary
3.07000,12,1207.518,509.076,28.575,32.3,Rolling
3.07000,13,400.909,59.422,28.575,84.9,Rolling
3.07000,14,1101.653,150.576,28.575,124.7,Rolling
3.07000,15,-136.685,-184.137,28.575,198.2,Rolling
3.07500,0,328.347,-64.325,28.575,0.0,Stationary
3.07500,1,-138.873,375.315,28.575,210.8,Rolling
3.07500,2,1220.223,-25.994,28.575,0.0,Stationary
3.07500,3,541.180,582.439,28.575,0.0,Stationary
3.07500,4,-366.230,-553.045,28.575,225.7,Rolling
3.07500,5,1238.800,56.416,28.575,0.0,Stationary
3.07500,6,450.790,26.222,28.575,187.9,Rolling
3.07500,7,661.603,187.935,28.575,96.6,Rolling
3.07500,8,126.462,-238.393,28.575,114.0,Rolling
3.07500,9,661.096,596.915,28.575,0.0,Stationary
3.07500,10,-1027.143,-359.220,28.575,289.1,Rolling
3.07500,11,821.749,-534.448,28.575,0.0,Stationary
3.07500,12,1207.447,509.219,28.575,31.8,Rolling
3.07500,13,400.530,59.232,28.575,84.4,Rolling
3.07500,14,1101.723,151.195,28.575,124.3,Rolling
3.07500,15,-137.568,-183.690,28.575,197.8,Rolling
3.08000,0,328.347,-64.325,28.575,0.0,Stationary
3.08000,1,-139.780,375.851,28.575,210.3,Rolling
3.08000,2,1220.223,-25.994,28.575,0.0,Stationary
3.08000,3,541.180,582.439,28.575,0.0,Stationary
3.08000,4,-367.322,-552.763,28.575,225.2,Rolling
3.08000,5,1238.800,56.416,28.575,0.0,Stationary
3.08000,6,450.261,25.448,28.575,187.4,Rolling
3.08000,7,661.365,187.516,28.575,96.2,Rolling
3.08000,8,125.942,-238.622,28.575,113.5,Rolling
3.08000,9,661.096,596.915,28.575,0.0,Stationary
3.08000,10,-1025.744,-359.579,28.575,288.6,Rolling
3.08000,11,821.749,-534.448,28.575,0.0,Stationary
3.08000,12,1207.377,509.360,28.575,31.3,Rolling
3.08000,13,400.154,59.043,28.575,83.9,Rolling
3.08000,14,1101.792,151.811,28.575,123.8,Rolling
3.08000,15,-138.449,-183.244,28.575,197.3,Rolling
3.08500,0,328.347,-64.325,28.575,0.0,Stationary
3.08500,1,-140.684,376.386,28.575,209.8,Rolling
3.08500,2,1220.223,-25.994,28.575,0.0,Stationary
3.08500,3,541.180,582.439,28.575,0.0,Stationary
3.08500,4,-368.411,-552.482,28.575,224.7,Rolling
3.08500,5,1238.800,56.416,28.575,0.0,Stationary
3.08500,6,449.733,24.675,28.575,186.9,Rolling
3.08500,7,661.128,187.099,28.575,95.7,Rolling
3.08500,8,125.424,-238.850,28.575,113.0,Rolling
3.08500,9,661.096,596.915,28.575,0.0,Stationary
3.08500,10,-1024.347,-359.937,28.575,288.1,Rolling
3.08500,11,821.749,-534.448,28.575,0.0,Stationary
3.08500,12,1207.308,509.499,28.575,30.8,Rolling
3.08500,13,399.781,58.854,28.575,83.5,Rolling
3.08500,14,1101.862,152.425,28.575,123.3,Rolling
3.08500,15,-139.328,-182.799,28.575,196.8,Rolling
3.09000,0,328.347,-64.325,28.575,0.0,Stationary
3.09000,1,-141.586,376.919,28.575,209.4,Rolling
3.09000,2,1220.223,-25.994,28.575,0.0,Stationary
3.09000,3,541.180,582.439,28.575,0.0,Stationary
3.09000,4,-369.497,-552.201,28.575,224.2,Rolling
3.09000,5,1238.800,56.416,28.575,0.0,Stationary
3.09000,6,449.206,23.904,28.575,186.4,Rolling
3.09000,7,660.893,186.684,28.575,95.2,Rolling
3.09000,8,124.908,-239.077,28.575,112.5,Rolling
3.09000,9,661.096,596.915,28.575,0.0,Stationary
3.09000,10,-1022.953,-360.295,28.575,287.7,Rolling
3.09000,11,821.749,-534.448,28.575,0.0,Stationary
3.09000,12,1207.240,509.636,28.575,30.3,Rolling
3.09000,13,399.409,58.667,28.575,83.0,Rolling
3.09000,14,1101.931,153.036,28.575,122.8,Rolling
3.09000,15,-140.205,-182.355,28.575,196.3,Rolling
3.09500,0,328.347,-64.325,28.575,0.0,Stationary
3.09500,1,-142.486,377.452,28.575,208.9,Rolling
3.09500,2,1220.223,-25.994,28.575,0.0,Stationary
3.09500,3,541.180,582.439,28.575,0.0,Stationary
3.09500,4,-370.582,-551.921,28.575,223.7,Rolling
3.09500,5,1238.800,56.416,28.575,0.0,Stationary
3.09500,6,448.681,23.136,28.575,185.9,Rolling
3.09500,7,660.659,186.271,28.575,94.7,Rolling
3.09500,8,124.394,-239.304,28.575,112.0,Rolling
3.09500,9,661.096,596.915,28.575,0.0,Stationary
3.09500,10,-1021.561,-360.652,28.575,287.2,Rolling
3.09500,11,821.749,-534.448,28.575,0.0,Stationary
3.09500,12,1207.174,509.771,28.575,29.8,Rolling
3.09500,13,399.040,58.481,28.575,82.5,Rolling
3.09500,14,1101.999,153.645,28.575,122.3,Rolling
3.09500,15,-141.079,-181.912,28.575,195.8,Rolling
3.10000,0,328.347,-64.325,28.575,0.0,Stationary
3.10000,1,-143.383,377.983,28.575,208.4,Rolling
3.10000,2,1220.223,-25.994,28.575,0.0,Stationary
3.10000,3,541.180,582.439,28.575,0.0,Stationary
3.10000,4,-371.664,-551.642,28.575,223.2,Rolling
3.10000,5,1238.800,56.416,28.575,0.0,Stationary
3.10000,6,448.157,22.369,28.575,185.5,Rolling
3.10000,7,660.426,185.860,28.575,94.2,Rolling
3.10000,8,123.882,-239.529,28.575,111.5,Rolling
3.10000,9,661.096,596.915,28.575,0.0,Stationary
3.10000,10,-1020.171,-361.009,28.575,286.7,Rolling
3.10000,11,821.749,-534.448,28.575,0.0,Stationary
3.10000,12,1207.108,509.903,28.575,29.3,Rolling
3.10000,13,398.673,58.296,28.575,82.0,Rolling
3.10000,14,1102.068,154.251,28.575,121.8,Rolling
3.10000,15,-141.951,-181.470,28.575,195.3,Rolling
3.10500,0,328.347,-64.325,28.575,0.0,Stationary
3.10500,1,-144.279,378.512,28.575,207.9,Rolling
3.10500,2,1220.223,-25.994,28.575,0.0,Stationary
3.10500,3,541.180,582.439,28.575,0.0,Stationary
3.10500,4,-372.743,-551.363,28.575,222.7,Rolling
3.10500,5,1238.800,56.416,28.575,0.0,Stationary
3.10500,6,447.634,21.604,28.575,185.0,Rolling
3.10500,7,660.195,185.451,28.575,93.7,Rolling
3.10500,8,123.373,-239.753,28.575,111.0,Rolling
3.10500,9,661.096,596.915,28.575,0.0,Stationary
3.10500,10,-1018.784,-361.365,28.575,286.2,Rolling
3.10500,11,821.749,-534.448,28.575,0.0,Stationary
3.10500,12,1207.044,510.034,28.575,28.8,Rolling
3.10500,13,398.308,58.112,28.575,81.5,Rolling
3.10500,14,1102.136,154.855,28.575,121.3,Rolling
3.10500,15,-142.821,-181.030,28.575,194.8,Rolling
3.11000,0,328.347,-64.325,28.575,0.0,Stationary
3.11000,1,-145.173,379.041,28.575,207.4,Rolling
3.11000,2,1220.223,-25.994,28.575,0.0,Stationary
3.11000,3,541.180,582.439,28.575,0.0,Stationary
3.11000,4,-373.820,-551.085,28.575,222.3,Rolling
3.11000,5,1238.800,56.416,28.575,0.0,Stationary
3.11000,6,447.113,20.842,28.575,184.5,Rolling
3.11000,7,659.964,185.045,28.575,93.2,Rolling
3.11000,8,122.866,-239.976,28.575,110.6,Rolling
3.11000,9,661.096,596.915,28.575,0.0,Stationary
3.11000,10,-1017.399,-361.720,28.575,285.7,Rolling
3.11000,11,821.749,-534.448,28.575,0.0,Stationary
3.11000,12,1206.981,510.162,28.575,28.3,Rolling
3.11000,13,397.945,57.930,28.575,81.0,Rolling
3.11000,14,1102.203,155.457,28.575,120.8,Rolling
3.11000,15,-143.689,-180.590,28.575,194.3,Rolling
3.11500,0,328.347,-64.325,28.575,0.0,Stationary
3.11500,1,-146.064,379.568,28.575,206.9,Rolling
3.11500,2,1220.223,-25.994,28.575,0.0,Stationary
3.11500,3,541.180,582.439,28.575,0.0,Stationary
3.11500,4,-374.895,-550.808,28.575,221.8,Rolling
3.11500,5,1238.800,56.416,28.575,0.0,Stationary
3.11500,6,446.594,20.081,28.575,184.0,Rolling
3.11500,7,659.735,184.640,28.575,92.7,Rolling
3.11500,8,122.361,-240.198,28.575,110.1,Rolling
3.11500,9,661.096,596.915,28.575,0.0,Stationary
3.11500,10,-1016.017,-362.075,28.575,285.2,Rolling
3.11500,11,821.749,-534.448,28.575,0.0,Stationary
3.11500,12,1206.918,510.288,28.575,27.8,Rolling
3.11500,13,397.584,57.748,28.575,80.5,Rolling
3.11500,14,1102.271,156.056,28.575,120.3,Rolling
3.11500,15,-144.555,-180.152,28.575,193.8,Rolling
3.12000,0,328.347,-64.325,28.575,0.0,Stationary
3.12000,1,-146.953,380.094,28.575,206.4,Rolling
3.12000,2,1220.223,-25.994,28.575,0.0,Stationary
3.12000,3,541.180,582.439,28.575,0.0,Stationary
3.12000,4,-375.968,-550.531,28.575,221.3,Rolling
3.12000,5,1238.800,56.416,28.575,0.0,Stationary
3.12000,6,446.075,19.323,28.575,183.5,Rolling
3.12000,7,659.507,184.238,28.575,92.2,Rolling
3.12000,8,121.859,-240.420,28.575,109.6,Rolling
3.12000,9,661.096,596.915,28.575,0.0,Stationary
3.12000,10,-1014.637,-362.429,28.575,284.7,Rolling
3.12000,11,821.749,-534.448,28.575,0.0,Stationary
3.12000,12,1206.857,510.411,28.575,27.3,Rolling
3.12000,13,397.226,57.567,28.575,80.0,Rolling
3.12000,14,1102.338,156.653,28.575,119.8,Rolling
3.12000,15,-145.419,-179.714,28.575,193.3,Rolling
3.12500,0,328.347,-64.325,28.575,0.0,Stationary
3.12500,1,-147.840,380.619,28.575,205.9,Rolling
3.12500,2,1220.223,-25.994,28.575,0.0,Stationary
3.12500,3,541.180,582.439,28.575,0.0,Stationary
3.12500,4,-377.038,-550.254,28.575,220.8,Rolling
3.12500,5,1238.800,56.416,28.575,0.0,Stationary
3.12500,6,445.558,18.566,28.575,183.0,Rolling
3.12500,7,659.280,183.838,28.575,91.7,Rolling
3.12500,8,121.358,-240.640,28.575,109.1,Rolling
3.12500,9,661.096,596.915,28.575,0.0,Stationary
3.12500,10,-1013.259,-362.782,28.575,284.2,Rolling
3.12500,11,821.749,-534.448,28.575,0.0,Stationary
3.12500,12,1206.797,510.533,28.575,26.9,Rolling
3.12500,13,396.870,57.388,28.575,79.5,Rolling
3.12500,14,1102.405,157.247,28.575,119.4,Rolling
3.12500,15,-146.280,-179.278,28.575,192.9,Rolling
3.13000,0,328.347,-64.325,28.575,0.0,Stationary
3.13000,1,-148.726,381.143,28.575,205.4,Rolling
3.13000,2,1220.223,-25.994,28.575,0.0,Stationary
3.13000,3,541.180,582.439,28.575,0.0,Stationary
3.13000,4,-378.105,-549.979,28.575,220.3,Rolling
3.13000,5,1238.800,56.416,28.575,0.0,Stationary
3.13000,6,445.043,17.812,28.575,182.5,Rolling
3.13000,7,659.054,183.440,28.575,91.3,Rolling
3.13000,8,120.860,-240.859,28.575,108.6,Rolling
3.13000,9,661.096,596.915,28.575,0.0,Stationary
3.13000,10,-1011.884,-363.135,28.575,283.7,Rolling
3.13000,11,821.749,-534.448,28.575,0.0,Stationary
3.13000,12,1206.738,510.652,28.575,26.4,Rolling
3.13000,13,396.515,57.210,28.575,79.0,Rolling
3.13000,14,1102.472,157.839,28.575,118.9,Rolling
3.13000,15,-147.139,-178.843,28.575,192.4,Rolling
3.13500,0,328.347,-64.325,28.575,0.0,Stationary
3.13500,1,-149.609,381.665,28.575,204.9,Rolling
3.13500,2,1220.223,-25.994,28.575,0.0,Stationary
3.13500,3,541.180,582.439,28.575,0.0,Stationary
3.13500,4,-379.171,-549.704,28.575,219.8,Rolling
3.13500,5,1238.800,56.416,28.575,0.0,Stationary
3.13500,6,444.529,17.059,28.575,182.0,Rolling
3.13500,7,658.830,183.044,28.575,90.8,Rolling
3.13500,8,120.365,-241.078,28.575,108.1,Rolling
3.13500,9,661.096,596.915,28.575,0.0,Stationary
3.13500,10,-1010.511,-363.488,28.575,283.2,Rolling
3.13500,11,821.749,-534.448,28.575,0.0,Stationary
3.13500,12,1206.680,510.769,28.575,25.9,Rolling
3.13500,13,396.164,57.032,28.575,78.5,Rolling
3.13500,14,1102.538,158.428,28.575,118.4,Rolling
3.13500,15,-147.996,-178.409,28.575,191.9,Rolling
3.14000,0,328.347,-64.325,28.575,0.0,Stationary
3.14000,1,-150.489,382.186,28.575,204.4,Rolling
3.14000,2,1220.223,-25.994,28.575,0.0,Stationary
3.14000,3,541.180,582.439,28.575,0.0,Stationary
3.14000,4,-380.234,-549.429,28.575,219.3,Rolling
3.14000,5,1238.800,56.416,28.575,0.0,Stationary
3.14000,6,444.016,16.309,28.575,181.5,Rolling
3.14000,7,658.607,182.650,28.575,90.3,Rolling
3.14000,8,119.871,-241.295,28.575,107.6,Rolling
3.14000,9,661.096,596.915,28.575,0.0,Stationary
3.14000,10,-1009.140,-363.839,28.575,282.8,Rolling
3.14000,11,821.749,-534.448,28.575,0.0,Stationary
3.14000,12,1206.624,510.884,28.575,25.4,Rolling
3.14000,13,395.814,56.856,28.575,78.1,Rolling
3.14000,14,1102.605,159.015,28.575,117.9,Rolling
3.14000,15,-148.851,-177.976,28.575,191.4,Rolling
3.14500,0,328.347,-64.325,28.575,0.0,Stationary
3.14500,1,-151.368,382.706,28.575,204.0,Rolling
3.14500,2,1220.223,-25.994,28.575,0.0,Stationary
3.14500,3,541.180,582.439,28.575,0.0,Stationary
3.14500,4,-381.294,-549.155,28.575,218.8,Rolling
3.14500,5,1238.800,56.416,28.575,0.0,Stationary
3.14500,6,443.504,15.561,28.575,181.0,Rolling
3.14500,7,658.385,182.259,28.575,89.8,Rolling
3.14500,8,119.380,-241.511,28.575,107.1,Rolling
3.14500,9,661.096,596.915,28.575,0.0,Stationary
3.14500,10,-1007.772,-364.190,28.575,282.3,Rolling
3.14500,11,821.749,-534.448,28.575,0.0,Stationary
3.14500,12,1206.568,510.997,28.575,24.9,Rolling
3.14500,13,395.466,56.681,28.575,77.6,Rolling
3.14500,14,1102.671,159.599,28.575,117.4,Rolling
3.14500,15,-149.703,-177.544,28.575,190.9,Rolling
3.15000,0,328.347,-64.325,28.575,0.0,Stationary
3.15000,1,-152.245,383.225,28.575,203.5,Rolling
3.15000,2,1220.223,-25.994,28.575,0.0,Stationary
3.15000,3,541.180,582.439,28.575,0.0,Stationary
3.15000,4,-382.352,-548.882,28.575,218.3,Rolling
3.15000,5,1238.800,56.416,28.575,0.0,Stationary
3.15000,6,442.994,14.814,28.575,180.5,Rolling
3.15000,7,658.164,181.869,28.575,89.3,Rolling
3.15000,8,118.891,-241.726,28.575,106.6,Rolling
3.15000,9,661.096,596.915,28.575,0.0,Stationary
3.15000,10,-1006.406,-364.541,28.575,281.8,Rolling
3.15000,11,821.749,-534.448,28.575,0.0,Stationary
3.15000,12,1206.513,511.107,28.575,24.4,Rolling
3.15000,13,395.121,56.507,28.575,77.1,Rolling
3.15000,14,1102.736,160.181,28.575,116.9,Rolling
3.15000,15,-150.554,-177.114,28.575,190.4,Rolling
3.15500,0,328.347,-64.325,28.575,0.0,Stationary
3.15500,1,-153.119,383.742,28.575,203.0,Rolling
3.15500,2,1220.223,-25.994,28.575,0.0,Stationary
3.15500,3,541.180,582.439,28.575,0.0,Stationary
3.15500,4,-383.408,-548.609,28.575,217.8,Rolling
3.15500,5,1238.800,56.416,28.575,0.0,Stationary
3.15500,6,442.486,14.070,28.575,180.1,Rolling
3.15500,7,657.945,181.482,28.575,88.8,Rolling
3.15500,8,118.404,-241.941,28.575,106.1,Rolling
3.15500,9,661.096,596.915,28.575,0.0,Stationary
3.15500,10,-1005.043,-364.891,28.575,281.3,Rolling
3.15500,11,821.749,-534.448,28.575,0.0,Stationary
3.15500,12,1206.460,511.216,28.575,23.9,Rolling
3.15500,13,394.778,56.335,28.575,76.6,Rolling
3.15500,14,1102.801,160.761,28.575,116.4,Rolling
3.15500,15,-151.402,-176.684,28.575,189.9,Rolling
3.16000,0,328.347,-64.325,28.575,0.0,Stationary
3.16000,1,-153.992,384.258,28.575,202.5,Rolling
3.16000,2,1220.223,-25.994,28.575,0.0,Stationary
3.16000,3,541.180,582.439,28.575,0.0,Stationary
3.16000,4,-384.462,-548.337,28.575,217.4,Rolling
3.16000,5,1238.800,56.416,28.575,0.0,Stationary
3.16000,6,441.978,13.328,28.575,179.6,Rolling
3.16000,7,657.726,181.097,28.575,88.3,Rolling
3.16000,8,117.919,-242.154,28.575,105.6,Rolling
3.16000,9,661.096,596.915,28.575,0.0,Stationary
3.16000,10,-1003.682,-365.240,28.575,280.8,Rolling
3.16000,11,821.749,-534.448,28.575,0.0,Stationary
3.16000,12,1206.407,511.322,28.575,23.4,Rolling
3.16000,13,394.437,56.163,28.575,76.1,Rolling
3.16000,14,1102.867,161.338,28.575,115.9,Rolling
3.16000,15,-152.248,-176.256,28.575,189.4,Rolling
3.16500,0,328.347,-64.325,28.575,0.0,Stationary
3.16500,1,-154.862,384.773,28.575,202.0,Rolling
3.16500,2,1220.223,-25.994,28.575,0.0,Stationary
3.16500,3,541.180,582.439,28.575,0.0,Stationary
3.16500,4,-385.513,-548.066,28.575,216.9,Rolling
3.16500,5,1238.800,56.416,28.575,0.0,Stationary
3.16500,6,441.473,12.587,28.575,179.1,Rolling
3.16500,7,657.509,180.714,28.575,87.8,Rolling
3.16500,8,117.437,-242.367,28.575,105.2,Rolling
3.16500,9,661.096,596.915,28.575,0.0,Stationary
3.16500,10,-1002.323,-365.589,28.575,280.3,Rolling
3.16500,11,821.749,-534.448,28.575,0.0,Stationary
3.16500,12,1206.356,511.426,28.575,22.9,Rolling
3.16500,13,394.098,55.992,28.575,75.6,Rolling
3.16500,14,1102.931,161.913,28.575,115.4,Rolling
3.16500,15,-153.092,-175.828,28.575,188.9,Rolling
3.17000,0,328.347,-64.325,28.575,0.0,Stationary
3.17000,1,-155.730,385.287,28.575,201.5,Rolling
3.17000,2,1220.223,-25.994,28.575,0.0,Stationary
3.17000,3,541.180,582.439,28.575,0.0,Stationary
3.17000,4,-386.561,-547.795,28.575,216.4,Rolling
3.17000,5,1238.800,56.416,28.575,0.0,Stationary
3.17000,6,440.968,11.849,28.575,178.6,Rolling
3.17000,7,657.293,180.333,28.575,87.3,Rolling
3.17000,8,116.957,-242.578,28.575,104.7,Rolling
3.17000,9,661.096,596.915,28.575,0.0,Stationary
3.17000,10,-1000.967,-365.937,28.575,279.8,Rolling
3.17000,11,821.749,-534.448,28.575,0.0,Stationary
3.17000,12,1206.306,511.527,28.575,22.4,Rolling
3.17000,13,393.762,55.823,28.575,75.1,Rolling
3.17000,14,1102.996,162.485,28.575,114.9,Rolling
3.17000,15,-153.934,-175.402,28.575,188.4,Rolling
3.17500,0,328.347,-64.325,28.575,0.0,Stationary
3.17500,1,-156.597,385.799,28.575,201.0,Rolling
3.17500,2,1220.223,-25.994,28.575,0.0,Stationary
3.17500,3,541.180,582.439,28.575,0.0,Stationary
3.17500,4,-387.608,-547.525,28.575,215.9,Rolling
3.17500,5,1238.800,56.416,28.575,0.0,Stationary
3.17500,6,440.465,11.113,28.575,178.1,Rolling
3.17500,7,657.079,179.954,28.575,86.8,Rolling
3.17500,8,116.479,-242.788,28.575,104.2,Rolling
3.17500,9,661.096,596.915,28.575,0.0,Stationary
3.17500,10,-999.613,-366.284,28.575,279.3,Rolling
3.17500,11,821.749,-534.448,28.575,0.0,Stationary
3.17500,12,1206.256,511.627,28.575,22.0,Rolling
3.17500,13,393.428,55.654,28.575,74.6,Rolling
3.17500,14,1103.060,163.055,28.575,114.4,Rolling
3.17500,15,-154.773,-174.977,28.575,188.0,Rolling
3.18000,0,328.347,-64.325,28.575,0.0,Stationary
3.18000,1,-157.460,386.310,28.575,200.5,Rolling
3.18000,2,1220.223,-25.994,28.575,0.0,Stationary
3.18000,3,541.180,582.439,28.575,0.0,Stationary
3.18000,4,-388.652,-547.256,28.575,215.4,Rolling
3.18000,5,1238.800,56.416,28.575,0.0,Stationary
3.18000,6,439.963,10.379,28.575,177.6,Rolling
3.18000,7,656.865,179.577,28.575,86.3,Rolling
3.18000,8,116.003,-242.998,28.575,103.7,Rolling
3.18000,9,661.096,596.915,28.575,0.0,Stationary
3.18000,10,-998.261,-366.631,28.575,278.8,Rolling
3.18000,11,821.749,-534.448,28.575,0.0,Stationary
3.18000,12,1206.208,511.724,28.575,21.5,Rolling
3.18000,13,393.095,55.487,28.575,74.1,Rolling
3.18000,14,1103.124,163.622,28.575,114.0,Rolling
3.18000,15,-155.610,-174.553,28.575,187.5,Rolling
3.18500,0,328.347,-64.325,28.575,0.0,Stationary
3.18500,1,-158.322,386.820,28.575,200.0,Rolling
3.18500,2,1220.223,-25.994,28.575,0.0,Stationary
3.18500,3,541.180,582.439,28.575,0.0,Stationary
3.18500,4,-389.693,-546.987,28.575,214.9,Rolling
3.18500,5,1238.800,56.416,28.575,0.0,Stationary
3.18500,6,439.463,9.647,28.575,177.1,Rolling
3.18500,7,656.653,179.203,28.575,85.9,Rolling
3.18500,8,115.530,-243.206,28.575,103.2,Rolling
3.18500,9,661.096,596.915,28.575,0.0,Stationary
3.18500,10,-996.912,-366.977,28.575,278.3,Rolling
3.18500,11,821.749,-534.448,28.575,0.0,Stationary
3.18500,12,1206.161,511.819,28.575,21.0,Rolling
3.18500,13,392.765,55.321,28.575,73.6,Rolling
3.18500,14,1103.188,164.187,28.575,113.5,Rolling
3.18500,15,-156.445,-174.130,28.575,187.0,Rolling
3.19000,0,328.347,-64.325,28.575,0.0,Stationary
3.19000,1,-159.182,387.329,28.575,199.5,Rolling
3.19000,2,1220.223,-25.994,28.575,0.0,Stationary
3.19000,3,541.180,582.439,28.575,0.0,Stationary
3.19000,4,-390.732,-546.718,28.575,214.4,Rolling
3.19000,5,1238.800,56.416,28.575,0.0,Stationary
3.19000,6,438.964,8.916,28.575,176.6,Rolling
3.19000,7,656.442,178.830,28.575,85.4,Rolling
3.19000,8,115.059,-243.413,28.575,102.7,Rolling
3.19000,9,661.096,596.915,28.575,0.0,Stationary
3.19000,10,-995.565,-367.323,28.575,277.8,Rolling
3.19000,11,821.749,-534.448,28.575,0.0,Stationary
3.19000,12,1206.115,511.912,28.575,20.5,Rolling
3.19000,13,392.438,55.156,28.575,73.2,Rolling
3.19000,14,1103.251,164.750,28.575,113.0,Rolling
3.19000,15,-157.278,-173.708,28.575,186.5,Rolling
3.19500,0,328.347,-64.325,28.575,0.0,Stationary
3.19500,1,-160.040,387.836,28.575,199.1,Rolling
3.19500,2,1220.223,-25.994,28.575,0.0,Stationary
3.19500,3,541.180,582.439,28.575,0.0,Stationary
3.19500,4,-391.769,-546.451,28.575,213.9,Rolling
3.19500,5,1238.800,56.416,28.575,0.0,Stationary
3.19500,6,438.466,8.188,28.575,176.1,Rolling
3.19500,7,656.232,178.460,28.575,84.9,Rolling
3.19500,8,114.590,-243.620,28.575,102.2,Rolling
3.19500,9,661.096,596.915,28.575,0.0,Stationary
3.19500,10,-994.221,-367.668,28.575,277.4,Rolling
3.19500,11,821.749,-534.448,28.575,0.0,Stationary
3.19500,12,1206.070,512.003,28.575,20.0,Rolling
3.19500,13,392.112,54.992,28.575,72.7,Rolling
3.19500,14,1103.314,165.310,28.575,112.5,Rolling
3.19500,15,-158.109,-173.288,28.575,186.0,Rolling
3.20000,0,328.347,-64.325,28.575,0.0,Stationary
3.20000,1,-160.895,388.342,28.575,198.6,Rolling
3.20000,2,1220.223,-25.994,28.575,0.0,Stationary
3.20000,3,541.180,582.439,28.575,0.0,Stationary
3.20000,4,-392.804,-546.183,28.575,213.4,Rolling
3.20000,5,1238.800,56.416,28.575,0.0,Stationary
3.20000,6,437.970,7.462,28.575,175.6,Rolling
3.20000,7,656.023,178.092,28.575,84.4,Rolling
3.20000,8,114.123,-243.825,28.575,101.7,Rolling
3.20000,9,661.096,596.915,28.575,0.0,Stationary
3.20000,10,-992.879,-368.012,28.575,276.9,Rolling
3.20000,11,821.749,-534.448,28.575,0.0,Stationary
3.20000,12,1206.027,512.091,28.575,19.5,Rolling
3.20000,13,391.789,54.829,28.575,72.2,Rolling
3.20000,14,1103.377,165.868,28.575,112.0,Rolling
3.20000,15,-158.938,-172.868,28.575,185.5,Rolling
3.20500,0,328.347,-64.325,28.575,0.0,Stationary
3.20500,1,-161.749,388.847,28.575,198.1,Rolling
3.20500,2,1220.223,-25.994,28.575,0.0,Stationary
3.20500,3,541.180,582.439,28.575,0.0,Stationary
3.20500,4,-393.836,-545.917,28.575,212.9,Rolling
3.20500,5,1238.800,56.416,28.575,0.0,Stationary
3.20500,6,437.475,6.738,28.575,175.2,Rolling
3.20500,7,655.816,177.726,28.575,83.9,Rolling
3.20500,8,113.659,-244.030,28.575,101.2,Rolling
3.20500,9,661.096,596.915,28.575,0.0,Stationary
3.20500,10,-991.539,-368.356,28.575,276.4,Rolling
3.20500,11,821.749,-534.448,28.575,0.0,Stationary
3.20500,12,1205.984,512.178,28.575,19.0,Rolling
3.20500,13,391.468,54.667,28.575,71.7,Rolling
3.20500,14,1103.440,166.423,28.575,111.5,Rolling
3.20500,15,-159.764,-172.449,28.575,185.0,Rolling
3.21000,0,328.347,-64.325,28.575,0.0,Stationary
3.21000,1,-162.600,389.350,28.575,197.6,Rolling
3.21000,2,1220.223,-25.994,28.575,0.0,Stationary
3.21000,3,541.180,582.439,28.575,0.0,Stationary
3.21000,4,-394.865,-545.651,28.575,212.4,Rolling
3.21000,5,1238.800,56.416,28.575,0.0,Stationary
3.21000,6,436.982,6.016,28.575,174.7,Rolling
3.21000,7,655.609,177.362,28.575,83.4,Rolling
3.21000,8,113.197,-244.233,28.575,100.7,Rolling
3.21000,9,661.096,596.915,28.575,0.0,Stationary
3.21000,10,-990.201,-368.699,28.575,275.9,Rolling
3.21000,11,821.749,-534.448,28.575,0.0,Stationary
3.21000,12,1205.942,512.262,28.575,18.5,Rolling
3.21000,13,391.149,54.506,28.575,71.2,Rolling
3.21000,14,1103.502,166.976,28.575,111.0,Rolling
3.21000,15,-160.588,-172.032,28.575,184.5,Rolling
3.21500,0,328.347,-64.325,28.575,0.0,Stationary
3.21500,1,-163.449,389.853,28.575,197.1,Rolling
3.21500,2,1220.223,-25.994,28.575,0.0,Stationary
3.21500,3,541.180,582.439,28.575,0.0,Stationary
3.21500,4,-395.893,-545.386,28.575,212.0,Rolling
3.21500,5,1238.800,56.416,28.575,0.0,Stationary
3.21500,6,436.490,5.296,28.575,174.2,Rolling
3.21500,7,655.404,177.000,28.575,82.9,Rolling
3.21500,8,112.737,-244.436,28.575,100.3,Rolling
3.21500,9,661.096,596.915,28.575,0.0,Stationary
3.21500,10,-988.866,-369.041,28.575,275.4,Rolling
3.21500,11,821.749,-534.448,28.575,0.0,Stationary
3.21500,12,1205.902,512.344,28.575,18.0,Rolling
3.21500,13,390.832,54.347,28.575,70.7,Rolling
3.21500,14,1103.564,167.526,28.575,110.5,Rolling
3.21500,15,-161.410,-171.616,28.575,184.0,Rolling
3.22000,0,328.347,-64.325,28.575,0.0,Stationary
3.22000,1,-164.296,390.354,28.575,196.6,Rolling
3.22000,2,1220.223,-25.994,28.575,0.0,Stationary
3.22000,3,541.180,582.439,28.575,0.0,Stationary
3.22000,4,-396.918,-545.121,28.575,211.5,Rolling
3.22000,5,1238.800,56.416,28.575,0.0,Stationary
3.22000,6,435.999,4.578,28.575,173.7,Rolling
3.22000,7,655.201,176.641,28.575,82.4,Rolling
3.22000,8,112.279,-244.637,28.575,99.8,Rolling
3.22000,9,661.096,596.915,28.575,0.0,Stationary
3.22000,10,-987.534,-369.383,28.575,274.9,Rolling
3.22000,11,821.749,-534.448,28.575,0.0,Stationary
3.22000,12,1205.863,512.424,28.575,17.5,Rolling
3.22000,13,390.517,54.188,28.575,70.2,Rolling
3.22000,14,1103.626,168.074,28.575,110.0,Rolling
3.22000,15,-162.230,-171.201,28.575,183.5,Rolling
3.22500,0,328.347,-64.325,28.575,0.0,Stationary
3.22500,1,-165.141,390.854,28.575,196.1,Rolling
3.22500,2,1220.223,-25.994,28.575,0.0,Stationary
3.22500,3,541.180,582.439,28.575,0.0,Stationary
3.22500,4,-397.940,-544.857,28.575,211.0,Rolling
3.22500,5,1238.800,56.416,28.575,0.0,Stationary
3.22500,6,435.510,3.862,28.575,173.2,Rolling
3.22500,7,654.998,176.283,28.575,81.9,Rolling
3.22500,8,111.824,-244.838,28.575,99.3,Rolling
3.22500,9,661.096,596.915,28.575,0.0,Stationary
3.22500,10,-986.204,-369.725,28.575,274.4,Rolling
3.22500,11,821.749,-534.448,28.575,0.0,Stationary
3.22500,12,1205.824,512.501,28.575,17.1,Rolling
3.22500,13,390.205,54.031,28.575,69.7,Rolling
3.22500,14,1103.688,168.620,28.575,109.5,Rolling
3.22500,15,-163.047,-170.787,28.575,183.0,Rolling
3.23000,0,328.347,-64.325,28.575,0.0,Stationary
3.23000,1,-165.984,391.352,28.575,195.6,Rolling
3.23000,2,1220.223,-25.994,28.575,0.0,Stationary
3.23000,3,541.180,582.439,28.575,0.0,Stationary
3.23000,4,-398.960,-544.594,28.575,210.5,Rolling
3.23000,5,1238.800,56.416,28.575,0.0,Stationary
3.23000,6,435.022,3.148,28.575,172.7,Rolling
3.23000,7,654.796,175.928,28.575,81.4,Rolling
3.23000,8,111.371,-245.037,28.575,98.8,Rolling
3.23000,9,661.096,596.915,28.575,0.0,Stationary
3.23000,10,-984.876,-370.065,28.575,273.9,Rolling
3.23000,11,821.749,-534.448,28.575,0.0,Stationary
3.23000,12,1205.787,512.576,28.575,16.6,Rolling
3.23000,13,389.894,53.875,28.575,69.2,Rolling
3.23000,14,1103.749,169.163,28.575,109.1,Rolling
3.23000,15,-163.863,-170.374,28.575,182.6,Rolling
3.23500,0,328.347,-64.325,28.575,0.0,Stationary
3.23500,1,-166.825,391.850,28.575,195.1,Rolling
3.23500,2,1220.223,-25.994,28.575,0.0,Stationary
3.23500,3,541.180,582.439,28.575,0.0,Stationary
3.23500,4,-399.978,-544.331,28.575,210.0,Rolling
3.23500,5,1238.800,56.416,28.575,0.0,Stationary
3.23500,6,434.536,2.436,28.575,172.2,Rolling
3.23500,7,654.596,175.575,28.575,81.0,Rolling
3.23500,8,110.920,-245.236,28.575,98.3,Rolling
3.23500,9,661.096,596.915,28.575,0.0,Stationary
3.23500,10,-983.550,-370.406,28.575,273.4,Rolling
3.23500,11,821.749,-534.448,28.575,0.0,Stationary
3.23500,12,1205.751,512.649,28.575,16.1,Rolling
3.23500,13,389.586,53.720,28.575,68.7,Rolling
3.23500,14,1103.810,169.703,28.575,108.6,Rolling
3.23500,15,-164.676,-169.962,28.575,182.1,Rolling
3.24000,0,328.347,-64.325,28.575,0.0,Stationary
3.24000,1,-167.664,392.346,28.575,194.6,Rolling
3.24000,2,1220.223,-25.994,28.575,0.0,Stationary
3.24000,3,541.180,582.439,28.575,0.0,Stationary
3.24000,4,-400.994,-544.069,28.575,209.5,Rolling
3.24000,5,1238.800,56.416,28.575,0.0,Stationary
3.24000,6,434.050,1.726,28.575,171.7,Rolling
3.24000,7,654.397,175.224,28.575,80.5,Rolling
3.24000,8,110.471,-245.433,28.575,97.8,Rolling
3.24000,9,661.096,596.915,28.575,0.0,Stationary
3.24000,10,-982.227,-370.745,28.575,272.9,Rolling
3.24000,11,821.749,-534.448,28.575,0.0,Stationary
3.24000,12,1205.716,512.720,28.575,15.6,Rolling
3.24000,13,389.280,53.565,28.575,68.3,Rolling
3.24000,14,1103.870,170.241,28.575,108.1,Rolling
3.24000,15,-165.487,-169.551,28.575,181.6,Rolling
3.24500,0,328.347,-64.325,28.575,0.0,Stationary
3.24500,1,-168.500,392.841,28.575,194.2,Rolling
3.24500,2,1220.223,-25.994,28.575,0.0,Stationary
3.24500,3,541.180,582.439,28.575,0.0,Stationary
3.24500,4,-402.007,-543.807,28.575,209.0,Rolling
3.24500,5,1238.800,56.416,28.575,0.0,Stationary
3.24500,6,433.567,1.018,28.575,171.2,Rolling
3.24500,7,654.200,174.875,28.575,80.0,Rolling
3.24500,8,110.024,-245.630,28.575,97.3,Rolling
3.24500,9,661.096,596.915,28.575,0.0,Stationary
3.24500,10,-980.907,-371.084,28.575,272.5,Rolling
3.24500,11,821.749,-534.448,28.575,0.0,Stationary
3.24500,12,1205.682,512.789,28.575,15.1,Rolling
3.24500,13,388.977,53.412,28.575,67.8,Rolling
3.24500,14,1103.931,170.777,28.575,107.6,Rolling
3.24500,15,-166.296,-169.141,28.575,181.1,Rolling
3.25000,0,328.347,-64.325,28.575,0.0,Stationary
3.25000,1,-169.335,393.334,28.575,193.7,Rolling
3.25000,2,1220.223,-25.994,28.575,0.0,Stationary
3.25000,3,541.180,582.439,28.575,0.0,Stationary
3.25000,4,-403.017,-543.546,28.575,208.5,Rolling
3.25000,5,1238.800,56.416,28.575,0.0,Stationary
3.25000,6,433.084,0.312,28.575,170.7,Rolling
3.25000,7,654.003,174.528,28.575,79.5,Rolling
3.25000,8,109.580,-245.825,28.575,96.8,Rolling
3.25000,9,661.096,596.915,28.575,0.0,Stationary
3.25000,10,-979.588,-371.422,28.575,272.0,Rolling
3.25000,11,821.749,-534.448,28.575,0.0,Stationary
3.25000,12,1205.649,512.856,28.575,14.6,Rolling
3.25000,13,388.675,53.261,28.575,67.3,Rolling
3.25000,14,1103.991,171.311,28.575,107.1,Rolling
3.25000,15,-167.103,-168.733,28.575,180.6,Rolling
3.25500,0,328.347,-64.325,28.575,0.0,Stationary
3.25500,1,-170.167,393.827,28.575,193.2,Rolling
3.25500,2,1220.223,-25.994,28.575,0.0,Stationary
3.25500,3,541.180,582.439,28.575,0.0,Stationary
3.25500,4,-404.026,-543.286,28.575,208.0,Rolling
3.25500,5,1238.800,56.416,28.575,0.0,Stationary
3.25500,6,432.603,-0.392,28.575,170.3,Rolling
3.25500,7,653.808,174.183,28.575,79.0,Rolling
3.25500,8,109.138,-246.020,28.575,96.3,Rolling
3.25500,9,661.096,596.915,28.575,0.0,Stationary
3.25500,10,-978.272,-371.760,28.575,271.5,Rolling
3.25500,11,821.749,-534.448,28.575,0.0,Stationary
3.25500,12,1205.617,512.920,28.575,14.1,Rolling
3.25500,13,388.376,53.110,28.575,66.8,Rolling
3.25500,14,1104.051,171.841,28.575,106.6,Rolling
3.25500,15,-167.907,-168.325,28.575,180.1,Rolling
3.26000,0,328.347,-64.325,28.575,0.0,Stationary
3.26000,1,-170.997,394.318,28.575,192.7,Rolling
3.26000,2,1220.223,-25.994,28.575,0.0,Stationary
3.26000,3,541.180,582.439,28.575,0.0,Stationary
3.26000,4,-405.032,-543.026,28.575,207.5,Rolling
3.26000,5,1238.800,56.416,28.575,0.0,Stationary
3.26000,6,432.124,-1.093,28.575,169.8,Rolling
3.26000,7,653.613,173.841,28.575,78.5,Rolling
3.26000,8,108.699,-246.214,28.575,95.8,Rolling
3.26000,9,661.096,596.915,28.575,0.0,Stationary
3.26000,10,-976.959,-372.097,28.575,271.0,Rolling
3.26000,11,821.749,-534.448,28.575,0.0,Stationary
3.26000,12,1205.586,512.982,28.575,13.6,Rolling
3.26000,13,388.079,52.960,28.575,66.3,Rolling
3.26000,14,1104.110,172.370,28.575,106.1,Rolling
3.26000,15,-168.709,-167.919,28.575,179.6,Rolling
3.26500,0,328.347,-64.325,28.575,0.0,Stationary
3.26500,1,-171.826,394.808,28.575,192.2,Rolling
3.26500,2,1220.223,-25.994,28.575,0.0,Stationary
3.26500,3,541.180,582.439,28.575,0.0,Stationary
3.26500,4,-406.035,-542.767,28.575,207.1,Rolling
3.26500,5,1238.800,56.416,28.575,0.0,Stationary
3.26500,6,431.646,-1.793,28.575,169.3,Rolling
3.26500,7,653.420,173.500,28.575,78.0,Rolling
3.26500,8,108.261,-246.406,28.575,95.4,Rolling
3.26500,9,661.096,596.915,28.575,0.0,Stationary
3.26500,10,-975.648,-372.433,28.575,270.5,Rolling
3.26500,11,821.749,-534.448,28.575,0.0,Stationary
3.26500,12,1205.557,513.042,28.575,13.1,Rolling
3.26500,13,387.784,52.812,28.575,65.8,Rolling
3.26500,14,1104.170,172.896,28.575,105.6,Rolling
3.26500,15,-169.509,-167.514,28.575,179.1,Rolling
3.27000,0,328.347,-64.325,28.575,0.0,Stationary
3.27000,1,-172.652,395.296,28.575,191.7,Rolling
3.27000,2,1220.223,-25.994,28.575,0.0,Stationary
3.27000,3,541.180,582.439,28.575,0.0,Stationary
3.27000,4,-407.036,-542.508,28.575,206.6,Rolling
3.27000,5,1238.800,56.416,28.575,0.0,Stationary
3.27000,6,431.169,-2.491,28.575,168.8,Rolling
3.27000,7,653.229,173.162,28.575,77.5,Rolling
3.27000,8,107.826,-246.598,28.575,94.9,Rolling
3.27000,9,661.096,596.915,28.575,0.0,Stationary
3.27000,10,-974.339,-372.769,28.575,270.0,Rolling
3.27000,11,821.749,-534.448,28.575,0.0,Stationary
3.27000,12,1205.528,513.100,28.575,12.6,Rolling
3.27000,13,387.491,52.664,28.575,65.3,Rolling
3.27000,14,1104.229,173.419,28.575,105.1,Rolling
3.27000,15,-170.307,-167.110,28.575,178.6,Rolling
3.27500,0,328.347,-64.325,28.575,0.0,Stationary
3.27500,1,-173.475,395.784,28.575,191.2,Rolling
3.27500,2,1220.223,-25.994,28.575,0.0,Stationary
3.27500,3,541.180,582.439,28.575,0.0,Stationary
3.27500,4,-408.035,-542.250,28.575,206.1,Rolling
3.27500,5,1238.800,56.416,28.575,0.0,Stationary
3.27500,6,430.693,-3.187,28.575,168.3,Rolling
3.27500,7,653.038,172.826,28.575,77.0,Rolling
3.27500,8,107.393,-246.788,28.575,94.4,Rolling
3.27500,9,661.096,596.915,28.575,0.0,Stationary
3.27500,10,-973.032,-373.104,28.575,269.5,Rolling
3.27500,11,821.749,-534.448,28.575,0.0,Stationary
3.27500,12,1205.501,513.155,28.575,12.1,Rolling
3.27500,13,387.201,52.518,28.575,64.8,Rolling
3.27500,14,1104.287,173.941,28.575,104.6,Rolling
3.27500,15,-171.103,-166.707,28.575,178.1,Rolling
3.28000,0,328.347,-64.325,28.575,0.0,Stationary
3.28000,1,-174.297,396.270,28.575,190.7,Rolling
3.28000,2,1220.223,-25.994,28.575,0.0,Stationary
3.28000,3,541.180,582.439,28.575,0.0,Stationary
3.28000,4,-409.032,-541.993,28.575,205.6,Rolling
3.28000,5,1238.800,56.416,28.575,0.0,Stationary
3.28000,6,430.219,-3.880,28.575,167.8,Rolling
3.28000,7,652.849,172.492,28.575,76.5,Rolling
3.28000,8,106.962,-246.978,28.575,93.9,Rolling
3.28000,9,661.096,596.915,28.575,0.0,Stationary
3.28000,10,-971.728,-373.439,28.575,269.0,Rolling
3.28000,11,821.749,-534.448,28.575,0.0,Stationary
3.28000,12,1205.474,513.209,28.575,11.7,Rolling
3.28000,13,386.912,52.373,28.575,64.3,Rolling
3.28000,14,1104.346,174.459,28.575,104.2,Rolling
3.28000,15,-171.897,-166.305,28.575,177.7,Rolling
3.28500,0,328.347,-64.325,28.575,0.0,Stationary
3.28500,1,-175.117,396.755,28.575,190.2,Rolling
3.28500,2,1220.223,-25.994,28.575,0.0,Stationary
3.28500,3,541.180,582.439,28.575,0.0,Stationary
3.28500,4,-410.026,-541.736,28.575,205.1,Rolling
3.28500,5,1238.800,56.416,28.575,0.0,Stationary
3.28500,6,429.747,-4.572,28.575,167.3,Rolling
3.28500,7,652.661,172.160,28.575,76.1,Rolling
3.28500,8,106.534,-247.167,28.575,93.4,Rolling
3.28500,9,661.096,596.915,28.575,0.0,Stationary
3.28500,10,-970.426,-373.773,28.575,268.5,Rolling
3.28500,11,821.749,-534.448,28.575,0.0,Stationary
3.28500,12,1205.449,513.260,28.575,11.2,Rolling
3.28500,13,386.626,52.229,28.575,63.8,Rolling
3.28500,14,1104.404,174.975,28.575,103.7,Rolling
3.28500,15,-172.688,-165.904,28.575,177.2,Rolling
3.29000,0,328.347,-64.325,28.575,0.0,Stationary
3.29000,1,-175.935,397.239,28.575,189.7,Rolling
3.29000,2,1220.223,-25.994,28.575,0.0,Stationary
3.29000,3,541.180,582.439,28.575,0.0,Stationary
3.29000,4,-411.018,-541.480,28.575,204.6,Rolling
3.29000,5,1238.800,56.416,28.575,0.0,Stationary
3.29000,6,429.275,-5.262,28.575,166.8,Rolling
3.29000,7,652.474,171.830,28.575,75.6,Rolling
3.29000,8,106.107,-247.354,28.575,92.9,Rolling
3.29000,9,661.096,596.915,28.575,0.0,Stationary
3.29000,10,-969.127,-374.106,28.575,268.0,Rolling
3.29000,11,821.749,-534.448,28.575,0.0,Stationary
3.29000,12,1205.425,513.309,28.575,10.7,Rolling
3.29000,13,386.342,52.085,28.575,63.3,Rolling
3.29000,14,1104.462,175.489,28.575,103.2,Rolling
3.29000,15,-173.477,-165.505,28.575,176.7,Rolling
3.29500,0,328.347,-64.325,28.575,0.0,Stationary
3.29500,1,-176.750,397.721,28.575,189.2,Rolling
3.29500,2,1220.223,-25.994,28.575,0.0,Stationary
3.29500,3,541.180,582.439,28.575,0.0,Stationary
3.29500,4,-412.007,-541.225,28.575,204.1,Rolling
3.29500,5,1238.800,56.416,28.575,0.0,Stationary
3.29500,6,428.805,-5.949,28.575,166.3,Rolling
3.29500,7,652.288,171.503,28.575,75.1,Rolling
3.29500,8,105.683,-247.541,28.575,92.4,Rolling
3.29500,9,661.096,596.915,28.575,0.0,Stationary
3.29500,10,-967.830,-374.439,28.575,267.6,Rolling
3.29500,11,821.749,-534.448,28.575,0.0,Stationary
3.29500,12,1205.402,513.356,28.575,10.2,Rolling
3.29500,13,386.060,51.944,28.575,62.9,Rolling
3.29500,14,1104.520,176.001,28.575,102.7,Rolling
3.29500,15,-174.264,-165.106,28.575,176.2,Rolling
3.30000,0,328.347,-64.325,28.575,0.0,Stationary
3.30000,1,-177.563,398.202,28.575,188.8,Rolling
3.30000,2,1220.223,-25.994,28.575,0.0,Stationary
3.30000,3,541.180,582.439,28.575,0.0,Stationary
3.30000,4,-412.994,-540.970,28.575,203.6,Rolling
3.30000,5,1238.800,56.416,28.575,0.0,Stationary
3.30000,6,428.337,-6.635,28.575,165.8,Rolling
3.30000,7,652.104,171.177,28.575,74.6,Rolling
3.30000,8,105.262,-247.727,28.575,91.9,Rolling
3.30000,9,661.096,596.915,28.575,0.0,Stationary
3.30000,10,-966.536,-374.771,28.575,267.1,Rolling
3.30000,11,821.749,-534.448,28.575,0.0,Stationary
3.30000,12,1205.380,513.400,28.575,9.7,Rolling
3.30000,13,385.781,51.803,28.575,62.4,Rolling
3.30000,14,1104.577,176.510,28.575,102.2,Rolling
3.30000,15,-175.049,-164.709,28.575,175.7,Rolling
3.30500,0,328.347,-64.325,28.575,0.0,Stationary
3.30500,1,-178.375,398.682,28.575,188.3,Rolling
3.30500,2,1220.223,-25.994,28.575,0.0,Stationary
3.30500,3,541.180,582.439,28.575,0.0,Stationary
3.30500,4,-413.978,-540.716,28.575,203.1,Rolling
3.30500,5,1238.800,56.416,28.575,0.0,Stationary
3.30500,6,427.870,-7.319,28.575,165.3,Rolling
3.30500,7,651.920,170.854,28.575,74.1,Rolling
3.30500,8,104.842,-247.911,28.575,91.4,Rolling
3.30500,9,661.096,596.915,28.575,0.0,Stationary
3.30500,10,-965.243,-375.103,28.575,266.6,Rolling
3.30500,11,821.749,-534.448,28.575,0.0,Stationary
3.30500,12,1205.359,513.443,28.575,9.2,Rolling
3.30500,13,385.503,51.663,28.575,61.9,Rolling
3.30500,14,1104.634,177.016,28.575,101.7,Rolling
3.30500,15,-175.832,-164.312,28.575,175.2,Rolling
3.31000,0,328.347,-64.325,28.575,0.0,Stationary
3.31000,1,-179.184,399.161,28.575,187.8,Rolling
3.31000,2,1220.223,-25.994,28.575,0.0,Stationary
3.31000,3,541.180,582.439,28.575,0.0,Stationary
3.31000,4,-414.961,-540.462,28.575,202.6,Rolling
3.31000,5,1238.800,56.416,28.575,0.0,Stationary
3.31000,6,427.404,-8.000,28.575,164.9,Rolling
3.31000,7,651.738,170.533,28.575,73.6,Rolling
3.31000,8,104.425,-248.095,28.575,90.9,Rolling
3.31000,9,661.096,596.915,28.575,0.0,Stationary
3.31000,10,-963.953,-375.434,28.575,266.1,Rolling
3.31000,11,821.749,-534.448,28.575,0.0,Stationary
3.31000,12,1205.339,513.483,28.575,8.7,Rolling
3.31000,13,385.228,51.524,28.575,61.4,Rolling
3.31000,14,1104.691,177.520,28.575,101.2,Rolling
3.31000,15,-176.612,-163.917,28.575,174.7,Rolling
3.31500,0,328.347,-64.325,28.575,0.0,Stationary
3.31500,1,-179.991,399.638,28.575,187.3,Rolling
3.31500,2,1220.223,-25.994,28.575,0.0,Stationary
3.31500,3,541.180,582.439,28.575,0.0,Stationary
3.31500,4,-415.940,-540.209,28.575,202.2,Rolling
3.31500,5,1238.800,56.416,28.575,0.0,Stationary
3.31500,6,426.939,-8.680,28.575,164.4,Rolling
3.31500,7,651.557,170.214,28.575,73.1,Rolling
3.31500,8,104.010,-248.278,28.575,90.4,Rolling
3.31500,9,661.096,596.915,28.575,0.0,Stationary
3.31500,10,-962.666,-375.764,28.575,265.6,Rolling
3.31500,11,821.749,-534.448,28.575,0.0,Stationary
3.31500,12,1205.320,513.521,28.575,8.2,Rolling
3.31500,13,384.955,51.387,28.575,60.9,Rolling
3.31500,14,1104.748,178.022,28.575,100.7,Rolling
3.31500,15,-177.390,-163.523,28.575,174.2,Rolling
3.32000,0,328.347,-64.325,28.575,0.0,Stationary
3.32000,1,-180.796,400.114,28.575,186.8,Rolling
3.32000,2,1220.223,-25.994,28.575,0.0,Stationary
3.32000,3,541.180,582.439,28.575,0.0,Stationary
3.32000,4,-416.918,-539.957,28.575,201.7,Rolling
3.32000,5,1238.800,56.416,28.575,0.0,Stationary
3.32000,6,426.477,-9.357,28.575,163.9,Rolling
3.32000,7,651.378,169.897,28.575,72.6,Rolling
3.32000,8,103.597,-248.460,28.575,90.0,Rolling
3.32000,9,661.096,596.915,28.575,0.0,Stationary
3.32000,10,-961.381,-376.094,28.575,265.1,Rolling
3.32000,11,821.749,-534.448,28.575,0.0,Stationary
3.32000,12,1205.302,513.557,28.575,7.7,Rolling
3.32000,13,384.684,51.250,28.575,60.4,Rolling
3.32000,14,1104.804,178.521,28.575,100.2,Rolling
3.32000,15,-178.166,-163.130,28.575,173.7,Rolling
3.32500,0,328.347,-64.325,28.575,0.0,Stationary
3.32500,1,-181.598,400.589,28.575,186.3,Rolling
3.32500,2,1220.223,-25.994,28.575,0.0,Stationary
3.32500,3,541.180,582.439,28.575,0.0,Stationary
3.32500,4,-417.893,-539.705,28.575,201.2,Rolling
3.32500,5,1238.800,56.416,28.575,0.0,Stationary
3.32500,6,426.015,-10.033,28.575,163.4,Rolling
3.32500,7,651.199,169.582,28.575,72.1,Rolling
3.32500,8,103.187,-248.640,28.575,89.5,Rolling
3.32500,9,661.096,596.915,28.575,0.0,Stationary
3.32500,10,-960.098,-376.423,28.575,264.6,Rolling
3.32500,11,821.749,-534.448,28.575,0.0,Stationary
3.32500,12,1205.286,513.590,28.575,7.2,Rolling
3.32500,13,384.416,51.115,28.575,59.9,Rolling
3.32500,14,1104.860,179.018,28.575,99.7,Rolling
3.32500,15,-178.940,-162.738,28.575,173.2,Rolling
3.33000,0,328.347,-64.325,28.575,0.0,Stationary
3.33000,1,-182.399,401.063,28.575,185.8,Rolling
3.33000,2,1220.223,-25.994,28.575,0.0,Stationary
3.33000,3,541.180,582.439,28.575,0.0,Stationary
3.33000,4,-418.866,-539.454,28.575,200.7,Rolling
3.33000,5,1238.800,56.416,28.575,0.0,Stationary
3.33000,6,425.555,-10.706,28.575,162.9,Rolling
3.33000,7,651.022,169.269,28.575,71.6,Rolling
3.33000,8,102.778,-248.820,28.575,89.0,Rolling
3.33000,9,661.096,596.915,28.575,0.0,Stationary
3.33000,10,-958.818,-376.752,28.575,264.1,Rolling
3.33000,11,821.749,-534.448,28.575,0.0,Stationary
3.33000,12,1205.270,513.621,28.575,6.8,Rolling
3.33000,13,384.149,50.981,28.575,59.4,Rolling
3.33000,14,1104.916,179.512,28.575,99.2,Rolling
3.33000,15,-179.712,-162.347,28.575,172.8,Rolling
3.33500,0,328.347,-64.325,28.575,0.0,Stationary
3.33500,1,-183.198,401.535,28.575,185.3,Rolling
3.33500,2,1220.223,-25.994,28.575,0.0,Stationary
3.33500,3,541.180,582.439,28.575,0.0,Stationary
3.33500,4,-419.836,-539.203,28.575,200.2,Rolling
3.33500,5,1238.800,56.416,28.575,0.0,Stationary
3.33500,6,425.096,-11.378,28.575,162.4,Rolling
3.33500,7,650.846,168.959,28.575,71.1,Rolling
3.33500,8,102.372,-248.999,28.575,88.5,Rolling
3.33500,9,661.096,596.915,28.575,0.0,Stationary
3.33500,10,-957.540,-377.080,28.575,263.6,Rolling
3.33500,11,821.749,-534.448,28.575,0.0,Stationary
3.33500,12,1205.256,513.651,28.575,6.3,Rolling
3.33500,13,383.885,50.848,28.575,58.9,Rolling
3.33500,14,1104.971,180.004,28.575,98.8,Rolling
3.33500,15,-180.481,-161.958,28.575,172.3,Rolling
3.34000,0,328.347,-64.325,28.575,0.0,Stationary
3.34000,1,-183.994,402.006,28.575,184.8,Rolling
3.34000,2,1220.223,-25.994,28.575,0.0,Stationary
3.34000,3,541.180,582.439,28.575,0.0,Stationary
3.34000,4,-420.804,-538.953,28.575,199.7,Rolling
3.34000,5,1238.800,56.416,28.575,0.0,Stationary
3.34000,6,424.638,-12.047,28.575,161.9,Rolling
3.34000,7,650.671,168.650,28.575,70.7,Rolling
3.34000,8,101.968,-249.177,28.575,88.0,Rolling
3.34000,9,661.096,596.915,28.575,0.0,Stationary
3.34000,10,-956.264,-377.407,28.575,263.1,Rolling
3.34000,11,821.749,-534.448,28.575,0.0,Stationary
3.34000,12,1205.243,513.678,28.575,5.8,Rolling
3.34000,13,383.623,50.716,28.575,58.4,Rolling
3.34000,14,1105.026,180.494,28.575,98.3,Rolling
3.34000,15,-181.249,-161.569,28.575,171.8,Rolling
3.34500,0,328.347,-64.325,28.575,0.0,Stationary
3.34500,1,-184.789,402.476,28.575,184.3,Rolling
3.34500,2,1220.223,-25.994,28.575,0.0,Stationary
3.34500,3,541.180,582.439,28.575,0.0,Stationary
3.34500,4,-421.770,-538.704,28.575,199.2,Rolling
3.34500,5,1238.800,56.416,28.575,0.0,Stationary
3.34500,6,424.182,-12.715,28.575,161.4,Rolling
3.34500,7,650.498,168.344,28.575,70.2,Rolling
3.34500,8,101.567,-249.353,28.575,87.5,Rolling
3.34500,9,661.096,596.915,28.575,0.0,Stationary
3.34500,10,-954.991,-377.734,28.575,262.6,Rolling
3.34500,11,821.749,-534.448,28.575,0.0,Stationary
3.34500,12,1205.230,513.702,28.575,5.3,Rolling
3.34500,13,383.363,50.585,28.575,58.0,Rolling
3.34500,14,1105.081,180.981,28.575,97.8,Rolling
3.34500,15,-182.014,-161.182,28.575,171.3,Rolling
3.35000,0,328.347,-64.325,28.575,0.0,Stationary
3.35000,1,-185.581,402.945,28.575,183.9,Rolling
3.35000,2,1220.223,-25.994,28.575,0.0,Stationary
3.35000,3,541.180,582.439,28.575,0.0,Stationary
3.35000,4,-422.733,-538.455,28.575,198.7,Rolling
3.35000,5,1238.800,56.416,28.575,0.0,Stationary
3.35000,6,423.728,-13.380,28.575,160.9,Rolling
3.35000,7,650.325,168.040,28.575,69.7,Rolling
3.35000,8,101.167,-249.529,28.575,87.0,Rolling
3.35000,9,661.096,596.915,28.575,0.0,Stationary
3.35000,10,-953.720,-378.060,28.575,262.2,Rolling
3.35000,11,821.749,-534.448,28.575,0.0,Stationary
3.35000,12,1205.219,513.725,28.575,4.8,Rolling
3.35000,13,383.105,50.455,28.575,57.5,Rolling
3.35000,14,1105.136,181.465,28.575,97.3,Rolling
3.35000,15,-182.777,-160.795,28.575,170.8,Rolling
3.35500,0,328.347,-64.325,28.575,0.0,Stationary
3.35500,1,-186.371,403.412,28.575,183.4,Rolling
3.35500,2,1220.223,-25.994,28.575,0.0,Stationary
3.35500,3,541.180,582.439,28.575,0.0,Stationary
3.35500,4,-423.694,-538.207,28.575,198.2,Rolling
3.35500,5,1238.800,56.416,28.575,0.0,Stationary
3.35500,6,423.274,-14.043,28.575,160.4,Rolling
3.35500,7,650.154,167.738,28.575,69.2,Rolling
3.35500,8,100.770,-249.704,28.575,86.5,Rolling
3.35500,9,661.096,596.915,28.575,0.0,Stationary
3.35500,10,-952.452,-378.385,28.575,261.7,Rolling
3.35500,11,821.749,-534.448,28.575,0.0,Stationary
3.35500,12,1205.209,513.745,28.575,4.3,Rolling
3.35500,13,382.850,50.326,28.575,57.0,Rolling
3.35500,14,1105.190,181.947,28.575,96.8,Rolling
3.35500,15,-183.537,-160.410,28.575,170.3,Rolling
3.36000,0,328.347,-64.325,28.575,0.0,Stationary
3.36000,1,-187.159,403.878,28.575,182.9,Rolling
3.36000,2,1220.223,-25.994,28.575,0.0,Stationary
3.36000,3,541.180,582.439,28.575,0.0,Stationary
3.36000,4,-424.652,-537.960,28.575,197.7,Rolling
3.36000,5,1238.800,56.416,28.575,0.0,Stationary
3.36000,6,422.822,-14.705,28.575,160.0,Rolling
3.36000,7,649.984,167.438,28.575,68.7,Rolling
3.36000,8,100.376,-249.878,28.575,86.0,Rolling
3.36000,9,661.096,596.915,28.575,0.0,Stationary
3.36000,10,-951.186,-378.710,28.575,261.2,Rolling
3.36000,11,821.749,-534.448,28.575,0.0,Stationary
3.36000,12,1205.200,513.764,28.575,3.8,Rolling
3.36000,13,382.596,50.199,28.575,56.5,Rolling
3.36000,14,1105.244,182.427,28.575,96.3,Rolling
3.36000,15,-184.296,-160.026,28.575,169.8,Rolling
3.36500,0,328.347,-64.325,28.575,0.0,Stationary
3.36500,1,-187.945,404.343,28.575,182.4,Rolling
3.36500,2,1220.223,-25.994,28.575,0.0,Stationary
3.36500,3,541.180,582.439,28.575,0.0,Stationary
3.36500,4,-425.608,-537.713,28.575,197.2,Rolling
3.36500,5,1238.800,56.416,28.575,0.0,Stationary
3.36500,6,422.372,-15.364,28.575,159.5,Rolling
3.36500,7,649.815,167.140,28.575,68.2,Rolling
3.36500,8,99.983,-250.051,28.575,85.5,Rolling
3.36500,9,661.096,596.915,28.575,0.0,Stationary
3.36500,10,-949.922,-379.034,28.575,260.7,Rolling
3.36500,11,821.749,-534.448,28.575,0.0,Stationary
3.36500,12,1205.192,513.780,28.575,3.3,Rolling
3.36500,13,382.345,50.072,28.575,56.0,Rolling
3.36500,14,1105.298,182.904,28.575,95.8,Rolling
3.36500,15,-185.052,-159.643,28.575,169.3,Rolling
3.37000,0,328.347,-64.325,28.575,0.0,Stationary
3.37000,1,-188.729,404.807,28.575,181.9,Rolling
3.37000,2,1220.223,-25.994,28.575,0.0,Stationary
3.37000,3,541.180,582.439,28.575,0.0,Stationary
3.37000,4,-426.562,-537.466,28.575,196.8,Rolling
3.37000,5,1238.800,56.416,28.575,0.0,Stationary
3.37000,6,421.923,-16.021,28.575,159.0,Rolling
3.37000,7,649.648,166.844,28.575,67.7,Rolling
3.37000,8,99.593,-250.223,28.575,85.1,Rolling
3.37000,9,661.096,596.915,28.575,0.0,Stationary
3.37000,10,-948.661,-379.358,28.575,260.2,Rolling
3.37000,11,821.749,-534.448,28.575,0.0,Stationary
3.37000,12,1205.185,513.793,28.575,2.8,Rolling
3.37000,13,382.096,49.947,28.575,55.5,Rolling
3.37000,14,1105.352,183.379,28.575,95.3,Rolling
3.37000,15,-185.806,-159.261,28.575,168.8,Rolling
3.37500,0,328.347,-64.325,28.575,0.0,Stationary
3.37500,1,-189.510,405.269,28.575,181.4,Rolling
3.37500,2,1220.223,-25.994,28.575,0.0,Stationary
3.37500,3,541.180,582.439,28.575,0.0,Stationary
3.37500,4,-427.513,-537.221,28.575,196.3,Rolling
3.37500,5,1238.800,56.416,28.575,0.0,Stationary
3.37500,6,421.475,-16.677,28.575,158.5,Rolling
3.37500,7,649.481,166.551,28.575,67.2,Rolling
3.37500,8,99.205,-250.394,28.575,84.6,Rolling
3.37500,9,661.096,596.915,28.575,0.0,Stationary
3.37500,10,-947.402,-379.681,28.575,259.7,Rolling
3.37500,11,821.749,-534.448,28.575,0.0,Stationary
3.37500,12,1205.180,513.805,28.575,2.3,Rolling
3.37500,13,381.849,49.823,28.575,55.0,Rolling
3.37500,14,1105.405,183.852,28.575,94.8,Rolling
3.37500,15,-186.558,-158.880,28.575,168.3,Rolling
3.38000,0,328.347,-64.325,28.575,0.0,Stationary
3.38000,1,-190.290,405.731,28.575,180.9,Rolling
3.38000,2,1220.223,-25.994,28.575,0.0,Stationary
3.38000,3,541.180,582.439,28.575,0.0,Stationary
3.38000,4,-428.462,-536.976,28.575,195.8,Rolling
3.38000,5,1238.800,56.416,28.575,0.0,Stationary
3.38000,6,421.028,-17.330,28.575,158.0,Rolling
3.38000,7,649.316,166.260,28.575,66.7,Rolling
3.38000,8,98.819,-250.563,28.575,84.1,Rolling
3.38000,9,661.096,596.915,28.575,0.0,Stationary
3.38000,10,-946.145,-380.004,28.575,259.2,Rolling
3.38000,11,821.749,-534.448,28.575,0.0,Stationary
3.38000,12,1205.175,513.814,28.575,1.9,Rolling
3.38000,13,381.605,49.699,28.575,54.5,Rolling
3.38000,14,1105.458,184.322,28.575,94.3,Rolling
3.38000,15,-187.308,-158.500,28.575,167.8,Rolling
3.38500,0,328.347,-64.325,28.575,0.0,Stationary
3.38500,1,-191.067,406.191,28.575,180.4,Rolling
3.38500,2,1220.223,-25.994,28.575,0.0,Stationary
3.38500,3,541.180,582.439,28.575,0.0,Stationary
3.38500,4,-429.409,-536.731,28.575,195.3,Rolling
3.38500,5,1238.800,56.416,28.575,0.0,Stationary
3.38500,6,420.583,-17.981,28.575,157.5,Rolling
3.38500,7,649.152,165.970,28.575,66.2,Rolling
3.38500,8,98.435,-250.732,28.575,83.6,Rolling
3.38500,9,661.096,596.915,28.575,0.0,Stationary
3.38500,10,-944.891,-380.325,28.575,258.7,Rolling
3.38500,11,821.749,-534.448,28.575,0.0,Stationary
3.38500,12,1205.171,513.822,28.575,1.4,Rolling
3.38500,13,381.363,49.577,28.575,54.0,Rolling
3.38500,14,1105.511,184.789,28.575,93.9,Rolling
3.38500,15,-188.056,-158.122,28.575,167.4,Rolling
3.39000,0,328.347,-64.325,28.575,0.0,Stationary
3.39000,1,-191.843,406.649,28.575,179.9,Rolling
3.39000,2,1220.223,-25.994,28.575,0.0,Stationary
3.39000,3,541.180,582.439,28.575,0.0,Stationary
3.39000,4,-430.353,-536.488,28.575,194.8,Rolling
3.39000,5,1238.800,56.416,28.575,0.0,Stationary
3.39000,6,420.140,-18.630,28.575,157.0,Rolling
3.39000,7,648.990,165.683,28.575,65.8,Rolling
3.39000,8,98.054,-250.900,28.575,83.1,Rolling
3.39000,9,661.096,596.915,28.575,0.0,Stationary
3.39000,10,-943.639,-380.647,28.575,258.2,Rolling
3.39000,11,821.749,-534.448,28.575,0.0,Stationary
3.39000,12,1205.169,513.827,28.575,0.9,Rolling
3.39000,13,381.122,49.456,28.575,53.5,Rolling
3.39000,14,1105.563,185.254,28.575,93.4,Rolling
3.39000,15,-188.801,-157.744,28.575,166.9,Rolling
3.39500,0,328.347,-64.325,28.575,0.0,Stationary
3.39500,1,-192.616,407.107,28.575,179.4,Rolling
3.39500,2,1220.223,-25.994,28.575,0.0,Stationary
3.39500,3,541.180,582.439,28.575,0.0,Stationary
3.39500,4,-431.295,-536.244,28.575,194.3,Rolling
3.39500,5,1238.800,56.416,28.575,0.0,Stationary
3.39500,6,419.698,-19.277,28.575,156.5,Rolling
3.39500,7,648.828,165.398,28.575,65.3,Rolling
3.39500,8,97.675,-251.067,28.575,82.6,Rolling
3.39500,9,661.096,596.915,28.575,0.0,Stationary
3.39500,10,-942.389,-380.967,28.575,257.7,Rolling
3.39500,11,821.749,-534.448,28.575,0.0,Stationary
3.39500,12,1205.168,513.829,28.575,0.4,Rolling
3.39500,13,380.884,49.336,28.575,53.1,Rolling
3.39500,14,1105.615,185.717,28.575,92.9,Rolling
3.39500,15,-189.544,-157.368,28.575,166.4,Rolling
3.40000,0,328.347,-64.325,28.575,0.0,Stationary
3.40000,1,-193.387,407.563,28.575,179.0,Rolling
3.40000,2,1220.223,-25.994,28.575,0.0,Stationary
3.40000,3,541.180,582.439,28.575,0.0,Stationary
3.40000,4,-432.235,-536.002,28.575,193.8,Rolling
3.40000,5,1238.800,56.416,28.575,0.0,Stationary
3.40000,6,419.257,-19.923,28.575,156.0,Rolling
3.40000,7,648.668,165.116,28.575,64.8,Rolling
3.40000,8,97.298,-251.233,28.575,82.1,Rolling
3.40000,9,661.096,596.915,28.575,0.0,Stationary
3.40000,10,-941.142,-381.287,28.575,257.3,Rolling
3.40000,11,821.749,-534.448,28.575,0.0,Stationary
3.40000,12,1205.167,513.830,28.575,0.0,Stationary
3.40000,13,380.649,49.218,28.575,52.6,Rolling
3.40000,14,1105.667,186.177,28.575,92.4,Rolling
3.40000,15,-190.285,-156.992,28.575,165.9,Rolling
3.40500,0,328.347,-64.325,28.575,0.0,Stationary
3.40500,1,-194.156,408.018,28.575,178.5,Rolling
3.40500,2,1220.223,-25.994,28.575,0.0,Stationary
3.40500,3,541.180,582.439,28.575,0.0,Stationary
3.40500,4,-433.172,-535.760,28.575,193.3,Rolling
3.40500,5,1238.800,56.416,28.575,0.0,Stationary
3.40500,6,418.817,-20.566,28.575,155.5,Rolling
3.40500,7,648.509,164.835,28.575,64.3,Rolling
3.40500,8,96.923,-251.398,28.575,81.6,Rolling
3.40500,9,661.096,596.915,28.575,0.0,Stationary
3.40500,10,-939.898,-381.607,28.575,256.8,Rolling
3.40500,11,821.749,-534.448,28.575,0.0,Stationary
3.40500,12,1205.167,513.830,28.575,0.0,Stationary
3.40500,13,380.415,49.100,28.575,52.1,Rolling
3.40500,14,1105.719,186.635,28.575,91.9,Rolling
3.40500,15,-191.024,-156.618,28.575,165.4,Rolling
3.41000,0,328.347,-64.325,28.575,0.0,Stationary
3.41000,1,-194.923,408.471,28.575,178.0,Rolling
3.41000,2,1220.223,-25.994,28.575,0.0,Stationary
3.41000,3,541.180,582.439,28.575,0.0,Stationary
3.41000,4,-434.106,-535.518,28.575,192.8,Rolling
3.41000,5,1238.800,56.416,28.575,0.0,Stationary
3.41000,6,418.379,-21.207,28.575,155.1,Rolling
3.41000,7,648.351,164.556,28.575,63.8,Rolling
3.41000,8,96.551,-251.562,28.575,81.1,Rolling
3.41000,9,661.096,596.915,28.575,0.0,Stationary
3.41000,10,-938.655,-381.925,28.575,256.3,Rolling
3.41000,11,821.749,-534.448,28.575,0.0,Stationary
3.41000,12,1205.167,513.830,28.575,0.0,Stationary
3.41000,13,380.184,48.983,28.575,51.6,Rolling
3.41000,14,1105.770,187.090,28.575,91.4,Rolling
3.41000,15,-191.761,-156.245,28.575,164.9,Rolling
3.41500,0,328.347,-64.325,28.575,0.0,Stationary
3.41500,1,-195.688,408.924,28.575,177.5,Rolling
3.41500,2,1220.223,-25.994,28.575,0.0,Stationary
3.41500,3,541.180,582.439,28.575,0.0,Stationary
3.41500,4,-435.039,-535.278,28.575,192.3,Rolling
3.41500,5,1238.800,56.416,28.575,0.0,Stationary
3.41500,6,417.942,-21.846,28.575,154.6,Rolling
3.41500,7,648.194,164.280,28.575,63.3,Rolling
3.41500,8,96.180,-251.725,28.575,80.6,Rolling
3.41500,9,661.096,596.915,28.575,0.0,Stationary
3.41500,10,-937.415,-382.244,28.575,255.8,Rolling
3.41500,11,821.749,-534.448,28.575,0.0,Stationary
3.41500,12,1205.167,513.830,28.575,0.0,Stationary
3.41500,13,379.954,48.868,28.575,51.1,Rolling
3.41500,14,1105.821,187.543,28.575,90.9,Rolling
3.41500,15,-192.495,-155.873,28.575,164.4,Rolling
3.42000,0,328.347,-64.325,28.575,0.0,Stationary
3.42000,1,-196.451,409.375,28.575,177.0,Rolling
3.42000,2,1220.223,-25.994,28.575,0.0,Stationary
3.42000,3,541.180,582.439,28.575,0.0,Stationary
3.42000,4,-435.969,-535.037,28.575,191.9,Rolling
3.42000,5,1238.800,56.416,28.575,0.0,Stationary
3.42000,6,417.507,-22.483,28.575,154.1,Rolling
3.42000,7,648.039,164.006,28.575,62.8,Rolling
3.42000,8,95.813,-251.887,28.575,80.2,Rolling
3.42000,9,661.096,596.915,28.575,0.0,Stationary
3.42000,10,-936.178,-382.561,28.575,255.3,Rolling
3.42000,11,821.749,-534.448,28.575,0.0,Stationary
3.42000,12,1205.167,513.830,28.575,0.0,Stationary
3.42000,13,379.727,48.754,28.575,50.6,Rolling
3.42000,14,1105.872,187.994,28.575,90.4,Rolling
3.42000,15,-193.228,-155.502,28.575,163.9,Rolling
3.42500,0,328.347,-64.325,28.575,0.0,Stationary
3.42500,1,-197.211,409.825,28.575,176.5,Rolling
3.42500,2,1220.223,-25.994,28.575,0.0,Stationary
3.42500,3,541.180,582.439,28.575,0.0,Stationary
3.42500,4,-436.896,-534.798,28.575,191.4,Rolling
3.42500,5,1238.800,56.416,28.575,0.0,Stationary
3.42500,6,417.073,-23.118,28.575,153.6,Rolling
3.42500,7,647.884,163.733,28.575,62.3,Rolling
3.42500,8,95.447,-252.048,28.575,79.7,Rolling
3.42500,9,661.096,596.915,28.575,0.0,Stationary
3.42500,10,-934.943,-382.878,28.575,254.8,Rolling
3.42500,11,821.749,-534.448,28.575,0.0,Stationary
3.42500,12,1205.167,513.830,28.575,0.0,Stationary
3.42500,13,379.502,48.640,28.575,50.1,Rolling
3.42500,14,1105.922,188.442,28.575,89.9,Rolling
3.42500,15,-193.958,-155.133,28.575,163.4,Rolling
3.43000,0,328.347,-64.325,28.575,0.0,Stationary
3.43000,1,-197.970,410.274,28.575,176.0,Rolling
3.43000,2,1220.223,-25.994,28.575,0.0,Stationary
3.43000,3,541.180,582.439,28.575,0.0,Stationary
3.43000,4,-437.822,-534.559,28.575,190.9,Rolling
3.43000,5,1238.800,56.416,28.575,0.0,Stationary
3.43000,6,416.641,-23.751,28.575,153.1,Rolling
3.43000,7,647.731,163.463,28.575,61.8,Rolling
3.43000,8,95.083,-252.208,28.575,79.2,Rolling
3.43000,9,661.096,596.915,28.575,0.0,Stationary
3.43000,10,-933.710,-383.194,28.575,254.3,Rolling
3.43000,11,821.749,-534.448,28.575,0.0,Stationary
3.43000,12,1205.167,513.830,28.575,0.0,Stationary
3.43000,13,379.280,48.528,28.575,49.6,Rolling
3.43000,14,1105.973,188.887,28.575,89.4,Rolling
3.43000,15,-194.686,-154.764,28.575,162.9,Rolling
3.43500,0,328.347,-64.325,28.575,0.0,Stationary
3.43500,1,-198.726,410.721,28.575,175.5,Rolling
3.43500,2,1220.223,-25.994,28.575,0.0,Stationary
3.43500,3,541.180,582.439,28.575,0.0,Stationary
3.43500,4,-438.745,-534.321,28.575,190.4,Rolling
3.43500,5,1238.800,56.416,28.575,0.0,Stationary
3.43500,6,416.209,-24.382,28.575,152.6,Rolling
3.43500,7,647.579,163.196,28.575,61.3,Rolling
3.43500,8,94.722,-252.367,28.575,78.7,Rolling
3.43500,9,661.096,596.915,28.575,0.0,Stationary
3.43500,10,-932.479,-383.510,28.575,253.8,Rolling
3.43500,11,821.749,-534.448,28.575,0.0,Stationary
3.43500,12,1205.167,513.830,28.575,0.0,Stationary
3.43500,13,379.059,48.417,28.575,49.1,Rolling
3.43500,14,1106.023,189.330,28.575,89.0,Rolling
3.43500,15,-195.412,-154.396,28.575,162.5,Rolling
3.44000,0,328.347,-64.325,28.575,0.0,Stationary
3.44000,1,-199.481,411.167,28.575,175.0,Rolling
3.44000,2,1220.223,-25.994,28.575,0.0,Stationary
3.44000,3,541.180,582.439,28.575,0.0,Stationary
3.44000,4,-439.665,-534.083,28.575,189.9,Rolling
3.44000,5,1238.800,56.416,28.575,0.0,Stationary
3.44000,6,415.780,-25.011,28.575,152.1,Rolling
3.44000,7,647.429,162.930,28.575,60.9,Rolling
3.44000,8,94.363,-252.525,28.575,78.2,Rolling
3.44000,9,661.096,596.915,28.575,0.0,Stationary
3.44000,10,-931.251,-383.825,28.575,253.3,Rolling
3.44000,11,821.749,-534.448,28.575,0.0,Stationary
3.44000,12,1205.167,513.830,28.575,0.0,Stationary
3.44000,13,378.841,48.307,28.575,48.6,Rolling
3.44000,14,1106.072,189.771,28.575,88.5,Rolling
3.44000,15,-196.135,-154.030,28.575,162.0,Rolling
3.44500,0,328.347,-64.325,28.575,0.0,Stationary
3.44500,1,-200.233,411.612,28.575,174.5,Rolling
3.44500,2,1220.223,-25.994,28.575,0.0,Stationary
3.44500,3,541.180,582.439,28.575,0.0,Stationary
3.44500,4,-440.583,-533.846,28.575,189.4,Rolling
3.44500,5,1238.800,56.416,28.575,0.0,Stationary
3.44500,6,415.351,-25.638,28.575,151.6,Rolling
3.44500,7,647.279,162.666,28.575,60.4,Rolling
3.44500,8,94.007,-252.682,28.575,77.7,Rolling
3.44500,9,661.096,596.915,28.575,0.0,Stationary
3.44500,10,-930.025,-384.140,28.575,252.8,Rolling
3.44500,11,821.749,-534.448,28.575,0.0,Stationary
3.44500,12,1205.167,513.830,28.575,0.0,Stationary
3.44500,13,378.625,48.198,28.575,48.1,Rolling
3.44500,14,1106.122,190.209,28.575,88.0,Rolling
3.44500,15,-196.856,-153.665,28.575,161.5,Rolling
3.45000,0,328.347,-64.325,28.575,0.0,Stationary
3.45000,1,-200.983,412.056,28.575,174.0,Rolling
3.45000,2,1220.223,-25.994,28.575,0.0,Stationary
3.45000,3,541.180,582.439,28.575,0.0,Stationary
3.45000,4,-441.499,-533.610,28.575,188.9,Rolling
3.45000,5,1238.800,56.416,28.575,0.0,Stationary
3.45000,6,414.924,-26.263,28.575,151.1,Rolling
3.45000,7,647.131,162.405,28.575,59.9,Rolling
3.45000,8,93.652,-252.838,28.575,77.2,Rolling
3.45000,9,661.096,596.915,28.575,0.0,Stationary
3.45000,10,-928.802,-384.454,28.575,252.4,Rolling
3.45000,11,821.749,-534.448,28.575,0.0,Stationary
3.45000,12,1205.167,513.830,28.575,0.0,Stationary
3.45000,13,378.411,48.091,28.575,47.7,Rolling
3.45000,14,1106.171,190.645,28.575,87.5,Rolling
3.45000,15,-197.576,-153.300,28.575,161.0,Rolling
3.45500,0,328.347,-64.325,28.575,0.0,Stationary
3.45500,1,-201.731,412.498,28.575,173.6,Rolling
3.45500,2,1220.223,-25.994,28.575,0.0,Stationary
3.45500,3,541.180,582.439,28.575,0.0,Stationary
3.45500,4,-442.412,-533.374,28.575,188.4,Rolling
3.45500,5,1238.800,56.416,28.575,0.0,Stationary
3.45500,6,414.499,-26.886,28.575,150.6,Rolling
3.45500,7,646.984,162.145,28.575,59.4,Rolling
3.45500,8,93.300,-252.993,28.575,76.7,Rolling
3.45500,9,661.096,596.915,28.575,0.0,Stationary
3.45500,10,-927.581,-384.767,28.575,251.9,Rolling
3.45500,11,821.749,-534.448,28.575,0.0,Stationary
3.45500,12,1205.167,513.830,28.575,0.0,Stationary
3.45500,13,378.199,47.984,28.575,47.2,Rolling
3.45500,14,1106.220,191.079,28.575,87.0,Rolling
3.45500,15,-198.293,-152.937,28.575,160.5,Rolling
3.46000,0,328.347,-64.325,28.575,0.0,Stationary
3.46000,1,-202.476,412.940,28.575,173.1,Rolling
3.46000,2,1220.223,-25.994,28.575,0.0,Stationary
3.46000,3,541.180,582.439,28.575,0.0,Stationary
3.46000,4,-443.323,-533.138,28.575,187.9,Rolling
3.46000,5,1238.800,56.416,28.575,0.0,Stationary
3.46000,6,414.074,-27.506,28.575,150.1,Rolling
3.46000,7,646.838,161.888,28.575,58.9,Rolling
3.46000,8,92.950,-253.147,28.575,76.2,Rolling
3.46000,9,661.096,596.915,28.575,0.0,Stationary
3.46000,10,-926.362,-385.080,28.575,251.4,Rolling
3.46000,11,821.749,-534.448,28.575,0.0,Stationary
3.46000,12,1205.167,513.830,28.575,0.0,Stationary
3.46000,13,377.990,47.878,28.575,46.7,Rolling
3.46000,14,1106.268,191.510,28.575,86.5,Rolling
3.46000,15,-199.007,-152.575,28.575,160.0,Rolling
3.46500,0,328.347,-64.325,28.575,0.0,Stationary
3.46500,1,-203.220,413.380,28.575,172.6,Rolling
3.46500,2,1220.223,-25.994,28.575,0.0,Stationary
3.46500,3,541.180,582.439,28.575,0.0,Stationary
3.46500,4,-444.232,-532.904,28.575,187.4,Rolling
3.46500,5,1238.800,56.416,28.575,0.0,Stationary
3.46500,6,413.651,-28.125,28.575,149.7,Rolling
3.46500,7,646.694,161.633,28.575,58.4,Rolling
3.46500,8,92.602,-253.300,28.575,75.7,Rolling
3.46500,9,661.096,596.915,28.575,0.0,Stationary
3.46500,10,-925.146,-385.392,28.575,250.9,Rolling
3.46500,11,821.749,-534.448,28.575,0.0,Stationary
3.46500,12,1205.167,513.830,28.575,0.0,Stationary
3.46500,13,377.782,47.774,28.575,46.2,Rolling
3.46500,14,1106.317,191.938,28.575,86.0,Rolling
3.46500,15,-199.720,-152.214,28.575,159.5,Rolling
3.47000,0,328.347,-64.325,28.575,0.0,Stationary
3.47000,1,-203.962,413.818,28.575,172.1,Rolling
3.47000,2,1220.223,-25.994,28.575,0.0,Stationary
3.47000,3,541.180,582.439,28.575,0.0,Stationary
3.47000,4,-445.138,-532.670,28.575,187.0,Rolling
3.47000,5,1238.800,56.416,28.575,0.0,Stationary
3.47000,6,413.230,-28.742,28.575,149.2,Rolling
3.47000,7,646.550,161.380,28.575,57.9,Rolling
3.47000,8,92.257,-253.452,28.575,75.2,Rolling
3.47000,9,661.096,596.915,28.575,0.0,Stationary
3.47000,10,-923.932,-385.703,28.575,250.4,Rolling
3.47000,11,821.749,-534.448,28.575,0.0,Stationary
3.47000,12,1205.167,513.830,28.575,0.0,Stationary
3.47000,13,377.577,47.671,28.575,45.7,Rolling
3.47000,14,1106.365,192.364,28.575,85.5,Rolling
3.47000,15,-200.430,-151.855,28.575,159.0,Rolling
3.47500,0,328.347,-64.325,28.575,0.0,Stationary
3.47500,1,-204.701,414.256,28.575,171.6,Rolling
3.47500,2,1220.223,-25.994,28.575,0.0,Stationary
3.47500,3,541.180,582.439,28.575,0.0,Stationary
3.47500,4,-446.042,-532.436,28.575,186.5,Rolling
3.47500,5,1238.800,56.416,28.575,0.0,Stationary
3.47500,6,412.810,-29.357,28.575,148.7,Rolling
3.47500,7,646.408,161.129,28.575,57.4,Rolling
3.47500,8,91.914,-253.603,28.575,74.8,Rolling
3.47500,9,661.096,596.915,28.575,0.0,Stationary
3.47500,10,-922.721,-386.014,28.575,249.9,Rolling
3.47500,11,821.749,-534.448,28.575,0.0,Stationary
3.47500,12,1205.167,513.830,28.575,0.0,Stationary
3.47500,13,377.374,47.568,28.575,45.2,Rolling
3.47500,14,1106.412,192.788,28.575,85.0,Rolling
3.47500,15,-201.139,-151.496,28.575,158.5,Rolling
3.48000,0,328.347,-64.325,28.575,0.0,Stationary
3.48000,1,-205.439,414.692,28.575,171.1,Rolling
3.48000,2,1220.223,-25.994,28.575,0.0,Stationary
3.48000,3,541.180,582.439,28.575,0.0,Stationary
3.48000,4,-446.944,-532.204,28.575,186.0,Rolling
3.48000,5,1238.800,56.416,28.575,0.0,Stationary
3.48000,6,412.391,-29.970,28.575,148.2,Rolling
3.48000,7,646.267,160.881,28.575,56.9,Rolling
3.48000,8,91.573,-253.754,28.575,74.3,Rolling
3.48000,9,661.096,596.915,28.575,0.0,Stationary
3.48000,10,-921.512,-386.324,28.575,249.4,Rolling
3.48000,11,821.749,-534.448,28.575,0.0,Stationary
3.48000,12,1205.167,513.830,28.575,0.0,Stationary
3.48000,13,377.173,47.467,28.575,44.7,Rolling
3.48000,14,1106.460,193.209,28.575,84.5,Rolling
3.48000,15,-201.845,-151.138,28.575,158.0,Rolling
3.48500,0,328.347,-64.325,28.575,0.0,Stationary
3.48500,1,-206.174,415.127,28.575,170.6,Rolling
3.48500,2,1220.223,-25.994,28.575,0.0,Stationary
3.48500,3,541.180,582.439,28.575,0.0,Stationary
3.48500,4,-447.843,-531.971,28.575,185.5,Rolling
3.48500,5,1238.800,56.416,28.575,0.0,Stationary
3.48500,6,411.974,-30.580,28.575,147.7,Rolling
3.48500,7,646.127,160.634,28.575,56.4,Rolling
3.48500,8,91.234,-253.903,28.575,73.8,Rolling
3.48500,9,661.096,596.915,28.575,0.0,Stationary
3.48500,10,-920.305,-386.634,28.575,248.9,Rolling
3.48500,11,821.749,-534.448,28.575,0.0,Stationary
3.48500,12,1205.167,513.830,28.575,0.0,Stationary
3.48500,13,376.975,47.367,28.575,44.2,Rolling
3.48500,14,1106.507,193.628,28.575,84.0,Rolling
3.48500,15,-202.549,-150.782,28.575,157.6,Rolling
3.49000,0,328.347,-64.325,28.575,0.0,Stationary
3.49000,1,-206.907,415.561,28.575,170.1,Rolling
3.49000,2,1220.223,-25.994,28.575,0.0,Stationary
3.49000,3,541.180,582.439,28.575,0.0,Stationary
3.49000,4,-448.740,-531.740,28.575,185.0,Rolling
3.49000,5,1238.800,56.416,28.575,0.0,Stationary
3.49000,6,411.558,-31.189,28.575,147.2,Rolling
3.49000,7,645.989,160.390,28.575,55.9,Rolling
3.49000,8,90.897,-254.051,28.575,73.3,Rolling
3.49000,9,661.096,596.915,28.575,0.0,Stationary
3.49000,10,-919.101,-386.943,28.575,248.4,Rolling
3.49000,11,821.749,-534.448,28.575,0.0,Stationary
3.49000,12,1205.167,513.830,28.575,0.0,Stationary
3.49000,13,376.778,47.268,28.575,43.7,Rolling
3.49000,14,1106.554,194.045,28.575,83.6,Rolling
3.49000,15,-203.250,-150.427,28.575,157.1,Rolling
3.49500,0,328.347,-64.325,28.575,0.0,Stationary
3.49500,1,-207.638,415.993,28.575,169.6,Rolling
3.49500,2,1220.223,-25.994,28.575,0.0,Stationary
3.49500,3,541.180,582.439,28.575,0.0,Stationary
3.49500,4,-449.634,-531.509,28.575,184.5,Rolling
3.49500,5,1238.800,56.416,28.575,0.0,Stationary
3.49500,6,411.143,-31.796,28.575,146.7,Rolling
3.49500,7,645.852,160.147,28.575,55.5,Rolling
3.49500,8,90.563,-254.198,28.575,72.8,Rolling
3.49500,9,661.096,596.915,28.575,0.0,Stationary
3.49500,10,-917.899,-387.251,28.575,247.9,Rolling
3.49500,11,821.749,-534.448,28.575,0.0,Stationary
3.49500,12,1205.167,513.830,28.575,0.0,Stationary
3.49500,13,376.584,47.171,28.575,43.2,Rolling
3.49500,14,1106.601,194.459,28.575,83.1,Rolling
3.49500,15,-203.950,-150.072,28.575,156.6,Rolling
3.50000,0,328.347,-64.325,28.575,0.0,Stationary
3.50000,1,-208.367,416.424,28.575,169.1,Rolling
3.50000,2,1220.223,-25.994,28.575,0.0,Stationary
3.50000,3,541.180,582.439,28.575,0.0,Stationary
3.50000,4,-450.526,-531.279,28.575,184.0,Rolling
3.50000,5,1238.800,56.416,28.575,0.0,Stationary
3.50000,6,410.730,-32.400,28.575,146.2,Rolling
3.50000,7,645.715,159.907,28.575,55.0,Rolling
3.50000,8,90.231,-254.344,28.575,72.3,Rolling
3.50000,9,661.096,596.915,28.575,0.0,Stationary
3.50000,10,-916.699,-387.559,28.575,247.4,Rolling
3.50000,11,821.749,-534.448,28.575,0.0,Stationary
3.50000,12,1205.167,513.830,28.575,0.0,Stationary
3.50000,13,376.392,47.074,28.575,42.8,Rolling
3.50000,14,1106.647,194.870,28.575,82.6,Rolling
3.50000,15,-204.647,-149.719,28.575,156.1,Rolling
3.50500,0,328.347,-64.325,28.575,0.0,Stationary
3.50500,1,-209.094,416.854,28.575,168.7,Rolling
3.50500,2,1220.223,-25.994,28.575,0.0,Stationary
3.50500,3,541.180,582.439,28.575,0.0,Stationary
3.50500,4,-451.416,-531.049,28.575,183.5,Rolling
3.50500,5,1238.800,56.416,28.575,0.0,Stationary
3.50500,6,410.318,-33.003,28.575,145.7,Rolling
3.50500,7,645.580,159.669,28.575,54.5,Rolling
3.50500,8,89.901,-254.489,28.575,71.8,Rolling
3.50500,9,661.096,596.915,28.575,0.0,Stationary
3.50500,10,-915.502,-387.866,28.575,247.0,Rolling
3.50500,11,821.749,-534.448,28.575,0.0,Stationary
3.50500,12,1205.167,513.830,28.575,0.0,Stationary
3.50500,13,376.202,46.978,28.575,42.3,Rolling
3.50500,14,1106.693,195.279,28.575,82.1,Rolling
3.50500,15,-205.342,-149.367,28.575,155.6,Rolling
3.51000,0,328.347,-64.325,28.575,0.0,Stationary
3.51000,1,-209.819,417.283,28.575,168.2,Rolling
3.51000,2,1220.223,-25.994,28.575,0.0,Stationary
3.51000,3,541.180,582.439,28.575,0.0,Stationary
3.51000,4,-452.303,-530.820,28.575,183.0,Rolling
3.51000,5,1238.800,56.416,28.575,0.0,Stationary
3.51000,6,409.908,-33.604,28.575,145.2,Rolling
3.51000,7,645.447,159.433,28.575,54.0,Rolling
3.51000,8,89.574,-254.634,28.575,71.3,Rolling
3.51000,9,661.096,596.915,28.575,0.0,Stationary
3.51000,10,-914.307,-388.173,28.575,246.5,Rolling
3.51000,11,821.749,-534.448,28.575,0.0,Stationary
3.51000,12,1205.167,513.830,28.575,0.0,Stationary
3.51000,13,376.015,46.884,28.575,41.8,Rolling
3.51000,14,1106.739,195.686,28.575,81.6,Rolling
3.51000,15,-206.035,-149.016,28.575,155.1,Rolling
3.51500,0,328.347,-64.325,28.575,0.0,Stationary
3.51500,1,-210.541,417.711,28.575,167.7,Rolling
3.51500,2,1220.223,-25.994,28.575,0.0,Stationary
3.51500,3,541.180,582.439,28.575,0.0,Stationary
3.51500,4,-453.188,-530.591,28.575,182.5,Rolling
3.51500,5,1238.800,56.416,28.575,0.0,Stationary
3.51500,6,409.499,-34.202,28.575,144.8,Rolling
3.51500,7,645.314,159.199,28.575,53.5,Rolling
3.51500,8,89.249,-254.777,28.575,70.8,Rolling
3.51500,9,661.096,596.915,28.575,0.0,Stationary
3.51500,10,-913.115,-388.479,28.575,246.0,Rolling
3.51500,11,821.749,-534.448,28.575,0.0,Stationary
3.51500,12,1205.167,513.830,28.575,0.0,Stationary
3.51500,13,375.829,46.790,28.575,41.3,Rolling
3.51500,14,1106.785,196.090,28.575,81.1,Rolling
3.51500,15,-206.726,-148.666,28.575,154.6,Rolling
3.52000,0,328.347,-64.325,28.575,0.0,Stationary
3.52000,1,-211.262,418.137,28.575,167.2,Rolling
3.52000,2,1220.223,-25.994,28.575,0.0,Stationary
3.52000,3,541.180,582.439,28.575,0.0,Stationary
3.52000,4,-454.070,-530.363,28.575,182.0,Rolling
3.52000,5,1238.800,56.416,28.575,0.0,Stationary
3.52000,6,409.091,-34.799,28.575,144.3,Rolling
3.52000,7,645.183,158.968,28.575,53.0,Rolling
3.52000,8,88.926,-254.919,28.575,70.3,Rolling
3.52000,9,661.096,596.915,28.575,0.0,Stationary
3.52000,10,-911.925,-388.784,28.575,245.5,Rolling
3.52000,11,821.749,-534.448,28.575,0.0,Stationary
3.52000,12,1205.167,513.830,28.575,0.0,Stationary
3.52000,13,375.646,46.698,28.575,40.8,Rolling
3.52000,14,1106.830,196.492,28.575,80.6,Rolling
3.52000,15,-207.414,-148.318,28.575,154.1,Rolling
3.52500,0,328.347,-64.325,28.575,0.0,Stationary
3.52500,1,-211.980,418.562,28.575,166.7,Rolling
3.52500,2,1220.223,-25.994,28.575,0.0,Stationary
3.52500,3,541.180,582.439,28.575,0.0,Stationary
3.52500,4,-454.950,-530.136,28.575,181.6,Rolling
3.52500,5,1238.800,56.416,28.575,0.0,Stationary
3.52500,6,408.685,-35.393,28.575,143.8,Rolling
3.52500,7,645.053,158.738,28.575,52.5,Rolling
3.52500,8,88.605,-255.060,28.575,69.9,Rolling
3.52500,9,661.096,596.915,28.575,0.0,Stationary
3.52500,10,-910.737,-389.089,28.575,245.0,Rolling
3.52500,11,821.749,-534.448,28.575,0.0,Stationary
3.52500,12,1205.167,513.830,28.575,0.0,Stationary
3.52500,13,375.465,46.607,28.575,40.3,Rolling
3.52500,14,1106.875,196.891,28.575,80.1,Rolling
3.52500,15,-208.101,-147.970,28.575,153.6,Rolling
3.53000,0,328.347,-64.325,28.575,0.0,Stationary
3.53000,1,-212.697,418.985,28.575,166.2,Rolling
3.53000,2,1220.223,-25.994,28.575,0.0,Stationary
3.53000,3,541.180,582.439,28.575,0.0,Stationary
3.53000,4,-455.828,-529.910,28.575,181.1,Rolling
3.53000,5,1238.800,56.416,28.575,0.0,Stationary
3.53000,6,408.280,-35.986,28.575,143.3,Rolling
3.53000,7,644.924,158.511,28.575,52.0,Rolling
3.53000,8,88.286,-255.200,28.575,69.4,Rolling
3.53000,9,661.096,596.915,28.575,0.0,Stationary
3.53000,10,-909.551,-389.393,28.575,244.5,Rolling
3.53000,11,821.749,-534.448,28.575,0.0,Stationary
3.53000,12,1205.167,513.830,28.575,0.0,Stationary
3.53000,13,375.286,46.517,28.575,39.8,Rolling
3.53000,14,1106.920,197.288,28.575,79.6,Rolling
3.53000,15,-208.785,-147.624,28.575,153.1,Rolling
3.53500,0,328.347,-64.325,28.575,0.0,Stationary
3.53500,1,-213.411,419.408,28.575,165.7,Rolling
3.53500,2,1220.223,-25.994,28.575,0.0,Stationary
3.53500,3,541.180,582.439,28.575,0.0,Stationary
3.53500,4,-456.704,-529.684,28.575,180.6,Rolling
3.53500,5,1238.800,56.416,28.575,0.0,Stationary
3.53500,6,407.876,-36.576,28.575,142.8,Rolling
3.53500,7,644.796,158.286,28.575,51.5,Rolling
3.53500,8,87.970,-255.340,28.575,68.9,Rolling
3.53500,9,661.096,596.915,28.575,0.0,Stationary
3.53500,10,-908.368,-389.697,28.575,244.0,Rolling
3.53500,11,821.749,-534.448,28.575,0.0,Stationary
3.53500,12,1205.167,513.830,28.575,0.0,Stationary
3.53500,13,375.109,46.428,28.575,39.3,Rolling
3.53500,14,1106.964,197.682,28.575,79.1,Rolling
3.53500,15,-209.467,-147.278,28.575,152.6,Rolling
3.54000,0,328.347,-64.325,28.575,0.0,Stationary
3.54000,1,-214.123,419.829,28.575,165.2,Rolling
3.54000,2,1220.223,-25.994,28.575,0.0,Stationary
3.54000,3,541.180,582.439,28.575,0.0,Stationary
3.54000,4,-457.577,-529.458,28.575,180.1,Rolling
3.54000,5,1238.800,56.416,28.575,0.0,Stationary
3.54000,6,407.474,-37.165,28.575,142.3,Rolling
3.54000,7,644.670,158.063,28.575,51.0,Rolling
3.54000,8,87.656,-255.478,28.575,68.4,Rolling
3.54000,9,661.096,596.915,28.575,0.0,Stationary
3.54000,10,-907.188,-390.000,28.575,243.5,Rolling
3.54000,11,821.749,-534.448,28.575,0.0,Stationary
3.54000,12,1205.167,513.830,28.575,0.0,Stationary
3.54000,13,374.935,46.340,28.575,38.8,Rolling
3.54000,14,1107.008,198.074,28.575,78.7,Rolling
3.54000,15,-210.147,-146.934,28.575,152.2,Rolling
3.54500,0,328.347,-64.325,28.575,0.0,Stationary
3.54500,1,-214.833,420.249,28.575,164.7,Rolling
3.54500,2,1220.223,-25.994,28.575,0.0,Stationary
3.54500,3,541.180,582.439,28.575,0.0,Stationary
3.54500,4,-458.447,-529.233,28.575,179.6,Rolling
3.54500,5,1238.800,56.416,28.575,0.0,Stationary
3.54500,6,407.073,-37.751,28.575,141.8,Rolling
3.54500,7,644.545,157.842,28.575,50.6,Rolling
3.54500,8,87.344,-255.615,28.575,67.9,Rolling
3.54500,9,661.096,596.915,28.575,0.0,Stationary
3.54500,10,-906.010,-390.302,28.575,243.0,Rolling
3.54500,11,821.749,-534.448,28.575,0.0,Stationary
3.54500,12,1205.167,513.830,28.575,0.0,Stationary
3.54500,13,374.763,46.253,28.575,38.3,Rolling
3.54500,14,1107.052,198.464,28.575,78.2,Rolling
3.54500,15,-210.824,-146.591,28.575,151.7,Rolling
3.55000,0,328.347,-64.325,28.575,0.0,Stationary
3.55000,1,-215.541,420.668,28.575,164.2,Rolling
3.55000,2,1220.223,-25.994,28.575,0.0,Stationary
3.55000,3,541.180,582.439,28.575,0.0,Stationary
3.55000,4,-459.315,-529.009,28.575,179.1,Rolling
3.55000,5,1238.800,56.416,28.575,0.0,Stationary
3.55000,6,406.674,-38.336,28.575,141.3,Rolling
3.55000,7,644.421,157.623,28.575,50.1,Rolling
3.55000,8,87.035,-255.752,28.575,67.4,Rolling
3.55000,9,661.096,596.915,28.575,0.0,Stationary
3.55000,10,-904.834,-390.604,28.575,242.5,Rolling
3.55000,11,821.749,-534.448,28.575,0.0,Stationary
3.55000,12,1205.167,513.830,28.575,0.0,Stationary
3.55000,13,374.592,46.167,28.575,37.9,Rolling
3.55000,14,1107.096,198.851,28.575,77.7,Rolling
3.55000,15,-211.500,-146.249,28.575,151.2,Rolling
3.55500,0,328.347,-64.325,28.575,0.0,Stationary
3.55500,1,-216.246,421.085,28.575,163.7,Rolling
3.55500,2,1220.223,-25.994,28.575,0.0,Stationary
3.55500,3,541.180,582.439,28.575,0.0,Stationary
3.55500,4,-460.181,-528.785,28.575,178.6,Rolling
3.55500,5,1238.800,56.416,28.575,0.0,Stationary
3.55500,6,406.276,-38.918,28.575,140.8,Rolling
3.55500,7,644.298,157.406,28.575,49.6,Rolling
3.55500,8,86.727,-255.887,28.575,66.9,Rolling
3.55500,9,661.096,596.915,28.575,0.0,Stationary
3.55500,10,-903.660,-390.905,28.575,242.1,Rolling
3.55500,11,821.749,-534.448,28.575,0.0,Stationary
3.55500,12,1205.167,513.830,28.575,0.0,Stationary
3.55500,13,374.425,46.083,28.575,37.4,Rolling
3.55500,14,1107.139,199.236,28.575,77.2,Rolling
3.55500,15,-212.173,-145.908,28.575,150.7,Rolling
3.56000,0,328.347,-64.325,28.575,0.0,Stationary
3.56000,1,-216.950,421.502,28.575,163.3,Rolling
3.56000,2,1220.223,-25.994,28.575,0.0,Stationary
3.56000,3,541.180,582.439,28.575,0.0,Stationary
3.56000,4,-461.045,-528.562,28.575,178.1,Rolling
3.56000,5,1238.800,56.416,28.575,0.0,Stationary
3.56000,6,405.879,-39.498,28.575,140.3,Rolling
3.56000,7,644.176,157.192,28.575,49.1,Rolling
3.56000,8,86.422,-256.021,28.575,66.4,Rolling
3.56000,9,661.096,596.915,28.575,0.0,Stationary
3.56000,10,-902.489,-391.205,28.575,241.6,Rolling
3.56000,11,821.749,-534.448,28.575,0.0,Stationary
3.56000,12,1205.167,513.830,28.575,0.0,Stationary
3.56000,13,374.259,45.999,28.575,36.9,Rolling
3.56000,14,1107.182,199.618,28.575,76.7,Rolling
3.56000,15,-212.844,-145.568,28.575,150.2,Rolling
3.56500,0,328.347,-64.325,28.575,0.0,Stationary
3.56500,1,-217.651,421.917,28.575,162.8,Rolling
3.56500,2,1220.223,-25.994,28.575,0.0,Stationary
3.56500,3,541.180,582.439,28.575,0.0,Stationary
3.56500,4,-461.906,-528.340,28.575,177.6,Rolling
3.56500,5,1238.800,56.416,28.575,0.0,Stationary
3.56500,6,405.484,-40.077,28.575,139.9,Rolling
3.56500,7,644.056,156.979,28.575,48.6,Rolling
3.56500,8,86.119,-256.154,28.575,65.9,Rolling
3.56500,9,661.096,596.915,28.575,0.0,Stationary
3.56500,10,-901.320,-391.505,28.575,241.1,Rolling
3.56500,11,821.749,-534.448,28.575,0.0,Stationary
3.56500,12,1205.167,513.830,28.575,0.0,Stationary
3.56500,13,374.095,45.917,28.575,36.4,Rolling
3.56500,14,1107.225,199.998,28.575,76.2,Rolling
3.56500,15,-213.513,-145.229,28.575,149.7,Rolling
3.57000,0,328.347,-64.325,28.575,0.0,Stationary
3.57000,1,-218.351,422.330,28.575,162.3,Rolling
3.57000,2,1220.223,-25.994,28.575,0.0,Stationary
3.57000,3,541.180,582.439,28.575,0.0,Stationary
3.57000,4,-462.765,-528.118,28.575,177.1,Rolling
3.57000,5,1238.800,56.416,28.575,0.0,Stationary
3.57000,6,405.090,-40.653,28.575,139.4,Rolling
3.57000,7,643.937,156.769,28.575,48.1,Rolling
3.57000,8,85.819,-256.287,28.575,65.4,Rolling
3.57000,9,661.096,596.915,28.575,0.0,Stationary
3.57000,10,-900.154,-391.805,28.575,240.6,Rolling
3.57000,11,821.749,-534.448,28.575,0.0,Stationary
3.57000,12,1205.167,513.830,28.575,0.0,Stationary
3.57000,13,373.934,45.836,28.575,35.9,Rolling
3.57000,14,1107.268,200.375,28.575,75.7,Rolling
3.57000,15,-214.180,-144.892,28.575,149.2,Rolling
3.57500,0,328.347,-64.325,28.575,0.0,Stationary
3.57500,1,-219.048,422.743,28.575,161.8,Rolling
3.57500,2,1220.223,-25.994,28.575,0.0,Stationary
3.57500,3,541.180,582.439,28.575,0.0,Stationary
3.57500,4,-463.621,-527.897,28.575,176.7,Rolling
3.57500,5,1238.800,56.416,28.575,0.0,Stationary
3.57500,6,404.698,-41.227,28.575,138.9,Rolling
3.57500,7,643.819,156.561,28.575,47.6,Rolling
3.57500,8,85.520,-256.418,28.575,65.0,Rolling
3.57500,9,661.096,596.915,28.575,0.0,Stationary
3.57500,10,-898.990,-392.103,28.575,240.1,Rolling
3.57500,11,821.749,-534.448,28.575,0.0,Stationary
3.57500,12,1205.167,513.830,28.575,0.0,Stationary
3.57500,13,373.775,45.755,28.575,35.4,Rolling
3.57500,14,1107.310,200.750,28.575,75.2,Rolling
3.57500,15,-214.844,-144.555,28.575,148.7,Rolling
3.58000,0,328.347,-64.325,28.575,0.0,Stationary
3.58000,1,-219.743,423.154,28.575,161.3,Rolling
3.58000,2,1220.223,-25.994,28.575,0.0,Stationary
3.58000,3,541.180,582.439,28.575,0.0,Stationary
3.58000,4,-464.475,-527.677,28.575,176.2,Rolling
3.58000,5,1238.800,56.416,28.575,0.0,Stationary
3.58000,6,404.307,-41.800,28.575,138.4,Rolling
3.58000,7,643.702,156.355,28.575,47.1,Rolling
3.58000,8,85.224,-256.549,28.575,64.5,Rolling
3.58000,9,661.096,596.915,28.575,0.0,Stationary
3.58000,10,-897.829,-392.401,28.575,239.6,Rolling
3.58000,11,821.749,-534.448,28.575,0.0,Stationary
3.58000,12,1205.167,513.830,28.575,0.0,Stationary
3.58000,13,373.618,45.676,28.575,34.9,Rolling
3.58000,14,1107.352,201.123,28.575,74.7,Rolling
3.58000,15,-215.506,-144.220,28.575,148.2,Rolling
3.58500,0,328.347,-64.325,28.575,0.0,Stationary
3.58500,1,-220.436,423.564,28.575,160.8,Rolling
3.58500,2,1220.223,-25.994,28.575,0.0,Stationary
3.58500,3,541.180,582.439,28.575,0.0,Stationary
3.58500,4,-465.327,-527.457,28.575,175.7,Rolling
3.58500,5,1238.800,56.416,28.575,0.0,Stationary
3.58500,6,403.917,-42.370,28.575,137.9,Rolling
3.58500,7,643.586,156.151,28.575,46.6,Rolling
3.58500,8,84.930,-256.678,28.575,64.0,Rolling
3.58500,9,661.096,596.915,28.575,0.0,Stationary
3.58500,10,-896.669,-392.699,28.575,239.1,Rolling
3.58500,11,821.749,-534.448,28.575,0.0,Stationary
3.58500,12,1205.167,513.830,28.575,0.0,Stationary
3.58500,13,373.463,45.598,28.575,34.4,Rolling
3.58500,14,1107.394,201.493,28.575,74.2,Rolling
3.58500,15,-216.167,-143.885,28.575,147.7,Rolling
3.59000,0,328.347,-64.325,28.575,0.0,Stationary
3.59000,1,-221.127,423.973,28.575,160.3,Rolling
3.59000,2,1220.223,-25.994,28.575,0.0,Stationary
3.59000,3,541.180,582.439,28.575,0.0,Stationary
3.59000,4,-466.176,-527.238,28.575,175.2,Rolling
3.59000,5,1238.800,56.416,28.575,0.0,Stationary
3.59000,6,403.529,-42.938,28.575,137.4,Rolling
3.59000,7,643.472,155.949,28.575,46.1,Rolling
3.59000,8,84.639,-256.806,28.575,63.5,Rolling
3.59000,9,661.096,596.915,28.575,0.0,Stationary
3.59000,10,-895.512,-392.996,28.575,238.6,Rolling
3.59000,11,821.749,-534.448,28.575,0.0,Stationary
3.59000,12,1205.167,513.830,28.575,0.0,Stationary
3.59000,13,373.310,45.522,28.575,33.9,Rolling
3.59000,14,1107.435,201.860,28.575,73.8,Rolling
3.59000,15,-216.825,-143.552,28.575,147.3,Rolling
3.59500,0,328.347,-64.325,28.575,0.0,Stationary
3.59500,1,-221.816,424.380,28.575,159.8,Rolling
3.59500,2,1220.223,-25.994,28.575,0.0,Stationary
3.59500,3,541.180,582.439,28.575,0.0,Stationary
3.59500,4,-467.023,-527.019,28.575,174.7,Rolling
3.59500,5,1238.800,56.416,28.575,0.0,Stationary
3.59500,6,403.142,-43.504,28.575,136.9,Rolling
3.59500,7,643.359,155.749,28.575,45.7,Rolling
3.59500,8,84.349,-256.934,28.575,63.0,Rolling
3.59500,9,661.096,596.915,28.575,0.0,Stationary
3.59500,10,-894.358,-393.292,28.575,238.1,Rolling
3.59500,11,821.749,-534.448,28.575,0.0,Stationary
3.59500,12,1205.167,513.830,28.575,0.0,Stationary
3.59500,13,373.160,45.446,28.575,33.4,Rolling
3.59500,14,1107.476,202.226,28.575,73.3,Rolling
3.59500,15,-217.480,-143.220,28.575,146.8,Rolling
3.60000,0,328.347,-64.325,28.575,0.0,Stationary
3.60000,1,-222.503,424.787,28.575,159.3,Rolling
3.60000,2,1220.223,-25.994,28.575,0.0,Stationary
3.60000,3,541.180,582.439,28.575,0.0,Stationary
3.60000,4,-467.868,-526.801,28.575,174.2,Rolling
3.60000,5,1238.800,56.416,28.575,0.0,Stationary
3.60000,6,402.756,-44.069,28.575,136.4,Rolling
3.60000,7,643.247,155.552,28.575,45.2,Rolling
3.60000,8,84.062,-257.060,28.575,62.5,Rolling
3.60000,9,661.096,596.915,28.575,0.0,Stationary
3.60000,10,-893.206,-393.587,28.575,237.6,Rolling
3.60000,11,821.749,-534.448,28.575,0.0,Stationary
3.60000,12,1205.167,513.830,28.575,0.0,Stationary
3.60000,13,373.012,45.371,28.575,32.9,Rolling
3.60000,14,1107.517,202.588,28.575,72.8,Rolling
3.60000,15,-218.134,-142.889,28.575,146.3,Rolling
3.60500,0,328.347,-64.325,28.575,0.0,Stationary
3.60500,1,-223.188,425.192,28.575,158.8,Rolling
3.60500,2,1220.223,-25.994,28.575,0.0,Stationary
3.60500,3,541.180,582.439,28.575,0.0,Stationary
3.60500,4,-468.710,-526.583,28.575,173.7,Rolling
3.60500,5,1238.800,56.416,28.575,0.0,Stationary
3.60500,6,402.372,-44.631,28.575,135.9,Rolling
3.60500,7,643.136,155.356,28.575,44.7,Rolling
3.60500,8,83.777,-257.186,28.575,62.0,Rolling
3.60500,9,661.096,596.915,28.575,0.0,Stationary
3.60500,10,-892.056,-393.882,28.575,237.2,Rolling
3.60500,11,821.749,-534.448,28.575,0.0,Stationary
3.60500,12,1205.167,513.830,28.575,0.0,Stationary
3.60500,13,372.866,45.298,28.575,32.5,Rolling
3.60500,14,1107.558,202.949,28.575,72.3,Rolling
3.60500,15,-218.785,-142.559,28.575,145.8,Rolling
3.61000,0,328.347,-64.325,28.575,0.0,Stationary
3.61000,1,-223.870,425.595,28.575,158.4,Rolling
3.61000,2,1220.223,-25.994,28.575,0.0,Stationary
3.61000,3,541.180,582.439,28.575,0.0,Stationary
3.61000,4,-469.550,-526.366,28.575,173.2,Rolling
3.61000,5,1238.800,56.416,28.575,0.0,Stationary
3.61000,6,401.990,-45.191,28.575,135.4,Rolling
3.61000,7,643.026,155.163,28.575,44.2,Rolling
3.61000,8,83.495,-257.310,28.575,61.5,Rolling
3.61000,9,661.096,596.915,28.575,0.0,Stationary
3.61000,10,-890.909,-394.177,28.575,236.7,Rolling
3.61000,11,821.749,-534.448,28.575,0.0,Stationary
3.61000,12,1205.167,513.830,28.575,0.0,Stationary
3.61000,13,372.722,45.225,28.575,32.0,Rolling
3.61000,14,1107.598,203.307,28.575,71.8,Rolling
3.61000,15,-219.434,-142.230,28.575,145.3,Rolling
3.61500,0,328.347,-64.325,28.575,0.0,Stationary
3.61500,1,-224.551,425.998,28.575,157.9,Rolling
3.61500,2,1220.223,-25.994,28.575,0.0,Stationary
3.61500,3,541.180,582.439,28.575,0.0,Stationary
3.61500,4,-470.387,-526.150,28.575,172.7,Rolling
3.61500,5,1238.800,56.416,28.575,0.0,Stationary
3.61500,6,401.608,-45.749,28.575,134.9,Rolling
3.61500,7,642.918,154.972,28.575,43.7,Rolling
3.61500,8,83.214,-257.433,28.575,61.0,Rolling
3.61500,9,661.096,596.915,28.575,0.0,Stationary
3.61500,10,-889.764,-394.471,28.575,236.2,Rolling
3.61500,11,821.749,-534.448,28.575,0.0,Stationary
3.61500,12,1205.167,513.830,28.575,0.0,Stationary
3.61500,13,372.580,45.154,28.575,31.5,Rolling
3.61500,14,1107.638,203.662,28.575,71.3,Rolling
3.61500,15,-220.081,-141.903,28.575,144.8,Rolling
3.62000,0,328.347,-64.325,28.575,0.0,Stationary
3.62000,1,-225.229,426.399,28.575,157.4,Rolling
3.62000,2,1220.223,-25.994,28.575,0.0,Stationary
3.62000,3,541.180,582.439,28.575,0.0,Stationary
3.62000,4,-471.222,-525.935,28.575,172.2,Rolling
3.62000,5,1238.800,56.416,28.575,0.0,Stationary
3.62000,6,401.228,-46.305,28.575,134.5,Rolling
3.62000,7,642.811,154.783,28.575,43.2,Rolling
3.62000,8,82.936,-257.556,28.575,60.5,Rolling
3.62000,9,661.096,596.915,28.575,0.0,Stationary
3.62000,10,-888.621,-394.764,28.575,235.7,Rolling
3.62000,11,821.749,-534.448,28.575,0.0,Stationary
3.62000,12,1205.167,513.830,28.575,0.0,Stationary
3.62000,13,372.441,45.084,28.575,31.0,Rolling
3.62000,14,1107.678,204.015,28.575,70.8,Rolling
3.62000,15,-220.726,-141.576,28.575,144.3,Rolling
3.62500,0,328.347,-64.325,28.575,0.0,Stationary
3.62500,1,-225.905,426.799,28.575,156.9,Rolling
3.62500,2,1220.223,-25.994,28.575,0.0,Stationary
3.62500,3,541.180,582.439,28.575,0.0,Stationary
3.62500,4,-472.055,-525.720,28.575,171.8,Rolling
3.62500,5,1238.800,56.416,28.575,0.0,Stationary
3.62500,6,400.850,-46.859,28.575,134.0,Rolling
3.62500,7,642.705,154.596,28.575,42.7,Rolling
3.62500,8,82.660,-257.677,28.575,60.0,Rolling
3.62500,9,661.096,596.915,28.575,0.0,Stationary
3.62500,10,-887.481,-395.056,28.575,235.2,Rolling
3.62500,11,821.749,-534.448,28.575,0.0,Stationary
3.62500,12,1205.167,513.830,28.575,0.0,Stationary
3.62500,13,372.303,45.014,28.575,30.5,Rolling
3.62500,14,1107.718,204.366,28.575,70.3,Rolling
3.62500,15,-221.369,-141.251,28.575,143.8,Rolling
3.63000,0,328.347,-64.325,28.575,0.0,Stationary
3.63000,1,-226.579,427.198,28.575,156.4,Rolling
3.63000,2,1220.223,-25.994,28.575,0.0,Stationary
3.63000,3,541.180,582.439,28.575,0.0,Stationary
3.63000,4,-472.885,-525.505,28.575,171.3,Rolling
3.63000,5,1238.800,56.416,28.575,0.0,Stationary
3.63000,6,400.472,-47.411,28.575,133.5,Rolling
3.63000,7,642.600,154.412,28.575,42.2,Rolling
3.63000,8,82.387,-257.798,28.575,59.6,Rolling
3.63000,9,661.096,596.915,28.575,0.0,Stationary
3.63000,10,-886.343,-395.348,28.575,234.7,Rolling
3.63000,11,821.749,-534.448,28.575,0.0,Stationary
3.63000,12,1205.167,513.830,28.575,0.0,Stationary
3.63000,13,372.168,44.946,28.575,30.0,Rolling
3.63000,14,1107.757,204.714,28.575,69.8,Rolling
3.63000,15,-222.009,-140.926,28.575,143.3,Rolling
3.63500,0,328.347,-64.325,28.575,0.0,Stationary
3.63500,1,-227.251,427.595,28.575,155.9,Rolling
3.63500,2,1220.223,-25.994,28.575,0.0,Stationary
3.63500,3,541.180,582.439,28.575,0.0,Stationary
3.63500,4,-473.713,-525.291,28.575,170.8,Rolling
3.63500,5,1238.800,56.416,28.575,0.0,Stationary
3.63500,6,400.096,-47.961,28.575,133.0,Rolling
3.63500,7,642.497,154.229,28.575,41.7,Rolling
3.63500,8,82.115,-257.917,28.575,59.1,Rolling
3.63500,9,661.096,596.915,28.575,0.0,Stationary
3.63500,10,-885.208,-395.640,28.575,234.2,Rolling
3.63500,11,821.749,-534.448,28.575,0.0,Stationary
3.63500,12,1205.167,513.830,28.575,0.0,Stationary
3.63500,13,372.035,44.879,28.575,29.5,Rolling
3.63500,14,1107.796,205.060,28.575,69.3,Rolling
3.63500,15,-222.648,-140.603,28.575,142.8,Rolling
3.64000,0,328.347,-64.325,28.575,0.0,Stationary
3.64000,1,-227.921,427.992,28.575,155.4,Rolling
3.64000,2,1220.223,-25.994,28.575,0.0,Stationary
3.64000,3,541.180,582.439,28.575,0.0,Stationary
3.64000,4,-474.538,-525.078,28.575,170.3,Rolling
3.64000,5,1238.800,56.416,28.575,0.0,Stationary
3.64000,6,399.722,-48.509,28.575,132.5,Rolling
3.64000,7,642.395,154.048,28.575,41.2,Rolling
3.64000,8,81.846,-258.036,28.575,58.6,Rolling
3.64000,9,661.096,596.915,28.575,0.0,Stationary
3.64000,10,-884.074,-395.930,28.575,233.7,Rolling
3.64000,11,821.749,-534.448,28.575,0.0,Stationary
3.64000,12,1205.167,513.830,28.575,0.0,Stationary
3.64000,13,371.905,44.814,28.575,29.0,Rolling
3.64000,14,1107.835,205.403,28.575,68.8,Rolling
3.64000,15,-223.284,-140.281,28.575,142.4,Rolling
3.64500,0,328.347,-64.325,28.575,0.0,Stationary
3.64500,1,-228.589,428.387,28.575,154.9,Rolling
3.64500,2,1220.223,-25.994,28.575,0.0,Stationary
3.64500,3,541.180,582.439,28.575,0.0,Stationary
3.64500,4,-475.362,-524.866,28.575,169.8,Rolling
3.64500,5,1238.800,56.416,28.575,0.0,Stationary
3.64500,6,399.349,-49.055,28.575,132.0,Rolling
3.64500,7,642.293,153.870,28.575,40.7,Rolling
3.64500,8,81.579,-258.153,28.575,58.1,Rolling
3.64500,9,661.096,596.915,28.575,0.0,Stationary
3.64500,10,-882.944,-396.221,28.575,233.2,Rolling
3.64500,11,821.749,-534.448,28.575,0.0,Stationary
3.64500,12,1205.167,513.830,28.575,0.0,Stationary
3.64500,13,371.776,44.749,28.575,28.5,Rolling
3.64500,14,1107.873,205.744,28.575,68.4,Rolling
3.64500,15,-223.917,-139.960,28.575,141.9,Rolling
3.65000,0,328.347,-64.325,28.575,0.0,Stationary
3.65000,1,-229.254,428.780,28.575,154.4,Rolling
3.65000,2,1220.223,-25.994,28.575,0.0,Stationary
3.65000,3,541.180,582.439,28.575,0.0,Stationary
3.65000,4,-476.182,-524.654,28.575,169.3,Rolling
3.65000,5,1238.800,56.416,28.575,0.0,Stationary
3.65000,6,398.977,-49.599,28.575,131.5,Rolling
3.65000,7,642.194,153.694,28.575,40.3,Rolling
3.65000,8,81.314,-258.270,28.575,57.6,Rolling
3.65000,9,661.096,596.915,28.575,0.0,Stationary
3.65000,10,-881.815,-396.510,28.575,232.7,Rolling
3.65000,11,821.749,-534.448,28.575,0.0,Stationary
3.65000,12,1205.167,513.830,28.575,0.0,Stationary
3.65000,13,371.650,44.685,28.575,28.0,Rolling
3.65000,14,1107.911,206.082,28.575,67.9,Rolling
3.65000,15,-224.549,-139.640,28.575,141.4,Rolling
3.65500,0,328.347,-64.325,28.575,0.0,Stationary
3.65500,1,-229.918,429.173,28.575,153.9,Rolling
3.65500,2,1220.223,-25.994,28.575,0.0,Stationary
3.65500,3,541.180,582.439,28.575,0.0,Stationary
3.65500,4,-477.001,-524.442,28.575,168.8,Rolling
3.65500,5,1238.800,56.416,28.575,0.0,Stationary
3.65500,6,398.607,-50.141,28.575,131.0,Rolling
3.65500,7,642.095,153.520,28.575,39.8,Rolling
3.65500,8,81.052,-258.385,28.575,57.1,Rolling
3.65500,9,661.096,596.915,28.575,0.0,Stationary
3.65500,10,-880.689,-396.799,28.575,232.2,Rolling
3.65500,11,821.749,-534.448,28.575,0.0,Stationary
3.65500,12,1205.167,513.830,28.575,0.0,Stationary
3.65500,13,371.526,44.623,28.575,27.6,Rolling
3.65500,14,1107.949,206.418,28.575,67.4,Rolling
3.65500,15,-225.179,-139.321,28.575,140.9,Rolling
3.66000,0,328.347,-64.325,28.575,0.0,Stationary
3.66000,1,-230.579,429.564,28.575,153.5,Rolling
3.66000,2,1220.223,-25.994,28.575,0.0,Stationary
3.66000,3,541.180,582.439,28.575,0.0,Stationary
3.66000,4,-477.817,-524.232,28.575,168.3,Rolling
3.66000,5,1238.800,56.416,28.575,0.0,Stationary
3.66000,6,398.238,-50.681,28.575,130.5,Rolling
3.66000,7,641.998,153.348,28.575,39.3,Rolling
3.66000,8,80.792,-258.500,28.575,56.6,Rolling
3.66000,9,661.096,596.915,28.575,0.0,Stationary
3.66000,10,-879.566,-397.087,28.575,231.8,Rolling
3.66000,11,821.749,-534.448,28.575,0.0,Stationary
3.66000,12,1205.167,513.830,28.575,0.0,Stationary
3.66000,13,371.404,44.561,28.575,27.1,Rolling
3.66000,14,1107.987,206.752,28.575,66.9,Rolling
3.66000,15,-225.806,-139.004,28.575,140.4,Rolling
3.66500,0,328.347,-64.325,28.575,0.0,Stationary
3.66500,1,-231.239,429.954,28.575,153.0,Rolling
3.66500,2,1220.223,-25.994,28.575,0.0,Stationary
3.66500,3,541.180,582.439,28.575,0.0,Stationary
3.66500,4,-478.631,-524.022,28.575,167.8,Rolling
3.66500,5,1238.800,56.416,28.575,0.0,Stationary
3.66500,6,397.870,-51.219,28.575,130.0,Rolling
3.66500,7,641.901,153.178,28.575,38.8,Rolling
3.66500,8,80.534,-258.614,28.575,56.1,Rolling
3.66500,9,661.096,596.915,28.575,0.0,Stationary
3.66500,10,-878.445,-397.375,28.575,231.3,Rolling
3.66500,11,821.749,-534.448,28.575,0.0,Stationary
3.66500,12,1205.167,513.830,28.575,0.0,Stationary
3.66500,13,371.284,44.501,28.575,26.6,Rolling
3.66500,14,1108.024,207.083,28.575,66.4,Rolling
3.66500,15,-226.431,-138.687,28.575,139.9,Rolling
3.67000,0,328.347,-64.325,28.575,0.0,Stationary
3.67000,1,-231.896,430.343,28.575,152.5,Rolling
3.67000,2,1220.223,-25.994,28.575,0.0,Stationary
3.67000,3,541.180,582.439,28.575,0.0,Stationary
3.67000,4,-479.442,-523.812,28.575,167.3,Rolling
3.67000,5,1238.800,56.416,28.575,0.0,Stationary
3.67000,6,397.504,-51.755,28.575,129.6,Rolling
3.67000,7,641.806,153.011,28.575,38.3,Rolling
3.67000,8,80.278,-258.726,28.575,55.6,Rolling
3.67000,9,661.096,596.915,28.575,0.0,Stationary
3.67000,10,-877.326,-397.662,28.575,230.8,Rolling
3.67000,11,821.749,-534.448,28.575,0.0,Stationary
3.67000,12,1205.167,513.830,28.575,0.0,Stationary
3.67000,13,371.167,44.442,28.575,26.1,Rolling
3.67000,14,1108.061,207.412,28.575,65.9,Rolling
3.67000,15,-227.054,-138.372,28.575,139.4,Rolling
3.67500,0,328.347,-64.325,28.575,0.0,Stationary
3.67500,1,-232.551,430.731,28.575,152.0,Rolling
3.67500,2,1220.223,-25.994,28.575,0.0,Stationary
3.67500,3,541.180,582.439,28.575,0.0,Stationary
3.67500,4,-480.251,-523.603,28.575,166.8,Rolling
3.67500,5,1238.800,56.416,28.575,0.0,Stationary
3.67500,6,397.139,-52.288,28.575,129.1,Rolling
3.67500,7,641.712,152.845,28.575,37.8,Rolling
3.67500,8,80.025,-258.838,28.575,55.1,Rolling
3.67500,9,661.096,596.915,28.575,0.0,Stationary
3.67500,10,-876.209,-397.949,28.575,230.3,Rolling
3.67500,11,821.749,-534.448,28.575,0.0,Stationary
3.67500,12,1205.167,513.830,28.575,0.0,Stationary
3.67500,13,371.051,44.384,28.575,25.6,Rolling
3.67500,14,1108.098,207.738,28.575,65.4,Rolling
3.67500,15,-227.675,-138.057,28.575,138.9,Rolling
3.68000,0,328.347,-64.325,28.575,0.0,Stationary
3.68000,1,-233.204,431.117,28.575,151.5,Rolling
3.68000,2,1220.223,-25.994,28.575,0.0,Stationary
3.68000,3,541.180,582.439,28.575,0.0,Stationary
3.68000,4,-481.057,-523.395,28.575,166.4,Rolling
3.68000,5,1238.800,56.416,28.575,0.0,Stationary
3.68000,6,396.776,-52.820,28.575,128.6,Rolling
3.68000,7,641.620,152.682,28.575,37.3,Rolling
3.68000,8,79.773,-258.948,28.575,54.7,Rolling
3.68000,9,661.096,596.915,28.575,0.0,Stationary
3.68000,10,-875.095,-398.234,28.575,229.8,Rolling
3.68000,11,821.749,-534.448,28.575,0.0,Stationary
3.68000,12,1205.167,513.830,28.575,0.0,Stationary
3.68000,13,370.938,44.327,28.575,25.1,Rolling
3.68000,14,1108.134,208.062,28.575,64.9,Rolling
3.68000,15,-228.293,-137.744,28.575,138.4,Rolling
3.68500,0,328.347,-64.325,28.575,0.0,Stationary
3.68500,1,-233.855,431.502,28.575,151.0,Rolling
3.68500,2,1220.223,-25.994,28.575,0.0,Stationary
3.68500,3,541.180,582.439,28.575,0.0,Stationary
3.68500,4,-481.862,-523.187,28.575,165.9,Rolling
3.68500,5,1238.800,56.416,28.575,0.0,Stationary
3.68500,6,396.414,-53.350,28.575,128.1,Rolling
3.68500,7,641.528,152.520,28.575,36.8,Rolling
3.68500,8,79.524,-259.058,28.575,54.2,Rolling
3.68500,9,661.096,596.915,28.575,0.0,Stationary
3.68500,10,-873.983,-398.520,28.575,229.3,Rolling
3.68500,11,821.749,-534.448,28.575,0.0,Stationary
3.68500,12,1205.167,513.830,28.575,0.0,Stationary
3.68500,13,370.827,44.271,28.575,24.6,Rolling
3.68500,14,1108.171,208.383,28.575,64.4,Rolling
3.68500,15,-228.910,-137.432,28.575,137.9,Rolling
3.69000,0,328.347,-64.325,28.575,0.0,Stationary
3.69000,1,-234.504,431.886,28.575,150.5,Rolling
3.69000,2,1220.223,-25.994,28.575,0.0,Stationary
3.69000,3,541.180,582.439,28.575,0.0,Stationary
3.69000,4,-482.663,-522.980,28.575,165.4,Rolling
3.69000,5,1238.800,56.416,28.575,0.0,Stationary
3.69000,6,396.053,-53.878,28.575,127.6,Rolling
3.69000,7,641.438,152.361,28.575,36.3,Rolling
3.69000,8,79.278,-259.167,28.575,53.7,Rolling
3.69000,9,661.096,596.915,28.575,0.0,Stationary
3.69000,10,-872.874,-398.804,28.575,228.8,Rolling
3.69000,11,821.749,-534.448,28.575,0.0,Stationary
3.69000,12,1205.167,513.830,28.575,0.0,Stationary
3.69000,13,370.718,44.216,28.575,24.1,Rolling
3.69000,14,1108.207,208.702,28.575,63.9,Rolling
3.69000,15,-229.524,-137.121,28.575,137.4,Rolling
3.69500,0,328.347,-64.325,28.575,0.0,Stationary
3.69500,1,-235.150,432.268,28.575,150.0,Rolling
3.69500,2,1220.223,-25.994,28.575,0.0,Stationary
3.69500,3,541.180,582.439,28.575,0.0,Stationary
3.69500,4,-483.463,-522.774,28.575,164.9,Rolling
3.69500,5,1238.800,56.416,28.575,0.0,Stationary
3.69500,6,395.694,-54.403,28.575,127.1,Rolling
3.69500,7,641.349,152.204,28.575,35.8,Rolling
3.69500,8,79.033,-259.274,28.575,53.2,Rolling
3.69500,9,661.096,596.915,28.575,0.0,Stationary
3.69500,10,-871.767,-399.088,28.575,228.3,Rolling
3.69500,11,821.749,-534.448,28.575,0.0,Stationary
3.69500,12,1205.167,513.830,28.575,0.0,Stationary
3.69500,13,370.612,44.162,28.575,23.6,Rolling
3.69500,14,1108.242,209.018,28.575,63.5,Rolling
3.69500,15,-230.136,-136.811,28.575,137.0,Rolling
3.70000,0,328.347,-64.325,28.575,0.0,Stationary
3.70000,1,-235.795,432.649,28.575,149.5,Rolling
3.70000,2,1220.223,-25.994,28.575,0.0,Stationary
3.70000,3,541.180,582.439,28.575,0.0,Stationary
3.70000,4,-484.260,-522.568,28.575,164.4,Rolling
3.70000,5,1238.800,56.416,28.575,0.0,Stationary
3.70000,6,395.336,-54.927,28.575,126.6,Rolling
3.70000,7,641.262,152.050,28.575,35.4,Rolling
3.70000,8,78.791,-259.381,28.575,52.7,Rolling
3.70000,9,661.096,596.915,28.575,0.0,Stationary
3.70000,10,-870.662,-399.372,28.575,227.8,Rolling
3.70000,11,821.749,-534.448,28.575,0.0,Stationary
3.70000,12,1205.167,513.830,28.575,0.0,Stationary
3.70000,13,370.507,44.110,28.575,23.1,Rolling
3.70000,14,1108.278,209.332,28.575,63.0,Rolling
3.70000,15,-230.746,-136.502,28.575,136.5,Rolling
3.70500,0,328.347,-64.325,28.575,0.0,Stationary
3.70500,1,-236.437,433.030,28.575,149.0,Rolling
3.70500,2,1220.223,-25.994,28.575,0.0,Stationary
3.70500,3,541.180,582.439,28.575,0.0,Stationary
3.70500,4,-485.055,-522.363,28.575,163.9,Rolling
3.70500,5,1238.800,56.416,28.575,0.0,Stationary
3.70500,6,394.980,-55.449,28.575,126.1,Rolling
3.70500,7,641.175,151.897,28.575,34.9,Rolling
3.70500,8,78.551,-259.487,28.575,52.2,Rolling
3.70500,9,661.096,596.915,28.575,0.0,Stationary
3.70500,10,-869.560,-399.655,28.575,227.3,Rolling
3.70500,11,821.749,-534.448,28.575,0.0,Stationary
3.70500,12,1205.167,513.830,28.575,0.0,Stationary
3.70500,13,370.405,44.058,28.575,22.7,Rolling
3.70500,14,1108.313,209.644,28.575,62.5,Rolling
3.70500,15,-231.353,-136.194,28.575,136.0,Rolling
3.71000,0,328.347,-64.325,28.575,0.0,Stationary
3.71000,1,-237.078,433.408,28.575,148.5,Rolling
3.71000,2,1220.223,-25.994,28.575,0.0,Stationary
3.71000,3,541.180,582.439,28.575,0.0,Stationary
3.71000,4,-485.847,-522.158,28.575,163.4,Rolling
3.71000,5,1238.800,56.416,28.575,0.0,Stationary
3.71000,6,394.625,-55.968,28.575,125.6,Rolling
3.71000,7,641.090,151.746,28.575,34.4,Rolling
3.71000,8,78.313,-259.591,28.575,51.7,Rolling
3.71000,9,661.096,596.915,28.575,0.0,Stationary
3.71000,10,-868.460,-399.937,28.575,226.9,Rolling
3.71000,11,821.749,-534.448,28.575,0.0,Stationary
3.71000,12,1205.167,513.830,28.575,0.0,Stationary
3.71000,13,370.305,44.008,28.575,22.2,Rolling
3.71000,14,1108.348,209.953,28.575,62.0,Rolling
3.71000,15,-231.959,-135.888,28.575,135.5,Rolling
3.71500,0,328.347,-64.325,28.575,0.0,Stationary
3.71500,1,-237.716,433.786,28.575,148.1,Rolling
3.71500,2,1220.223,-25.994,28.575,0.0,Stationary
3.71500,3,541.180,582.439,28.575,0.0,Stationary
3.71500,4,-486.637,-521.954,28.575,162.9,Rolling
3.71500,5,1238.800,56.416,28.575,0.0,Stationary
3.71500,6,394.271,-56.486,28.575,125.1,Rolling
3.71500,7,641.005,151.598,28.575,33.9,Rolling
3.71500,8,78.078,-259.695,28.575,51.2,Rolling
3.71500,9,661.096,596.915,28.575,0.0,Stationary
3.71500,10,-867.363,-400.219,28.575,226.4,Rolling
3.71500,11,821.749,-534.448,28.575,0.0,Stationary
3.71500,12,1205.167,513.830,28.575,0.0,Stationary
3.71500,13,370.207,43.958,28.575,21.7,Rolling
3.71500,14,1108.382,210.260,28.575,61.5,Rolling
3.71500,15,-232.562,-135.582,28.575,135.0,Rolling
3.72000,0,328.347,-64.325,28.575,0.0,Stationary
3.72000,1,-238.352,434.162,28.575,147.6,Rolling
3.72000,2,1220.223,-25.994,28.575,0.0,Stationary
3.72000,3,541.180,582.439,28.575,0.0,Stationary
3.72000,4,-487.424,-521.751,28.575,162.4,Rolling
3.72000,5,1238.800,56.416,28.575,0.0,Stationary
3.72000,6,393.919,-57.002,28.575,124.7,Rolling
3.72000,7,640.923,151.451,28.575,33.4,Rolling
3.72000,8,77.844,-259.798,28.575,50.7,Rolling
3.72000,9,661.096,596.915,28.575,0.0,Stationary
3.72000,10,-866.268,-400.500,28.575,225.9,Rolling
3.72000,11,821.749,-534.448,28.575,0.0,Stationary
3.72000,12,1205.167,513.830,28.575,0.0,Stationary
3.72000,13,370.111,43.910,28.575,21.2,Rolling
3.72000,14,1108.417,210.564,28.575,61.0,Rolling
3.72000,15,-233.163,-135.278,28.575,134.5,Rolling
3.72500,0,328.347,-64.325,28.575,0.0,Stationary
3.72500,1,-238.986,434.537,28.575,147.1,Rolling
3.72500,2,1220.223,-25.994,28.575,0.0,Stationary
3.72500,3,541.180,582.439,28.575,0.0,Stationary
3.72500,4,-488.210,-521.548,28.575,161.9,Rolling
3.72500,5,1238.800,56.416,28.575,0.0,Stationary
3.72500,6,393.568,-57.515,28.575,124.2,Rolling
3.72500,7,640.841,151.307,28.575,32.9,Rolling
3.72500,8,77.613,-259.899,28.575,50.2,Rolling
3.72500,9,661.096,596.915,28.575,0.0,Stationary
3.72500,10,-865.175,-400.780,28.575,225.4,Rolling
3.72500,11,821.749,-534.448,28.575,0.0,Stationary
3.72500,12,1205.167,513.830,28.575,0.0,Stationary
3.72500,13,370.018,43.863,28.575,20.7,Rolling
3.72500,14,1108.451,210.866,28.575,60.5,Rolling
3.72500,15,-233.762,-134.975,28.575,134.0,Rolling
3.73000,0,328.347,-64.325,28.575,0.0,Stationary
3.73000,1,-239.618,434.911,28.575,146.6,Rolling
3.73000,2,1220.223,-25.994,28.575,0.0,Stationary
3.73000,3,541.180,582.439,28.575,0.0,Stationary
3.73000,4,-488.992,-521.346,28.575,161.5,Rolling
3.73000,5,1238.800,56.416,28.575,0.0,Stationary
3.73000,6,393.218,-58.027,28.575,123.7,Rolling
3.73000,7,640.760,151.165,28.575,32.4,Rolling
3.73000,8,77.384,-260.000,28.575,49.8,Rolling
3.73000,9,661.096,596.915,28.575,0.0,Stationary
3.73000,10,-864.085,-401.060,28.575,224.9,Rolling
3.73000,11,821.749,-534.448,28.575,0.0,Stationary
3.73000,12,1205.167,513.830,28.575,0.0,Stationary
3.73000,13,369.926,43.817,28.575,20.2,Rolling
3.73000,14,1108.484,211.166,28.575,60.0,Rolling
3.73000,15,-234.359,-134.672,28.575,133.5,Rolling
3.73500,0,328.347,-64.325,28.575,0.0,Stationary
3.73500,1,-240.248,435.284,28.575,146.1,Rolling
3.73500,2,1220.223,-25.994,28.575,0.0,Stationary
3.73500,3,541.180,582.439,28.575,0.0,Stationary
3.73500,4,-489.773,-521.145,28.575,161.0,Rolling
3.73500,5,1238.800,56.416,28.575,0.0,Stationary
3.73500,6,392.870,-58.536,28.575,123.2,Rolling
3.73500,7,640.681,151.025,28.575,31.9,Rolling
3.73500,8,77.158,-260.100,28.575,49.3,Rolling
3.73500,9,661.096,596.915,28.575,0.0,Stationary
3.73500,10,-862.997,-401.339,28.575,224.4,Rolling
3.73500,11,821.749,-534.448,28.575,0.0,Stationary
3.73500,12,1205.167,513.830,28.575,0.0,Stationary
3.73500,13,369.837,43.772,28.575,19.7,Rolling
3.73500,14,1108.518,211.463,28.575,59.5,Rolling
3.73500,15,-234.953,-134.371,28.575,133.0,Rolling
3.74000,0,328.347,-64.325,28.575,0.0,Stationary
3.74000,1,-240.875,435.655,28.575,145.6,Rolling
3.74000,2,1220.223,-25.994,28.575,0.0,Stationary
3.74000,3,541.180,582.439,28.575,0.0,Stationary
3.74000,4,-490.551,-520.944,28.575,160.5,Rolling
3.74000,5,1238.800,56.416,28.575,0.0,Stationary
3.74000,6,392.523,-59.044,28.575,122.7,Rolling
3.74000,7,640.603,150.888,28.575,31.4,Rolling
3.74000,8,76.934,-260.199,28.575,48.8,Rolling
3.74000,9,661.096,596.915,28.575,0.0,Stationary
3.74000,10,-861.911,-401.617,28.575,223.9,Rolling
3.74000,11,821.749,-534.448,28.575,0.0,Stationary
3.74000,12,1205.167,513.830,28.575,0.0,Stationary
3.74000,13,369.750,43.729,28.575,19.2,Rolling
3.74000,14,1108.551,211.757,28.575,59.0,Rolling
3.74000,15,-235.546,-134.071,28.575,132.5,Rolling
3.74500,0,328.347,-64.325,28.575,0.0,Stationary
3.74500,1,-241.501,436.025,28.575,145.1,Rolling
3.74500,2,1220.223,-25.994,28.575,0.0,Stationary
3.74500,3,541.180,582.439,28.575,0.0,Stationary
3.74500,4,-491.327,-520.743,28.575,160.0,Rolling
3.74500,5,1238.800,56.416,28.575,0.0,Stationary
3.74500,6,392.178,-59.549,28.575,122.2,Rolling
3.74500,7,640.526,150.752,28.575,30.9,Rolling
3.74500,8,76.712,-260.296,28.575,48.3,Rolling
3.74500,9,661.096,596.915,28.575,0.0,Stationary
3.74500,10,-860.828,-401.895,28.575,223.4,Rolling
3.74500,11,821.749,-534.448,28.575,0.0,Stationary
3.74500,12,1205.167,513.830,28.575,0.0,Stationary
3.74500,13,369.666,43.686,28.575,18.7,Rolling
3.74500,14,1108.584,212.049,28.575,58.6,Rolling
3.74500,15,-236.136,-133.772,28.575,132.1,Rolling
3.75000,0,328.347,-64.325,28.575,0.0,Stationary
3.75000,1,-242.124,436.394,28.575,144.6,Rolling
3.75000,2,1220.223,-25.994,28.575,0.0,Stationary
3.75000,3,541.180,582.439,28.575,0.0,Stationary
3.75000,4,-492.100,-520.544,28.575,159.5,Rolling
3.75000,5,1238.800,56.416,28.575,0.0,Stationary
3.75000,6,391.834,-60.053,28.575,121.7,Rolling
3.75000,7,640.450,150.618,28.575,30.5,Rolling
3.75000,8,76.492,-260.393,28.575,47.8,Rolling
3.75000,9,661.096,596.915,28.575,0.0,Stationary
3.75000,10,-859.747,-402.173,28.575,222.9,Rolling
3.75000,11,821.749,-534.448,28.575,0.0,Stationary
3.75000,12,1205.167,513.830,28.575,0.0,Stationary
3.75000,13,369.583,43.644,28.575,18.2,Rolling
3.75000,14,1108.617,212.339,28.575,58.1,Rolling
3.75000,15,-236.724,-133.475,28.575,131.6,Rolling
3.75500,0,328.347,-64.325,28.575,0.0,Stationary
3.75500,1,-242.746,436.761,28.575,144.1,Rolling
3.75500,2,1220.223,-25.994,28.575,0.0,Stationary
3.75500,3,541.180,582.439,28.575,0.0,Stationary
3.75500,4,-492.871,-520.345,28.575,159.0,Rolling
3.75500,5,1238.800,56.416,28.575,0.0,Stationary
3.75500,6,391.491,-60.554,28.575,121.2,Rolling
3.75500,7,640.376,150.487,28.575,30.0,Rolling
3.75500,8,76.274,-260.489,28.575,47.3,Rolling
3.75500,9,661.096,596.915,28.575,0.0,Stationary
3.75500,10,-858.668,-402.449,28.575,222.4,Rolling
3.75500,11,821.749,-534.448,28.575,0.0,Stationary
3.75500,12,1205.167,513.830,28.575,0.0,Stationary
3.75500,13,369.503,43.604,28.575,17.7,Rolling
3.75500,14,1108.649,212.626,28.575,57.6,Rolling
3.75500,15,-237.309,-133.178,28.575,131.1,Rolling
3.76000,0,328.347,-64.325,28.575,0.0,Stationary
3.76000,1,-243.365,437.128,28.575,143.6,Rolling
3.76000,2,1220.223,-25.994,28.575,0.0,Stationary
3.76000,3,541.180,582.439,28.575,0.0,Stationary
3.76000,4,-493.639,-520.146,28.575,158.5,Rolling
3.76000,5,1238.800,56.416,28.575,0.0,Stationary
3.76000,6,391.150,-61.054,28.575,120.7,Rolling
3.76000,7,640.303,150.358,28.575,29.5,Rolling
3.76000,8,76.059,-260.584,28.575,46.8,Rolling
3.76000,9,661.096,596.915,28.575,0.0,Stationary
3.76000,10,-857.592,-402.726,28.575,222.0,Rolling
3.76000,11,821.749,-534.448,28.575,0.0,Stationary
3.76000,12,1205.167,513.830,28.575,0.0,Stationary
3.76000,13,369.425,43.564,28.575,17.3,Rolling
3.76000,14,1108.681,212.911,28.575,57.1,Rolling
3.76000,15,-237.893,-132.883,28.575,130.6,Rolling
3.76500,0,328.347,-64.325,28.575,0.0,Stationary
3.76500,1,-243.982,437.493,28.575,143.2,Rolling
3.76500,2,1220.223,-25.994,28.575,0.0,Stationary
3.76500,3,541.180,582.439,28.575,0.0,Stationary
3.76500,4,-494.406,-519.948,28.575,158.0,Rolling
3.76500,5,1238.800,56.416,28.575,0.0,Stationary
3.76500,6,390.810,-61.551,28.575,120.2,Rolling
3.76500,7,640.230,150.231,28.575,29.0,Rolling
3.76500,8,75.846,-260.678,28.575,46.3,Rolling
3.76500,9,661.096,596.915,28.575,0.0,Stationary
3.76500,10,-856.519,-403.001,28.575,221.5,Rolling
3.76500,11,821.749,-534.448,28.575,0.0,Stationary
3.76500,12,1205.167,513.830,28.575,0.0,Stationary
3.76500,13,369.349,43.526,28.575,16.8,Rolling
3.76500,14,1108.713,213.193,28.575,56.6,Rolling
3.76500,15,-238.474,-132.588,28.575,130.1,Rolling
3.77000,0,328.347,-64.325,28.575,0.0,Stationary
3.77000,1,-244.597,437.856,28.575,142.7,Rolling
3.77000,2,1220.223,-25.994,28.575,0.0,Stationary
3.77000,3,541.180,582.439,28.575,0.0,Stationary
3.77000,4,-495.169,-519.751,28.575,157.5,Rolling
3.77000,5,1238.800,56.416,28.575,0.0,Stationary
3.77000,6,390.471,-62.046,28.575,119.7,Rolling
3.77000,7,640.160,150.106,28.575,28.5,Rolling
3.77000,8,75.635,-260.770,28.575,45.8,Rolling
3.77000,9,661.096,596.915,28.575,0.0,Stationary
3.77000,10,-855.447,-403.276,28.575,221.0,Rolling
3.77000,11,821.749,-534.448,28.575,0.0,Stationary
3.77000,12,1205.167,513.830,28.575,0.0,Stationary
3.77000,13,369.275,43.489,28.575,16.3,Rolling
3.77000,14,1108.745,213.473,28.575,56.1,Rolling
3.77000,15,-239.054,-132.295,28.575,129.6,Rolling
3.77500,0,328.347,-64.325,28.575,0.0,Stationary
3.77500,1,-245.210,438.219,28.575,142.2,Rolling
3.77500,2,1220.223,-25.994,28.575,0.0,Stationary
3.77500,3,541.180,582.439,28.575,0.0,Stationary
3.77500,4,-495.931,-519.554,28.575,157.0,Rolling
3.77500,5,1238.800,56.416,28.575,0.0,Stationary
3.77500,6,390.134,-62.540,28.575,119.3,Rolling
3.77500,7,640.090,149.983,28.575,28.0,Rolling
3.77500,8,75.426,-260.862,28.575,45.3,Rolling
3.77500,9,661.096,596.915,28.575,0.0,Stationary
3.77500,10,-854.378,-403.550,28.575,220.5,Rolling
3.77500,11,821.749,-534.448,28.575,0.0,Stationary
3.77500,12,1205.167,513.830,28.575,0.0,Stationary
3.77500,13,369.203,43.453,28.575,15.8,Rolling
3.77500,14,1108.776,213.751,28.575,55.6,Rolling
3.77500,15,-239.631,-132.003,28.575,129.1,Rolling
3.78000,0,328.347,-64.325,28.575,0.0,Stationary
3.78000,1,-245.821,438.580,28.575,141.7,Rolling
3.78000,2,1220.223,-25.994,28.575,0.0,Stationary
3.78000,3,541.180,582.439,28.575,0.0,Stationary
3.78000,4,-496.690,-519.358,28.575,156.6,Rolling
3.78000,5,1238.800,56.416,28.575,0.0,Stationary
3.78000,6,389.798,-63.031,28.575,118.8,Rolling
3.78000,7,640.022,149.862,28.575,27.5,Rolling
3.78000,8,75.220,-260.953,28.575,44.8,Rolling
3.78000,9,661.096,596.915,28.575,0.0,Stationary
3.78000,10,-853.312,-403.824,28.575,220.0,Rolling
3.78000,11,821.749,-534.448,28.575,0.0,Stationary
3.78000,12,1205.167,513.830,28.575,0.0,Stationary
3.78000,13,369.134,43.418,28.575,15.3,Rolling
3.78000,14,1108.807,214.026,28.575,55.1,Rolling
3.78000,15,-240.205,-131.711,28.575,128.6,Rolling
3.78500,0,328.347,-64.325,28.575,0.0,Stationary
3.78500,1,-246.429,438.940,28.575,141.2,Rolling
3.78500,2,1220.223,-25.994,28.575,0.0,Stationary
3.78500,3,541.180,582.439,28.575,0.0,Stationary
3.78500,4,-497.447,-519.163,28.575,156.1,Rolling
3.78500,5,1238.800,56.416,28.575,0.0,Stationary
3.78500,6,389.464,-63.520,28.575,118.3,Rolling
3.78500,7,639.954,149.743,28.575,27.0,Rolling
3.78500,8,75.016,-261.043,28.575,44.4,Rolling
3.78500,9,661.096,596.915,28.575,0.0,Stationary
3.78500,10,-852.247,-404.097,28.575,219.5,Rolling
3.78500,11,821.749,-534.448,28.575,0.0,Stationary
3.78500,12,1205.167,513.830,28.575,0.0,Stationary
3.78500,13,369.067,43.384,28.575,14.8,Rolling
3.78500,14,1108.838,214.299,28.575,54.6,Rolling
3.78500,15,-240.778,-131.421,28.575,128.1,Rolling
3.79000,0,328.347,-64.325,28.575,0.0,Stationary
3.79000,1,-247.036,439.299,28.575,140.7,Rolling
3.79000,2,1220.223,-25.994,28.575,0.0,Stationary
3.79000,3,541.180,582.439,28.575,0.0,Stationary
3.79000,4,-498.201,-518.968,28.575,155.6,Rolling
3.79000,5,1238.800,56.416,28.575,0.0,Stationary
3.79000,6,389.131,-64.007,28.575,117.8,Rolling
3.79000,7,639.888,149.627,28.575,26.5,Rolling
3.79000,8,74.814,-261.132,28.575,43.9,Rolling
3.79000,9,661.096,596.915,28.575,0.0,Stationary
3.79000,10,-851.185,-404.370,28.575,219.0,Rolling
3.79000,11,821.749,-534.448,28.575,0.0,Stationary
3.79000,12,1205.167,513.830,28.575,0.0,Stationary
3.79000,13,369.002,43.351,28.575,14.3,Rolling
3.79000,14,1108.868,214.569,28.575,54.1,Rolling
3.79000,15,-241.348,-131.133,28.575,127.6,Rolling
3.79500,0,328.347,-64.325,28.575,0.0,Stationary
3.79500,1,-247.640,439.657,28.575,140.2,Rolling
3.79500,2,1220.223,-25.994,28.575,0.0,Stationary
3.79500,3,541.180,582.439,28.575,0.0,Stationary
3.79500,4,-498.953,-518.774,28.575,155.1,Rolling
3.79500,5,1238.800,56.416,28.575,0.0,Stationary
3.79500,6,388.800,-64.493,28.575,117.3,Rolling
3.79500,7,639.824,149.513,28.575,26.0,Rolling
3.79500,8,74.614,-261.220,28.575,43.4,Rolling
3.79500,9,661.096,596.915,28.575,0.0,Stationary
3.79500,10,-850.126,-404.641,28.575,218.5,Rolling
3.79500,11,821.749,-534.448,28.575,0.0,Stationary
3.79500,12,1205.167,513.830,28.575,0.0,Stationary
3.79500,13,368.939,43.320,28.575,13.8,Rolling
3.79500,14,1108.898,214.837,28.575,53.6,Rolling
3.79500,15,-241.917,-130.845,28.575,127.2,Rolling
3.80000,0,328.347,-64.325,28.575,0.0,Stationary
3.80000,1,-248.243,440.013,28.575,139.7,Rolling
3.80000,2,1220.223,-25.994,28.575,0.0,Stationary
3.80000,3,541.180,582.439,28.575,0.0,Stationary
3.80000,4,-499.703,-518.581,28.575,154.6,Rolling
3.80000,5,1238.800,56.416,28.575,0.0,Stationary
3.80000,6,388.469,-64.976,28.575,116.8,Rolling
3.80000,7,639.760,149.400,28.575,25.5,Rolling
3.80000,8,74.417,-261.307,28.575,42.9,Rolling
3.80000,9,661.096,596.915,28.575,0.0,Stationary
3.80000,10,-849.069,-404.913,28.575,218.0,Rolling
3.80000,11,821.749,-534.448,28.575,0.0,Stationary
3.80000,12,1205.167,513.830,28.575,0.0,Stationary
3.80000,13,368.878,43.289,28.575,13.3,Rolling
3.80000,14,1108.928,215.102,28.575,53.2,Rolling
3.80000,15,-242.483,-130.558,28.575,126.7,Rolling
3.80500,0,328.347,-64.325,28.575,0.0,Stationary
3.80500,1,-248.843,440.368,28.575,139.2,Rolling
3.80500,2,1220.223,-25.994,28.575,0.0,Stationary
3.80500,3,541.180,582.439,28.575,0.0,Stationary
3.80500,4,-500.450,-518.388,28.575,154.1,Rolling
3.80500,5,1238.800,56.416,28.575,0.0,Stationary
3.80500,6,388.141,-65.457,28.575,116.3,Rolling
3.80500,7,639.698,149.290,28.575,25.1,Rolling
3.80500,8,74.222,-261.392,28.575,42.4,Rolling
3.80500,9,661.096,596.915,28.575,0.0,Stationary
3.80500,10,-848.014,-405.183,28.575,217.5,Rolling
3.80500,11,821.749,-534.448,28.575,0.0,Stationary
3.80500,12,1205.167,513.830,28.575,0.0,Stationary
3.80500,13,368.820,43.260,28.575,12.8,Rolling
3.80500,14,1108.958,215.365,28.575,52.7,Rolling
3.80500,15,-243.047,-130.273,28.575,126.2,Rolling
3.81000,0,328.347,-64.325,28.575,0.0,Stationary
3.81000,1,-249.441,440.722,28.575,138.7,Rolling
3.81000,2,1220.223,-25.994,28.575,0.0,Stationary
3.81000,3,541.180,582.439,28.575,0.0,Stationary
3.81000,4,-501.195,-518.195,28.575,153.6,Rolling
3.81000,5,1238.800,56.416,28.575,0.0,Stationary
3.81000,6,387.813,-65.936,28.575,115.8,Rolling
3.81000,7,639.636,149.183,28.575,24.6,Rolling
3.81000,8,74.029,-261.477,28.575,41.9,Rolling
3.81000,9,661.096,596.915,28.575,0.0,Stationary
3.81000,10,-846.962,-405.453,28.575,217.0,Rolling
3.81000,11,821.749,-534.448,28.575,0.0,Stationary
3.81000,12,1205.167,513.830,28.575,0.0,Stationary
3.81000,13,368.764,43.231,28.575,12.4,Rolling
3.81000,14,1108.987,215.625,28.575,52.2,Rolling
3.81000,15,-243.608,-129.988,28.575,125.7,Rolling
3.81500,0,328.347,-64.325,28.575,0.0,Stationary
3.81500,1,-250.037,441.075,28.575,138.3,Rolling
3.81500,2,1220.223,-25.994,28.575,0.0,Stationary
3.81500,3,541.180,582.439,28.575,0.0,Stationary
3.81500,4,-501.937,-518.004,28.575,153.1,Rolling
3.81500,5,1238.800,56.416,28.575,0.0,Stationary
3.81500,6,387.487,-66.413,28.575,115.3,Rolling
3.81500,7,639.576,149.077,28.575,24.1,Rolling
3.81500,8,73.838,-261.561,28.575,41.4,Rolling
3.81500,9,661.096,596.915,28.575,0.0,Stationary
3.81500,10,-845.912,-405.723,28.575,216.6,Rolling
3.81500,11,821.749,-534.448,28.575,0.0,Stationary
3.81500,12,1205.167,513.830,28.575,0.0,Stationary
3.81500,13,368.709,43.204,28.575,11.9,Rolling
3.81500,14,1109.016,215.883,28.575,51.7,Rolling
3.81500,15,-244.168,-129.705,28.575,125.2,Rolling
3.82000,0,328.347,-64.325,28.575,0.0,Stationary
3.82000,1,-250.631,441.426,28.575,137.8,Rolling
3.82000,2,1220.223,-25.994,28.575,0.0,Stationary
3.82000,3,541.180,582.439,28.575,0.0,Stationary
3.82000,4,-502.677,-517.812,28.575,152.6,Rolling
3.82000,5,1238.800,56.416,28.575,0.0,Stationary
3.82000,6,387.162,-66.888,28.575,114.8,Rolling
3.82000,7,639.518,148.973,28.575,23.6,Rolling
3.82000,8,73.650,-261.644,28.575,40.9,Rolling
3.82000,9,661.096,596.915,28.575,0.0,Stationary
3.82000,10,-844.864,-405.992,28.575,216.1,Rolling
3.82000,11,821.749,-534.448,28.575,0.0,Stationary
3.82000,12,1205.167,513.830,28.575,0.0,Stationary
3.82000,13,368.658,43.178,28.575,11.4,Rolling
3.82000,14,1109.045,216.139,28.575,51.2,Rolling
3.82000,15,-244.725,-129.422,28.575,124.7,Rolling
3.82500,0,328.347,-64.325,28.575,0.0,Stationary
3.82500,1,-251.223,441.776,28.575,137.3,Rolling
3.82500,2,1220.223,-25.994,28.575,0.0,Stationary
3.82500,3,541.180,582.439,28.575,0.0,Stationary
3.82500,4,-503.415,-517.622,28.575,152.1,Rolling
3.82500,5,1238.800,56.416,28.575,0.0,Stationary
3.82500,6,386.839,-67.362,28.575,114.4,Rolling
3.82500,7,639.460,148.872,28.575,23.1,Rolling
3.82500,8,73.464,-261.726,28.575,40.4,Rolling
3.82500,9,661.096,596.915,28.575,0.0,Stationary
3.82500,10,-843.819,-406.260,28.575,215.6,Rolling
3.82500,11,821.749,-534.448,28.575,0.0,Stationary
3.82500,12,1205.167,513.830,28.575,0.0,Stationary
3.82500,13,368.608,43.153,28.575,10.9,Rolling
3.82500,14,1109.074,216.392,28.575,50.7,Rolling
3.82500,15,-245.280,-129.141,28.575,124.2,Rolling
3.83000,0,328.347,-64.325,28.575,0.0,Stationary
3.83000,1,-251.812,442.125,28.575,136.8,Rolling
3.83000,2,1220.223,-25.994,28.575,0.0,Stationary
3.83000,3,541.180,582.439,28.575,0.0,Stationary
3.83000,4,-504.150,-517.432,28.575,151.6,Rolling
3.83000,5,1238.800,56.416,28.575,0.0,Stationary
3.83000,6,386.517,-67.833,28.575,113.9,Rolling
3.83000,7,639.404,148.772,28.575,22.6,Rolling
3.83000,8,73.280,-261.807,28.575,39.9,Rolling
3.83000,9,661.096,596.915,28.575,0.0,Stationary
3.83000,10,-842.776,-406.527,28.575,215.1,Rolling
3.83000,11,821.749,-534.448,28.575,0.0,Stationary
3.83000,12,1205.167,513.830,28.575,0.0,Stationary
3.83000,13,368.560,43.129,28.575,10.4,Rolling
3.83000,14,1109.102,216.643,28.575,50.2,Rolling
3.83000,15,-245.833,-128.861,28.575,123.7,Rolling
3.83500,0,328.347,-64.325,28.575,0.0,Stationary
3.83500,1,-252.400,442.472,28.575,136.3,Rolling
3.83500,2,1220.223,-25.994,28.575,0.0,Stationary
3.83500,3,541.180,582.439,28.575,0.0,Stationary
3.83500,4,-504.883,-517.243,28.575,151.2,Rolling
3.83500,5,1238.800,56.416,28.575,0.0,Stationary
3.83500,6,386.197,-68.302,28.575,113.4,Rolling
3.83500,7,639.349,148.675,28.575,22.1,Rolling
3.83500,8,73.098,-261.887,28.575,39.5,Rolling
3.83500,9,661.096,596.915,28.575,0.0,Stationary
3.83500,10,-841.736,-406.794,28.575,214.6,Rolling
3.83500,11,821.749,-534.448,28.575,0.0,Stationary
3.83500,12,1205.167,513.830,28.575,0.0,Stationary
3.83500,13,368.515,43.106,28.575,9.9,Rolling
3.83500,14,1109.130,216.891,28.575,49.7,Rolling
3.83500,15,-246.384,-128.582,28.575,123.2,Rolling
3.84000,0,328.347,-64.325,28.575,0.0,Stationary
3.84000,1,-252.985,442.819,28.575,135.8,Rolling
3.84000,2,1220.223,-25.994,28.575,0.0,Stationary
3.84000,3,541.180,582.439,28.575,0.0,Stationary
3.84000,4,-505.614,-517.054,28.575,150.7,Rolling
3.84000,5,1238.800,56.416,28.575,0.0,Stationary
3.84000,6,385.878,-68.769,28.575,112.9,Rolling
3.84000,7,639.295,148.580,28.575,21.6,Rolling
3.84000,8,72.919,-261.966,28.575,39.0,Rolling
3.84000,9,661.096,596.915,28.575,0.0,Stationary
3.84000,10,-840.697,-407.061,28.575,214.1,Rolling
3.84000,11,821.749,-534.448,28.575,0.0,Stationary
3.84000,12,1205.167,513.830,28.575,0.0,Stationary
3.84000,13,368.472,43.085,28.575,9.4,Rolling
3.84000,14,1109.158,217.137,28.575,49.2,Rolling
3.84000,15,-246.933,-128.305,28.575,122.7,Rolling
3.84500,0,328.347,-64.325,28.575,0.0,Stationary
3.84500,1,-253.569,443.164,28.575,135.3,Rolling
3.84500,2,1220.223,-25.994,28.575,0.0,Stationary
3.84500,3,541.180,582.439,28.575,0.0,Stationary
3.84500,4,-506.342,-516.866,28.575,150.2,Rolling
3.84500,5,1238.800,56.416,28.575,0.0,Stationary
3.84500,6,385.560,-69.234,28.575,112.4,Rolling
3.84500,7,639.242,148.487,28.575,21.1,Rolling
3.84500,8,72.742,-262.044,28.575,38.5,Rolling
3.84500,9,661.096,596.915,28.575,0.0,Stationary
3.84500,10,-839.662,-407.326,28.575,213.6,Rolling
3.84500,11,821.749,-534.448,28.575,0.0,Stationary
3.84500,12,1205.167,513.830,28.575,0.0,Stationary
3.84500,13,368.431,43.064,28.575,8.9,Rolling
3.84500,14,1109.185,217.380,28.575,48.7,Rolling
3.84500,15,-247.479,-128.028,28.575,122.2,Rolling
3.85000,0,328.346,-64.325,28.575,53.1,Airborne
3.85000,1,-254.150,443.508,28.575,134.8,Rolling
3.85000,2,1220.223,-25.994,28.575,0.0,Stationary
3.85000,3,541.180,582.439,28.575,0.0,Stationary
3.85000,4,-507.068,-516.679,28.575,149.7,Rolling
3.85000,5,1238.800,56.416,28.575,0.0,Stationary
3.85000,6,385.244,-69.697,28.575,93.1,Airborne
3.85000,7,639.191,148.396,28.575,20.6,Rolling
3.85000,8,72.567,-262.121,28.575,38.0,Rolling
3.85000,9,661.096,596.915,28.575,0.0,Stationary
3.85000,10,-838.628,-407.592,28.575,213.1,Rolling
3.85000,11,821.749,-534.448,28.575,0.0,Stationary
3.85000,12,1205.167,513.830,28.575,0.0,Stationary
3.85000,13,368.392,43.044,28.575,8.4,Rolling
3.85000,14,1109.212,217.621,28.575,48.3,Rolling
3.85000,15,-248.023,-127.752,28.575,121.8,Rolling
3.85500,0,328.098,-64.325,28.575,44.8,Sliding
3.85500,1,-254.729,443.850,28.575,134.3,Rolling
3.85500,2,1220.223,-25.994,28.575,0.0,Stationary
3.85500,3,541.180,582.439,28.575,0.0,Stationary
3.85500,4,-507.791,-516.492,28.575,149.2,Rolling
3.85500,5,1238.800,56.416,28.575,0.0,Stationary
3.85500,6,385.181,-70.159,28.575,94.2,Sliding
3.85500,7,639.140,148.307,28.575,20.2,Rolling
3.85500,8,72.394,-262.197,28.575,37.5,Rolling
3.85500,9,661.096,596.915,28.575,0.0,Stationary
3.85500,10,-837.597,-407.856,28.575,212.6,Rolling
3.85500,11,821.749,-534.448,28.575,0.0,Stationary
3.85500,12,1205.167,513.830,28.575,0.0,Stationary
3.85500,13,368.356,43.026,28.575,7.9,Rolling
3.85500,14,1109.239,217.860,28.575,47.8,Rolling
3.85500,15,-248.565,-127.478,28.575,121.3,Rolling
3.86000,0,327.899,-64.325,28.575,35.9,Rolling
3.86000,1,-255.306,444.192,28.575,133.8,Rolling
3.86000,2,1220.223,-25.994,28.575,0.0,Stationary
3.86000,3,541.180,582.439,28.575,0.0,Stationary
3.86000,4,-508.512,-516.306,28.575,148.7,Rolling
3.86000,5,1238.800,56.416,28.575,0.0,Stationary
3.86000,6,385.074,-70.622,28.575,95.4,Rolling
3.86000,7,639.091,148.221,28.575,19.7,Rolling
3.86000,8,72.223,-262.272,28.575,37.0,Rolling
3.86000,9,661.096,596.915,28.575,0.0,Stationary
3.86000,10,-836.569,-408.120,28.575,212.1,Rolling
3.86000,11,821.749,-534.448,28.575,0.0,Stationary
3.86000,12,1205.167,513.830,28.575,0.0,Stationary
3.86000,13,368.321,43.009,28.575,7.5,Rolling
3.86000,14,1109.266,218.096,28.575,47.3,Rolling
3.86000,15,-249.105,-127.204,28.575,120.8,Rolling
3.86500,0,327.720,-64.326,28.575,35.4,Rolling
3.86500,1,-255.881,444.532,28.575,133.3,Rolling
3.86500,2,1220.223,-25.994,28.575,0.0,Stationary
3.86500,3,541.180,582.439,28.575,0.0,Stationary
3.86500,4,-509.231,-516.120,28.575,148.2,Rolling
3.86500,5,1238.800,56.416,28.575,0.0,Stationary
3.86500,6,384.958,-71.083,28.575,94.9,Rolling
3.86500,7,639.043,148.136,28.575,19.2,Rolling
3.86500,8,72.055,-262.346,28.575,36.5,Rolling
3.86500,9,661.096,596.915,28.575,0.0,Stationary
3.86500,10,-835.542,-408.383,28.575,211.7,Rolling
3.86500,11,821.749,-534.448,28.575,0.0,Stationary
3.86500,12,1205.167,513.830,28.575,0.0,Stationary
3.86500,13,368.289,42.992,28.575,7.0,Rolling
3.86500,14,1109.292,218.329,28.575,46.8,Rolling
3.86500,15,-249.643,-126.932,28.575,120.3,Rolling
3.87000,0,327.544,-64.326,28.575,34.9,Rolling
3.87000,1,-256.454,444.871,28.575,132.9,Rolling
3.87000,2,1220.223,-25.994,28.575,0.0,Stationary
3.87000,3,541.180,582.439,28.575,0.0,Stationary
3.87000,4,-509.948,-515.935,28.575,147.7,Rolling
3.87000,5,1238.800,56.416,28.575,0.0,Stationary
3.87000,6,384.842,-71.542,28.575,94.4,Rolling
3.87000,7,638.997,148.054,28.575,18.7,Rolling
3.87000,8,71.889,-262.419,28.575,36.0,Rolling
3.87000,9,661.096,596.915,28.575,0.0,Stationary
3.87000,10,-834.519,-408.646,28.575,211.2,Rolling
3.87000,11,821.749,-534.448,28.575,0.0,Stationary
3.87000,12,1205.167,513.830,28.575,0.0,Stationary
3.87000,13,368.259,42.977,28.575,6.5,Rolling
3.87000,14,1109.318,218.561,28.575,46.3,Rolling
3.87000,15,-250.178,-126.661,28.575,119.8,Rolling
3.87500,0,327.371,-64.327,28.575,34.5,Rolling
3.87500,1,-257.025,445.208,28.575,132.4,Rolling
3.87500,2,1220.223,-25.994,28.575,0.0,Stationary
3.87500,3,541.180,582.439,28.575,0.0,Stationary
3.87500,4,-510.662,-515.751,28.575,147.2,Rolling
3.87500,5,1238.800,56.416,28.575,0.0,Stationary
3.87500,6,384.727,-71.999,28.575,93.9,Rolling
3.87500,7,638.951,147.974,28.575,18.2,Rolling
3.87500,8,71.726,-262.491,28.575,35.5,Rolling
3.87500,9,661.096,596.915,28.575,0.0,Stationary
3.87500,10,-833.497,-408.908,28.575,210.7,Rolling
3.87500,11,821.749,-534.448,28.575,0.0,Stationary
3.87500,12,1205.167,513.830,28.575,0.0,Stationary
3.87500,13,368.231,42.963,28.575,6.0,Rolling
3.87500,14,1109.344,218.789,28.575,45.8,Rolling
3.87500,15,-250.711,-126.391,28.575,119.3,Rolling
3.88000,0,327.200,-64.327,28.575,34.0,Rolling
3.88000,1,-257.593,445.544,28.575,131.9,Rolling
3.88000,2,1220.223,-25.994,28.575,0.0,Stationary
3.88000,3,541.180,582.439,28.575,0.0,Stationary
3.88000,4,-511.373,-515.567,28.575,146.7,Rolling
3.88000,5,1238.800,56.416,28.575,0.0,Stationary
3.88000,6,384.613,-72.453,28.575,93.4,Rolling
3.88000,7,638.907,147.896,28.575,17.7,Rolling
3.88000,8,71.564,-262.563,28.575,35.0,Rolling
3.88000,9,661.096,596.915,28.575,0.0,Stationary
3.88000,10,-832.478,-409.170,28.575,210.2,Rolling
3.88000,11,821.749,-534.448,28.575,0.0,Stationary
3.88000,12,1205.167,513.830,28.575,0.0,Stationary
3.88000,13,368.206,42.950,28.575,5.5,Rolling
3.88000,14,1109.369,219.016,28.575,45.3,Rolling
3.88000,15,-251.242,-126.122,28.575,118.8,Rolling
3.88500,0,327.031,-64.328,28.575,33.5,Rolling
3.88500,1,-258.160,445.880,28.575,131.4,Rolling
3.88500,2,1220.223,-25.994,28.575,0.0,Stationary
3.88500,3,541.180,582.439,28.575,0.0,Stationary
3.88500,4,-512.082,-515.384,28.575,146.3,Rolling
3.88500,5,1238.800,56.416,28.575,0.0,Stationary
3.88500,6,384.499,-72.904,28.575,92.9,Rolling
3.88500,7,638.864,147.820,28.575,17.2,Rolling
3.88500,8,71.405,-262.633,28.575,34.6,Rolling
3.88500,9,661.096,596.915,28.575,0.0,Stationary
3.88500,10,-831.461,-409.431,28.575,209.7,Rolling
3.88500,11,821.749,-534.448,28.575,0.0,Stationary
3.88500,12,1205.167,513.830,28.575,0.0,Stationary
3.88500,13,368.182,42.939,28.575,5.0,Rolling
3.88500,14,1109.395,219.240,28.575,44.8,Rolling
3.88500,15,-251.771,-125.854,28.575,118.3,Rolling
3.89000,0,326.865,-64.328,28.575,33.0,Rolling
3.89000,1,-258.724,446.213,28.575,130.9,Rolling
3.89000,2,1220.223,-25.994,28.575,0.0,Stationary
3.89000,3,541.180,582.439,28.575,0.0,Stationary
3.89000,4,-512.789,-515.201,28.575,145.8,Rolling
3.89000,5,1238.800,56.416,28.575,0.0,Stationary
3.89000,6,384.386,-73.354,28.575,92.4,Rolling
3.89000,7,638.822,147.746,28.575,16.7,Rolling
3.89000,8,71.248,-262.702,28.575,34.1,Rolling
3.89000,9,661.096,596.915,28.575,0.0,Stationary
3.89000,10,-830.447,-409.691,28.575,209.2,Rolling
3.89000,11,821.749,-534.448,28.575,0.0,Stationary
3.89000,12,1205.167,513.830,28.575,0.0,Stationary
3.89000,13,368.161,42.928,28.575,4.5,Rolling
3.89000,14,1109.420,219.461,28.575,44.3,Rolling
3.89000,15,-252.298,-125.587,28.575,117.8,Rolling
3.89500,0,326.701,-64.329,28.575,32.5,Rolling
3.89500,1,-259.286,446.546,28.575,130.4,Rolling
3.89500,2,1220.223,-25.994,28.575,0.0,Stationary
3.89500,3,541.180,582.439,28.575,0.0,Stationary
3.89500,4,-513.494,-515.019,28.575,145.3,Rolling
3.89500,5,1238.800,56.416,28.575,0.0,Stationary
3.89500,6,384.274,-73.800,28.575,91.9,Rolling
3.89500,7,638.781,147.674,28.575,16.2,Rolling
3.89500,8,71.093,-262.770,28.575,33.6,Rolling
3.89500,9,661.096,596.915,28.575,0.0,Stationary
3.89500,10,-829.435,-409.951,28.575,208.7,Rolling
3.89500,11,821.749,-534.448,28.575,0.0,Stationary
3.89500,12,1205.167,513.830,28.575,0.0,Stationary
3.89500,13,368.142,42.918,28.575,4.0,Rolling
3.89500,14,1109.444,219.680,28.575,43.8,Rolling
3.89500,15,-252.823,-125.322,28.575,117.3,Rolling
3.90000,0,326.540,-64.329,28.575,32.0,Rolling
3.90000,1,-259.846,446.877,28.575,129.9,Rolling
3.90000,2,1220.223,-25.994,28.575,0.0,Stationary
3.90000,3,541.180,582.439,28.575,0.0,Stationary
3.90000,4,-514.196,-514.838,28.575,144.8,Rolling
3.90000,5,1238.800,56.416,28.575,0.0,Stationary
3.90000,6,384.162,-74.245,28.575,91.4,Rolling
3.90000,7,638.742,147.605,28.575,15.7,Rolling
3.90000,8,70.941,-262.837,28.575,33.1,Rolling
3.90000,9,661.096,596.915,28.575,0.0,Stationary
3.90000,10,-828.425,-410.210,28.575,208.2,Rolling
3.90000,11,821.749,-534.448,28.575,0.0,Stationary
3.90000,12,1205.167,513.830,28.575,0.0,Stationary
3.90000,13,368.125,42.910,28.575,3.5,Rolling
3.90000,14,1109.469,219.897,28.575,43.4,Rolling
3.90000,15,-253.345,-125.057,28.575,116.9,Rolling
3.90500,0,326.381,-64.330,28.575,31.5,Rolling
3.90500,1,-260.404,447.207,28.575,129.4,Rolling
3.90500,2,1220.223,-25.994,28.575,0.0,Stationary
3.90500,3,541.180,582.439,28.575,0.0,Stationary
3.90500,4,-514.896,-514.657,28.575,144.3,Rolling
3.90500,5,1238.800,56.416,28.575,0.0,Stationary
3.90500,6,384.050,-74.687,28.575,90.9,Rolling
3.90500,7,638.704,147.537,28.575,15.3,Rolling
3.90500,8,70.790,-262.903,28.575,32.6,Rolling
3.90500,9,661.096,596.915,28.575,0.0,Stationary
3.90500,10,-827.418,-410.468,28.575,207.7,Rolling
3.90500,11,821.749,-534.448,28.575,0.0,Stationary
3.90500,12,1205.167,513.830,28.575,0.0,Stationary
3.90500,13,368.111,42.903,28.575,3.0,Rolling
3.90500,14,1109.493,220.111,28.575,42.9,Rolling
3.90500,15,-253.865,-124.794,28.575,116.4,Rolling
3.91000,0,326.225,-64.330,28.575,31.0,Rolling
3.91000,1,-260.960,447.536,28.575,128.9,Rolling
3.91000,2,1220.223,-25.994,28.575,0.0,Stationary
3.91000,3,541.180,582.439,28.575,0.0,Stationary
3.91000,4,-515.593,-514.477,28.575,143.8,Rolling
3.91000,5,1238.800,56.416,28.575,0.0,Stationary
3.91000,6,383.940,-75.127,28.575,90.5,Rolling
3.91000,7,638.667,147.472,28.575,14.8,Rolling
3.91000,8,70.642,-262.968,28.575,32.1,Rolling
3.91000,9,661.096,596.915,28.575,0.0,Stationary
3.91000,10,-826.413,-410.726,28.575,207.2,Rolling
3.91000,11,821.749,-534.448,28.575,0.0,Stationary
3.91000,12,1205.167,513.830,28.575,0.0,Stationary
3.91000,13,368.098,42.896,28.575,2.5,Rolling
3.91000,14,1109.517,220.323,28.575,42.4,Rolling
3.91000,15,-254.383,-124.531,28.575,115.9,Rolling
3.91500,0,326.071,-64.331,28.575,30.5,Rolling
3.91500,1,-261.514,447.864,28.575,128.4,Rolling
3.91500,2,1220.223,-25.994,28.575,0.0,Stationary
3.91500,3,541.180,582.439,28.575,0.0,Stationary
3.91500,4,-516.288,-514.298,28.575,143.3,Rolling
3.91500,5,1238.800,56.416,28.575,0.0,Stationary
3.91500,6,383.830,-75.564,28.575,90.0,Rolling
3.91500,7,638.631,147.409,28.575,14.3,Rolling
3.91500,8,70.497,-263.033,28.575,31.6,Rolling
3.91500,9,661.096,596.915,28.575,0.0,Stationary
3.91500,10,-825.411,-410.983,28.575,206.7,Rolling
3.91500,11,821.749,-534.448,28.575,0.0,Stationary
3.91500,12,1205.167,513.830,28.575,0.0,Stationary
3.91500,13,368.088,42.891,28.575,2.1,Rolling
3.91500,14,1109.540,220.532,28.575,41.9,Rolling
3.91500,15,-254.899,-124.270,28.575,115.4,Rolling
3.92000,0,325.920,-64.331,28.575,30.0,Rolling
3.92000,1,-262.066,448.190,28.575,128.0,Rolling
3.92000,2,1220.223,-25.994,28.575,0.0,Stationary
3.92000,3,541.180,582.439,28.575,0.0,Stationary
3.92000,4,-516.980,-514.119,28.575,142.8,Rolling
3.92000,5,1238.800,56.416,28.575,0.0,Stationary
3.92000,6,383.720,-75.999,28.575,89.5,Rolling
3.92000,7,638.596,147.348,28.575,13.8,Rolling
3.92000,8,70.353,-263.096,28.575,31.1,Rolling
3.92000,9,661.096,596.915,28.575,0.0,Stationary
3.92000,10,-824.410,-411.240,28.575,206.3,Rolling
3.92000,11,821.749,-534.448,28.575,0.0,Stationary
3.92000,12,1205.167,513.830,28.575,0.0,Stationary
3.92000,13,368.080,42.887,28.575,1.6,Rolling
3.92000,14,1109.564,220.739,28.575,41.4,Rolling
3.92000,15,-255.412,-124.010,28.575,114.9,Rolling
3.92500,0,325.771,-64.331,28.575,29.5,Rolling
3.92500,1,-262.615,448.515,28.575,127.5,Rolling
3.92500,2,1220.223,-25.994,28.575,0.0,Stationary
3.92500,3,541.180,582.439,28.575,0.0,Stationary
3.92500,4,-517.671,-513.941,28.575,142.3,Rolling
3.92500,5,1238.800,56.416,28.575,0.0,Stationary
3.92500,6,383.611,-76.432,28.575,89.0,Rolling
3.92500,7,638.563,147.289,28.575,13.3,Rolling
3.92500,8,70.212,-263.158,28.575,30.6,Rolling
3.92500,9,661.096,596.915,28.575,0.0,Stationary
3.92500,10,-823.413,-411.496,28.575,205.8,Rolling
3.92500,11,821.749,-534.448,28.575,0.0,Stationary
3.92500,12,1205.167,513.830,28.575,0.0,Stationary
3.92500,13,368.074,42.884,28.575,1.1,Rolling
3.92500,14,1109.587,220.943,28.575,40.9,Rolling
3.92500,15,-255.924,-123.751,28.575,114.4,Rolling
3.93000,0,325.624,-64.332,28.575,29.1,Rolling
3.93000,1,-263.163,448.839,28.575,127.0,Rolling
3.93000,2,1220.223,-25.994,28.575,0.0,Stationary
3.93000,3,541.180,582.439,28.575,0.0,Stationary
3.93000,4,-518.359,-513.763,28.575,141.8,Rolling
3.93000,5,1238.800,56.416,28.575,0.0,Stationary
3.93000,6,383.503,-76.862,28.575,88.5,Rolling
3.93000,7,638.531,147.232,28.575,12.8,Rolling
3.93000,8,70.073,-263.219,28.575,30.1,Rolling
3.93000,9,661.096,596.915,28.575,0.0,Stationary
3.93000,10,-822.417,-411.751,28.575,205.3,Rolling
3.93000,11,821.749,-534.448,28.575,0.0,Stationary
3.93000,12,1205.167,513.830,28.575,0.0,Stationary
3.93000,13,368.070,42.882,28.575,0.6,Rolling
3.93000,14,1109.610,221.145,28.575,40.4,Rolling
3.93000,15,-256.433,-123.493,28.575,113.9,Rolling
3.93500,0,325.480,-64.332,28.575,28.6,Rolling
3.93500,1,-263.708,449.162,28.575,126.5,Rolling
3.93500,2,1220.223,-25.994,28.575,0.0,Stationary
3.93500,3,541.180,582.439,28.575,0.0,Stationary
3.93500,4,-519.044,-513.586,28.575,141.3,Rolling
3.93500,5,1238.800,56.416,28.575,0.0,Stationary
3.93500,6,383.395,-77.290,28.575,88.0,Rolling
3.93500,7,638.500,147.178,28.575,12.3,Rolling
3.93500,8,69.936,-263.279,28.575,29.6,Rolling
3.93500,9,661.096,596.915,28.575,0.0,Stationary
3.93500,10,-821.424,-412.006,28.575,204.8,Rolling
3.93500,11,821.749,-534.448,28.575,0.0,Stationary
3.93500,12,1205.167,513.830,28.575,0.0,Stationary
3.93500,13,368.069,42.881,28.575,0.1,Rolling
3.93500,14,1109.632,221.345,28.575,39.9,Rolling
3.93500,15,-256.940,-123.237,28.575,113.4,Rolling
3.94000,0,325.339,-64.333,28.575,28.1,Rolling
3.94000,1,-264.251,449.483,28.575,126.0,Rolling
3.94000,2,1220.223,-25.994,28.575,0.0,Stationary
3.94000,3,541.180,582.439,28.575,0.0,Stationary
3.94000,4,-519.727,-513.410,28.575,140.9,Rolling
3.94000,5,1238.800,56.416,28.575,0.0,Stationary
3.94000,6,383.288,-77.715,28.575,87.5,Rolling
3.94000,7,638.470,147.125,28.575,11.8,Rolling
3.94000,8,69.801,-263.339,28.575,29.2,Rolling
3.94000,9,661.096,596.915,28.575,0.0,Stationary
3.94000,10,-820.434,-412.260,28.575,204.3,Rolling
3.94000,11,821.749,-534.448,28.575,0.0,Stationary
3.94000,12,1205.167,513.830,28.575,0.0,Stationary
3.94000,13,368.069,42.881,28.575,0.0,Stationary
3.94000,14,1109.654,221.542,28.575,39.4,Rolling
3.94000,15,-257.445,-122.981,28.575,112.9,Rolling
3.94500,0,325.199,-64.333,28.575,27.6,Rolling
3.94500,1,-264.793,449.803,28.575,125.5,Rolling
3.94500,2,1220.223,-25.994,28.575,0.0,Stationary
3.94500,3,541.180,582.439,28.575,0.0,Stationary
3.94500,4,-520.408,-513.234,28.575,140.4,Rolling
3.94500,5,1238.800,56.416,28.575,0.0,Stationary
3.94500,6,383.181,-78.139,28.575,87.0,Rolling
3.94500,7,638.442,147.075,28.575,11.3,Rolling
3.94500,8,69.669,-263.397,28.575,28.7,Rolling
3.94500,9,661.096,596.915,28.575,0.0,Stationary
3.94500,10,-819.445,-412.514,28.575,203.8,Rolling
3.94500,11,821.749,-534.448,28.575,0.0,Stationary
3.94500,12,1205.167,513.830,28.575,0.0,Stationary
3.94500,13,368.069,42.881,28.575,0.0,Stationary
3.94500,14,1109.676,221.737,28.575,38.9,Rolling
3.94500,15,-257.947,-122.726,28.575,112.4,Rolling
3.95000,0,325.063,-64.334,28.575,27.1,Rolling
3.95000,1,-265.332,450.122,28.575,125.0,Rolling
3.95000,2,1220.223,-25.994,28.575,0.0,Stationary
3.95000,3,541.180,582.439,28.575,0.0,Stationary
3.95000,4,-521.086,-513.059,28.575,139.9,Rolling
3.95000,5,1238.800,56.416,28.575,0.0,Stationary
3.95000,6,383.076,-78.559,28.575,86.5,Rolling
3.95000,7,638.414,147.027,28.575,10.8,Rolling
3.95000,8,69.539,-263.454,28.575,28.2,Rolling
3.95000,9,661.096,596.915,28.575,0.0,Stationary
3.95000,10,-818.460,-412.767,28.575,203.3,Rolling
3.95000,11,821.749,-534.448,28.575,0.0,Stationary
3.95000,12,1205.167,513.830,28.575,0.0,Stationary
3.95000,13,368.069,42.881,28.575,0.0,Stationary
3.95000,14,1109.698,221.929,28.575,38.4,Rolling
3.95000,15,-258.448,-122.473,28.575,111.9,Rolling
3.95500,0,324.928,-64.334,28.575,26.6,Rolling
3.95500,1,-265.869,450.440,28.575,124.5,Rolling
3.95500,2,1220.223,-25.994,28.575,0.0,Stationary
3.95500,3,541.180,582.439,28.575,0.0,Stationary
3.95500,4,-521.762,-512.884,28.575,139.4,Rolling
3.95500,5,1238.800,56.416,28.575,0.0,Stationary
3.95500,6,382.970,-78.978,28.575,86.0,Rolling
3.95500,7,638.388,146.980,28.575,10.3,Rolling
3.95500,8,69.411,-263.510,28.575,27.7,Rolling
3.95500,9,661.096,596.915,28.575,0.0,Stationary
3.95500,10,-817.476,-413.019,28.575,202.8,Rolling
3.95500,11,821.749,-534.448,28.575,0.0,Stationary
3.95500,12,1205.167,513.830,28.575,0.0,Stationary
3.95500,13,368.069,42.881,28.575,0.0,Stationary
3.95500,14,1109.719,222.119,28.575,38.0,Rolling
3.95500,15,-258.946,-122.221,28.575,111.5,Rolling
3.96000,0,324.797,-64.334,28.575,26.1,Rolling
3.96000,1,-266.403,450.756,28.575,124.0,Rolling
3.96000,2,1220.223,-25.994,28.575,0.0,Stationary
3.96000,3,541.180,582.439,28.575,0.0,Stationary
3.96000,4,-522.436,-512.710,28.575,138.9,Rolling
3.96000,5,1238.800,56.416,28.575,0.0,Stationary
3.96000,6,382.865,-79.394,28.575,85.5,Rolling
3.96000,7,638.363,146.937,28.575,9.9,Rolling
3.96000,8,69.286,-263.566,28.575,27.2,Rolling
3.96000,9,661.096,596.915,28.575,0.0,Stationary
3.96000,10,-816.495,-413.271,28.575,202.3,Rolling
3.96000,11,821.749,-534.448,28.575,0.0,Stationary
3.96000,12,1205.167,513.830,28.575,0.0,Stationary
3.96000,13,368.069,42.881,28.575,0.0,Stationary
3.96000,14,1109.740,222.306,28.575,37.5,Rolling
3.96000,15,-259.442,-121.969,28.575,111.0,Rolling
3.96500,0,324.667,-64.335,28.575,25.6,Rolling
3.96500,1,-266.936,451.071,28.575,123.5,Rolling
3.96500,2,1220.223,-25.994,28.575,0.0,Stationary
3.96500,3,541.180,582.439,28.575,0.0,Stationary
3.96500,4,-523.107,-512.537,28.575,138.4,Rolling
3.96500,5,1238.800,56.416,28.575,0.0,Stationary
3.96500,6,382.761,-79.807,28.575,85.1,Rolling
3.96500,7,638.340,146.895,28.575,9.4,Rolling
3.96500,8,69.162,-263.620,28.575,26.7,Rolling
3.96500,9,661.096,596.915,28.575,0.0,Stationary
3.96500,10,-815.516,-413.522,28.575,201.8,Rolling
3.96500,11,821.749,-534.448,28.575,0.0,Stationary
3.96500,12,1205.167,513.830,28.575,0.0,Stationary
3.96500,13,368.069,42.881,28.575,0.0,Stationary
3.96500,14,1109.761,222.491,28.575,37.0,Rolling
3.96500,15,-259.936,-121.719,28.575,110.5,Rolling
3.97000,0,324.540,-64.335,28.575,25.1,Rolling
3.97000,1,-267.467,451.385,28.575,123.1,Rolling
3.97000,2,1220.223,-25.994,28.575,0.0,Stationary
3.97000,3,541.180,582.439,28.575,0.0,Stationary
3.97000,4,-523.776,-512.364,28.575,137.9,Rolling
3.97000,5,1238.800,56.416,28.575,0.0,Stationary
3.97000,6,382.658,-80.219,28.575,84.6,Rolling
3.97000,7,638.317,146.855,28.575,8.9,Rolling
3.97000,8,69.041,-263.673,28.575,26.2,Rolling
3.97000,9,661.096,596.915,28.575,0.0,Stationary
3.97000,10,-814.540,-413.773,28.575,201.4,Rolling
3.97000,11,821.749,-534.448,28.575,0.0,Stationary
3.97000,12,1205.167,513.830,28.575,0.0,Stationary
3.97000,13,368.069,42.881,28.575,0.0,Stationary
3.97000,14,1109.782,222.673,28.575,36.5,Rolling
3.97000,15,-260.428,-121.470,28.575,110.0,Rolling
3.97500,0,324.416,-64.335,28.575,24.6,Rolling
3.97500,1,-267.995,451.698,28.575,122.6,Rolling
3.97500,2,1220.223,-25.994,28.575,0.0,Stationary
3.97500,3,541.180,582.439,28.575,0.0,Stationary
3.97500,4,-524.443,-512.192,28.575,137.4,Rolling
3.97500,5,1238.800,56.416,28.575,0.0,Stationary
3.97500,6,382.555,-80.627,28.575,84.1,Rolling
3.97500,7,638.296,146.818,28.575,8.4,Rolling
3.97500,8,68.922,-263.726,28.575,25.7,Rolling
3.97500,9,661.096,596.915,28.575,0.0,Stationary
3.97500,10,-813.566,-414.023,28.575,200.9,Rolling
3.97500,11,821.749,-534.448,28.575,0.0,Stationary
3.97500,12,1205.167,513.830,28.575,0.0,Stationary
3.97500,13,368.069,42.881,28.575,0.0,Stationary
3.97500,14,1109.802,222.854,28.575,36.0,Rolling
3.97500,15,-260.917,-121.222,28.575,109.5,Rolling
3.98000,0,324.294,-64.336,28.575,24.2,Rolling
3.98000,1,-268.522,452.009,28.575,122.1,Rolling
3.98000,2,1220.223,-25.994,28.575,0.0,Stationary
3.98000,3,541.180,582.439,28.575,0.0,Stationary
3.98000,4,-525.107,-512.021,28.575,136.9,Rolling
3.98000,5,1238.800,56.416,28.575,0.0,Stationary
3.98000,6,382.453,-81.034,28.575,83.6,Rolling
3.98000,7,638.276,146.782,28.575,7.9,Rolling
3.98000,8,68.806,-263.777,28.575,25.2,Rolling
3.98000,9,661.096,596.915,28.575,0.0,Stationary
3.98000,10,-812.594,-414.272,28.575,200.4,Rolling
3.98000,11,821.749,-534.448,28.575,0.0,Stationary
3.98000,12,1205.167,513.830,28.575,0.0,Stationary
3.98000,13,368.069,42.881,28.575,0.0,Stationary
3.98000,14,1109.822,223.031,28.575,35.5,Rolling
3.98000,15,-261.405,-120.975,28.575,109.0,Rolling
3.98500,0,324.174,-64.336,28.575,23.7,Rolling
3.98500,1,-269.046,452.319,28.575,121.6,Rolling
3.98500,2,1220.223,-25.994,28.575,0.0,Stationary
3.98500,3,541.180,582.439,28.575,0.0,Stationary
3.98500,4,-525.768,-511.850,28.575,136.4,Rolling
3.98500,5,1238.800,56.416,28.575,0.0,Stationary
3.98500,6,382.351,-81.438,28.575,83.1,Rolling
3.98500,7,638.257,146.749,28.575,7.4,Rolling
3.98500,8,68.691,-263.827,28.575,24.7,Rolling
3.98500,9,661.096,596.915,28.575,0.0,Stationary
3.98500,10,-811.625,-414.521,28.575,199.9,Rolling
3.98500,11,821.749,-534.448,28.575,0.0,Stationary
3.98500,12,1205.167,513.830,28.575,0.0,Stationary
3.98500,13,368.069,42.881,28.575,0.0,Stationary
3.98500,14,1109.842,223.206,28.575,35.0,Rolling
3.98500,15,-261.890,-120.730,28.575,108.5,Rolling
3.99000,0,324.057,-64.337,28.575,23.2,Rolling
3.99000,1,-269.568,452.628,28.575,121.1,Rolling
3.99000,2,1220.223,-25.994,28.575,0.0,Stationary
3.99000,3,541.180,582.439,28.575,0.0,Stationary
3.99000,4,-526.428,-511.680,28.575,136.0,Rolling
3.99000,5,1238.800,56.416,28.575,0.0,Stationary
3.99000,6,382.250,-81.840,28.575,82.6,Rolling
3.99000,7,638.239,146.718,28.575,6.9,Rolling
3.99000,8,68.579,-263.877,28.575,24.3,Rolling
3.99000,9,661.096,596.915,28.575,0.0,Stationary
3.99000,10,-810.658,-414.769,28.575,199.4,Rolling
3.99000,11,821.749,-534.448,28.575,0.0,Stationary
3.99000,12,1205.167,513.830,28.575,0.0,Stationary
3.99000,13,368.069,42.881,28.575,0.0,Stationary
3.99000,14,1109.861,223.379,28.575,34.5,Rolling
3.99000,15,-262.373,-120.485,28.575,108.0,Rolling
3.99500,0,323.943,-64.337,28.575,22.7,Rolling
3.99500,1,-270.088,452.936,28.575,120.6,Rolling
3.99500,2,1220.223,-25.994,28.575,0.0,Stationary
3.99500,3,541.180,582.439,28.575,0.0,Stationary
3.99500,4,-527.085,-511.510,28.575,135.5,Rolling
3.99500,5,1238.800,56.416,28.575,0.0,Stationary
3.99500,6,382.149,-82.239,28.575,82.1,Rolling
3.99500,7,638.223,146.689,28.575,6.4,Rolling
3.99500,8,68.469,-263.925,28.575,23.8,Rolling
3.99500,9,661.096,596.915,28.575,0.0,Stationary
3.99500,10,-809.694,-415.016,28.575,198.9,Rolling
3.99500,11,821.749,-534.448,28.575,0.0,Stationary
3.99500,12,1205.167,513.830,28.575,0.0,Stationary
3.99500,13,368.069,42.881,28.575,0.0,Stationary
3.99500,14,1109.881,223.549,28.575,34.0,Rolling
3.99500,15,-262.854,-120.242,28.575,107.5,Rolling
4.00000,0,323.830,-64.337,28.575,22.2,Rolling
4.00000,1,-270.606,453.242,28.575,120.1,Rolling
4.00000,2,1220.223,-25.994,28.575,0.0,Stationary
4.00000,3,541.180,582.439,28.575,0.0,Stationary
4.00000,4,-527.739,-511.341,28.575,135.0,Rolling
4.00000,5,1238.800,56.416,28.575,0.0,Stationary
4.00000,6,382.049,-82.636,28.575,81.6,Rolling
4.00000,7,638.208,146.662,28.575,5.9,Rolling
4.00000,8,68.362,-263.972,28.575,23.3,Rolling
4.00000,9,661.096,596.915,28.575,0.0,Stationary
4.00000,10,-808.731,-415.263,28.575,198.4,Rolling
4.00000,11,821.749,-534.448,28.575,0.0,Stationary
4.00000,12,1205.167,513.830,28.575,0.0,Stationary
4.00000,13,368.069,42.881,28.575,0.0,Stationary
4.00000,14,1109.900,223.717,28.575,33.5,Rolling
4.00000,15,-263.332,-119.999,28.575,107.0,Rolling
4.00500,0,323.721,-64.338,28.575,21.7,Rolling
4.00500,1,-271.122,453.548,28.575,119.6,Rolling
4.00500,2,1220.223,-25.994,28.575,0.0,Stationary
4.00500,3,541.180,582.439,28.575,0.0,Stationary
4.00500,4,-528.392,-511.173,28.575,134.5,Rolling
4.00500,5,1238.800,56.416,28.575,0.0,Stationary
4.00500,6,381.950,-83.031,28.575,81.1,Rolling
4.00500,7,638.194,146.637,28.575,5.4,Rolling
4.00500,8,68.256,-264.019,28.575,22.8,Rolling
4.00500,9,661.096,596.915,28.575,0.0,Stationary
4.00500,10,-807.772,-415.509,28.575,197.9,Rolling
4.00500,11,821.749,-534.448,28.575,0.0,Stationary
4.00500,12,1205.167,513.830,28.575,0.0,Stationary
4.00500,13,368.069,42.881,28.575,0.0,Stationary
4.00500,14,1109.918,223.883,28.575,33.1,Rolling
4.00500,15,-263.809,-119.758,28.575,106.6,Rolling
4.01000,0,323.613,-64.338,28.575,21.2,Rolling
4.01000,1,-271.636,453.851,28.575,119.1,Rolling
4.01000,2,1220.223,-25.994,28.575,0.0,Stationary
4.01000,3,541.180,582.439,28.575,0.0,Stationary
4.01000,4,-529.042,-511.005,28.575,134.0,Rolling
4.01000,5,1238.800,56.416,28.575,0.0,Stationary
4.01000,6,381.851,-83.423,28.575,80.6,Rolling
4.01000,7,638.181,146.614,28.575,5.0,Rolling
4.01000,8,68.153,-264.064,28.575,22.3,Rolling
4.01000,9,661.096,596.915,28.575,0.0,Stationary
4.01000,10,-806.814,-415.755,28.575,197.4,Rolling
4.01000,11,821.749,-534.448,28.575,0.0,Stationary
4.01000,12,1205.167,513.830,28.575,0.0,Stationary
4.01000,13,368.069,42.881,28.575,0.0,Stationary
4.01000,14,1109.937,224.046,28.575,32.6,Rolling
4.01000,15,-264.283,-119.518,28.575,106.1,Rolling
4.01500,0,323.509,-64.338,28.575,20.7,Rolling
4.01500,1,-272.147,454.154,28.575,118.6,Rolling
4.01500,2,1220.223,-25.994,28.575,0.0,Stationary
4.01500,3,541.180,582.439,28.575,0.0,Stationary
4.01500,4,-529.689,-510.838,28.575,133.5,Rolling
4.01500,5,1238.800,56.416,28.575,0.0,Stationary
4.01500,6,381.753,-83.813,28.575,80.2,Rolling
4.01500,7,638.169,146.594,28.575,4.5,Rolling
4.01500,8,68.052,-264.109,28.575,21.8,Rolling
4.01500,9,661.096,596.915,28.575,0.0,Stationary
4.01500,10,-805.859,-416.000,28.575,196.9,Rolling
4.01500,11,821.749,-534.448,28.575,0.0,Stationary
4.01500,12,1205.167,513.830,28.575,0.0,Stationary
4.01500,13,368.069,42.881,28.575,0.0,Stationary
4.01500,14,1109.955,224.206,28.575,32.1,Rolling
4.01500,15,-264.755,-119.279,28.575,105.6,Rolling
4.02000,0,323.406,-64.338,28.575,20.2,Rolling
4.02000,1,-272.657,454.455,28.575,118.1,Rolling
4.02000,2,1220.223,-25.994,28.575,0.0,Stationary
4.02000,3,541.180,582.439,28.575,0.0,Stationary
4.02000,4,-530.334,-510.671,28.575,133.0,Rolling
4.02000,5,1238.800,56.416,28.575,0.0,Stationary
4.02000,6,381.655,-84.200,28.575,79.7,Rolling
4.02000,7,638.159,146.576,28.575,4.0,Rolling
4.02000,8,67.954,-264.152,28.575,21.3,Rolling
4.02000,9,661.096,596.915,28.575,0.0,Stationary
4.02000,10,-804.907,-416.244,28.575,196.5,Rolling
4.02000,11,821.749,-534.448,28.575,0.0,Stationary
4.02000,12,1205.167,513.830,28.575,0.0,Stationary
4.02000,13,368.069,42.881,28.575,0.0,Stationary
4.02000,14,1109.973,224.364,28.575,31.6,Rolling
4.02000,15,-265.225,-119.041,28.575,105.1,Rolling
4.02500,0,323.306,-64.339,28.575,19.7,Rolling
4.02500,1,-273.164,454.756,28.575,117.7,Rolling
4.02500,2,1220.223,-25.994,28.575,0.0,Stationary
4.02500,3,541.180,582.439,28.575,0.0,Stationary
4.02500,4,-530.977,-510.505,28.575,132.5,Rolling
4.02500,5,1238.800,56.416,28.575,0.0,Stationary
4.02500,6,381.558,-84.585,28.575,79.2,Rolling
4.02500,7,638.150,146.559,28.575,3.5,Rolling
4.02500,8,67.857,-264.195,28.575,20.8,Rolling
4.02500,9,661.096,596.915,28.575,0.0,Stationary
4.02500,10,-803.956,-416.488,28.575,196.0,Rolling
4.02500,11,821.749,-534.448,28.575,0.0,Stationary
4.02500,12,1205.167,513.830,28.575,0.0,Stationary
4.02500,13,368.069,42.881,28.575,0.0,Stationary
4.02500,14,1109.990,224.520,28.575,31.1,Rolling
4.02500,15,-265.692,-118.804,28.575,104.6,Rolling
4.03000,0,323.209,-64.339,28.575,19.3,Rolling
4.03000,1,-273.669,455.055,28.575,117.2,Rolling
4.03000,2,1220.223,-25.994,28.575,0.0,Stationary
4.03000,3,541.180,582.439,28.575,0.0,Stationary
4.03000,4,-531.617,-510.340,28.575,132.0,Rolling
4.03000,5,1238.800,56.416,28.575,0.0,Stationary
4.03000,6,381.462,-84.968,28.575,78.7,Rolling
4.03000,7,638.142,146.545,28.575,3.0,Rolling
4.03000,8,67.763,-264.236,28.575,20.3,Rolling
4.03000,9,661.096,596.915,28.575,0.0,Stationary
4.03000,10,-803.009,-416.731,28.575,195.5,Rolling
4.03000,11,821.749,-534.448,28.575,0.0,Stationary
4.03000,12,1205.167,513.830,28.575,0.0,Stationary
4.03000,13,368.069,42.881,28.575,0.0,Stationary
4.03000,14,1110.007,224.673,28.575,30.6,Rolling
4.03000,15,-266.158,-118.568,28.575,104.1,Rolling
4.03500,0,323.114,-64.339,28.575,18.8,Rolling
4.03500,1,-274.172,455.352,28.575,116.7,Rolling
4.03500,2,1220.223,-25.994,28.575,0.0,Stationary
4.03500,3,541.180,582.439,28.575,0.0,Stationary
4.03500,4,-532.255,-510.175,28.575,131.5,Rolling
4.03500,5,1238.800,56.416,28.575,0.0,Stationary
4.03500,6,381.366,-85.348,28.575,78.2,Rolling
4.03500,7,638.135,146.533,28.575,2.5,Rolling
4.03500,8,67.671,-264.276,28.575,19.8,Rolling
4.03500,9,661.096,596.915,28.575,0.0,Stationary
4.03500,10,-802.063,-416.974,28.575,195.0,Rolling
4.03500,11,821.749,-534.448,28.575,0.0,Stationary
4.03500,12,1205.167,513.830,28.575,0.0,Stationary
4.03500,13,368.069,42.881,28.575,0.0,Stationary
4.03500,14,1110.024,224.824,28.575,30.1,Rolling
4.03500,15,-266.621,-118.334,28.575,103.6,Rolling
4.04000,0,323.021,-64.340,28.575,18.3,Rolling
4.04000,1,-274.674,455.649,28.575,116.2,Rolling
4.04000,2,1220.223,-25.994,28.575,0.0,Stationary
4.04000,3,541.180,582.439,28.575,0.0,Stationary
4.04000,4,-532.891,-510.011,28.575,131.1,Rolling
4.04000,5,1238.800,56.416,28.575,0.0,Stationary
4.04000,6,381.271,-85.726,28.575,77.7,Rolling
4.04000,7,638.129,146.524,28.575,2.0,Rolling
4.04000,8,67.582,-264.316,28.575,19.4,Rolling
4.04000,9,661.096,596.915,28.575,0.0,Stationary
4.04000,10,-801.120,-417.216,28.575,194.5,Rolling
4.04000,11,821.749,-534.448,28.575,0.0,Stationary
4.04000,12,1205.167,513.830,28.575,0.0,Stationary
4.04000,13,368.069,42.881,28.575,0.0,Stationary
4.04000,14,1110.041,224.973,28.575,29.6,Rolling
4.04000,15,-267.082,-118.100,28.575,103.1,Rolling
4.04500,0,322.931,-64.340,28.575,17.8,Rolling
4.04500,1,-275.173,455.944,28.575,115.7,Rolling
4.04500,2,1220.223,-25.994,28.575,0.0,Stationary
4.04500,3,541.180,582.439,28.575,0.0,Stationary
4.04500,4,-533.524,-509.847,28.575,130.6,Rolling
4.04500,5,1238.800,56.416,28.575,0.0,Stationary
4.04500,6,381.177,-86.102,28.575,77.2,Rolling
4.04500,7,638.125,146.516,28.575,1.5,Rolling
4.04500,8,67.494,-264.354,28.575,18.9,Rolling
4.04500,9,661.096,596.915,28.575,0.0,Stationary
4.04500,10,-800.179,-417.457,28.575,194.0,Rolling
4.04500,11,821.749,-534.448,28.575,0.0,Stationary
4.04500,12,1205.167,513.830,28.575,0.0,Stationary
4.04500,13,368.069,42.881,28.575,0.0,Stationary
4.04500,14,1110.058,225.119,28.575,29.1,Rolling
4.04500,15,-267.541,-117.868,28.575,102.6,Rolling
4.05000,0,322.843,-64.340,28.575,17.3,Rolling
4.05000,1,-275.669,456.238,28.575,115.2,Rolling
4.05000,2,1220.223,-25.994,28.575,0.0,Stationary
4.05000,3,541.180,582.439,28.575,0.0,Stationary
4.05000,4,-534.155,-509.684,28.575,130.1,Rolling
4.05000,5,1238.800,56.416,28.575,0.0,Stationary
4.05000,6,381.083,-86.475,28.575,76.7,Rolling
4.05000,7,638.122,146.510,28.575,1.0,Rolling
4.05000,8,67.409,-264.392,28.575,18.4,Rolling
4.05000,9,661.096,596.915,28.575,0.0,Stationary
4.05000,10,-799.241,-417.698,28.575,193.5,Rolling
4.05000,11,821.749,-534.448,28.575,0.0,Stationary
4.05000,12,1205.167,513.830,28.575,0.0,Stationary
4.05000,13,368.069,42.881,28.575,0.0,Stationary
4.05000,14,1110.074,225.262,28.575,28.6,Rolling
4.05000,15,-267.998,-117.637,28.575,102.1,Rolling
4.05500,0,322.758,-64.340,28.575,16.8,Rolling
4.05500,1,-276.164,456.530,28.575,114.7,Rolling
4.05500,2,1220.223,-25.994,28.575,0.0,Stationary
4.05500,3,541.180,582.439,28.575,0.0,Stationary
4.05500,4,-534.784,-509.522,28.575,129.6,Rolling
4.05500,5,1238.800,56.416,28.575,0.0,Stationary
4.05500,6,380.989,-86.846,28.575,76.2,Rolling
4.05500,7,638.120,146.507,28.575,0.5,Rolling
4.05500,8,67.326,-264.428,28.575,17.9,Rolling
4.05500,9,661.096,596.915,28.575,0.0,Stationary
4.05500,10,-798.305,-417.938,28.575,193.0,Rolling
4.05500,11,821.749,-534.448,28.575,0.0,Stationary
4.05500,12,1205.167,513.830,28.575,0.0,Stationary
4.05500,13,368.069,42.881,28.575,0.0,Stationary
4.05500,14,1110.090,225.403,28.575,28.1,Rolling
4.05500,15,-268.452,-117.406,28.575,101.7,Rolling
4.06000,0,322.675,-64.341,28.575,16.3,Rolling
4.06000,1,-276.657,456.822,28.575,114.2,Rolling
4.06000,2,1220.223,-25.994,28.575,0.0,Stationary
4.06000,3,541.180,582.439,28.575,0.0,Stationary
4.06000,4,-535.410,-509.360,28.575,129.1,Rolling
4.06000,5,1238.800,56.416,28.575,0.0,Stationary
4.06000,6,380.897,-87.214,28.575,75.7,Rolling
4.06000,7,638.119,146.506,28.575,0.0,Rolling
4.06000,8,67.245,-264.464,28.575,17.4,Rolling
4.06000,9,661.096,596.915,28.575,0.0,Stationary
4.06000,10,-797.371,-418.178,28.575,192.5,Rolling
4.06000,11,821.749,-534.448,28.575,0.0,Stationary
4.06000,12,1205.167,513.830,28.575,0.0,Stationary
4.06000,13,368.069,42.881,28.575,0.0,Stationary
4.06000,14,1110.105,225.542,28.575,27.7,Rolling
4.06000,15,-268.905,-117.177,28.575,101.2,Rolling
4.06500,0,322.595,-64.341,28.575,15.8,Rolling
4.06500,1,-277.147,457.112,28.575,113.7,Rolling
4.06500,2,1220.223,-25.994,28.575,0.0,Stationary
4.06500,3,541.180,582.439,28.575,0.0,Stationary
4.06500,4,-536.034,-509.199,28.575,128.6,Rolling
4.06500,5,1238.800,56.416,28.575,0.0,Stationary
4.06500,6,380.804,-87.580,28.575,75.3,Rolling
4.06500,7,638.119,146.506,28.575,0.0,Stationary
4.06500,8,67.167,-264.499,28.575,16.9,Rolling
4.06500,9,661.096,596.915,28.575,0.0,Stationary
4.06500,10,-796.440,-418.417,28.575,192.0,Rolling
4.06500,11,821.749,-534.448,28.575,0.0,Stationary
4.06500,12,1205.167,513.830,28.575,0.0,Stationary
4.06500,13,368.069,42.881,28.575,0.0,Stationary
4.06500,14,1110.121,225.678,28.575,27.2,Rolling
4.06500,15,-269.355,-116.949,28.575,100.7,Rolling
4.07000,0,322.517,-64.341,28.575,15.3,Rolling
4.07000,1,-277.636,457.401,28.575,113.2,Rolling
4.07000,2,1220.223,-25.994,28.575,0.0,Stationary
4.07000,3,541.180,582.439,28.575,0.0,Stationary
4.07000,4,-536.655,-509.039,28.575,128.1,Rolling
4.07000,5,1238.800,56.416,28.575,0.0,Stationary
4.07000,6,380.713,-87.944,28.575,74.8,Rolling
4.07000,7,638.119,146.506,28.575,0.0,Stationary
4.07000,8,67.091,-264.532,28.575,16.4,Rolling
4.07000,9,661.096,596.915,28.575,0.0,Stationary
4.07000,10,-795.511,-418.655,28.575,191.5,Rolling
4.07000,11,821.749,-534.448,28.575,0.0,Stationary
4.07000,12,1205.167,513.830,28.575,0.0,Stationary
4.07000,13,368.069,42.881,28.575,0.0,Stationary
4.07000,14,1110.136,225.812,28.575,26.7,Rolling
4.07000,15,-269.803,-116.722,28.575,100.2,Rolling
4.07500,0,322.442,-64.341,28.575,14.8,Rolling
4.07500,1,-278.122,457.688,28.575,112.8,Rolling
4.07500,2,1220.223,-25.994,28.575,0.0,Stationary
4.07500,3,541.180,582.439,28.575,0.0,Stationary
4.07500,4,-537.274,-508.879,28.575,127.6,Rolling
4.07500,5,1238.800,56.416,28.575,0.0,Stationary
4.07500,6,380.622,-88.305,28.575,74.3,Rolling
4.07500,7,638.119,146.506,28.575,0.0,Stationary
4.07500,8,67.017,-264.565,28.575,15.9,Rolling
4.07500,9,661.096,596.915,28.575,0.0,Stationary
4.07500,10,-794.585,-418.893,28.575,191.1,Rolling
4.07500,11,821.749,-534.448,28.575,0.0,Stationary
4.07500,12,1205.167,513.830,28.575,0.0,Stationary
4.07500,13,368.069,42.881,28.575,0.0,Stationary
4.07500,14,1110.151,225.943,28.575,26.2,Rolling
4.07500,15,-270.249,-116.497,28.575,99.7,Rolling
4.08000,0,322.369,-64.342,28.575,14.3,Rolling
4.08000,1,-278.606,457.975,28.575,112.3,Rolling
4.08000,2,1220.223,-25.994,28.575,0.0,Stationary
4.08000,3,541.180,582.439,28.575,0.0,Stationary
4.08000,4,-537.891,-508.720,28.575,127.1,Rolling
4.08000,5,1238.800,56.416,28.575,0.0,Stationary
4.08000,6,380.531,-88.664,28.575,73.8,Rolling
4.08000,7,638.119,146.506,28.575,0.0,Stationary
4.08000,8,66.945,-264.596,28.575,15.4,Rolling
4.08000,9,661.096,596.915,28.575,0.0,Stationary
4.08000,10,-793.660,-419.130,28.575,190.6,Rolling
4.08000,11,821.749,-534.448,28.575,0.0,Stationary
4.08000,12,1205.167,513.830,28.575,0.0,Stationary
4.08000,13,368.069,42.881,28.575,0.0,Stationary
4.08000,14,1110.165,226.072,28.575,25.7,Rolling
4.08000,15,-270.692,-116.272,28.575,99.2,Rolling
4.08500,0,322.298,-64.342,28.575,13.9,Rolling
4.08500,1,-279.088,458.260,28.575,111.8,Rolling
4.08500,2,1220.223,-25.994,28.575,0.0,Stationary
4.08500,3,541.180,582.439,28.575,0.0,Stationary
4.08500,4,-538.505,-508.561,28.575,126.6,Rolling
4.08500,5,1238.800,56.416,28.575,0.0,Stationary
4.08500,6,380.442,-89.021,28.575,73.3,Rolling
4.08500,7,638.119,146.506,28.575,0.0,Stationary
4.08500,8,66.875,-264.627,28.575,14.9,Rolling
4.08500,9,661.096,596.915,28.575,0.0,Stationary
4.08500,10,-792.739,-419.367,28.575,190.1,Rolling
4.08500,11,821.749,-534.448,28.575,0.0,Stationary
4.08500,12,1205.167,513.830,28.575,0.0,Stationary
4.08500,13,368.069,42.881,28.575,0.0,Stationary
4.08500,14,1110.179,226.199,28.575,25.2,Rolling
4.08500,15,-271.134,-116.048,28.575,98.7,Rolling
4.09000,0,322.230,-64.342,28.575,13.4,Rolling
4.09000,1,-279.568,458.544,28.575,111.3,Rolling
4.09000,2,1220.223,-25.994,28.575,0.0,Stationary
4.09000,3,541.180,582.439,28.575,0.0,Stationary
4.09000,4,-539.117,-508.403,28.575,126.1,Rolling
4.09000,5,1238.800,56.416,28.575,0.0,Stationary
4.09000,6,380.353,-89.375,28.575,72.8,Rolling
4.09000,7,638.119,146.506,28.575,0.0,Stationary
4.09000,8,66.808,-264.656,28.575,14.4,Rolling
4.09000,9,661.096,596.915,28.575,0.0,Stationary
4.09000,10,-791.819,-419.603,28.575,189.6,Rolling
4.09000,11,821.749,-534.448,28.575,0.0,Stationary
4.09000,12,1205.167,513.830,28.575,0.0,Stationary
4.09000,13,368.069,42.881,28.575,0.0,Stationary
4.09000,14,1110.193,226.323,28.575,24.7,Rolling
4.09000,15,-271.573,-115.826,28.575,98.2,Rolling
4.09500,0,322.165,-64.342,28.575,12.9,Rolling
4.09500,1,-280.046,458.827,28.575,110.8,Rolling
4.09500,2,1220.223,-25.994,28.575,0.0,Stationary
4.09500,3,541.180,582.439,28.575,0.0,Stationary
4.09500,4,-539.726,-508.246,28.575,125.7,Rolling
4.09500,5,1238.800,56.416,28.575,0.0,Stationary
4.09500,6,380.264,-89.727,28.575,72.3,Rolling
4.09500,7,638.119,146.506,28.575,0.0,Stationary
4.09500,8,66.743,-264.685,28.575,14.0,Rolling
4.09500,9,661.096,596.915,28.575,0.0,Stationary
4.09500,10,-790.902,-419.838,28.575,189.1,Rolling
4.09500,11,821.749,-534.448,28.575,0.0,Stationary
4.09500,12,1205.167,513.830,28.575,0.0,Stationary
4.09500,13,368.069,42.881,28.575,0.0,Stationary
4.09500,14,1110.207,226.444,28.575,24.2,Rolling
4.09500,15,-272.010,-115.605,28.575,97.7,Rolling
4.10000,0,322.101,-64.342,28.575,12.4,Rolling
4.10000,1,-280.522,459.108,28.575,110.3,Rolling
4.10000,2,1220.223,-25.994,28.575,0.0,Stationary
4.10000,3,541.180,582.439,28.575,0.0,Stationary
4.10000,4,-540.334,-508.089,28.575,125.2,Rolling
4.10000,5,1238.800,56.416,28.575,0.0,Stationary
4.10000,6,380.176,-90.076,28.575,71.8,Rolling
4.10000,7,638.119,146.506,28.575,0.0,Stationary
4.10000,8,66.680,-264.713,28.575,13.5,Rolling
4.10000,9,661.096,596.915,28.575,0.0,Stationary
4.10000,10,-789.988,-420.073,28.575,188.6,Rolling
4.10000,11,821.749,-534.448,28.575,0.0,Stationary
4.10000,12,1205.167,513.830,28.575,0.0,Stationary
4.10000,13,368.069,42.881,28.575,0.0,Stationary
4.10000,14,1110.220,226.563,28.575,23.7,Rolling
4.10000,15,-272.445,-115.384,28.575,97.2,Rolling
4.10500,0,322.041,-64.343,28.575,11.9,Rolling
4.10500,1,-280.995,459.388,28.575,109.8,Rolling
4.10500,2,1220.223,-25.994,28.575,0.0,Stationary
4.10500,3,541.180,582.439,28.575,0.0,Stationary
4.10500,4,-540.938,-507.933,28.575,124.7,Rolling
4.10500,5,1238.800,56.416,28.575,0.0,Stationary
4.10500,6,380.089,-90.423,28.575,71.3,Rolling
4.10500,7,638.119,146.506,28.575,0.0,Stationary
4.10500,8,66.620,-264.739,28.575,13.0,Rolling
4.10500,9,661.096,596.915,28.575,0.0,Stationary
4.10500,10,-789.075,-420.307,28.575,188.1,Rolling
4.10500,11,821.749,-534.448,28.575,0.0,Stationary
4.10500,12,1205.167,513.830,28.575,0.0,Stationary
4.10500,13,368.069,42.881,28.575,0.0,Stationary
4.10500,14,1110.234,226.680,28.575,23.2,Rolling
4.10500,15,-272.877,-115.165,28.575,96.7,Rolling
4.11000,0,321.982,-64.343,28.575,11.4,Rolling
4.11000,1,-281.467,459.667,28.575,109.3,Rolling
4.11000,2,1220.223,-25.994,28.575,0.0,Stationary
4.11000,3,541.180,582.439,28.575,0.0,Stationary
4.11000,4,-541.541,-507.777,28.575,124.2,Rolling
4.11000,5,1238.800,56.416,28.575,0.0,Stationary
4.11000,6,380.002,-90.768,28.575,70.8,Rolling
4.11000,7,638.119,146.506,28.575,0.0,Stationary
4.11000,8,66.562,-264.765,28.575,12.5,Rolling
4.11000,9,661.096,596.915,28.575,0.0,Stationary
4.11000,10,-788.165,-420.540,28.575,187.6,Rolling
4.11000,11,821.749,-534.448,28.575,0.0,Stationary
4.11000,12,1205.167,513.830,28.575,0.0,Stationary
4.11000,13,368.069,42.881,28.575,0.0,Stationary
4.11000,14,1110.246,226.794,28.575,22.8,Rolling
4.11000,15,-273.308,-114.947,28.575,96.3,Rolling
4.11500,0,321.927,-64.343,28.575,10.9,Rolling
4.11500,1,-281.936,459.945,28.575,108.8,Rolling
4.11500,2,1220.223,-25.994,28.575,0.0,Stationary
4.11500,3,541.180,582.439,28.575,0.0,Stationary
4.11500,4,-542.141,-507.622,28.575,123.7,Rolling
4.11500,5,1238.800,56.416,28.575,0.0,Stationary
4.11500,6,379.916,-91.110,28.575,70.3,Rolling
4.11500,7,638.119,146.506,28.575,0.0,Stationary
4.11500,8,66.506,-264.790,28.575,12.0,Rolling
4.11500,9,661.096,596.915,28.575,0.0,Stationary
4.11500,10,-787.258,-420.773,28.575,187.1,Rolling
4.11500,11,821.749,-534.448,28.575,0.0,Stationary
4.11500,12,1205.167,513.830,28.575,0.0,Stationary
4.11500,13,368.069,42.881,28.575,0.0,Stationary
4.11500,14,1110.259,226.906,28.575,22.3,Rolling
4.11500,15,-273.736,-114.730,28.575,95.8,Rolling
4.12000,0,321.873,-64.343,28.575,10.4,Rolling
4.12000,1,-282.404,460.221,28.575,108.3,Rolling
4.12000,2,1220.223,-25.994,28.575,0.0,Stationary
4.12000,3,541.180,582.439,28.575,0.0,Stationary
4.12000,4,-542.739,-507.468,28.575,123.2,Rolling
4.12000,5,1238.800,56.416,28.575,0.0,Stationary
4.12000,6,379.830,-91.450,28.575,69.9,Rolling
4.12000,7,638.119,146.506,28.575,0.0,Stationary
4.12000,8,66.452,-264.813,28.575,11.5,Rolling
4.12000,9,661.096,596.915,28.575,0.0,Stationary
4.12000,10,-786.353,-421.005,28.575,186.6,Rolling
4.12000,11,821.749,-534.448,28.575,0.0,Stationary
4.12000,12,1205.167,513.830,28.575,0.0,Stationary
4.12000,13,368.069,42.881,28.575,0.0,Stationary
4.12000,14,1110.271,227.016,28.575,21.8,Rolling
4.12000,15,-274.162,-114.515,28.575,95.3,Rolling
4.12500,0,321.822,-64.343,28.575,9.9,Rolling
4.12500,1,-282.869,460.496,28.575,107.9,Rolling
4.12500,2,1220.223,-25.994,28.575,0.0,Stationary
4.12500,3,541.180,582.439,28.575,0.0,Stationary
4.12500,4,-543.334,-507.314,28.575,122.7,Rolling
4.12500,5,1238.800,56.416,28.575,0.0,Stationary
4.12500,6,379.745,-91.787,28.575,69.4,Rolling
4.12500,7,638.119,146.506,28.575,0.0,Stationary
4.12500,8,66.400,-264.836,28.575,11.0,Rolling
4.12500,9,661.096,596.915,28.575,0.0,Stationary
4.12500,10,-785.450,-421.237,28.575,186.2,Rolling
4.12500,11,821.749,-534.448,28.575,0.0,Stationary
4.12500,12,1205.167,513.830,28.575,0.0,Stationary
4.12500,13,368.069,42.881,28.575,0.0,Stationary
4.12500,14,1110.283,227.123,28.575,21.3,Rolling
4.12500,15,-274.586,-114.300,28.575,94.8,Rolling
4.13000,0,321.774,-64.343,28.575,9.4,Rolling
4.13000,1,-283.332,460.770,28.575,107.4,Rolling
4.13000,2,1220.223,-25.994,28.575,0.0,Stationary
4.13000,3,541.180,582.439,28.575,0.0,Stationary
4.13000,4,-543.927,-507.161,28.575,122.2,Rolling
4.13000,5,1238.800,56.416,28.575,0.0,Stationary
4.13000,6,379.661,-92.123,28.575,68.9,Rolling
4.13000,7,638.119,146.506,28.575,0.0,Stationary
4.13000,8,66.351,-264.858,28.575,10.5,Rolling
4.13000,9,661.096,596.915,28.575,0.0,Stationary
4.13000,10,-784.550,-421.468,28.575,185.7,Rolling
4.13000,11,821.749,-534.448,28.575,0.0,Stationary
4.13000,12,1205.167,513.830,28.575,0.0,Stationary
4.13000,13,368.069,42.881,28.575,0.0,Stationary
4.13000,14,1110.295,227.227,28.575,20.8,Rolling
4.13000,15,-275.008,-114.086,28.575,94.3,Rolling
4.13500,0,321.728,-64.343,28.575,9.0,Rolling
4.13500,1,-283.793,461.043,28.575,106.9,Rolling
4.13500,2,1220.223,-25.994,28.575,0.0,Stationary
4.13500,3,541.180,582.439,28.575,0.0,Stationary
4.13500,4,-544.517,-507.009,28.575,121.7,Rolling
4.13500,5,1238.800,56.416,28.575,0.0,Stationary
4.13500,6,379.577,-92.455,28.575,68.4,Rolling
4.13500,7,638.119,146.506,28.575,0.0,Stationary
4.13500,8,66.304,-264.878,28.575,10.0,Rolling
4.13500,9,661.096,596.915,28.575,0.0,Stationary
4.13500,10,-783.652,-421.698,28.575,185.2,Rolling
4.13500,11,821.749,-534.448,28.575,0.0,Stationary
4.13500,12,1205.167,513.830,28.575,0.0,Stationary
4.13500,13,368.069,42.881,28.575,0.0,Stationary
4.13500,14,1110.307,227.329,28.575,20.3,Rolling
4.13500,15,-275.427,-113.874,28.575,93.8,Rolling
4.14000,0,321.684,-64.344,28.575,8.5,Rolling
4.14000,1,-284.252,461.315,28.575,106.4,Rolling
4.14000,2,1220.223,-25.994,28.575,0.0,Stationary
4.14000,3,541.180,582.439,28.575,0.0,Stationary
4.14000,4,-545.105,-506.857,28.575,121.2,Rolling
4.14000,5,1238.800,56.416,28.575,0.0,Stationary
4.14000,6,379.494,-92.786,28.575,67.9,Rolling
4.14000,7,638.119,146.506,28.575,0.0,Stationary
4.14000,8,66.259,-264.898,28.575,9.5,Rolling
4.14000,9,661.096,596.915,28.575,0.0,Stationary
4.14000,10,-782.756,-421.928,28.575,184.7,Rolling
4.14000,11,821.749,-534.448,28.575,0.0,Stationary
4.14000,12,1205.167,513.830,28.575,0.0,Stationary
4.14000,13,368.069,42.881,28.575,0.0,Stationary
4.14000,14,1110.318,227.429,28.575,19.8,Rolling
4.14000,15,-275.845,-113.663,28.575,93.3,Rolling
4.14500,0,321.643,-64.344,28.575,8.0,Rolling
4.14500,1,-284.708,461.585,28.575,105.9,Rolling
4.14500,2,1220.223,-25.994,28.575,0.0,Stationary
4.14500,3,541.180,582.439,28.575,0.0,Stationary
4.14500,4,-545.691,-506.706,28.575,120.8,Rolling
4.14500,5,1238.800,56.416,28.575,0.0,Stationary
4.14500,6,379.411,-93.114,28.575,67.4,Rolling
4.14500,7,638.119,146.506,28.575,0.0,Stationary
4.14500,8,66.217,-264.917,28.575,9.1,Rolling
4.14500,9,661.096,596.915,28.575,0.0,Stationary
4.14500,10,-781.863,-422.157,28.575,184.2,Rolling
4.14500,11,821.749,-534.448,28.575,0.0,Stationary
4.14500,12,1205.167,513.830,28.575,0.0,Stationary
4.14500,13,368.069,42.881,28.575,0.0,Stationary
4.14500,14,1110.329,227.526,28.575,19.3,Rolling
4.14500,15,-276.260,-113.452,28.575,92.8,Rolling
4.15000,0,321.605,-64.344,28.575,7.5,Rolling
4.15000,1,-285.163,461.854,28.575,105.4,Rolling
4.15000,2,1220.223,-25.994,28.575,0.0,Stationary
4.15000,3,541.180,582.439,28.575,0.0,Stationary
4.15000,4,-546.275,-506.555,28.575,120.3,Rolling
4.15000,5,1238.800,56.416,28.575,0.0,Stationary
4.15000,6,379.329,-93.439,28.575,66.9,Rolling
4.15000,7,638.119,146.506,28.575,0.0,Stationary
4.15000,8,66.176,-264.935,28.575,8.6,Rolling
4.15000,9,661.096,596.915,28.575,0.0,Stationary
4.15000,10,-780.972,-422.386,28.575,183.7,Rolling
4.15000,11,821.749,-534.448,28.575,0.0,Stationary
4.15000,12,1205.167,513.830,28.575,0.0,Stationary
4.15000,13,368.069,42.881,28.575,0.0,Stationary
4.15000,14,1110.340,227.621,28.575,18.8,Rolling
4.15000,15,-276.673,-113.243,28.575,92.3,Rolling
4.15500,0,321.568,-64.344,28.575,7.0,Rolling
4.15500,1,-285.615,462.121,28.575,104.9,Rolling
4.15500,2,1220.223,-25.994,28.575,0.0,Stationary
4.15500,3,541.180,582.439,28.575,0.0,Stationary
4.15500,4,-546.856,-506.405,28.575,119.8,Rolling
4.15500,5,1238.800,56.416,28.575,0.0,Stationary
4.15500,6,379.248,-93.763,28.575,66.4,Rolling
4.15500,7,638.119,146.506,28.575,0.0,Stationary
4.15500,8,66.138,-264.951,28.575,8.1,Rolling
4.15500,9,661.096,596.915,28.575,0.0,Stationary
4.15500,10,-780.083,-422.614,28.575,183.2,Rolling
4.15500,11,821.749,-534.448,28.575,0.0,Stationary
4.15500,12,1205.167,513.830,28.575,0.0,Stationary
4.15500,13,368.069,42.881,28.575,0.0,Stationary
4.15500,14,1110.350,227.713,28.575,18.3,Rolling
4.15500,15,-277.084,-113.035,28.575,91.8,Rolling
4.16000,0,321.535,-64.344,28.575,6.5,Rolling
4.16000,1,-286.066,462.388,28.575,104.4,Rolling
4.16000,2,1220.223,-25.994,28.575,0.0,Stationary
4.16000,3,541.180,582.439,28.575,0.0,Stationary
4.16000,4,-547.434,-506.255,28.575,119.3,Rolling
4.16000,5,1238.800,56.416,28.575,0.0,Stationary
4.16000,6,379.167,-94.084,28.575,65.9,Rolling
4.16000,7,638.119,146.506,28.575,0.0,Stationary
4.16000,8,66.103,-264.967,28.575,7.6,Rolling
4.16000,9,661.096,596.915,28.575,0.0,Stationary
4.16000,10,-779.197,-422.841,28.575,182.7,Rolling
4.16000,11,821.749,-534.448,28.575,0.0,Stationary
4.16000,12,1205.167,513.830,28.575,0.0,Stationary
4.16000,13,368.069,42.881,28.575,0.0,Stationary
4.16000,14,1110.360,227.803,28.575,17.9,Rolling
4.16000,15,-277.492,-112.828,28.575,91.4,Rolling
4.16500,0,321.503,-64.344,28.575,6.0,Rolling
4.16500,1,-286.514,462.653,28.575,103.9,Rolling
4.16500,2,1220.223,-25.994,28.575,0.0,Stationary
4.16500,3,541.180,582.439,28.575,0.0,Stationary
4.16500,4,-548.011,-506.107,28.575,118.8,Rolling
4.16500,5,1238.800,56.416,28.575,0.0,Stationary
4.16500,6,379.087,-94.402,28.575,65.4,Rolling
4.16500,7,638.119,146.506,28.575,0.0,Stationary
4.16500,8,66.069,-264.982,28.575,7.1,Rolling
4.16500,9,661.096,596.915,28.575,0.0,Stationary
4.16500,10,-778.313,-423.068,28.575,182.2,Rolling
4.16500,11,821.749,-534.448,28.575,0.0,Stationary
4.16500,12,1205.167,513.830,28.575,0.0,Stationary
4.16500,13,368.069,42.881,28.575,0.0,Stationary
4.16500,14,1110.370,227.891,28.575,17.4,Rolling
4.16500,15,-277.899,-112.622,28.575,90.9,Rolling
4.17000,0,321.475,-64.344,28.575,5.5,Rolling
4.17000,1,-286.960,462.917,28.575,103.4,Rolling
4.17000,2,1220.223,-25.994,28.575,0.0,Stationary
4.17000,3,541.180,582.439,28.575,0.0,Stationary
4.17000,4,-548.585,-505.958,28.575,118.3,Rolling
4.17000,5,1238.800,56.416,28.575,0.0,Stationary
4.17000,6,379.007,-94.718,28.575,65.0,Rolling
4.17000,7,638.119,146.506,28.575,0.0,Stationary
4.17000,8,66.038,-264.996,28.575,6.6,Rolling
4.17000,9,661.096,596.915,28.575,0.0,Stationary
4.17000,10,-777.432,-423.294,28.575,181.7,Rolling
4.17000,11,821.749,-534.448,28.575,0.0,Stationary
4.17000,12,1205.167,513.830,28.575,0.0,Stationary
4.17000,13,368.069,42.881,28.575,0.0,Stationary
4.17000,14,1110.380,227.976,28.575,16.9,Rolling
4.17000,15,-278.303,-112.418,28.575,90.4,Rolling
4.17500,0,321.448,-64.344,28.575,5.0,Rolling
4.17500,1,-287.404,463.180,28.575,102.9,Rolling
4.17500,2,1220.223,-25.994,28.575,0.0,Stationary
4.17500,3,541.180,582.439,28.575,0.0,Stationary
4.17500,4,-549.156,-505.811,28.575,117.8,Rolling
4.17500,5,1238.800,56.416,28.575,0.0,Stationary
4.17500,6,378.928,-95.032,28.575,64.5,Rolling
4.17500,7,638.119,146.506,28.575,0.0,Stationary
4.17500,8,66.009,-265.008,28.575,6.1,Rolling
4.17500,9,661.096,596.915,28.575,0.0,Stationary
4.17500,10,-776.553,-423.520,28.575,181.3,Rolling
4.17500,11,821.749,-534.448,28.575,0.0,Stationary
4.17500,12,1205.167,513.830,28.575,0.0,Stationary
4.17500,13,368.069,42.881,28.575,0.0,Stationary
4.17500,14,1110.389,228.058,28.575,16.4,Rolling
4.17500,15,-278.705,-112.214,28.575,89.9,Rolling
4.18000,0,321.424,-64.344,28.575,4.5,Rolling
4.18000,1,-287.846,463.441,28.575,102.5,Rolling
4.18000,2,1220.223,-25.994,28.575,0.0,Stationary
4.18000,3,541.180,582.439,28.575,0.0,Stationary
4.18000,4,-549.725,-505.664,28.575,117.3,Rolling
4.18000,5,1238.800,56.416,28.575,0.0,Stationary
4.18000,6,378.850,-95.343,28.575,64.0,Rolling
4.18000,7,638.119,146.506,28.575,0.0,Stationary
4.18000,8,65.982,-265.020,28.575,5.6,Rolling
4.18000,9,661.096,596.915,28.575,0.0,Stationary
4.18000,10,-775.676,-423.745,28.575,180.8,Rolling
4.18000,11,821.749,-534.448,28.575,0.0,Stationary
4.18000,12,1205.167,513.830,28.575,0.0,Stationary
4.18000,13,368.069,42.881,28.575,0.0,Stationary
4.18000,14,1110.398,228.138,28.575,15.9,Rolling
4.18000,15,-279.105,-112.012,28.575,89.4,Rolling
4.18500,0,321.403,-64.344,28.575,4.1,Rolling
4.18500,1,-288.286,463.701,28.575,102.0,Rolling
4.18500,2,1220.223,-25.994,28.575,0.0,Stationary
4.18500,3,541.180,582.439,28.575,0.0,Stationary
4.18500,4,-550.292,-505.518,28.575,116.8,Rolling
4.18500,5,1238.800,56.416,28.575,0.0,Stationary
4.18500,6,378.772,-95.652,28.575,63.5,Rolling
4.18500,7,638.119,146.506,28.575,0.0,Stationary
4.18500,8,65.957,-265.031,28.575,5.1,Rolling
4.18500,9,661.096,596.915,28.575,0.0,Stationary
4.18500,10,-774.802,-423.969,28.575,180.3,Rolling
4.18500,11,821.749,-534.448,28.575,0.0,Stationary
4.18500,12,1205.167,513.830,28.575,0.0,Stationary
4.18500,13,368.069,42.881,28.575,0.0,Stationary
4.18500,14,1110.407,228.216,28.575,15.4,Rolling
4.18500,15,-279.502,-111.810,28.575,88.9,Rolling
4.19000,0,321.384,-64.344,28.575,3.6,Rolling
4.19000,1,-288.724,463.960,28.575,101.5,Rolling
4.19000,2,1220.223,-25.994,28.575,0.0,Stationary
4.19000,3,541.180,582.439,28.575,0.0,Stationary
4.19000,4,-550.857,-505.372,28.575,116.3,Rolling
4.19000,5,1238.800,56.416,28.575,0.0,Stationary
4.19000,6,378.695,-95.959,28.575,63.0,Rolling
4.19000,7,638.119,146.506,28.575,0.0,Stationary
4.19000,8,65.935,-265.041,28.575,4.6,Rolling
4.19000,9,661.096,596.915,28.575,0.0,Stationary
4.19000,10,-773.930,-424.193,28.575,179.8,Rolling
4.19000,11,821.749,-534.448,28.575,0.0,Stationary
4.19000,12,1205.167,513.830,28.575,0.0,Stationary
4.19000,13,368.069,42.881,28.575,0.0,Stationary
4.19000,14,1110.415,228.292,28.575,14.9,Rolling
4.19000,15,-279.898,-111.610,28.575,88.4,Rolling
4.19500,0,321.367,-64.345,28.575,3.1,Rolling
4.19500,1,-289.160,464.218,28.575,101.0,Rolling
4.19500,2,1220.223,-25.994,28.575,0.0,Stationary
4.19500,3,541.180,582.439,28.575,0.0,Stationary
4.19500,4,-551.419,-505.227,28.575,115.9,Rolling
4.19500,5,1238.800,56.416,28.575,0.0,Stationary
4.19500,6,378.618,-96.263,28.575,62.5,Rolling
4.19500,7,638.119,146.506,28.575,0.0,Stationary
4.19500,8,65.915,-265.050,28.575,4.2,Rolling
4.19500,9,661.096,596.915,28.575,0.0,Stationary
4.19500,10,-773.061,-424.416,28.575,179.3,Rolling
4.19500,11,821.749,-534.448,28.575,0.0,Stationary
4.19500,12,1205.167,513.830,28.575,0.0,Stationary
4.19500,13,368.069,42.881,28.575,0.0,Stationary
4.19500,14,1110.424,228.364,28.575,14.4,Rolling
4.19500,15,-280.291,-111.411,28.575,87.9,Rolling
4.20000,0,321.353,-64.345,28.575,2.6,Rolling
4.20000,1,-289.593,464.474,28.575,100.5,Rolling
4.20000,2,1220.223,-25.994,28.575,0.0,Stationary
4.20000,3,541.180,582.439,28.575,0.0,Stationary
4.20000,4,-551.978,-505.082,28.575,115.4,Rolling
4.20000,5,1238.800,56.416,28.575,0.0,Stationary
4.20000,6,378.542,-96.565,28.575,62.0,Rolling
4.20000,7,638.119,146.506,28.575,0.0,Stationary
4.20000,8,65.897,-265.058,28.575,3.7,Rolling
4.20000,9,661.096,596.915,28.575,0.0,Stationary
4.20000,10,-772.194,-424.638,28.575,178.8,Rolling
4.20000,11,821.749,-534.448,28.575,0.0,Stationary
4.20000,12,1205.167,513.830,28.575,0.0,Stationary
4.20000,13,368.069,42.881,28.575,0.0,Stationary
4.20000,14,1110.431,228.435,28.575,13.9,Rolling
4.20000,15,-280.682,-111.213,28.575,87.4,Rolling
4.20500,0,321.341,-64.345,28.575,2.1,Rolling
4.20500,1,-290.025,464.730,28.575,100.0,Rolling
4.20500,2,1220.223,-25.994,28.575,0.0,Stationary
4.20500,3,541.180,582.439,28.575,0.0,Stationary
4.20500,4,-552.536,-504.938,28.575,114.9,Rolling
4.20500,5,1238.800,56.416,28.575,0.0,Stationary
4.20500,6,378.467,-96.865,28.575,61.5,Rolling
4.20500,7,638.119,146.506,28.575,0.0,Stationary
4.20500,8,65.881,-265.065,28.575,3.2,Rolling
4.20500,9,661.096,596.915,28.575,0.0,Stationary
4.20500,10,-771.329,-424.860,28.575,178.3,Rolling
4.20500,11,821.749,-534.448,28.575,0.0,Stationary
4.20500,12,1205.167,513.830,28.575,0.0,Stationary
4.20500,13,368.069,42.881,28.575,0.0,Stationary
4.20500,14,1110.439,228.503,28.575,13.4,Rolling
4.20500,15,-281.071,-111.016,28.575,86.9,Rolling
4.21000,0,321.332,-64.345,28.575,1.6,Rolling
4.21000,1,-290.454,464.984,28.575,99.5,Rolling
4.21000,2,1220.223,-25.994,28.575,0.0,Stationary
4.21000,3,541.180,582.439,28.575,0.0,Stationary
4.21000,4,-553.090,-504.795,28.575,114.4,Rolling
4.21000,5,1238.800,56.416,28.575,0.0,Stationary
4.21000,6,378.392,-97.162,28.575,61.0,Rolling
4.21000,7,638.119,146.506,28.575,0.0,Stationary
4.21000,8,65.868,-265.070,28.575,2.7,Rolling
4.21000,9,661.096,596.915,28.575,0.0,Stationary
4.21000,10,-770.466,-425.082,28.575,177.8,Rolling
4.21000,11,821.749,-534.448,28.575,0.0,Stationary
4.21000,12,1205.167,513.830,28.575,0.0,Stationary
4.21000,13,368.069,42.881,28.575,0.0,Stationary
4.21000,14,1110.446,228.568,28.575,12.9,Rolling
4.21000,15,-281.458,-110.820,28.575,86.5,Rolling
4.21500,0,321.325,-64.345,28.575,1.1,Rolling
4.21500,1,-290.881,465.236,28.575,99.0,Rolling
4.21500,2,1220.223,-25.994,28.575,0.0,Stationary
4.21500,3,541.180,582.439,28.575,0.0,Stationary
4.21500,4,-553.643,-504.652,28.575,113.9,Rolling
4.21500,5,1238.800,56.416,28.575,0.0,Stationary
4.21500,6,378.318,-97.456,28.575,60.5,Rolling
4.21500,7,638.119,146.506,28.575,0.0,Stationary
4.21500,8,65.857,-265.075,28.575,2.2,Rolling
4.21500,9,661.096,596.915,28.575,0.0,Stationary
4.21500,10,-769.606,-425.302,28.575,177.3,Rolling
4.21500,11,821.749,-534.448,28.575,0.0,Stationary
4.21500,12,1205.167,513.830,28.575,0.0,Stationary
4.21500,13,368.069,42.881,28.575,0.0,Stationary
4.21500,14,1110.454,228.631,28.575,12.5,Rolling
4.21500,15,-281.842,-110.625,28.575,86.0,Rolling
4.22000,0,321.321,-64.345,28.575,0.6,Rolling
4.22000,1,-291.306,465.488,28.575,98.5,Rolling
4.22000,2,1220.223,-25.994,28.575,0.0,Stationary
4.22000,3,541.180,582.439,28.575,0.0,Stationary
4.22000,4,-554.193,-504.510,28.575,113.4,Rolling
4.22000,5,1238.800,56.416,28.575,0.0,Stationary
4.22000,6,378.244,-97.749,28.575,60.1,Rolling
4.22000,7,638.119,146.506,28.575,0.0,Stationary
4.22000,8,65.848,-265.079,28.575,1.7,Rolling
4.22000,9,661.096,596.915,28.575,0.0,Stationary
4.22000,10,-768.749,-425.522,28.575,176.8,Rolling
4.22000,11,821.749,-534.448,28.575,0.0,Stationary
4.22000,12,1205.167,513.830,28.575,0.0,Stationary
4.22000,13,368.069,42.881,28.575,0.0,Stationary
4.22000,14,1110.460,228.692,28.575,12.0,Rolling
4.22000,15,-282.225,-110.432,28.575,85.5,Rolling
4.22500,0,321.319,-64.345,28.575,0.1,Rolling
4.22500,1,-291.729,465.738,28.575,98.0,Rolling
4.22500,2,1220.223,-25.994,28.575,0.0,Stationary
4.22500,3,541.180,582.439,28.575,0.0,Stationary
4.22500,4,-554.741,-504.369,28.575,112.9,Rolling
4.22500,5,1238.800,56.416,28.575,0.0,Stationary
4.22500,6,378.171,-98.039,28.575,59.6,Rolling
4.22500,7,638.119,146.506,28.575,0.0,Stationary
4.22500,8,65.841,-265.082,28.575,1.2,Rolling
4.22500,9,661.096,596.915,28.575,0.0,Stationary
4.22500,10,-767.894,-425.742,28.575,176.3,Rolling
4.22500,11,821.749,-534.448,28.575,0.0,Stationary
4.22500,12,1205.167,513.830,28.575,0.0,Stationary
4.22500,13,368.069,42.881,28.575,0.0,Stationary
4.22500,14,1110.467,228.750,28.575,11.5,Rolling
4.22500,15,-282.605,-110.239,28.575,85.0,Rolling
4.23000,0,321.319,-64.345,28.575,0.0,Stationary
4.23000,1,-292.150,465.987,28.575,97.6,Rolling
4.23000,2,1220.223,-25.994,28.575,0.0,Stationary
4.23000,3,541.180,582.439,28.575,0.0,Stationary
4.23000,4,-555.286,-504.228,28.575,112.4,Rolling
4.23000,5,1238.800,56.416,28.575,0.0,Stationary
4.23000,6,378.099,-98.326,28.575,59.1,Rolling
4.23000,7,638.119,146.506,28.575,0.0,Stationary
4.23000,8,65.837,-265.084,28.575,0.7,Rolling
4.23000,9,661.096,596.915,28.575,0.0,Stationary
4.23000,10,-767.041,-425.961,28.575,175.9,Rolling
4.23000,11,821.749,-534.448,28.575,0.0,Stationary
4.23000,12,1205.167,513.830,28.575,0.0,Stationary
4.23000,13,368.069,42.881,28.575,0.0,Stationary
4.23000,14,1110.473,228.806,28.575,11.0,Rolling
4.23000,15,-282.983,-110.048,28.575,84.5,Rolling
4.23500,0,321.319,-64.345,28.575,0.0,Stationary
4.23500,1,-292.569,466.235,28.575,97.1,Rolling
4.23500,2,1220.223,-25.994,28.575,0.0,Stationary
4.23500,3,541.180,582.439,28.575,0.0,Stationary
4.23500,4,-555.830,-504.088,28.575,111.9,Rolling
4.23500,5,1238.800,56.416,28.575,0.0,Stationary
4.23500,6,378.027,-98.612,28.575,58.6,Rolling
4.23500,7,638.119,146.506,28.575,0.0,Stationary
4.23500,8,65.834,-265.085,28.575,0.2,Rolling
4.23500,9,661.096,596.915,28.575,0.0,Stationary
4.23500,10,-766.190,-426.179,28.575,175.4,Rolling
4.23500,11,821.749,-534.448,28.575,0.0,Stationary
4.23500,12,1205.167,513.830,28.575,0.0,Stationary
4.23500,13,368.069,42.881,28.575,0.0,Stationary
4.23500,14,1110.479,228.860,28.575,10.5,Rolling
4.23500,15,-283.359,-109.857,28.575,84.0,Rolling
4.24000,0,321.319,-64.345,28.575,0.0,Stationary
4.24000,1,-292.986,466.481,28.575,96.6,Rolling
4.24000,2,1220.223,-25.994,28.575,0.0,Stationary
4.24000,3,541.180,582.439,28.575,0.0,Stationary
4.24000,4,-556.370,-503.948,28.575,111.4,Rolling
4.24000,5,1238.800,56.416,28.575,0.0,Stationary
4.24000,6,377.956,-98.894,28.575,58.1,Rolling
4.24000,7,638.119,146.506,28.575,0.0,Stationary
4.24000,8,65.834,-265.085,28.575,0.0,Stationary
4.24000,9,661.096,596.915,28.575,0.0,Stationary
4.24000,10,-765.342,-426.396,28.575,174.9,Rolling
4.24000,11,821.749,-534.448,28.575,0.0,Stationary
4.24000,12,1205.167,513.830,28.575,0.0,Stationary
4.24000,13,368.069,42.881,28.575,0.0,Stationary
4.24000,14,1110.485,228.911,28.575,10.0,Rolling
4.24000,15,-283.732,-109.668,28.575,83.5,Rolling
4.24500,0,321.319,-64.345,28.575,0.0,Stationary
4.24500,1,-293.400,466.726,28.575,96.1,Rolling
4.24500,2,1220.223,-25.994,28.575,0.0,Stationary
4.24500,3,541.180,582.439,28.575,0.0,Stationary
4.24500,4,-556.909,-503.809,28.575,110.9,Rolling
4.24500,5,1238.800,56.416,28.575,0.0,Stationary
4.24500,6,377.885,-99.175,28.575,57.6,Rolling
4.24500,7,638.119,146.506,28.575,0.0,Stationary
4.24500,8,65.834,-265.085,28.575,0.0,Stationary
4.24500,9,661.096,596.915,28.575,0.0,Stationary
4.24500,10,-764.496,-426.613,28.575,174.4,Rolling
4.24500,11,821.749,-534.448,28.575,0.0,Stationary
4.24500,12,1205.167,513.830,28.575,0.0,Stationary
4.24500,13,368.069,42.881,28.575,0.0,Stationary
4.24500,14,1110.491,228.959,28.575,9.5,Rolling
4.24500,15,-284.104,-109.480,28.575,83.0,Rolling
4.25000,0,321.319,-64.345,28.575,0.0,Stationary
4.25000,1,-293.813,466.970,28.575,95.6,Rolling
4.25000,2,1220.223,-25.994,28.575,0.0,Stationary
4.25000,3,541.180,582.439,28.575,0.0,Stationary
4.25000,4,-557.444,-503.671,28.575,110.5,Rolling
4.25000,5,1238.800,56.416,28.575,0.0,Stationary
4.25000,6,377.815,-99.453,28.575,57.1,Rolling
4.25000,7,638.119,146.506,28.575,0.0,Stationary
4.25000,8,65.834,-265.085,28.575,0.0,Stationary
4.25000,9,661.096,596.915,28.575,0.0,Stationary
4.25000,10,-763.653,-426.830,28.575,173.9,Rolling
4.25000,11,821.749,-534.448,28.575,0.0,Stationary
4.25000,12,1205.167,513.830,28.575,0.0,Stationary
4.25000,13,368.069,42.881,28.575,0.0,Stationary
4.25000,14,1110.496,229.005,28.575,9.0,Rolling
4.25000,15,-284.473,-109.293,28.575,82.5,Rolling
4.25500,0,321.319,-64.345,28.575,0.0,Stationary
4.25500,1,-294.223,467.213,28.575,95.1,Rolling
4.25500,2,1220.223,-25.994,28.575,0.0,Stationary
4.25500,3,541.180,582.439,28.575,0.0,Stationary
4.25500,4,-557.978,-503.533,28.575,110.0,Rolling
4.25500,5,1238.800,56.416,28.575,0.0,Stationary
4.25500,6,377.746,-99.729,28.575,56.6,Rolling
4.25500,7,638.119,146.506,28.575,0.0,Stationary
4.25500,8,65.834,-265.085,28.575,0.0,Stationary
4.25500,9,661.096,596.915,28.575,0.0,Stationary
4.25500,10,-762.812,-427.046,28.575,173.4,Rolling
4.25500,11,821.749,-534.448,28.575,0.0,Stationary
4.25500,12,1205.167,513.830,28.575,0.0,Stationary
4.25500,13,368.069,42.881,28.575,0.0,Stationary
4.25500,14,1110.501,229.049,28.575,8.5,Rolling
4.25500,15,-284.840,-109.107,28.575,82.0,Rolling
4.26000,0,321.319,-64.345,28.575,0.0,Stationary
4.26000,1,-294.631,467.455,28.575,94.6,Rolling
4.26000,2,1220.223,-25.994,28.575,0.0,Stationary
4.26000,3,541.180,582.439,28.575,0.0,Stationary
4.26000,4,-558.509,-503.396,28.575,109.5,Rolling
4.26000,5,1238.800,56.416,28.575,0.0,Stationary
4.26000,6,377.677,-100.002,28.575,56.1,Rolling
4.26000,7,638.119,146.506,28.575,0.0,Stationary
4.26000,8,65.834,-265.085,28.575,0.0,Stationary
4.26000,9,661.096,596.915,28.575,0.0,Stationary
4.26000,10,-761.973,-427.261,28.575,172.9,Rolling
4.26000,11,821.749,-534.448,28.575,0.0,Stationary
4.26000,12,1205.167,513.830,28.575,0.0,Stationary
4.26000,13,368.069,42.881,28.575,0.0,Stationary
4.26000,14,1110.505,229.090,28.575,8.0,Rolling
4.26000,15,-285.205,-108.922,28.575,81.5,Rolling
4.26500,0,321.319,-64.345,28.575,0.0,Stationary
4.26500,1,-295.037,467.695,28.575,94.1,Rolling
4.26500,2,1220.223,-25.994,28.575,0.0,Stationary
4.26500,3,541.180,582.439,28.575,0.0,Stationary
4.26500,4,-559.038,-503.259,28.575,109.0,Rolling
4.26500,5,1238.800,56.416,28.575,0.0,Stationary
4.26500,6,377.609,-100.273,28.575,55.6,Rolling
4.26500,7,638.119,146.506,28.575,0.0,Stationary
4.26500,8,65.834,-265.085,28.575,0.0,Stationary
4.26500,9,661.096,596.915,28.575,0.0,Stationary
4.26500,10,-761.137,-427.475,28.575,172.4,Rolling
4.26500,11,821.749,-534.448,28.575,0.0,Stationary
4.26500,12,1205.167,513.830,28.575,0.0,Stationary
4.26500,13,368.069,42.881,28.575,0.0,Stationary
4.26500,14,1110.510,229.129,28.575,7.6,Rolling
4.26500,15,-285.567,-108.739,28.575,81.1,Rolling
4.27000,0,321.319,-64.345,28.575,0.0,Stationary
4.27000,1,-295.441,467.934,28.575,93.6,Rolling
4.27000,2,1220.223,-25.994,28.575,0.0,Stationary
4.27000,3,541.180,582.439,28.575,0.0,Stationary
4.27000,4,-559.565,-503.123,28.575,108.5,Rolling
4.27000,5,1238.800,56.416,28.575,0.0,Stationary
4.27000,6,377.541,-100.542,28.575,55.1,Rolling
4.27000,7,638.119,146.506,28.575,0.0,Stationary
4.27000,8,65.834,-265.085,28.575,0.0,Stationary
4.27000,9,661.096,596.915,28.575,0.0,Stationary
4.27000,10,-760.303,-427.689,28.575,171.9,Rolling
4.27000,11,821.749,-534.448,28.575,0.0,Stationary
4.27000,12,1205.167,513.830,28.575,0.0,Stationary
4.27000,13,368.069,42.881,28.575,0.0,Stationary
4.27000,14,1110.514,229.165,28.575,7.1,Rolling
4.27000,15,-285.928,-108.556,28.575,80.6,Rolling
4.27500,0,321.319,-64.345,28.575,0.0,Stationary
4.27500,1,-295.843,468.172,28.575,93.1,Rolling
4.27500,2,1220.223,-25.994,28.575,0.0,Stationary
4.27500,3,541.180,582.439,28.575,0.0,Stationary
4.27500,4,-560.089,-502.988,28.575,108.0,Rolling
4.27500,5,1238.800,56.416,28.575,0.0,Stationary
4.27500,6,377.474,-100.808,28.575,54.7,Rolling
4.27500,7,638.119,146.506,28.575,0.0,Stationary
4.27500,8,65.834,-265.085,28.575,0.0,Stationary
4.27500,9,661.096,596.915,28.575,0.0,Stationary
4.27500,10,-759.472,-427.903,28.575,171.4,Rolling
4.27500,11,821.749,-534.448,28.575,0.0,Stationary
4.27500,12,1205.167,513.830,28.575,0.0,Stationary
4.27500,13,368.069,42.881,28.575,0.0,Stationary
4.27500,14,1110.518,229.199,28.575,6.6,Rolling
4.27500,15,-286.286,-108.375,28.575,80.1,Rolling
4.28000,0,321.319,-64.345,28.575,0.0,Stationary
4.28000,1,-296.243,468.408,28.575,92.7,Rolling
4.28000,2,1220.223,-25.994,28.575,0.0,Stationary
4.28000,3,541.180,582.439,28.575,0.0,Stationary
4.28000,4,-560.610,-502.853,28.575,107.5,Rolling
4.28000,5,1238.800,56.416,28.575,0.0,Stationary
4.28000,6,377.408,-101.072,28.575,54.2,Rolling
4.28000,7,638.119,146.506,28.575,0.0,Stationary
4.28000,8,65.834,-265.085,28.575,0.0,Stationary
4.28000,9,661.096,596.915,28.575,0.0,Stationary
4.28000,10,-758.642,-428.116,28.575,171.0,Rolling
4.28000,11,821.749,-534.448,28.575,0.0,Stationary
4.28000,12,1205.167,513.830,28.575,0.0,Stationary
4.28000,13,368.069,42.881,28.575,0.0,Stationary
4.28000,14,1110.521,229.230,28.575,6.1,Rolling
4.28000,15,-286.642,-108.194,28.575,79.6,Rolling
4.28500,0,321.319,-64.345,28.575,0.0,Stationary
4.28500,1,-296.641,468.643,28.575,92.2,Rolling
4.28500,2,1220.223,-25.994,28.575,0.0,Stationary
4.28500,3,541.180,582.439,28.575,0.0,Stationary
4.28500,4,-561.130,-502.719,28.575,107.0,Rolling
4.28500,5,1238.800,56.416,28.575,0.0,Stationary
4.28500,6,377.342,-101.333,28.575,53.7,Rolling
4.28500,7,638.119,146.506,28.575,0.0,Stationary
4.28500,8,65.834,-265.085,28.575,0.0,Stationary
4.28500,9,661.096,596.915,28.575,0.0,Stationary
4.28500,10,-757.816,-428.328,28.575,170.5,Rolling
4.28500,11,821.749,-534.448,28.575,0.0,Stationary
4.28500,12,1205.167,513.830,28.575,0.0,Stationary
4.28500,13,368.069,42.881,28.575,0.0,Stationary
4.28500,14,1110.524,229.259,28.575,5.6,Rolling
4.28500,15,-286.996,-108.015,28.575,79.1,Rolling
4.29000,0,321.319,-64.345,28.575,0.0,Stationary
4.29000,1,-297.036,468.877,28.575,91.7,Rolling
4.29000,2,1220.223,-25.994,28.575,0.0,Stationary
4.29000,3,541.180,582.439,28.575,0.0,Stationary
4.29000,4,-561.647,-502.586,28.575,106.5,Rolling
4.29000,5,1238.800,56.416,28.575,0.0,Stationary
4.29000,6,377.277,-101.592,28.575,53.2,Rolling
4.29000,7,638.119,146.506,28.575,0.0,Stationary
4.29000,8,65.834,-265.085,28.575,0.0,Stationary
4.29000,9,661.096,596.915,28.575,0.0,Stationary
4.29000,10,-756.991,-428.539,28.575,170.0,Rolling
4.29000,11,821.749,-534.448,28.575,0.0,Stationary
4.29000,12,1205.167,513.830,28.575,0.0,Stationary
4.29000,13,368.069,42.881,28.575,0.0,Stationary
4.29000,14,1110.527,229.286,28.575,5.1,Rolling
4.29000,15,-287.348,-107.837,28.575,78.6,Rolling
4.29500,0,321.319,-64.345,28.575,0.0,Stationary
4.29500,1,-297.430,469.110,28.575,91.2,Rolling
4.29500,2,1220.223,-25.994,28.575,0.0,Stationary
4.29500,3,541.180,582.439,28.575,0.0,Stationary
4.29500,4,-562.161,-502.453,28.575,106.0,Rolling
4.29500,5,1238.800,56.416,28.575,0.0,Stationary
4.29500,6,377.212,-101.849,28.575,52.7,Rolling
4.29500,7,638.119,146.506,28.575,0.0,Stationary
4.29500,8,65.834,-265.085,28.575,0.0,Stationary
4.29500,9,661.096,596.915,28.575,0.0,Stationary
4.29500,10,-756.169,-428.750,28.575,169.5,Rolling
4.29500,11,821.749,-534.448,28.575,0.0,Stationary
4.29500,12,1205.167,513.830,28.575,0.0,Stationary
4.29500,13,368.069,42.881,28.575,0.0,Stationary
4.29500,14,1110.530,229.310,28.575,4.6,Rolling
4.29500,15,-287.697,-107.660,28.575,78.1,Rolling
4.30000,0,321.319,-64.345,28.575,0.0,Stationary
4.30000,1,-297.821,469.342,28.575,90.7,Rolling
4.30000,2,1220.223,-25.994,28.575,0.0,Stationary
4.30000,3,541.180,582.439,28.575,0.0,Stationary
4.30000,4,-562.673,-502.321,28.575,105.6,Rolling
4.30000,5,1238.800,56.416,28.575,0.0,Stationary
4.30000,6,377.148,-102.103,28.575,52.2,Rolling
4.30000,7,638.119,146.506,28.575,0.0,Stationary
4.30000,8,65.834,-265.085,28.575,0.0,Stationary
4.30000,9,661.096,596.915,28.575,0.0,Stationary
4.30000,10,-755.350,-428.960,28.575,169.0,Rolling
4.30000,11,821.749,-534.448,28.575,0.0,Stationary
4.30000,12,1205.167,513.830,28.575,0.0,Stationary
4.30000,13,368.069,42.881,28.575,0.0,Stationary
4.30000,14,1110.533,229.332,28.575,4.1,Rolling
4.30000,15,-288.045,-107.484,28.575,77.6,Rolling
4.30500,0,321.319,-64.345,28.575,0.0,Stationary
4.30500,1,-298.210,469.572,28.575,90.2,Rolling
4.30500,2,1220.223,-25.994,28.575,0.0,Stationary
4.30500,3,541.180,582.439,28.575,0.0,Stationary
4.30500,4,-563.183,-502.189,28.575,105.1,Rolling
4.30500,5,1238.800,56.416,28.575,0.0,Stationary
4.30500,6,377.085,-102.355,28.575,51.7,Rolling
4.30500,7,638.119,146.506,28.575,0.0,Stationary
4.30500,8,65.834,-265.085,28.575,0.0,Stationary
4.30500,9,661.096,596.915,28.575,0.0,Stationary
4.30500,10,-754.532,-429.170,28.575,168.5,Rolling
4.30500,11,821.749,-534.448,28.575,0.0,Stationary
4.30500,12,1205.167,513.830,28.575,0.0,Stationary
4.30500,13,368.069,42.881,28.575,0.0,Stationary
4.30500,14,1110.535,229.351,28.575,3.6,Rolling
4.30500,15,-288.390,-107.309,28.575,77.1,Rolling
4.31000,0,321.319,-64.345,28.575,0.0,Stationary
4.31000,1,-298.597,469.801,28.575,89.7,Rolling
4.31000,2,1220.223,-25.994,28.575,0.0,Stationary
4.31000,3,541.180,582.439,28.575,0.0,Stationary
4.31000,4,-563.691,-502.058,28.575,104.6,Rolling
4.31000,5,1238.800,56.416,28.575,0.0,Stationary
4.31000,6,377.022,-102.605,28.575,51.2,Rolling
4.31000,7,638.119,146.506,28.575,0.0,Stationary
4.31000,8,65.834,-265.085,28.575,0.0,Stationary
4.31000,9,661.096,596.915,28.575,0.0,Stationary
4.31000,10,-753.717,-429.379,28.575,168.0,Rolling
4.31000,11,821.749,-534.448,28.575,0.0,Stationary
4.31000,12,1205.167,513.830,28.575,0.0,Stationary
4.31000,13,368.069,42.881,28.575,0.0,Stationary
4.31000,14,1110.537,229.368,28.575,3.1,Rolling
4.31000,15,-288.733,-107.136,28.575,76.6,Rolling
4.31500,0,321.319,-64.345,28.575,0.0,Stationary
4.31500,1,-298.982,470.029,28.575,89.2,Rolling
4.31500,2,1220.223,-25.994,28.575,0.0,Stationary
4.31500,3,541.180,582.439,28.575,0.0,Stationary
4.31500,4,-564.196,-501.927,28.575,104.1,Rolling
4.31500,5,1238.800,56.416,28.575,0.0,Stationary
4.31500,6,376.959,-102.852,28.575,50.7,Rolling
4.31500,7,638.119,146.506,28.575,0.0,Stationary
4.31500,8,65.834,-265.085,28.575,0.0,Stationary
4.31500,9,661.096,596.915,28.575,0.0,Stationary
4.31500,10,-752.905,-429.588,28.575,167.5,Rolling
4.31500,11,821.749,-534.448,28.575,0.0,Stationary
4.31500,12,1205.167,513.830,28.575,0.0,Stationary
4.31500,13,368.069,42.881,28.575,0.0,Stationary
4.31500,14,1110.538,229.382,28.575,2.7,Rolling
4.31500,15,-289.074,-106.963,28.575,76.2,Rolling
4.32000,0,321.319,-64.345,28.575,0.0,Stationary
4.32000,1,-299.365,470.255,28.575,88.7,Rolling
4.32000,2,1220.223,-25.994,28.575,0.0,Stationary
4.32000,3,541.180,582.439,28.575,0.0,Stationary
4.32000,4,-564.698,-501.798,28.575,103.6,Rolling
4.32000,5,1238.800,56.416,28.575,0.0,Stationary
4.32000,6,376.898,-103.097,28.575,50.2,Rolling
4.32000,7,638.119,146.506,28.575,0.0,Stationary
4.32000,8,65.834,-265.085,28.575,0.0,Stationary
4.32000,9,661.096,596.915,28.575,0.0,Stationary
4.32000,10,-752.095,-429.796,28.575,167.0,Rolling
4.32000,11,821.749,-534.448,28.575,0.0,Stationary
4.32000,12,1205.167,513.830,28.575,0.0,Stationary
4.32000,13,368.069,42.881,28.575,0.0,Stationary
4.32000,14,1110.540,229.394,28.575,2.2,Rolling
4.32000,15,-289.412,-106.792,28.575,75.7,Rolling
4.32500,0,321.319,-64.345,28.575,0.0,Stationary
4.32500,1,-299.746,470.480,28.575,88.2,Rolling
4.32500,2,1220.223,-25.994,28.575,0.0,Stationary
4.32500,3,541.180,582.439,28.575,0.0,Stationary
4.32500,4,-565.199,-501.668,28.575,103.1,Rolling
4.32500,5,1238.800,56.416,28.575,0.0,Stationary
4.32500,6,376.837,-103.339,28.575,49.8,Rolling
4.32500,7,638.119,146.506,28.575,0.0,Stationary
4.32500,8,65.834,-265.085,28.575,0.0,Stationary
4.32500,9,661.096,596.915,28.575,0.0,Stationary
4.32500,10,-751.287,-430.003,28.575,166.5,Rolling
4.32500,11,821.749,-534.448,28.575,0.0,Stationary
4.32500,12,1205.167,513.830,28.575,0.0,Stationary
4.32500,13,368.069,42.881,28.575,0.0,Stationary
4.32500,14,1110.541,229.404,28.575,1.7,Rolling
4.32500,15,-289.749,-106.621,28.575,75.2,Rolling
4.33000,0,321.319,-64.345,28.575,0.0,Stationary
4.33000,1,-300.125,470.704,28.575,87.7,Rolling
4.33000,2,1220.223,-25.994,28.575,0.0,Stationary
4.33000,3,541.180,582.439,28.575,0.0,Stationary
4.33000,4,-565.697,-501.540,28.575,102.6,Rolling
4.33000,5,1238.800,56.416,28.575,0.0,Stationary
4.33000,6,376.776,-103.579,28.575,49.3,Rolling
4.33000,7,638.119,146.506,28.575,0.0,Stationary
4.33000,8,65.834,-265.085,28.575,0.0,Stationary
4.33000,9,661.096,596.915,28.575,0.0,Stationary
4.33000,10,-750.482,-430.210,28.575,166.1,Rolling
4.33000,11,821.749,-534.448,28.575,0.0,Stationary
4.33000,12,1205.167,513.830,28.575,0.0,Stationary
4.33000,13,368.069,42.881,28.575,0.0,Stationary
4.33000,14,1110.541,229.411,28.575,1.2,Rolling
4.33000,15,-290.083,-106.452,28.575,74.7,Rolling
4.33500,0,321.319,-64.345,28.575,0.0,Stationary
4.33500,1,-300.501,470.927,28.575,87.3,Rolling
4.33500,2,1220.223,-25.994,28.575,0.0,Stationary
4.33500,3,541.180,582.439,28.575,0.0,Stationary
4.33500,4,-566.192,-501.412,28.575,102.1,Rolling
4.33500,5,1238.800,56.416,28.575,0.0,Stationary
4.33500,6,376.717,-103.817,28.575,48.8,Rolling
4.33500,7,638.119,146.506,28.575,0.0,Stationary
4.33500,8,65.834,-265.085,28.575,0.0,Stationary
4.33500,9,661.096,596.915,28.575,0.0,Stationary
4.33500,10,-749.679,-430.416,28.575,165.6,Rolling
4.33500,11,821.749,-534.448,28.575,0.0,Stationary
4.33500,12,1205.167,513.830,28.575,0.0,Stationary
4.33500,13,368.069,42.881,28.575,0.0,Stationary
4.33500,14,1110.542,229.416,28.575,0.7,Rolling
4.33500,15,-290.415,-106.284,28.575,74.2,Rolling
4.34000,0,321.319,-64.345,28.575,0.0,Stationary
4.34000,1,-300.876,471.149,28.575,86.8,Rolling
4.34000,2,1220.223,-25.994,28.575,0.0,Stationary
4.34000,3,541.180,582.439,28.575,0.0,Stationary
4.34000,4,-566.686,-501.285,28.575,101.6,Rolling
4.34000,5,1238.800,56.416,28.575,0.0,Stationary
4.34000,6,376.657,-104.052,28.575,48.3,Rolling
4.34000,7,638.119,146.506,28.575,0.0,Stationary
4.34000,8,65.834,-265.085,28.575,0.0,Stationary
4.34000,9,661.096,596.915,28.575,0.0,Stationary
4.34000,10,-748.878,-430.621,28.575,165.1,Rolling
4.34000,11,821.749,-534.448,28.575,0.0,Stationary
4.34000,12,1205.167,513.830,28.575,0.0,Stationary
4.34000,13,368.069,42.881,28.575,0.0,Stationary
4.34000,14,1110.542,229.418,28.575,0.2,Rolling
4.34000,15,-290.745,-106.117,28.575,73.7,Rolling
4.34500,0,321.319,-64.345,28.575,0.0,Stationary
4.34500,1,-301.248,471.369,28.575,86.3,Rolling
4.34500,2,1220.223,-25.994,28.575,0.0,Stationary
4.34500,3,541.180,582.439,28.575,0.0,Stationary
4.34500,4,-567.176,-501.158,28.575,101.1,Rolling
4.34500,5,1238.800,56.416,28.575,0.0,Stationary
4.34500,6,376.599,-104.285,28.575,47.8,Rolling
4.34500,7,638.119,146.506,28.575,0.0,Stationary
4.34500,8,65.834,-265.085,28.575,0.0,Stationary
4.34500,9,661.096,596.915,28.575,0.0,Stationary
4.34500,10,-748.080,-430.826,28.575,164.6,Rolling
4.34500,11,821.749,-534.448,28.575,0.0,Stationary
4.34500,12,1205.167,513.830,28.575,0.0,Stationary
4.34500,13,368.069,42.881,28.575,0.0,Stationary
4.34500,14,1110.542,229.418,28.575,0.0,Stationary
4.34500,15,-291.073,-105.951,28.575,73.2,Rolling
4.35000,0,321.319,-64.345,28.575,0.0,Stationary
4.35000,1,-301.618,471.588,28.575,85.8,Rolling
4.35000,2,1220.223,-25.994,28.575,0.0,Stationary
4.35000,3,541.180,582.439,28.575,0.0,Stationary
4.35000,4,-567.665,-501.032,28.575,100.7,Rolling
4.35000,5,1238.800,56.416,28.575,0.0,Stationary
4.35000,6,376.541,-104.515,28.575,47.3,Rolling
4.35000,7,638.119,146.506,28.575,0.0,Stationary
4.35000,8,65.834,-265.085,28.575,0.0,Stationary
4.35000,9,661.096,596.915,28.575,0.0,Stationary
4.35000,10,-747.284,-431.030,28.575,164.1,Rolling
4.35000,11,821.749,-534.448,28.575,0.0,Stationary
4.35000,12,1205.167,513.830,28.575,0.0,Stationary
4.35000,13,368.069,42.881,28.575,0.0,Stationary
4.35000,14,1110.542,229.418,28.575,0.0,Stationary
4.35000,15,-291.398,-105.786,28.575,72.7,Rolling
4.35500,0,321.319,-64.345,28.575,0.0,Stationary
4.35500,1,-301.986,471.806,28.575,85.3,Rolling
4.35500,2,1220.223,-25.994,28.575,0.0,Stationary
4.35500,3,541.180,582.439,28.575,0.0,Stationary
4.35500,4,-568.151,-500.906,28.575,100.2,Rolling
4.35500,5,1238.800,56.416,28.575,0.0,Stationary
4.35500,6,376.483,-104.744,28.575,46.8,Rolling
4.35500,7,638.119,146.506,28.575,0.0,Stationary
4.35500,8,65.834,-265.085,28.575,0.0,Stationary
4.35500,9,661.096,596.915,28.575,0.0,Stationary
4.35500,10,-746.490,-431.234,28.575,163.6,Rolling
4.35500,11,821.749,-534.448,28.575,0.0,Stationary
4.35500,12,1205.167,513.830,28.575,0.0,Stationary
4.35500,13,368.069,42.881,28.575,0.0,Stationary
4.35500,14,1110.542,229.418,28.575,0.0,Stationary
4.35500,15,-291.721,-105.622,28.575,72.2,Rolling
4.36000,0,321.319,-64.345,28.575,0.0,Stationary
4.36000,1,-302.352,472.022,28.575,84.8,Rolling
4.36000,2,1220.223,-25.994,28.575,0.0,Stationary
4.36000,3,541.180,582.439,28.575,0.0,Stationary
4.36000,4,-568.635,-500.781,28.575,99.7,Rolling
4.36000,5,1238.800,56.416,28.575,0.0,Stationary
4.36000,6,376.426,-104.969,28.575,46.3,Rolling
4.36000,7,638.119,146.506,28.575,0.0,Stationary
4.36000,8,65.834,-265.085,28.575,0.0,Stationary
4.36000,9,661.096,596.915,28.575,0.0,Stationary
4.36000,10,-745.699,-431.437,28.575,163.1,Rolling
4.36000,11,821.749,-534.448,28.575,0.0,Stationary
4.36000,12,1205.167,513.830,28.575,0.0,Stationary
4.36000,13,368.069,42.881,28.575,0.0,Stationary
4.36000,14,1110.542,229.418,28.575,0.0,Stationary
4.36000,15,-292.042,-105.460,28.575,71.7,Rolling
4.36500,0,321.319,-64.345,28.575,0.0,Stationary
4.36500,1,-302.716,472.237,28.575,84.3,Rolling
4.36500,2,1220.223,-25.994,28.575,0.0,Stationary
4.36500,3,541.180,582.439,28.575,0.0,Stationary
4.36500,4,-569.116,-500.657,28.575,99.2,Rolling
4.36500,5,1238.800,56.416,28.575,0.0,Stationary
4.36500,6,376.370,-105.193,28.575,45.8,Rolling
4.36500,7,638.119,146.506,28.575,0.0,Stationary
4.36500,8,65.834,-265.085,28.575,0.0,Stationary
4.36500,9,661.096,596.915,28.575,0.0,Stationary
4.36500,10,-744.910,-431.639,28.575,162.6,Rolling
4.36500,11,821.749,-534.448,28.575,0.0,Stationary
4.36500,12,1205.167,513.830,28.575,0.0,Stationary
4.36500,13,368.069,42.881,28.575,0.0,Stationary
4.36500,14,1110.542,229.418,28.575,0.0,Stationary
4.36500,15,-292.361,-105.298,28.575,71.3,Rolling
4.37000,0,321.319,-64.345,28.575,0.0,Stationary
4.37000,1,-303.078,472.451,28.575,83.8,Rolling
4.37000,2,1220.223,-25.994,28.575,0.0,Stationary
4.37000,3,541.180,582.439,28.575,0.0,Stationary
4.37000,4,-569.595,-500.533,28.575,98.7,Rolling
4.37000,5,1238.800,56.416,28.575,0.0,Stationary
4.37000,6,376.314,-105.414,28.575,45.3,Rolling
4.37000,7,638.119,146.506,28.575,0.0,Stationary
4.37000,8,65.834,-265.085,28.575,0.0,Stationary
4.37000,9,661.096,596.915,28.575,0.0,Stationary
4.37000,10,-744.124,-431.841,28.575,162.1,Rolling
4.37000,11,821.749,-534.448,28.575,0.0,Stationary
4.37000,12,1205.167,513.830,28.575,0.0,Stationary
4.37000,13,368.069,42.881,28.575,0.0,Stationary
4.37000,14,1110.542,229.418,28.575,0.0,Stationary
4.37000,15,-292.678,-105.138,28.575,70.8,Rolling
4.37500,0,321.319,-64.345,28.575,0.0,Stationary
4.37500,1,-303.438,472.664,28.575,83.3,Rolling
4.37500,2,1220.223,-25.994,28.575,0.0,Stationary
4.37500,3,541.180,582.439,28.575,0.0,Stationary
4.37500,4,-570.072,-500.410,28.575,98.2,Rolling
4.37500,5,1238.800,56.416,28.575,0.0,Stationary
4.37500,6,376.259,-105.633,28.575,44.9,Rolling
4.37500,7,638.119,146.506,28.575,0.0,Stationary
4.37500,8,65.834,-265.085,28.575,0.0,Stationary
4.37500,9,661.096,596.915,28.575,0.0,Stationary
4.37500,10,-743.340,-432.042,28.575,161.6,Rolling
4.37500,11,821.749,-534.448,28.575,0.0,Stationary
4.37500,12,1205.167,513.830,28.575,0.0,Stationary
4.37500,13,368.069,42.881,28.575,0.0,Stationary
4.37500,14,1110.542,229.418,28.575,0.0,Stationary
4.37500,15,-292.993,-104.978,28.575,70.3,Rolling
4.38000,0,321.319,-64.345,28.575,0.0,Stationary
4.38000,1,-303.795,472.876,28.575,82.8,Rolling
4.38000,2,1220.223,-25.994,28.575,0.0,Stationary
4.38000,3,541.180,582.439,28.575,0.0,Stationary
4.38000,4,-570.546,-500.288,28.575,97.7,Rolling
4.38000,5,1238.800,56.416,28.575,0.0,Stationary
4.38000,6,376.205,-105.849,28.575,44.4,Rolling
4.38000,7,638.119,146.506,28.575,0.0,Stationary
4.38000,8,65.834,-265.085,28.575,0.0,Stationary
4.38000,9,661.096,596.915,28.575,0.0,Stationary
4.38000,10,-742.558,-432.243,28.575,161.1,Rolling
4.38000,11,821.749,-534.448,28.575,0.0,Stationary
4.38000,12,1205.167,513.830,28.575,0.0,Stationary
4.38000,13,368.069,42.881,28.575,0.0,Stationary
4.38000,14,1110.542,229.418,28.575,0.0,Stationary
4.38000,15,-293.305,-104.820,28.575,69.8,Rolling
4.38500,0,321.319,-64.345,28.575,0.0,Stationary
4.38500,1,-304.151,473.086,28.575,82.4,Rolling
4.38500,2,1220.223,-25.994,28.575,0.0,Stationary
4.38500,3,541.180,582.439,28.575,0.0,Stationary
4.38500,4,-571.018,-500.166,28.575,97.2,Rolling
4.38500,5,1238.800,56.416,28.575,0.0,Stationary
4.38500,6,376.151,-106.063,28.575,43.9,Rolling
4.38500,7,638.119,146.506,28.575,0.0,Stationary
4.38500,8,65.834,-265.085,28.575,0.0,Stationary
4.38500,9,661.096,596.915,28.575,0.0,Stationary
4.38500,10,-741.779,-432.443,28.575,160.7,Rolling
4.38500,11,821.749,-534.448,28.575,0.0,Stationary
4.38500,12,1205.167,513.830,28.575,0.0,Stationary
4.38500,13,368.069,42.881,28.575,0.0,Stationary
4.38500,14,1110.542,229.418,28.575,0.0,Stationary
4.38500,15,-293.615,-104.663,28.575,69.3,Rolling
4.39000,0,321.319,-64.345,28.575,0.0,Stationary
4.39000,1,-304.504,473.295,28.575,81.9,Rolling
4.39000,2,1220.223,-25.994,28.575,0.0,Stationary
4.39000,3,541.180,582.439,28.575,0.0,Stationary
4.39000,4,-571.487,-500.045,28.575,96.7,Rolling
4.39000,5,1238.800,56.416,28.575,0.0,Stationary
4.39000,6,376.098,-106.274,28.575,43.4,Rolling
4.39000,7,638.119,146.506,28.575,0.0,Stationary
4.39000,8,65.834,-265.085,28.575,0.0,Stationary
4.39000,9,661.096,596.915,28.575,0.0,Stationary
4.39000,10,-741.002,-432.642,28.575,160.2,Rolling
4.39000,11,821.749,-534.448,28.575,0.0,Stationary
4.39000,12,1205.167,513.830,28.575,0.0,Stationary
4.39000,13,368.069,42.881,28.575,0.0,Stationary
4.39000,14,1110.542,229.418,28.575,0.0,Stationary
4.39000,15,-293.923,-104.507,28.575,68.8,Rolling
4.39500,0,321.319,-64.345,28.575,0.0,Stationary
4.39500,1,-304.855,473.503,28.575,81.4,Rolling
4.39500,2,1220.223,-25.994,28.575,0.0,Stationary
4.39500,3,541.180,582.439,28.575,0.0,Stationary
4.39500,4,-571.954,-499.924,28.575,96.2,Rolling
4.39500,5,1238.800,56.416,28.575,0.0,Stationary
4.39500,6,376.045,-106.483,28.575,42.9,Rolling
4.39500,7,638.119,146.506,28.575,0.0,Stationary
4.39500,8,65.834,-265.085,28.575,0.0,Stationary
4.39500,9,661.096,596.915,28.575,0.0,Stationary
4.39500,10,-740.228,-432.841,28.575,159.7,Rolling
4.39500,11,821.749,-534.448,28.575,0.0,Stationary
4.39500,12,1205.167,513.830,28.575,0.0,Stationary
4.39500,13,368.069,42.881,28.575,0.0,Stationary
4.39500,14,1110.542,229.418,28.575,0.0,Stationary
4.39500,15,-294.229,-104.352,28.575,68.3,Rolling
4.40000,0,321.319,-64.345,28.575,0.0,Stationary
4.40000,1,-305.204,473.709,28.575,80.9,Rolling
4.40000,2,1220.223,-25.994,28.575,0.0,Stationary
4.40000,3,541.180,582.439,28.575,0.0,Stationary
4.40000,4,-572.419,-499.804,28.575,95.7,Rolling
4.40000,5,1238.800,56.416,28.575,0.0,Stationary
4.40000,6,375.993,-106.690,28.575,42.4,Rolling
4.40000,7,638.119,146.506,28.575,0.0,Stationary
4.40000,8,65.834,-265.085,28.575,0.0,Stationary
4.40000,9,661.096,596.915,28.575,0.0,Stationary
4.40000,10,-739.455,-433.039,28.575,159.2,Rolling
4.40000,11,821.749,-534.448,28.575,0.0,Stationary
4.40000,12,1205.167,513.830,28.575,0.0,Stationary
4.40000,13,368.069,42.881,28.575,0.0,Stationary
4.40000,14,1110.542,229.418,28.575,0.0,Stationary
4.40000,15,-294.533,-104.198,28.575,67.8,Rolling
4.40500,0,321.319,-64.345,28.575,0.0,Stationary
4.40500,1,-305.551,473.915,28.575,80.4,Rolling
4.40500,2,1220.223,-25.994,28.575,0.0,Stationary
4.40500,3,541.180,582.439,28.575,0.0,Stationary
4.40500,4,-572.881,-499.685,28.575,95.3,Rolling
4.40500,5,1238.800,56.416,28.575,0.0,Stationary
4.40500,6,375.942,-106.895,28.575,41.9,Rolling
4.40500,7,638.119,146.506,28.575,0.0,Stationary
4.40500,8,65.834,-265.085,28.575,0.0,Stationary
4.40500,9,661.096,596.915,28.575,0.0,Stationary
4.40500,10,-738.686,-433.236,28.575,158.7,Rolling
4.40500,11,821.749,-534.448,28.575,0.0,Stationary
4.40500,12,1205.167,513.830,28.575,0.0,Stationary
4.40500,13,368.069,42.881,28.575,0.0,Stationary
4.40500,14,1110.542,229.418,28.575,0.0,Stationary
4.40500,15,-294.834,-104.046,28.575,67.3,Rolling
4.41000,0,321.319,-64.345,28.575,0.0,Stationary
4.41000,1,-305.896,474.119,28.575,79.9,Rolling
4.41000,2,1220.223,-25.994,28.575,0.0,Stationary
4.41000,3,541.180,582.439,28.575,0.0,Stationary
4.41000,4,-573.341,-499.566,28.575,94.8,Rolling
4.41000,5,1238.800,56.416,28.575,0.0,Stationary
4.41000,6,375.891,-107.097,28.575,41.4,Rolling
4.41000,7,638.119,146.506,28.575,0.0,Stationary
4.41000,8,65.834,-265.085,28.575,0.0,Stationary
4.41000,9,661.096,596.915,28.575,0.0,Stationary
4.41000,10,-737.918,-433.433,28.575,158.2,Rolling
4.41000,11,821.749,-534.448,28.575,0.0,Stationary
4.41000,12,1205.167,513.830,28.575,0.0,Stationary
4.41000,13,368.069,42.881,28.575,0.0,Stationary
4.41000,14,1110.542,229.418,28.575,0.0,Stationary
4.41000,15,-295.133,-103.894,28.575,66.8,Rolling
4.41500,0,321.319,-64.345,28.575,0.0,Stationary
4.41500,1,-306.239,474.321,28.575,79.4,Rolling
4.41500,2,1220.223,-25.994,28.575,0.0,Stationary
4.41500,3,541.180,582.439,28.575,0.0,Stationary
4.41500,4,-573.799,-499.448,28.575,94.3,Rolling
4.41500,5,1238.800,56.416,28.575,0.0,Stationary
4.41500,6,375.841,-107.296,28.575,40.9,Rolling
4.41500,7,638.119,146.506,28.575,0.0,Stationary
4.41500,8,65.834,-265.085,28.575,0.0,Stationary
4.41500,9,661.096,596.915,28.575,0.0,Stationary
4.41500,10,-737.153,-433.630,28.575,157.7,Rolling
4.41500,11,821.749,-534.448,28.575,0.0,Stationary
4.41500,12,1205.167,513.830,28.575,0.0,Stationary
4.41500,13,368.069,42.881,28.575,0.0,Stationary
4.41500,14,1110.542,229.418,28.575,0.0,Stationary
4.41500,15,-295.430,-103.744,28.575,66.3,Rolling
4.42000,0,321.319,-64.345,28.575,0.0,Stationary
4.42000,1,-306.580,474.523,28.575,78.9,Rolling
4.42000,2,1220.223,-25.994,28.575,0.0,Stationary
4.42000,3,541.180,582.439,28.575,0.0,Stationary
4.42000,4,-574.254,-499.330,28.575,93.8,Rolling
4.42000,5,1238.800,56.416,28.575,0.0,Stationary
4.42000,6,375.791,-107.493,28.575,40.4,Rolling
4.42000,7,638.119,146.506,28.575,0.0,Stationary
4.42000,8,65.834,-265.085,28.575,0.0,Stationary
4.42000,9,661.096,596.915,28.575,0.0,Stationary
4.42000,10,-736.391,-433.825,28.575,157.2,Rolling
4.42000,11,821.749,-534.448,28.575,0.0,Stationary
4.42000,12,1205.167,513.830,28.575,0.0,Stationary
4.42000,13,368.069,42.881,28.575,0.0,Stationary
4.42000,14,1110.542,229.418,28.575,0.0,Stationary
4.42000,15,-295.725,-103.595,28.575,65.9,Rolling
4.42500,0,321.319,-64.345,28.575,0.0,Stationary
4.42500,1,-306.918,474.723,28.575,78.4,Rolling
4.42500,2,1220.223,-25.994,28.575,0.0,Stationary
4.42500,3,541.180,582.439,28.575,0.0,Stationary
4.42500,4,-574.707,-499.213,28.575,93.3,Rolling
4.42500,5,1238.800,56.416,28.575,0.0,Stationary
4.42500,6,375.742,-107.688,28.575,39.9,Rolling
4.42500,7,638.119,146.506,28.575,0.0,Stationary
4.42500,8,65.834,-265.085,28.575,0.0,Stationary
4.42500,9,661.096,596.915,28.575,0.0,Stationary
4.42500,10,-735.630,-434.020,28.575,156.7,Rolling
4.42500,11,821.749,-534.448,28.575,0.0,Stationary
4.42500,12,1205.167,513.830,28.575,0.0,Stationary
4.42500,13,368.069,42.881,28.575,0.0,Stationary
4.42500,14,1110.542,229.418,28.575,0.0,Stationary
4.42500,15,-296.018,-103.446,28.575,65.4,Rolling
4.43000,0,321.319,-64.345,28.575,0.0,Stationary
4.43000,1,-307.255,474.922,28.575,77.9,Rolling
4.43000,2,1220.223,-25.994,28.575,0.0,Stationary
4.43000,3,541.180,582.439,28.575,0.0,Stationary
4.43000,4,-575.157,-499.097,28.575,92.8,Rolling
4.43000,5,1238.800,56.416,28.575,0.0,Stationary
4.43000,6,375.693,-107.881,28.575,39.5,Rolling
4.43000,7,638.119,146.506,28.575,0.0,Stationary
4.43000,8,65.834,-265.085,28.575,0.0,Stationary
4.43000,9,661.096,596.915,28.575,0.0,Stationary
4.43000,10,-734.872,-434.215,28.575,156.2,Rolling
4.43000,11,821.749,-534.448,28.575,0.0,Stationary
4.43000,12,1205.167,513.830,28.575,0.0,Stationary
4.43000,13,368.069,42.881,28.575,0.0,Stationary
4.43000,14,1110.542,229.418,28.575,0.0,Stationary
4.43000,15,-296.308,-103.299,28.575,64.9,Rolling
4.43500,0,321.319,-64.345,28.575,0.0,Stationary
4.43500,1,-307.589,475.120,28.575,77.5,Rolling
4.43500,2,1220.223,-25.994,28.575,0.0,Stationary
4.43500,3,541.180,582.439,28.575,0.0,Stationary
4.43500,4,-575.606,-498.981,28.575,92.3,Rolling
4.43500,5,1238.800,56.416,28.575,0.0,Stationary
4.43500,6,375.645,-108.071,28.575,39.0,Rolling
4.43500,7,638.119,146.506,28.575,0.0,Stationary
4.43500,8,65.834,-265.085,28.575,0.0,Stationary
4.43500,9,661.096,596.915,28.575,0.0,Stationary
4.43500,10,-734.117,-434.409,28.575,155.8,Rolling
4.43500,11,821.749,-534.448,28.575,0.0,Stationary
4.43500,12,1205.167,513.830,28.575,0.0,Stationary
4.43500,13,368.069,42.881,28.575,0.0,Stationary
4.43500,14,1110.542,229.418,28.575,0.0,Stationary
4.43500,15,-296.597,-103.153,28.575,64.4,Rolling
4.44000,0,321.319,-64.345,28.575,0.0,Stationary
4.44000,1,-307.921,475.317,28.575,77.0,Rolling
4.44000,2,1220.223,-25.994,28.575,0.0,Stationary
4.44000,3,541.180,582.439,28.575,0.0,Stationary
4.44000,4,-576.051,-498.866,28.575,91.8,Rolling
4.44000,5,1238.800,56.416,28.575,0.0,Stationary
4.44000,6,375.598,-108.259,28.575,38.5,Rolling
4.44000,7,638.119,146.506,28.575,0.0,Stationary
4.44000,8,65.834,-265.085,28.575,0.0,Stationary
4.44000,9,661.096,596.915,28.575,0.0,Stationary
4.44000,10,-733.364,-434.602,28.575,155.3,Rolling
4.44000,11,821.749,-534.448,28.575,0.0,Stationary
4.44000,12,1205.167,513.830,28.575,0.0,Stationary
4.44000,13,368.069,42.881,28.575,0.0,Stationary
4.44000,14,1110.542,229.418,28.575,0.0,Stationary
4.44000,15,-296.883,-103.008,28.575,63.9,Rolling
4.44500,0,321.319,-64.345,28.575,0.0,Stationary
4.44500,1,-308.252,475.512,28.575,76.5,Rolling
4.44500,2,1220.223,-25.994,28.575,0.0,Stationary
4.44500,3,541.180,582.439,28.575,0.0,Stationary
4.44500,4,-576.495,-498.752,28.575,91.3,Rolling
4.44500,5,1238.800,56.416,28.575,0.0,Stationary
4.44500,6,375.552,-108.444,28.575,38.0,Rolling
4.44500,7,638.119,146.506,28.575,0.0,Stationary
4.44500,8,65.834,-265.085,28.575,0.0,Stationary
4.44500,9,661.096,596.915,28.575,0.0,Stationary
4.44500,10,-732.613,-434.795,28.575,154.8,Rolling
4.44500,11,821.749,-534.448,28.575,0.0,Stationary
4.44500,12,1205.167,513.830,28.575,0.0,Stationary
4.44500,13,368.069,42.881,28.575,0.0,Stationary
4.44500,14,1110.542,229.418,28.575,0.0,Stationary
4.44500,15,-297.167,-102.864,28.575,63.4,Rolling
4.45000,0,321.319,-64.345,28.575,0.0,Stationary
4.45000,1,-308.580,475.706,28.575,76.0,Rolling
4.45000,2,1220.223,-25.994,28.575,0.0,Stationary
4.45000,3,541.180,582.439,28.575,0.0,Stationary
4.45000,4,-576.936,-498.638,28.575,90.8,Rolling
4.45000,5,1238.800,56.416,28.575,0.0,Stationary
4.45000,6,375.505,-108.627,28.575,37.5,Rolling
4.45000,7,638.119,146.506,28.575,0.0,Stationary
4.45000,8,65.834,-265.085,28.575,0.0,Stationary
4.45000,9,661.096,596.915,28.575,0.0,Stationary
4.45000,10,-731.865,-434.987,28.575,154.3,Rolling
4.45000,11,821.749,-534.448,28.575,0.0,Stationary
4.45000,12,1205.167,513.830,28.575,0.0,Stationary
4.45000,13,368.069,42.881,28.575,0.0,Stationary
4.45000,14,1110.542,229.418,28.575,0.0,Stationary
4.45000,15,-297.448,-102.722,28.575,62.9,Rolling
4.45500,0,321.319,-64.345,28.575,0.0,Stationary
4.45500,1,-308.906,475.899,28.575,75.5,Rolling
4.45500,2,1220.223,-25.994,28.575,0.0,Stationary
4.45500,3,541.180,582.439,28.575,0.0,Stationary
4.45500,4,-577.374,-498.525,28.575,90.4,Rolling
4.45500,5,1238.800,56.416,28.575,0.0,Stationary
4.45500,6,375.460,-108.808,28.575,37.0,Rolling
4.45500,7,638.119,146.506,28.575,0.0,Stationary
4.45500,8,65.834,-265.085,28.575,0.0,Stationary
4.45500,9,661.096,596.915,28.575,0.0,Stationary
4.45500,10,-731.118,-435.178,28.575,153.8,Rolling
4.45500,11,821.749,-534.448,28.575,0.0,Stationary
4.45500,12,1205.167,513.830,28.575,0.0,Stationary
4.45500,13,368.069,42.881,28.575,0.0,Stationary
4.45500,14,1110.542,229.418,28.575,0.0,Stationary
4.45500,15,-297.728,-102.580,28.575,62.4,Rolling
4.46000,0,321.319,-64.345,28.575,0.0,Stationary
4.46000,1,-309.229,476.090,28.575,75.0,Rolling
4.46000,2,1220.223,-25.994,28.575,0.0,Stationary
4.46000,3,541.180,582.439,28.575,0.0,Stationary
4.46000,4,-577.811,-498.412,28.575,89.9,Rolling
4.46000,5,1238.800,56.416,28.575,0.0,Stationary
4.46000,6,375.415,-108.986,28.575,36.5,Rolling
4.46000,7,638.119,146.506,28.575,0.0,Stationary
4.46000,8,65.834,-265.085,28.575,0.0,Stationary
4.46000,9,661.096,596.915,28.575,0.0,Stationary
4.46000,10,-730.375,-435.369,28.575,153.3,Rolling
4.46000,11,821.749,-534.448,28.575,0.0,Stationary
4.46000,12,1205.167,513.830,28.575,0.0,Stationary
4.46000,13,368.069,42.881,28.575,0.0,Stationary
4.46000,14,1110.542,229.418,28.575,0.0,Stationary
4.46000,15,-298.005,-102.440,28.575,61.9,Rolling
4.46500,0,321.319,-64.345,28.575,0.0,Stationary
4.46500,1,-309.551,476.281,28.575,74.5,Rolling
4.46500,2,1220.223,-25.994,28.575,0.0,Stationary
4.46500,3,541.180,582.439,28.575,0.0,Stationary
4.46500,4,-578.244,-498.300,28.575,89.4,Rolling
4.46500,5,1238.800,56.416,28.575,0.0,Stationary
4.46500,6,375.371,-109.162,28.575,36.0,Rolling
4.46500,7,638.119,146.506,28.575,0.0,Stationary
4.46500,8,65.834,-265.085,28.575,0.0,Stationary
4.46500,9,661.096,596.915,28.575,0.0,Stationary
4.46500,10,-729.634,-435.559,28.575,152.8,Rolling
4.46500,11,821.749,-534.448,28.575,0.0,Stationary
4.46500,12,1205.167,513.830,28.575,0.0,Stationary
4.46500,13,368.069,42.881,28.575,0.0,Stationary
4.46500,14,1110.542,229.418,28.575,0.0,Stationary
4.46500,15,-298.281,-102.300,28.575,61.4,Rolling
4.47000,0,321.319,-64.345,28.575,0.0,Stationary
4.47000,1,-309.871,476.470,28.575,74.0,Rolling
4.47000,2,1220.223,-25.994,28.575,0.0,Stationary
4.47000,3,541.180,582.439,28.575,0.0,Stationary
4.47000,4,-578.676,-498.188,28.575,88.9,Rolling
4.47000,5,1238.800,56.416,28.575,0.0,Stationary
4.47000,6,375.327,-109.335,28.575,35.5,Rolling
4.47000,7,638.119,146.506,28.575,0.0,Stationary
4.47000,8,65.834,-265.085,28.575,0.0,Stationary
4.47000,9,661.096,596.915,28.575,0.0,Stationary
4.47000,10,-728.895,-435.749,28.575,152.3,Rolling
4.47000,11,821.749,-534.448,28.575,0.0,Stationary
4.47000,12,1205.167,513.830,28.575,0.0,Stationary
4.47000,13,368.069,42.881,28.575,0.0,Stationary
4.47000,14,1110.542,229.418,28.575,0.0,Stationary
4.47000,15,-298.554,-102.162,28.575,61.0,Rolling
4.47500,0,321.319,-64.345,28.575,0.0,Stationary
4.47500,1,-310.188,476.658,28.575,73.5,Rolling
4.47500,2,1220.223,-25.994,28.575,0.0,Stationary
4.47500,3,541.180,582.439,28.575,0.0,Stationary
4.47500,4,-579.105,-498.078,28.575,88.4,Rolling
4.47500,5,1238.800,56.416,28.575,0.0,Stationary
4.47500,6,375.284,-109.506,28.575,35.0,Rolling
4.47500,7,638.119,146.506,28.575,0.0,Stationary
4.47500,8,65.834,-265.085,28.575,0.0,Stationary
4.47500,9,661.096,596.915,28.575,0.0,Stationary
4.47500,10,-728.158,-435.938,28.575,151.8,Rolling
4.47500,11,821.749,-534.448,28.575,0.0,Stationary
4.47500,12,1205.167,513.830,28.575,0.0,Stationary
4.47500,13,368.069,42.881,28.575,0.0,Stationary
4.47500,14,1110.542,229.418,28.575,0.0,Stationary
4.47500,15,-298.824,-102.025,28.575,60.5,Rolling
4.48000,0,321.319,-64.345,28.575,0.0,Stationary
4.48000,1,-310.503,476.844,28.575,73.0,Rolling
4.48000,2,1220.223,-25.994,28.575,0.0,Stationary
4.48000,3,541.180,582.439,28.575,0.0,Stationary
4.48000,4,-579.532,-497.967,28.575,87.9,Rolling
4.48000,5,1238.800,56.416,28.575,0.0,Stationary
4.48000,6,375.242,-109.675,28.575,34.6,Rolling
4.48000,7,638.119,146.506,28.575,0.0,Stationary
4.48000,8,65.834,-265.085,28.575,0.0,Stationary
4.48000,9,661.096,596.915,28.575,0.0,Stationary
4.48000,10,-727.424,-436.126,28.575,151.3,Rolling
4.48000,11,821.749,-534.448,28.575,0.0,Stationary
4.48000,12,1205.167,513.830,28.575,0.0,Stationary
4.48000,13,368.069,42.881,28.575,0.0,Stationary
4.48000,14,1110.542,229.418,28.575,0.0,Stationary
4.48000,15,-299.093,-101.889,28.575,60.0,Rolling
4.48500,0,321.319,-64.345,28.575,0.0,Stationary
4.48500,1,-310.817,477.029,28.575,72.5,Rolling
4.48500,2,1220.223,-25.994,28.575,0.0,Stationary
4.48500,3,541.180,582.439,28.575,0.0,Stationary
4.48500,4,-579.956,-497.858,28.575,87.4,Rolling
4.48500,5,1238.800,56.416,28.575,0.0,Stationary
4.48500,6,375.200,-109.841,28.575,34.1,Rolling
4.48500,7,638.119,146.506,28.575,0.0,Stationary
4.48500,8,65.834,-265.085,28.575,0.0,Stationary
4.48500,9,661.096,596.915,28.575,0.0,Stationary
4.48500,10,-726.692,-436.314,28.575,150.9,Rolling
4.48500,11,821.749,-534.448,28.575,0.0,Stationary
4.48500,12,1205.167,513.830,28.575,0.0,Stationary
4.48500,13,368.069,42.881,28.575,0.0,Stationary
4.48500,14,1110.542,229.418,28.575,0.0,Stationary
4.48500,15,-299.359,-101.754,28.575,59.5,Rolling
4.49000,0,321.319,-64.345,28.575,0.0,Stationary
4.49000,1,-311.128,477.213,28.575,72.1,Rolling
4.49000,2,1220.223,-25.994,28.575,0.0,Stationary
4.49000,3,541.180,582.439,28.575,0.0,Stationary
4.49000,4,-580.378,-497.749,28.575,86.9,Rolling
4.49000,5,1238.800,56.416,28.575,0.0,Stationary
4.49000,6,375.158,-110.005,28.575,33.6,Rolling
4.49000,7,638.119,146.506,28.575,0.0,Stationary
4.49000,8,65.834,-265.085,28.575,0.0,Stationary
4.49000,9,661.096,596.915,28.575,0.0,Stationary
4.49000,10,-725.963,-436.501,28.575,150.4,Rolling
4.49000,11,821.749,-534.448,28.575,0.0,Stationary
4.49000,12,1205.167,513.830,28.575,0.0,Stationary
4.49000,13,368.069,42.881,28.575,0.0,Stationary
4.49000,14,1110.542,229.418,28.575,0.0,Stationary
4.49000,15,-299.624,-101.620,28.575,59.0,Rolling
4.49500,0,321.319,-64.345,28.575,0.0,Stationary
4.49500,1,-311.437,477.396,28.575,71.6,Rolling
4.49500,2,1220.223,-25.994,28.575,0.0,Stationary
4.49500,3,541.180,582.439,28.575,0.0,Stationary
4.49500,4,-580.798,-497.641,28.575,86.4,Rolling
4.49500,5,1238.800,56.416,28.575,0.0,Stationary
4.49500,6,375.118,-110.167,28.575,33.1,Rolling
4.49500,7,638.119,146.506,28.575,0.0,Stationary
4.49500,8,65.834,-265.085,28.575,0.0,Stationary
4.49500,9,661.096,596.915,28.575,0.0,Stationary
4.49500,10,-725.236,-436.687,28.575,149.9,Rolling
4.49500,11,821.749,-534.448,28.575,0.0,Stationary
4.49500,12,1205.167,513.830,28.575,0.0,Stationary
4.49500,13,368.069,42.881,28.575,0.0,Stationary
4.49500,14,1110.542,229.418,28.575,0.0,Stationary
4.49500,15,-299.886,-101.488,28.575,58.5,Rolling
4.50000,0,321.319,-64.345,28.575,0.0,Stationary
4.50000,1,-311.744,477.578,28.575,71.1,Rolling
4.50000,2,1220.223,-25.994,28.575,0.0,Stationary
4.50000,3,541.180,582.439,28.575,0.0,Stationary
4.50000,4,-581.215,-497.533,28.575,85.9,Rolling
4.50000,5,1238.800,56.416,28.575,0.0,Stationary
4.50000,6,375.078,-110.326,28.575,32.6,Rolling
4.50000,7,638.119,146.506,28.575,0.0,Stationary
4.50000,8,65.834,-265.085,28.575,0.0,Stationary
4.50000,9,661.096,596.915,28.575,0.0,Stationary
4.50000,10,-724.511,-436.873,28.575,149.4,Rolling
4.50000,11,821.749,-534.448,28.575,0.0,Stationary
4.50000,12,1205.167,513.830,28.575,0.0,Stationary
4.50000,13,368.069,42.881,28.575,0.0,Stationary
4.50000,14,1110.542,229.418,28.575,0.0,Stationary
4.50000,15,-300.146,-101.356,28.575,58.0,Rolling
4.50500,0,321.319,-64.345,28.575,0.0,Stationary
4.50500,1,-312.049,477.758,28.575,70.6,Rolling
4.50500,2,1220.223,-25.994,28.575,0.0,Stationary
4.50500,3,541.180,582.439,28.575,0.0,Stationary
4.50500,4,-581.630,-497.426,28.575,85.5,Rolling
4.50500,5,1238.800,56.416,28.575,0.0,Stationary
4.50500,6,375.038,-110.483,28.575,32.1,Rolling
4.50500,7,638.119,146.506,28.575,0.0,Stationary
4.50500,8,65.834,-265.085,28.575,0.0,Stationary
4.50500,9,661.096,596.915,28.575,0.0,Stationary
4.50500,10,-723.789,-437.059,28.575,148.9,Rolling
4.50500,11,821.749,-534.448,28.575,0.0,Stationary
4.50500,12,1205.167,513.830,28.575,0.0,Stationary
4.50500,13,368.069,42.881,28.575,0.0,Stationary
4.50500,14,1110.542,229.418,28.575,0.0,Stationary
4.50500,15,-300.403,-101.225,28.575,57.5,Rolling
4.51000,0,321.319,-64.345,28.575,0.0,Stationary
4.51000,1,-312.351,477.937,28.575,70.1,Rolling
4.51000,2,1220.223,-25.994,28.575,0.0,Stationary
4.51000,3,541.180,582.439,28.575,0.0,Stationary
4.51000,4,-582.042,-497.319,28.575,85.0,Rolling
4.51000,5,1238.800,56.416,28.575,0.0,Stationary
4.51000,6,374.999,-110.638,28.575,31.6,Rolling
4.51000,7,638.119,146.506,28.575,0.0,Stationary
4.51000,8,65.834,-265.085,28.575,0.0,Stationary
4.51000,9,661.096,596.915,28.575,0.0,Stationary
4.51000,10,-723.069,-437.243,28.575,148.4,Rolling
4.51000,11,821.749,-534.448,28.575,0.0,Stationary
4.51000,12,1205.167,513.830,28.575,0.0,Stationary
4.51000,13,368.069,42.881,28.575,0.0,Stationary
4.51000,14,1110.542,229.418,28.575,0.0,Stationary
4.51000,15,-300.659,-101.096,28.575,57.0,Rolling
4.51500,0,321.319,-64.345,28.575,0.0,Stationary
4.51500,1,-312.652,478.115,28.575,69.6,Rolling
4.51500,2,1220.223,-25.994,28.575,0.0,Stationary
4.51500,3,541.180,582.439,28.575,0.0,Stationary
4.51500,4,-582.453,-497.213,28.575,84.5,Rolling
4.51500,5,1238.800,56.416,28.575,0.0,Stationary
4.51500,6,374.961,-110.790,28.575,31.1,Rolling
4.51500,7,638.119,146.506,28.575,0.0,Stationary
4.51500,8,65.834,-265.085,28.575,0.0,Stationary
4.51500,9,661.096,596.915,28.575,0.0,Stationary
4.51500,10,-722.351,-437.428,28.575,147.9,Rolling
4.51500,11,821.749,-534.448,28.575,0.0,Stationary
4.51500,12,1205.167,513.830,28.575,0.0,Stationary
4.51500,13,368.069,42.881,28.575,0.0,Stationary
4.51500,14,1110.542,229.418,28.575,0.0,Stationary
4.51500,15,-300.912,-100.968,28.575,56.5,Rolling
4.52000,0,321.319,-64.345,28.575,0.0,Stationary
4.52000,1,-312.950,478.292,28.575,69.1,Rolling
4.52000,2,1220.223,-25.994,28.575,0.0,Stationary
4.52000,3,541.180,582.439,28.575,0.0,Stationary
4.52000,4,-582.860,-497.108,28.575,84.0,Rolling
4.52000,5,1238.800,56.416,28.575,0.0,Stationary
4.52000,6,374.923,-110.939,28.575,30.6,Rolling
4.52000,7,638.119,146.506,28.575,0.0,Stationary
4.52000,8,65.834,-265.085,28.575,0.0,Stationary
4.52000,9,661.096,596.915,28.575,0.0,Stationary
4.52000,10,-721.636,-437.611,28.575,147.4,Rolling
4.52000,11,821.749,-534.448,28.575,0.0,Stationary
4.52000,12,1205.167,513.830,28.575,0.0,Stationary
4.52000,13,368.069,42.881,28.575,0.0,Stationary
4.52000,14,1110.542,229.418,28.575,0.0,Stationary
4.52000,15,-301.163,-100.841,28.575,56.1,Rolling
4.52500,0,321.319,-64.345,28.575,0.0,Stationary
4.52500,1,-313.247,478.467,28.575,68.6,Rolling
4.52500,2,1220.223,-25.994,28.575,0.0,Stationary
4.52500,3,541.180,582.439,28.575,0.0,Stationary
4.52500,4,-583.266,-497.003,28.575,83.5,Rolling
4.52500,5,1238.800,56.416,28.575,0.0,Stationary
4.52500,6,374.886,-111.087,28.575,30.1,Rolling
4.52500,7,638.119,146.506,28.575,0.0,Stationary
4.52500,8,65.834,-265.085,28.575,0.0,Stationary
4.52500,9,661.096,596.915,28.575,0.0,Stationary
4.52500,10,-720.923,-437.794,28.575,146.9,Rolling
4.52500,11,821.749,-534.448,28.575,0.0,Stationary
4.52500,12,1205.167,513.830,28.575,0.0,Stationary
4.52500,13,368.069,42.881,28.575,0.0,Stationary
4.52500,14,1110.542,229.418,28.575,0.0,Stationary
4.52500,15,-301.412,-100.714,28.575,55.6,Rolling
4.53000,0,321.319,-64.345,28.575,0.0,Stationary
4.53000,1,-313.541,478.641,28.575,68.1,Rolling
4.53000,2,1220.223,-25.994,28.575,0.0,Stationary
4.53000,3,541.180,582.439,28.575,0.0,Stationary
4.53000,4,-583.669,-496.899,28.575,83.0,Rolling
4.53000,5,1238.800,56.416,28.575,0.0,Stationary
4.53000,6,374.850,-111.232,28.575,29.7,Rolling
4.53000,7,638.119,146.506,28.575,0.0,Stationary
4.53000,8,65.834,-265.085,28.575,0.0,Stationary
4.53000,9,661.096,596.915,28.575,0.0,Stationary
4.53000,10,-720.213,-437.976,28.575,146.4,Rolling
4.53000,11,821.749,-534.448,28.575,0.0,Stationary
4.53000,12,1205.167,513.830,28.575,0.0,Stationary
4.53000,13,368.069,42.881,28.575,0.0,Stationary
4.53000,14,1110.542,229.418,28.575,0.0,Stationary
4.53000,15,-301.659,-100.590,28.575,55.1,Rolling
4.53500,0,321.319,-64.345,28.575,0.0,Stationary
4.53500,1,-313.833,478.814,28.575,67.6,Rolling
4.53500,2,1220.223,-25.994,28.575,0.0,Stationary
4.53500,3,541.180,582.439,28.575,0.0,Stationary
4.53500,4,-584.069,-496.796,28.575,82.5,Rolling
4.53500,5,1238.800,56.416,28.575,0.0,Stationary
4.53500,6,374.814,-111.374,28.575,29.2,Rolling
4.53500,7,638.119,146.506,28.575,0.0,Stationary
4.53500,8,65.834,-265.085,28.575,0.0,Stationary
4.53500,9,661.096,596.915,28.575,0.0,Stationary
4.53500,10,-719.505,-438.158,28.575,145.9,Rolling
4.53500,11,821.749,-534.448,28.575,0.0,Stationary
4.53500,12,1205.167,513.830,28.575,0.0,Stationary
4.53500,13,368.069,42.881,28.575,0.0,Stationary
4.53500,14,1110.542,229.418,28.575,0.0,Stationary
4.53500,15,-301.903,-100.466,28.575,54.6,Rolling
4.54000,0,321.319,-64.345,28.575,0.0,Stationary
4.54000,1,-314.123,478.985,28.575,67.2,Rolling
4.54000,2,1220.223,-25.994,28.575,0.0,Stationary
4.54000,3,541.180,582.439,28.575,0.0,Stationary
4.54000,4,-584.468,-496.693,28.575,82.0,Rolling
4.54000,5,1238.800,56.416,28.575,0.0,Stationary
4.54000,6,374.778,-111.514,28.575,28.7,Rolling
4.54000,7,638.119,146.506,28.575,0.0,Stationary
4.54000,8,65.834,-265.085,28.575,0.0,Stationary
4.54000,9,661.096,596.915,28.575,0.0,Stationary
4.54000,10,-718.799,-438.339,28.575,145.5,Rolling
4.54000,11,821.749,-534.448,28.575,0.0,Stationary
4.54000,12,1205.167,513.830,28.575,0.0,Stationary
4.54000,13,368.069,42.881,28.575,0.0,Stationary
4.54000,14,1110.542,229.418,28.575,0.0,Stationary
4.54000,15,-302.146,-100.343,28.575,54.1,Rolling
4.54500,0,321.319,-64.345,28.575,0.0,Stationary
4.54500,1,-314.411,479.156,28.575,66.7,Rolling
4.54500,2,1220.223,-25.994,28.575,0.0,Stationary
4.54500,3,541.180,582.439,28.575,0.0,Stationary
4.54500,4,-584.863,-496.591,28.575,81.5,Rolling
4.54500,5,1238.800,56.416,28.575,0.0,Stationary
4.54500,6,374.744,-111.652,28.575,28.2,Rolling
4.54500,7,638.119,146.506,28.575,0.0,Stationary
4.54500,8,65.834,-265.085,28.575,0.0,Stationary
4.54500,9,661.096,596.915,28.575,0.0,Stationary
4.54500,10,-718.096,-438.519,28.575,145.0,Rolling
4.54500,11,821.749,-534.448,28.575,0.0,Stationary
4.54500,12,1205.167,513.830,28.575,0.0,Stationary
4.54500,13,368.069,42.881,28.575,0.0,Stationary
4.54500,14,1110.542,229.418,28.575,0.0,Stationary
4.54500,15,-302.386,-100.221,28.575,53.6,Rolling
4.55000,0,321.319,-64.345,28.575,0.0,Stationary
4.55000,1,-314.697,479.325,28.575,66.2,Rolling
4.55000,2,1220.223,-25.994,28.575,0.0,Stationary
4.55000,3,541.180,582.439,28.575,0.0,Stationary
4.55000,4,-585.257,-496.489,28.575,81.0,Rolling
4.55000,5,1238.800,56.416,28.575,0.0,Stationary
4.55000,6,374.710,-111.788,28.575,27.7,Rolling
4.55000,7,638.119,146.506,28.575,0.0,Stationary
4.55000,8,65.834,-265.085,28.575,0.0,Stationary
4.55000,9,661.096,596.915,28.575,0.0,Stationary
4.55000,10,-717.395,-438.699,28.575,144.5,Rolling
4.55000,11,821.749,-534.448,28.575,0.0,Stationary
4.55000,12,1205.167,513.830,28.575,0.0,Stationary
4.55000,13,368.069,42.881,28.575,0.0,Stationary
4.55000,14,1110.542,229.418,28.575,0.0,Stationary
4.55000,15,-302.624,-100.101,28.575,53.1,Rolling
4.55500,0,321.319,-64.345,28.575,0.0,Stationary
4.55500,1,-314.981,479.493,28.575,65.7,Rolling
4.55500,2,1220.223,-25.994,28.575,0.0,Stationary
4.55500,3,541.180,582.439,28.575,0.0,Stationary
4.55500,4,-585.648,-496.388,28.575,80.5,Rolling
4.55500,5,1238.800,56.416,28.575,0.0,Stationary
4.55500,6,374.676,-111.921,28.575,27.2,Rolling
4.55500,7,638.119,146.506,28.575,0.0,Stationary
4.55500,8,65.834,-265.085,28.575,0.0,Stationary
4.55500,9,661.096,596.915,28.575,0.0,Stationary
4.55500,10,-716.697,-438.879,28.575,144.0,Rolling
4.55500,11,821.749,-534.448,28.575,0.0,Stationary
4.55500,12,1205.167,513.830,28.575,0.0,Stationary
4.55500,13,368.069,42.881,28.575,0.0,Stationary
4.55500,14,1110.542,229.418,28.575,0.0,Stationary
4.55500,15,-302.860,-99.981,28.575,52.6,Rolling
4.56000,0,321.319,-64.345,28.575,0.0,Stationary
4.56000,1,-315.262,479.659,28.575,65.2,Rolling
4.56000,2,1220.223,-25.994,28.575,0.0,Stationary
4.56000,3,541.180,582.439,28.575,0.0,Stationary
4.56000,4,-586.037,-496.288,28.575,80.1,Rolling
4.56000,5,1238.800,56.416,28.575,0.0,Stationary
4.56000,6,374.643,-112.051,28.575,26.7,Rolling
4.56000,7,638.119,146.506,28.575,0.0,Stationary
4.56000,8,65.834,-265.085,28.575,0.0,Stationary
4.56000,9,661.096,596.915,28.575,0.0,Stationary
4.56000,10,-716.000,-439.057,28.575,143.5,Rolling
4.56000,11,821.749,-534.448,28.575,0.0,Stationary
4.56000,12,1205.167,513.830,28.575,0.0,Stationary
4.56000,13,368.069,42.881,28.575,0.0,Stationary
4.56000,14,1110.542,229.418,28.575,0.0,Stationary
4.56000,15,-303.093,-99.863,28.575,52.1,Rolling
4.56500,0,321.319,-64.345,28.575,0.0,Stationary
4.56500,1,-315.542,479.825,28.575,64.7,Rolling
4.56500,2,1220.223,-25.994,28.575,0.0,Stationary
4.56500,3,541.180,582.439,28.575,0.0,Stationary
4.56500,4,-586.423,-496.188,28.575,79.6,Rolling
4.56500,5,1238.800,56.416,28.575,0.0,Stationary
4.56500,6,374.611,-112.180,28.575,26.2,Rolling
4.56500,7,638.119,146.506,28.575,0.0,Stationary
4.56500,8,65.834,-265.085,28.575,0.0,Stationary
4.56500,9,661.096,596.915,28.575,0.0,Stationary
4.56500,10,-715.307,-439.235,28.575,143.0,Rolling
4.56500,11,821.749,-534.448,28.575,0.0,Stationary
4.56500,12,1205.167,513.830,28.575,0.0,Stationary
4.56500,13,368.069,42.881,28.575,0.0,Stationary
4.56500,14,1110.542,229.418,28.575,0.0,Stationary
4.56500,15,-303.325,-99.746,28.575,51.6,Rolling
4.57000,0,321.319,-64.345,28.575,0.0,Stationary
4.57000,1,-315.819,479.989,28.575,64.2,Rolling
4.57000,2,1220.223,-25.994,28.575,0.0,Stationary
4.57000,3,541.180,582.439,28.575,0.0,Stationary
4.57000,4,-586.807,-496.089,28.575,79.1,Rolling
4.57000,5,1238.800,56.416,28.575,0.0,Stationary
4.57000,6,374.579,-112.306,28.575,25.7,Rolling
4.57000,7,638.119,146.506,28.575,0.0,Stationary
4.57000,8,65.834,-265.085,28.575,0.0,Stationary
4.57000,9,661.096,596.915,28.575,0.0,Stationary
4.57000,10,-714.615,-439.413,28.575,142.5,Rolling
4.57000,11,821.749,-534.448,28.575,0.0,Stationary
4.57000,12,1205.167,513.830,28.575,0.0,Stationary
4.57000,13,368.069,42.881,28.575,0.0,Stationary
4.57000,14,1110.542,229.418,28.575,0.0,Stationary
4.57000,15,-303.554,-99.630,28.575,51.1,Rolling
4.57500,0,321.319,-64.345,28.575,0.0,Stationary
4.57500,1,-316.095,480.152,28.575,63.7,Rolling
4.57500,2,1220.223,-25.994,28.575,0.0,Stationary
4.57500,3,541.180,582.439,28.575,0.0,Stationary
4.57500,4,-587.189,-495.990,28.575,78.6,Rolling
4.57500,5,1238.800,56.416,28.575,0.0,Stationary
4.57500,6,374.548,-112.429,28.575,25.2,Rolling
4.57500,7,638.119,146.506,28.575,0.0,Stationary
4.57500,8,65.834,-265.085,28.575,0.0,Stationary
4.57500,9,661.096,596.915,28.575,0.0,Stationary
4.57500,10,-713.926,-439.589,28.575,142.0,Rolling
4.57500,11,821.749,-534.448,28.575,0.0,Stationary
4.57500,12,1205.167,513.830,28.575,0.0,Stationary
4.57500,13,368.069,42.881,28.575,0.0,Stationary
4.57500,14,1110.542,229.418,28.575,0.0,Stationary
4.57500,15,-303.781,-99.515,28.575,50.7,Rolling
4.58000,0,321.319,-64.345,28.575,0.0,Stationary
4.58000,1,-316.368,480.313,28.575,63.2,Rolling
4.58000,2,1220.223,-25.994,28.575,0.0,Stationary
4.58000,3,541.180,582.439,28.575,0.0,Stationary
4.58000,4,-587.568,-495.892,28.575,78.1,Rolling
4.58000,5,1238.800,56.416,28.575,0.0,Stationary
4.58000,6,374.518,-112.550,28.575,24.7,Rolling
4.58000,7,638.119,146.506,28.575,0.0,Stationary
4.58000,8,65.834,-265.085,28.575,0.0,Stationary
4.58000,9,661.096,596.915,28.575,0.0,Stationary
4.58000,10,-713.240,-439.766,28.575,141.5,Rolling
4.58000,11,821.749,-534.448,28.575,0.0,Stationary
4.58000,12,1205.167,513.830,28.575,0.0,Stationary
4.58000,13,368.069,42.881,28.575,0.0,Stationary
4.58000,14,1110.542,229.418,28.575,0.0,Stationary
4.58000,15,-304.006,-99.401,28.575,50.2,Rolling
4.58500,0,321.319,-64.345,28.575,0.0,Stationary
4.58500,1,-316.639,480.474,28.575,62.7,Rolling
4.58500,2,1220.223,-25.994,28.575,0.0,Stationary
4.58500,3,541.180,582.439,28.575,0.0,Stationary
4.58500,4,-587.945,-495.795,28.575,77.6,Rolling
4.58500,5,1238.800,56.416,28.575,0.0,Stationary
4.58500,6,374.488,-112.669,28.575,24.3,Rolling
4.58500,7,638.119,146.506,28.575,0.0,Stationary
4.58500,8,65.834,-265.085,28.575,0.0,Stationary
4.58500,9,661.096,596.915,28.575,0.0,Stationary
4.58500,10,-712.555,-439.941,28.575,141.0,Rolling
4.58500,11,821.749,-534.448,28.575,0.0,Stationary
4.58500,12,1205.167,513.830,28.575,0.0,Stationary
4.58500,13,368.069,42.881,28.575,0.0,Stationary
4.58500,14,1110.542,229.418,28.575,0.0,Stationary
4.58500,15,-304.229,-99.288,28.575,49.7,Rolling
4.59000,0,321.319,-64.345,28.575,0.0,Stationary
4.59000,1,-316.908,480.633,28.575,62.3,Rolling
4.59000,2,1220.223,-25.994,28.575,0.0,Stationary
4.59000,3,541.180,582.439,28.575,0.0,Stationary
4.59000,4,-588.320,-495.698,28.575,77.1,Rolling
4.59000,5,1238.800,56.416,28.575,0.0,Stationary
4.59000,6,374.458,-112.786,28.575,23.8,Rolling
4.59000,7,638.119,146.506,28.575,0.0,Stationary
4.59000,8,65.834,-265.085,28.575,0.0,Stationary
4.59000,9,661.096,596.915,28.575,0.0,Stationary
4.59000,10,-711.873,-440.116,28.575,140.6,Rolling
4.59000,11,821.749,-534.448,28.575,0.0,Stationary
4.59000,12,1205.167,513.830,28.575,0.0,Stationary
4.59000,13,368.069,42.881,28.575,0.0,Stationary
4.59000,14,1110.542,229.418,28.575,0.0,Stationary
4.59000,15,-304.449,-99.176,28.575,49.2,Rolling
4.59500,0,321.319,-64.345,28.575,0.0,Stationary
4.59500,1,-317.175,480.790,28.575,61.8,Rolling
4.59500,2,1220.223,-25.994,28.575,0.0,Stationary
4.59500,3,541.180,582.439,28.575,0.0,Stationary
4.59500,4,-588.692,-495.602,28.575,76.6,Rolling
4.59500,5,1238.800,56.416,28.575,0.0,Stationary
4.59500,6,374.430,-112.900,28.575,23.3,Rolling
4.59500,7,638.119,146.506,28.575,0.0,Stationary
4.59500,8,65.834,-265.085,28.575,0.0,Stationary
4.59500,9,661.096,596.915,28.575,0.0,Stationary
4.59500,10,-711.194,-440.291,28.575,140.1,Rolling
4.59500,11,821.749,-534.448,28.575,0.0,Stationary
4.59500,12,1205.167,513.830,28.575,0.0,Stationary
4.59500,13,368.069,42.881,28.575,0.0,Stationary
4.59500,14,1110.542,229.418,28.575,0.0,Stationary
4.59500,15,-304.667,-99.066,28.575,48.7,Rolling
4.60000,0,321.319,-64.345,28.575,0.0,Stationary
4.60000,1,-317.439,480.947,28.575,61.3,Rolling
4.60000,2,1220.223,-25.994,28.575,0.0,Stationary
4.60000,3,541.180,582.439,28.575,0.0,Stationary
4.60000,4,-589.062,-495.507,28.575,76.1,Rolling
4.60000,5,1238.800,56.416,28.575,0.0,Stationary
4.60000,6,374.402,-113.011,28.575,22.8,Rolling
4.60000,7,638.119,146.506,28.575,0.0,Stationary
4.60000,8,65.834,-265.085,28.575,0.0,Stationary
4.60000,9,661.096,596.915,28.575,0.0,Stationary
4.60000,10,-710.517,-440.464,28.575,139.6,Rolling
4.60000,11,821.749,-534.448,28.575,0.0,Stationary
4.60000,12,1205.167,513.830,28.575,0.0,Stationary
4.60000,13,368.069,42.881,28.575,0.0,Stationary
4.60000,14,1110.542,229.418,28.575,0.0,Stationary
4.60000,15,-304.884,-98.956,28.575,48.2,Rolling
4.60500,0,321.319,-64.345,28.575,0.0,Stationary
4.60500,1,-317.702,481.102,28.575,60.8,Rolling
4.60500,2,1220.223,-25.994,28.575,0.0,Stationary
4.60500,3,541.180,582.439,28.575,0.0,Stationary
4.60500,4,-589.429,-495.412,28.575,75.6,Rolling
4.60500,5,1238.800,56.416,28.575,0.0,Stationary
4.60500,6,374.374,-113.121,28.575,22.3,Rolling
4.60500,7,638.119,146.506,28.575,0.0,Stationary
4.60500,8,65.834,-265.085,28.575,0.0,Stationary
4.60500,9,661.096,596.915,28.575,0.0,Stationary
4.60500,10,-709.842,-440.637,28.575,139.1,Rolling
4.60500,11,821.749,-534.448,28.575,0.0,Stationary
4.60500,12,1205.167,513.830,28.575,0.0,Stationary
4.60500,13,368.069,42.881,28.575,0.0,Stationary
4.60500,14,1110.542,229.418,28.575,0.0,Stationary
4.60500,15,-305.098,-98.848,28.575,47.7,Rolling
4.61000,0,321.319,-64.345,28.575,0.0,Stationary
4.61000,1,-317.962,481.257,28.575,60.3,Rolling
4.61000,2,1220.223,-25.994,28.575,0.0,Stationary
4.61000,3,541.180,582.439,28.575,0.0,Stationary
4.61000,4,-589.794,-495.318,28.575,75.2,Rolling
4.61000,5,1238.800,56.416,28.575,0.0,Stationary
4.61000,6,374.347,-113.228,28.575,21.8,Rolling
4.61000,7,638.119,146.506,28.575,0.0,Stationary
4.61000,8,65.834,-265.085,28.575,0.0,Stationary
4.61000,9,661.096,596.915,28.575,0.0,Stationary
4.61000,10,-709.170,-440.810,28.575,138.6,Rolling
4.61000,11,821.749,-534.448,28.575,0.0,Stationary
4.61000,12,1205.167,513.830,28.575,0.0,Stationary
4.61000,13,368.069,42.881,28.575,0.0,Stationary
4.61000,14,1110.542,229.418,28.575,0.0,Stationary
4.61000,15,-305.309,-98.741,28.575,47.2,Rolling
4.61500,0,321.319,-64.345,28.575,0.0,Stationary
4.61500,1,-318.221,481.409,28.575,59.8,Rolling
4.61500,2,1220.223,-25.994,28.575,0.0,Stationary
4.61500,3,541.180,582.439,28.575,0.0,Stationary
4.61500,4,-590.157,-495.224,28.575,74.7,Rolling
4.61500,5,1238.800,56.416,28.575,0.0,Stationary
4.61500,6,374.321,-113.332,28.575,21.3,Rolling
4.61500,7,638.119,146.506,28.575,0.0,Stationary
4.61500,8,65.834,-265.085,28.575,0.0,Stationary
4.61500,9,661.096,596.915,28.575,0.0,Stationary
4.61500,10,-708.499,-440.982,28.575,138.1,Rolling
4.61500,11,821.749,-534.448,28.575,0.0,Stationary
4.61500,12,1205.167,513.830,28.575,0.0,Stationary
4.61500,13,368.069,42.881,28.575,0.0,Stationary
4.61500,14,1110.542,229.418,28.575,0.0,Stationary
4.61500,15,-305.519,-98.635,28.575,46.7,Rolling
4.62000,0,321.319,-64.345,28.575,0.0,Stationary
4.62000,1,-318.477,481.561,28.575,59.3,Rolling
4.62000,2,1220.223,-25.994,28.575,0.0,Stationary
4.62000,3,541.180,582.439,28.575,0.0,Stationary
4.62000,4,-590.517,-495.131,28.575,74.2,Rolling
4.62000,5,1238.800,56.416,28.575,0.0,Stationary
4.62000,6,374.295,-113.434,28.575,20.8,Rolling
4.62000,7,638.119,146.506,28.575,0.0,Stationary
4.62000,8,65.834,-265.085,28.575,0.0,Stationary
4.62000,9,661.096,596.915,28.575,0.0,Stationary
4.62000,10,-707.832,-441.153,28.575,137.6,Rolling
4.62000,11,821.749,-534.448,28.575,0.0,Stationary
4.62000,12,1205.167,513.830,28.575,0.0,Stationary
4.62000,13,368.069,42.881,28.575,0.0,Stationary
4.62000,14,1110.542,229.418,28.575,0.0,Stationary
4.62000,15,-305.726,-98.530,28.575,46.2,Rolling
4.62500,0,321.319,-64.345,28.575,0.0,Stationary
4.62500,1,-318.731,481.711,28.575,58.8,Rolling
4.62500,2,1220.223,-25.994,28.575,0.0,Stationary
4.62500,3,541.180,582.439,28.575,0.0,Stationary
4.62500,4,-590.875,-495.039,28.575,73.7,Rolling
4.62500,5,1238.800,56.416,28.575,0.0,Stationary
4.62500,6,374.270,-113.534,28.575,20.3,Rolling
4.62500,7,638.119,146.506,28.575,0.0,Stationary
4.62500,8,65.834,-265.085,28.575,0.0,Stationary
4.62500,9,661.096,596.915,28.575,0.0,Stationary
4.62500,10,-707.167,-441.324,28.575,137.1,Rolling
4.62500,11,821.749,-534.448,28.575,0.0,Stationary
4.62500,12,1205.167,513.830,28.575,0.0,Stationary
4.62500,13,368.069,42.881,28.575,0.0,Stationary
4.62500,14,1110.542,229.418,28.575,0.0,Stationary
4.62500,15,-305.931,-98.426,28.575,45.8,Rolling
4.63000,0,321.319,-64.345,28.575,0.0,Stationary
4.63000,1,-318.983,481.860,28.575,58.3,Rolling
4.63000,2,1220.223,-25.994,28.575,0.0,Stationary
4.63000,3,541.180,582.439,28.575,0.0,Stationary
4.63000,4,-591.230,-494.947,28.575,73.2,Rolling
4.63000,5,1238.800,56.416,28.575,0.0,Stationary
4.63000,6,374.245,-113.631,28.575,19.8,Rolling
4.63000,7,638.119,146.506,28.575,0.0,Stationary
4.63000,8,65.834,-265.085,28.575,0.0,Stationary
4.63000,9,661.096,596.915,28.575,0.0,Stationary
4.63000,10,-706.504,-441.494,28.575,136.6,Rolling
4.63000,11,821.749,-534.448,28.575,0.0,Stationary
4.63000,12,1205.167,513.830,28.575,0.0,Stationary
4.63000,13,368.069,42.881,28.575,0.0,Stationary
4.63000,14,1110.542,229.418,28.575,0.0,Stationary
4.63000,15,-306.134,-98.323,28.575,45.3,Rolling
4.63500,0,321.319,-64.345,28.575,0.0,Stationary
4.63500,1,-319.233,482.008,28.575,57.8,Rolling
4.63500,2,1220.223,-25.994,28.575,0.0,Stationary
4.63500,3,541.180,582.439,28.575,0.0,Stationary
4.63500,4,-591.584,-494.856,28.575,72.7,Rolling
4.63500,5,1238.800,56.416,28.575,0.0,Stationary
4.63500,6,374.222,-113.726,28.575,19.4,Rolling
4.63500,7,638.119,146.506,28.575,0.0,Stationary
4.63500,8,65.834,-265.085,28.575,0.0,Stationary
4.63500,9,661.096,596.915,28.575,0.0,Stationary
4.63500,10,-705.843,-441.664,28.575,136.1,Rolling
4.63500,11,821.749,-534.448,28.575,0.0,Stationary
4.63500,12,1205.167,513.830,28.575,0.0,Stationary
4.63500,13,368.069,42.881,28.575,0.0,Stationary
4.63500,14,1110.542,229.418,28.575,0.0,Stationary
4.63500,15,-306.335,-98.221,28.575,44.8,Rolling
4.64000,0,321.319,-64.345,28.575,0.0,Stationary
4.64000,1,-319.481,482.155,28.575,57.3,Rolling
4.64000,2,1220.223,-25.994,28.575,0.0,Stationary
4.64000,3,541.180,582.439,28.575,0.0,Stationary
4.64000,4,-591.934,-494.765,28.575,72.2,Rolling
4.64000,5,1238.800,56.416,28.575,0.0,Stationary
4.64000,6,374.198,-113.819,28.575,18.9,Rolling
4.64000,7,638.119,146.506,28.575,0.0,Stationary
4.64000,8,65.834,-265.085,28.575,0.0,Stationary
4.64000,9,661.096,596.915,28.575,0.0,Stationary
4.64000,10,-705.185,-441.832,28.575,135.7,Rolling
4.64000,11,821.749,-534.448,28.575,0.0,Stationary
4.64000,12,1205.167,513.830,28.575,0.0,Stationary
4.64000,13,368.069,42.881,28.575,0.0,Stationary
4.64000,14,1110.542,229.418,28.575,0.0,Stationary
4.64000,15,-306.534,-98.121,28.575,44.3,Rolling
4.64500,0,321.319,-64.345,28.575,0.0,Stationary
4.64500,1,-319.727,482.300,28.575,56.9,Rolling
4.64500,2,1220.223,-25.994,28.575,0.0,Stationary
4.64500,3,541.180,582.439,28.575,0.0,Stationary
4.64500,4,-592.283,-494.675,28.575,71.7,Rolling
4.64500,5,1238.800,56.416,28.575,0.0,Stationary
4.64500,6,374.176,-113.909,28.575,18.4,Rolling
4.64500,7,638.119,146.506,28.575,0.0,Stationary
4.64500,8,65.834,-265.085,28.575,0.0,Stationary
4.64500,9,661.096,596.915,28.575,0.0,Stationary
4.64500,10,-704.529,-442.001,28.575,135.2,Rolling
4.64500,11,821.749,-534.448,28.575,0.0,Stationary
4.64500,12,1205.167,513.830,28.575,0.0,Stationary
4.64500,13,368.069,42.881,28.575,0.0,Stationary
4.64500,14,1110.542,229.418,28.575,0.0,Stationary
4.64500,15,-306.730,-98.021,28.575,43.8,Rolling
4.65000,0,321.319,-64.345,28.575,0.0,Stationary
4.65000,1,-319.971,482.444,28.575,56.4,Rolling
4.65000,2,1220.223,-25.994,28.575,0.0,Stationary
4.65000,3,541.180,582.439,28.575,0.0,Stationary
4.65000,4,-592.629,-494.586,28.575,71.2,Rolling
4.65000,5,1238.800,56.416,28.575,0.0,Stationary
4.65000,6,374.153,-113.997,28.575,17.9,Rolling
4.65000,7,638.119,146.506,28.575,0.0,Stationary
4.65000,8,65.834,-265.085,28.575,0.0,Stationary
4.65000,9,661.096,596.915,28.575,0.0,Stationary
4.65000,10,-703.876,-442.168,28.575,134.7,Rolling
4.65000,11,821.749,-534.448,28.575,0.0,Stationary
4.65000,12,1205.167,513.830,28.575,0.0,Stationary
4.65000,13,368.069,42.881,28.575,0.0,Stationary
4.65000,14,1110.542,229.418,28.575,0.0,Stationary
4.65000,15,-306.925,-97.923,28.575,43.3,Rolling
4.65500,0,321.319,-64.345,28.575,0.0,Stationary
4.65500,1,-320.212,482.587,28.575,55.9,Rolling
4.65500,2,1220.223,-25.994,28.575,0.0,Stationary
4.65500,3,541.180,582.439,28.575,0.0,Stationary
4.65500,4,-592.972,-494.497,28.575,70.7,Rolling
4.65500,5,1238.800,56.416,28.575,0.0,Stationary
4.65500,6,374.132,-114.083,28.575,17.4,Rolling
4.65500,7,638.119,146.506,28.575,0.0,Stationary
4.65500,8,65.834,-265.085,28.575,0.0,Stationary
4.65500,9,661.096,596.915,28.575,0.0,Stationary
4.65500,10,-703.225,-442.335,28.575,134.2,Rolling
4.65500,11,821.749,-534.448,28.575,0.0,Stationary
4.65500,12,1205.167,513.830,28.575,0.0,Stationary
4.65500,13,368.069,42.881,28.575,0.0,Stationary
4.65500,14,1110.542,229.418,28.575,0.0,Stationary
4.65500,15,-307.117,-97.826,28.575,42.8,Rolling
4.66000,0,321.319,-64.345,28.575,0.0,Stationary
4.66000,1,-320.451,482.729,28.575,55.4,Rolling
4.66000,2,1220.223,-25.994,28.575,0.0,Stationary
4.66000,3,541.180,582.439,28.575,0.0,Stationary
4.66000,4,-593.314,-494.409,28.575,70.3,Rolling
4.66000,5,1238.800,56.416,28.575,0.0,Stationary
4.66000,6,374.111,-114.166,28.575,16.9,Rolling
4.66000,7,638.119,146.506,28.575,0.0,Stationary
4.66000,8,65.834,-265.085,28.575,0.0,Stationary
4.66000,9,661.096,596.915,28.575,0.0,Stationary
4.66000,10,-702.576,-442.502,28.575,133.7,Rolling
4.66000,11,821.749,-534.448,28.575,0.0,Stationary
4.66000,12,1205.167,513.830,28.575,0.0,Stationary
4.66000,13,368.069,42.881,28.575,0.0,Stationary
4.66000,14,1110.542,229.418,28.575,0.0,Stationary
4.66000,15,-307.306,-97.729,28.575,42.3,Rolling
4.66500,0,321.319,-64.345,28.575,0.0,Stationary
4.66500,1,-320.689,482.869,28.575,54.9,Rolling
4.66500,2,1220.223,-25.994,28.575,0.0,Stationary
4.66500,3,541.180,582.439,28.575,0.0,Stationary
4.66500,4,-593.653,-494.321,28.575,69.8,Rolling
4.66500,5,1238.800,56.416,28.575,0.0,Stationary
4.66500,6,374.091,-114.247,28.575,16.4,Rolling
4.66500,7,638.119,146.506,28.575,0.0,Stationary
4.66500,8,65.834,-265.085,28.575,0.0,Stationary
4.66500,9,661.096,596.915,28.575,0.0,Stationary
4.66500,10,-701.930,-442.668,28.575,133.2,Rolling
4.66500,11,821.749,-534.448,28.575,0.0,Stationary
4.66500,12,1205.167,513.830,28.575,0.0,Stationary
4.66500,13,368.069,42.881,28.575,0.0,Stationary
4.66500,14,1110.542,229.418,28.575,0.0,Stationary
4.66500,15,-307.494,-97.634,28.575,41.8,Rolling
4.67000,0,321.319,-64.345,28.575,0.0,Stationary
4.67000,1,-320.924,483.008,28.575,54.4,Rolling
4.67000,2,1220.223,-25.994,28.575,0.0,Stationary
4.67000,3,541.180,582.439,28.575,0.0,Stationary
4.67000,4,-593.989,-494.234,28.575,69.3,Rolling
4.67000,5,1238.800,56.416,28.575,0.0,Stationary
4.67000,6,374.071,-114.325,28.575,15.9,Rolling
4.67000,7,638.119,146.506,28.575,0.0,Stationary
4.67000,8,65.834,-265.085,28.575,0.0,Stationary
4.67000,9,661.096,596.915,28.575,0.0,Stationary
4.67000,10,-701.286,-442.833,28.575,132.7,Rolling
4.67000,11,821.749,-534.448,28.575,0.0,Stationary
4.67000,12,1205.167,513.830,28.575,0.0,Stationary
4.67000,13,368.069,42.881,28.575,0.0,Stationary
4.67000,14,1110.542,229.418,28.575,0.0,Stationary
4.67000,15,-307.680,-97.540,28.575,41.3,Rolling
4.67500,0,321.319,-64.345,28.575,0.0,Stationary
4.67500,1,-321.157,483.146,28.575,53.9,Rolling
4.67500,2,1220.223,-25.994,28.575,0.0,Stationary
4.67500,3,541.180,582.439,28.575,0.0,Stationary
4.67500,4,-594.323,-494.148,28.575,68.8,Rolling
4.67500,5,1238.800,56.416,28.575,0.0,Stationary
4.67500,6,374.052,-114.401,28.575,15.4,Rolling
4.67500,7,638.119,146.506,28.575,0.0,Stationary
4.67500,8,65.834,-265.085,28.575,0.0,Stationary
4.67500,9,661.096,596.915,28.575,0.0,Stationary
4.67500,10,-700.644,-442.998,28.575,132.2,Rolling
4.67500,11,821.749,-534.448,28.575,0.0,Stationary
4.67500,12,1205.167,513.830,28.575,0.0,Stationary
4.67500,13,368.069,42.881,28.575,0.0,Stationary
4.67500,14,1110.542,229.418,28.575,0.0,Stationary
4.67500,15,-307.863,-97.448,28.575,40.9,Rolling
4.68000,0,321.319,-64.345,28.575,0.0,Stationary
4.68000,1,-321.388,483.283,28.575,53.4,Rolling
4.68000,2,1220.223,-25.994,28.575,0.0,Stationary
4.68000,3,541.180,582.439,28.575,0.0,Stationary
4.68000,4,-594.655,-494.062,28.575,68.3,Rolling
4.68000,5,1238.800,56.416,28.575,0.0,Stationary
4.68000,6,374.033,-114.475,28.575,14.9,Rolling
4.68000,7,638.119,146.506,28.575,0.0,Stationary
4.68000,8,65.834,-265.085,28.575,0.0,Stationary
4.68000,9,661.096,596.915,28.575,0.0,Stationary
4.68000,10,-700.005,-443.162,28.575,131.7,Rolling
4.68000,11,821.749,-534.448,28.575,0.0,Stationary
4.68000,12,1205.167,513.830,28.575,0.0,Stationary
4.68000,13,368.069,42.881,28.575,0.0,Stationary
4.68000,14,1110.542,229.418,28.575,0.0,Stationary
4.68000,15,-308.044,-97.356,28.575,40.4,Rolling
4.68500,0,321.319,-64.345,28.575,0.0,Stationary
4.68500,1,-321.617,483.418,28.575,52.9,Rolling
4.68500,2,1220.223,-25.994,28.575,0.0,Stationary
4.68500,3,541.180,582.439,28.575,0.0,Stationary
4.68500,4,-594.985,-493.977,28.575,67.8,Rolling
4.68500,5,1238.800,56.416,28.575,0.0,Stationary
4.68500,6,374.015,-114.546,28.575,14.4,Rolling
4.68500,7,638.119,146.506,28.575,0.0,Stationary
4.68500,8,65.834,-265.085,28.575,0.0,Stationary
4.68500,9,661.096,596.915,28.575,0.0,Stationary
4.68500,10,-699.368,-443.325,28.575,131.2,Rolling
4.68500,11,821.749,-534.448,28.575,0.0,Stationary
4.68500,12,1205.167,513.830,28.575,0.0,Stationary
4.68500,13,368.069,42.881,28.575,0.0,Stationary
4.68500,14,1110.542,229.418,28.575,0.0,Stationary
4.68500,15,-308.223,-97.265,28.575,39.9,Rolling
4.69000,0,321.319,-64.345,28.575,0.0,Stationary
4.69000,1,-321.844,483.552,28.575,52.4,Rolling
4.69000,2,1220.223,-25.994,28.575,0.0,Stationary
4.69000,3,541.180,582.439,28.575,0.0,Stationary
4.69000,4,-595.312,-493.893,28.575,67.3,Rolling
4.69000,5,1238.800,56.416,28.575,0.0,Stationary
4.69000,6,373.998,-114.615,28.575,14.0,Rolling
4.69000,7,638.119,146.506,28.575,0.0,Stationary
4.69000,8,65.834,-265.085,28.575,0.0,Stationary
4.69000,9,661.096,596.915,28.575,0.0,Stationary
4.69000,10,-698.734,-443.488,28.575,130.7,Rolling
4.69000,11,821.749,-534.448,28.575,0.0,Stationary
4.69000,12,1205.167,513.830,28.575,0.0,Stationary
4.69000,13,368.069,42.881,28.575,0.0,Stationary
4.69000,14,1110.542,229.418,28.575,0.0,Stationary
4.69000,15,-308.400,-97.176,28.575,39.4,Rolling
4.69500,0,321.319,-64.345,28.575,0.0,Stationary
4.69500,1,-322.068,483.685,28.575,52.0,Rolling
4.69500,2,1220.223,-25.994,28.575,0.0,Stationary
4.69500,3,541.180,582.439,28.575,0.0,Stationary
4.69500,4,-595.636,-493.809,28.575,66.8,Rolling
4.69500,5,1238.800,56.416,28.575,0.0,Stationary
4.69500,6,373.981,-114.681,28.575,13.5,Rolling
4.69500,7,638.119,146.506,28.575,0.0,Stationary
4.69500,8,65.834,-265.085,28.575,0.0,Stationary
4.69500,9,661.096,596.915,28.575,0.0,Stationary
4.69500,10,-698.102,-443.650,28.575,130.3,Rolling
4.69500,11,821.749,-534.448,28.575,0.0,Stationary
4.69500,12,1205.167,513.830,28.575,0.0,Stationary
4.69500,13,368.069,42.881,28.575,0.0,Stationary
4.69500,14,1110.542,229.418,28.575,0.0,Stationary
4.69500,15,-308.574,-97.087,28.575,38.9,Rolling
4.70000,0,321.319,-64.345,28.575,0.0,Stationary
4.70000,1,-322.291,483.817,28.575,51.5,Rolling
4.70000,2,1220.223,-25.994,28.575,0.0,Stationary
4.70000,3,541.180,582.439,28.575,0.0,Stationary
4.70000,4,-595.959,-493.726,28.575,66.3,Rolling
4.70000,5,1238.800,56.416,28.575,0.0,Stationary
4.70000,6,373.965,-114.745,28.575,13.0,Rolling
4.70000,7,638.119,146.506,28.575,0.0,Stationary
4.70000,8,65.834,-265.085,28.575,0.0,Stationary
4.70000,9,661.096,596.915,28.575,0.0,Stationary
4.70000,10,-697.472,-443.811,28.575,129.8,Rolling
4.70000,11,821.749,-534.448,28.575,0.0,Stationary
4.70000,12,1205.167,513.830,28.575,0.0,Stationary
4.70000,13,368.069,42.881,28.575,0.0,Stationary
4.70000,14,1110.542,229.418,28.575,0.0,Stationary
4.70000,15,-308.747,-97.000,28.575,38.4,Rolling
4.70500,0,321.319,-64.345,28.575,0.0,Stationary
4.70500,1,-322.511,483.947,28.575,51.0,Rolling
4.70500,2,1220.223,-25.994,28.575,0.0,Stationary
4.70500,3,541.180,582.439,28.575,0.0,Stationary
4.70500,4,-596.278,-493.643,28.575,65.8,Rolling
4.70500,5,1238.800,56.416,28.575,0.0,Stationary
4.70500,6,373.949,-114.807,28.575,12.5,Rolling
4.70500,7,638.119,146.506,28.575,0.0,Stationary
4.70500,8,65.834,-265.085,28.575,0.0,Stationary
4.70500,9,661.096,596.915,28.575,0.0,Stationary
4.70500,10,-696.845,-443.972,28.575,129.3,Rolling
4.70500,11,821.749,-534.448,28.575,0.0,Stationary
4.70500,12,1205.167,513.830,28.575,0.0,Stationary
4.70500,13,368.069,42.881,28.575,0.0,Stationary
4.70500,14,1110.542,229.418,28.575,0.0,Stationary
4.70500,15,-308.917,-96.914,28.575,37.9,Rolling
4.71000,0,321.319,-64.345,28.575,0.0,Stationary
4.71000,1,-322.729,484.076,28.575,50.5,Rolling
4.71000,2,1220.223,-25.994,28.575,0.0,Stationary
4.71000,3,541.180,582.439,28.575,0.0,Stationary
4.71000,4,-596.596,-493.561,28.575,65.3,Rolling
4.71000,5,1238.800,56.416,28.575,0.0,Stationary
4.71000,6,373.935,-114.867,28.575,12.0,Rolling
4.71000,7,638.119,146.506,28.575,0.0,Stationary
4.71000,8,65.834,-265.085,28.575,0.0,Stationary
4.71000,9,661.096,596.915,28.575,0.0,Stationary
4.71000,10,-696.220,-444.133,28.575,128.8,Rolling
4.71000,11,821.749,-534.448,28.575,0.0,Stationary
4.71000,12,1205.167,513.830,28.575,0.0,Stationary
4.71000,13,368.069,42.881,28.575,0.0,Stationary
4.71000,14,1110.542,229.418,28.575,0.0,Stationary
4.71000,15,-309.085,-96.829,28.575,37.4,Rolling
4.71500,0,321.319,-64.345,28.575,0.0,Stationary
4.71500,1,-322.946,484.204,28.575,50.0,Rolling
4.71500,2,1220.223,-25.994,28.575,0.0,Stationary
4.71500,3,541.180,582.439,28.575,0.0,Stationary
4.71500,4,-596.911,-493.480,28.575,64.9,Rolling
4.71500,5,1238.800,56.416,28.575,0.0,Stationary
4.71500,6,373.920,-114.923,28.575,11.5,Rolling
4.71500,7,638.119,146.506,28.575,0.0,Stationary
4.71500,8,65.834,-265.085,28.575,0.0,Stationary
4.71500,9,661.096,596.915,28.575,0.0,Stationary
4.71500,10,-695.597,-444.292,28.575,128.3,Rolling
4.71500,11,821.749,-534.448,28.575,0.0,Stationary
4.71500,12,1205.167,513.830,28.575,0.0,Stationary
4.71500,13,368.069,42.881,28.575,0.0,Stationary
4.71500,14,1110.542,229.418,28.575,0.0,Stationary
4.71500,15,-309.251,-96.745,28.575,36.9,Rolling
4.72000,0,321.319,-64.345,28.575,0.0,Stationary
4.72000,1,-323.160,484.331,28.575,49.5,Rolling
4.72000,2,1220.223,-25.994,28.575,0.0,Stationary
4.72000,3,541.180,582.439,28.575,0.0,Stationary
4.72000,4,-597.224,-493.399,28.575,64.4,Rolling
4.72000,5,1238.800,56.416,28.575,0.0,Stationary
4.72000,6,373.906,-114.978,28.575,11.0,Rolling
4.72000,7,638.119,146.506,28.575,0.0,Stationary
4.72000,8,65.834,-265.085,28.575,0.0,Stationary
4.72000,9,661.096,596.915,28.575,0.0,Stationary
4.72000,10,-694.977,-444.452,28.575,127.8,Rolling
4.72000,11,821.749,-534.448,28.575,0.0,Stationary
4.72000,12,1205.167,513.830,28.575,0.0,Stationary
4.72000,13,368.069,42.881,28.575,0.0,Stationary
4.72000,14,1110.542,229.418,28.575,0.0,Stationary
4.72000,15,-309.414,-96.662,28.575,36.4,Rolling
4.72500,0,321.319,-64.345,28.575,0.0,Stationary
4.72500,1,-323.372,484.456,28.575,49.0,Rolling
4.72500,2,1220.223,-25.994,28.575,0.0,Stationary
4.72500,3,541.180,582.439,28.575,0.0,Stationary
4.72500,4,-597.534,-493.319,28.575,63.9,Rolling
4.72500,5,1238.800,56.416,28.575,0.0,Stationary
4.72500,6,373.893,-115.030,28.575,10.5,Rolling
4.72500,7,638.119,146.506,28.575,0.0,Stationary
4.72500,8,65.834,-265.085,28.575,0.0,Stationary
4.72500,9,661.096,596.915,28.575,0.0,Stationary
4.72500,10,-694.359,-444.610,28.575,127.3,Rolling
4.72500,11,821.749,-534.448,28.575,0.0,Stationary
4.72500,12,1205.167,513.830,28.575,0.0,Stationary
4.72500,13,368.069,42.881,28.575,0.0,Stationary
4.72500,14,1110.542,229.418,28.575,0.0,Stationary
4.72500,15,-309.576,-96.580,28.575,35.9,Rolling
4.73000,0,321.319,-64.345,28.575,0.0,Stationary
4.73000,1,-323.582,484.581,28.575,48.5,Rolling
4.73000,2,1220.223,-25.994,28.575,0.0,Stationary
4.73000,3,541.180,582.439,28.575,0.0,Stationary
4.73000,4,-597.843,-493.239,28.575,63.4,Rolling
4.73000,5,1238.800,56.416,28.575,0.0,Stationary
4.73000,6,373.881,-115.080,28.575,10.0,Rolling
4.73000,7,638.119,146.506,28.575,0.0,Stationary
4.73000,8,65.834,-265.085,28.575,0.0,Stationary
4.73000,9,661.096,596.915,28.575,0.0,Stationary
4.73000,10,-693.744,-444.768,28.575,126.8,Rolling
4.73000,11,821.749,-534.448,28.575,0.0,Stationary
4.73000,12,1205.167,513.830,28.575,0.0,Stationary
4.73000,13,368.069,42.881,28.575,0.0,Stationary
4.73000,14,1110.542,229.418,28.575,0.0,Stationary
4.73000,15,-309.735,-96.499,28.575,35.5,Rolling
4.73500,0,321.319,-64.345,28.575,0.0,Stationary
4.73500,1,-323.789,484.703,28.575,48.0,Rolling
4.73500,2,1220.223,-25.994,28.575,0.0,Stationary
4.73500,3,541.180,582.439,28.575,0.0,Stationary
4.73500,4,-598.148,-493.160,28.575,62.9,Rolling
4.73500,5,1238.800,56.416,28.575,0.0,Stationary
4.73500,6,373.869,-115.128,28.575,9.5,Rolling
4.73500,7,638.119,146.506,28.575,0.0,Stationary
4.73500,8,65.834,-265.085,28.575,0.0,Stationary
4.73500,9,661.096,596.915,28.575,0.0,Stationary
4.73500,10,-693.131,-444.925,28.575,126.3,Rolling
4.73500,11,821.749,-534.448,28.575,0.0,Stationary
4.73500,12,1205.167,513.830,28.575,0.0,Stationary
4.73500,13,368.069,42.881,28.575,0.0,Stationary
4.73500,14,1110.542,229.418,28.575,0.0,Stationary
4.73500,15,-309.892,-96.420,28.575,35.0,Rolling
4.74000,0,321.319,-64.345,28.575,0.0,Stationary
4.74000,1,-323.995,484.825,28.575,47.5,Rolling
4.74000,2,1220.223,-25.994,28.575,0.0,Stationary
4.74000,3,541.180,582.439,28.575,0.0,Stationary
4.74000,4,-598.452,-493.082,28.575,62.4,Rolling
4.74000,5,1238.800,56.416,28.575,0.0,Stationary
4.74000,6,373.857,-115.173,28.575,9.1,Rolling
4.74000,7,638.119,146.506,28.575,0.0,Stationary
4.74000,8,65.834,-265.085,28.575,0.0,Stationary
4.74000,9,661.096,596.915,28.575,0.0,Stationary
4.74000,10,-692.520,-445.082,28.575,125.8,Rolling
4.74000,11,821.749,-534.448,28.575,0.0,Stationary
4.74000,12,1205.167,513.830,28.575,0.0,Stationary
4.74000,13,368.069,42.881,28.575,0.0,Stationary
4.74000,14,1110.542,229.418,28.575,0.0,Stationary
4.74000,15,-310.047,-96.341,28.575,34.5,Rolling
4.74500,0,321.319,-64.345,28.575,0.0,Stationary
4.74500,1,-324.198,484.946,28.575,47.1,Rolling
4.74500,2,1220.223,-25.994,28.575,0.0,Stationary
4.74500,3,541.180,582.439,28.575,0.0,Stationary
4.74500,4,-598.752,-493.004,28.575,61.9,Rolling
4.74500,5,1238.800,56.416,28.575,0.0,Stationary
4.74500,6,373.847,-115.215,28.575,8.6,Rolling
4.74500,7,638.119,146.506,28.575,0.0,Stationary
4.74500,8,65.834,-265.085,28.575,0.0,Stationary
4.74500,9,661.096,596.915,28.575,0.0,Stationary
4.74500,10,-691.912,-445.238,28.575,125.4,Rolling
4.74500,11,821.749,-534.448,28.575,0.0,Stationary
4.74500,12,1205.167,513.830,28.575,0.0,Stationary
4.74500,13,368.069,42.881,28.575,0.0,Stationary
4.74500,14,1110.542,229.418,28.575,0.0,Stationary
4.74500,15,-310.200,-96.264,28.575,34.0,Rolling
4.75000,0,321.319,-64.345,28.575,0.0,Stationary
4.75000,1,-324.400,485.065,28.575,46.6,Rolling
4.75000,2,1220.223,-25.994,28.575,0.0,Stationary
4.75000,3,541.180,582.439,28.575,0.0,Stationary
4.75000,4,-599.051,-492.927,28.575,61.4,Rolling
4.75000,5,1238.800,56.416,28.575,0.0,Stationary
4.75000,6,373.837,-115.256,28.575,8.1,Rolling
4.75000,7,638.119,146.506,28.575,0.0,Stationary
4.75000,8,65.834,-265.085,28.575,0.0,Stationary
4.75000,9,661.096,596.915,28.575,0.0,Stationary
4.75000,10,-691.306,-445.394,28.575,124.9,Rolling
4.75000,11,821.749,-534.448,28.575,0.0,Stationary
4.75000,12,1205.167,513.830,28.575,0.0,Stationary
4.75000,13,368.069,42.881,28.575,0.0,Stationary
4.75000,14,1110.542,229.418,28.575,0.0,Stationary
4.75000,15,-310.350,-96.188,28.575,33.5,Rolling
4.75500,0,321.319,-64.345,28.575,0.0,Stationary
4.75500,1,-324.599,485.183,28.575,46.1,Rolling
4.75500,2,1220.223,-25.994,28.575,0.0,Stationary
4.75500,3,541.180,582.439,28.575,0.0,Stationary
4.75500,4,-599.347,-492.851,28.575,60.9,Rolling
4.75500,5,1238.800,56.416,28.575,0.0,Stationary
4.75500,6,373.827,-115.294,28.575,7.6,Rolling
4.75500,7,638.119,146.506,28.575,0.0,Stationary
4.75500,8,65.834,-265.085,28.575,0.0,Stationary
4.75500,9,661.096,596.915,28.575,0.0,Stationary
4.75500,10,-690.703,-445.548,28.575,124.4,Rolling
4.75500,11,821.749,-534.448,28.575,0.0,Stationary
4.75500,12,1205.167,513.830,28.575,0.0,Stationary
4.75500,13,368.069,42.881,28.575,0.0,Stationary
4.75500,14,1110.542,229.418,28.575,0.0,Stationary
4.75500,15,-310.499,-96.113,28.575,33.0,Rolling
4.76000,0,321.319,-64.345,28.575,0.0,Stationary
4.76000,1,-324.796,485.299,28.575,45.6,Rolling
4.76000,2,1220.223,-25.994,28.575,0.0,Stationary
4.76000,3,541.180,582.439,28.575,0.0,Stationary
4.76000,4,-599.641,-492.775,28.575,60.4,Rolling
4.76000,5,1238.800,56.416,28.575,0.0,Stationary
4.76000,6,373.818,-115.329,28.575,7.1,Rolling
4.76000,7,638.119,146.506,28.575,0.0,Stationary
4.76000,8,65.834,-265.085,28.575,0.0,Stationary
4.76000,9,661.096,596.915,28.575,0.0,Stationary
4.76000,10,-690.101,-445.703,28.575,123.9,Rolling
4.76000,11,821.749,-534.448,28.575,0.0,Stationary
4.76000,12,1205.167,513.830,28.575,0.0,Stationary
4.76000,13,368.069,42.881,28.575,0.0,Stationary
4.76000,14,1110.542,229.418,28.575,0.0,Stationary
4.76000,15,-310.645,-96.039,28.575,32.5,Rolling
4.76500,0,321.319,-64.345,28.575,0.0,Stationary
4.76500,1,-324.992,485.415,28.575,45.1,Rolling
4.76500,2,1220.223,-25.994,28.575,0.0,Stationary
4.76500,3,541.180,582.439,28.575,0.0,Stationary
4.76500,4,-599.932,-492.700,28.575,60.0,Rolling
4.76500,5,1238.800,56.416,28.575,0.0,Stationary
4.76500,6,373.810,-115.363,28.575,6.6,Rolling
4.76500,7,638.119,146.506,28.575,0.0,Stationary
4.76500,8,65.834,-265.085,28.575,0.0,Stationary
4.76500,9,661.096,596.915,28.575,0.0,Stationary
4.76500,10,-689.503,-445.856,28.575,123.4,Rolling
4.76500,11,821.749,-534.448,28.575,0.0,Stationary
4.76500,12,1205.167,513.830,28.575,0.0,Stationary
4.76500,13,368.069,42.881,28.575,0.0,Stationary
4.76500,14,1110.542,229.418,28.575,0.0,Stationary
4.76500,15,-310.789,-95.966,28.575,32.0,Rolling
4.77000,0,321.319,-64.345,28.575,0.0,Stationary
4.77000,1,-325.185,485.529,28.575,44.6,Rolling
4.77000,2,1220.223,-25.994,28.575,0.0,Stationary
4.77000,3,541.180,582.439,28.575,0.0,Stationary
4.77000,4,-600.222,-492.625,28.575,59.5,Rolling
4.77000,5,1238.800,56.416,28.575,0.0,Stationary
4.77000,6,373.802,-115.393,28.575,6.1,Rolling
4.77000,7,638.119,146.506,28.575,0.0,Stationary
4.77000,8,65.834,-265.085,28.575,0.0,Stationary
4.77000,9,661.096,596.915,28.575,0.0,Stationary
4.77000,10,-688.906,-446.009,28.575,122.9,Rolling
4.77000,11,821.749,-534.448,28.575,0.0,Stationary
4.77000,12,1205.167,513.830,28.575,0.0,Stationary
4.77000,13,368.069,42.881,28.575,0.0,Stationary
4.77000,14,1110.542,229.418,28.575,0.0,Stationary
4.77000,15,-310.930,-95.894,28.575,31.5,Rolling
4.77500,0,321.319,-64.345,28.575,0.0,Stationary
4.77500,1,-325.375,485.642,28.575,44.1,Rolling
4.77500,2,1220.223,-25.994,28.575,0.0,Stationary
4.77500,3,541.180,582.439,28.575,0.0,Stationary
4.77500,4,-600.508,-492.551,28.575,59.0,Rolling
4.77500,5,1238.800,56.416,28.575,0.0,Stationary
4.77500,6,373.795,-115.422,28.575,5.6,Rolling
4.77500,7,638.119,146.506,28.575,0.0,Stationary
4.77500,8,65.834,-265.085,28.575,0.0,Stationary
4.77500,9,661.096,596.915,28.575,0.0,Stationary
4.77500,10,-688.312,-446.162,28.575,122.4,Rolling
4.77500,11,821.749,-534.448,28.575,0.0,Stationary
4.77500,12,1205.167,513.830,28.575,0.0,Stationary
4.77500,13,368.069,42.881,28.575,0.0,Stationary
4.77500,14,1110.542,229.418,28.575,0.0,Stationary
4.77500,15,-311.070,-95.823,28.575,31.0,Rolling
4.78000,0,321.319,-64.345,28.575,0.0,Stationary
4.78000,1,-325.564,485.753,28.575,43.6,Rolling
4.78000,2,1220.223,-25.994,28.575,0.0,Stationary
4.78000,3,541.180,582.439,28.575,0.0,Stationary
4.78000,4,-600.793,-492.478,28.575,58.5,Rolling
4.78000,5,1238.800,56.416,28.575,0.0,Stationary
4.78000,6,373.788,-115.448,28.575,5.1,Rolling
4.78000,7,638.119,146.506,28.575,0.0,Stationary
4.78000,8,65.834,-265.085,28.575,0.0,Stationary
4.78000,9,661.096,596.915,28.575,0.0,Stationary
4.78000,10,-687.721,-446.314,28.575,121.9,Rolling
4.78000,11,821.749,-534.448,28.575,0.0,Stationary
4.78000,12,1205.167,513.830,28.575,0.0,Stationary
4.78000,13,368.069,42.881,28.575,0.0,Stationary
4.78000,14,1110.542,229.418,28.575,0.0,Stationary
4.78000,15,-311.207,-95.754,28.575,30.6,Rolling
4.78500,0,321.319,-64.345,28.575,0.0,Stationary
4.78500,1,-325.751,485.864,28.575,43.1,Rolling
4.78500,2,1220.223,-25.994,28.575,0.0,Stationary
4.78500,3,541.180,582.439,28.575,0.0,Stationary
4.78500,4,-601.074,-492.405,28.575,58.0,Rolling
4.78500,5,1238.800,56.416,28.575,0.0,Stationary
4.78500,6,373.782,-115.472,28.575,4.6,Rolling
4.78500,7,638.119,146.506,28.575,0.0,Stationary
4.78500,8,65.834,-265.085,28.575,0.0,Stationary
4.78500,9,661.096,596.915,28.575,0.0,Stationary
4.78500,10,-687.131,-446.465,28.575,121.4,Rolling
4.78500,11,821.749,-534.448,28.575,0.0,Stationary
4.78500,12,1205.167,513.830,28.575,0.0,Stationary
4.78500,13,368.069,42.881,28.575,0.0,Stationary
4.78500,14,1110.542,229.418,28.575,0.0,Stationary
4.78500,15,-311.343,-95.685,28.575,30.1,Rolling
4.79000,0,321.319,-64.345,28.575,0.0,Stationary
4.79000,1,-325.935,485.973,28.575,42.6,Rolling
4.79000,2,1220.223,-25.994,28.575,0.0,Stationary
4.79000,3,541.180,582.439,28.575,0.0,Stationary
4.79000,4,-601.354,-492.333,28.575,57.5,Rolling
4.79000,5,1238.800,56.416,28.575,0.0,Stationary
4.79000,6,373.777,-115.493,28.575,4.2,Rolling
4.79000,7,638.119,146.506,28.575,0.0,Stationary
4.79000,8,65.834,-265.085,28.575,0.0,Stationary
4.79000,9,661.096,596.915,28.575,0.0,Stationary
4.79000,10,-686.544,-446.615,28.575,120.9,Rolling
4.79000,11,821.749,-534.448,28.575,0.0,Stationary
4.79000,12,1205.167,513.830,28.575,0.0,Stationary
4.79000,13,368.069,42.881,28.575,0.0,Stationary
4.79000,14,1110.542,229.418,28.575,0.0,Stationary
4.79000,15,-311.476,-95.618,28.575,29.6,Rolling
4.79500,0,321.319,-64.345,28.575,0.0,Stationary
4.79500,1,-326.118,486.081,28.575,42.1,Rolling
4.79500,2,1220.223,-25.994,28.575,0.0,Stationary
4.79500,3,541.180,582.439,28.575,0.0,Stationary
4.79500,4,-601.631,-492.261,28.575,57.0,Rolling
4.79500,5,1238.800,56.416,28.575,0.0,Stationary
4.79500,6,373.772,-115.512,28.575,3.7,Rolling
4.79500,7,638.119,146.506,28.575,0.0,Stationary
4.79500,8,65.834,-265.085,28.575,0.0,Stationary
4.79500,9,661.096,596.915,28.575,0.0,Stationary
4.79500,10,-685.960,-446.765,28.575,120.5,Rolling
4.79500,11,821.749,-534.448,28.575,0.0,Stationary
4.79500,12,1205.167,513.830,28.575,0.0,Stationary
4.79500,13,368.069,42.881,28.575,0.0,Stationary
4.79500,14,1110.542,229.418,28.575,0.0,Stationary
4.79500,15,-311.606,-95.552,28.575,29.1,Rolling
4.80000,0,321.319,-64.345,28.575,0.0,Stationary
4.80000,1,-326.298,486.188,28.575,41.7,Rolling
4.80000,2,1220.223,-25.994,28.575,0.0,Stationary
4.80000,3,541.180,582.439,28.575,0.0,Stationary
4.80000,4,-601.906,-492.190,28.575,56.5,Rolling
4.80000,5,1238.800,56.416,28.575,0.0,Stationary
4.80000,6,373.768,-115.529,28.575,3.2,Rolling
4.80000,7,638.119,146.506,28.575,0.0,Stationary
4.80000,8,65.834,-265.085,28.575,0.0,Stationary
4.80000,9,661.096,596.915,28.575,0.0,Stationary
4.80000,10,-685.378,-446.915,28.575,120.0,Rolling
4.80000,11,821.749,-534.448,28.575,0.0,Stationary
4.80000,12,1205.167,513.830,28.575,0.0,Stationary
4.80000,13,368.069,42.881,28.575,0.0,Stationary
4.80000,14,1110.542,229.418,28.575,0.0,Stationary
4.80000,15,-311.735,-95.487,28.575,28.6,Rolling
4.80500,0,321.319,-64.345,28.575,0.0,Stationary
4.80500,1,-326.476,486.293,28.575,41.2,Rolling
4.80500,2,1220.223,-25.994,28.575,0.0,Stationary
4.80500,3,541.180,582.439,28.575,0.0,Stationary
4.80500,4,-602.179,-492.120,28.575,56.0,Rolling
4.80500,5,1238.800,56.416,28.575,0.0,Stationary
4.80500,6,373.764,-115.543,28.575,2.7,Rolling
4.80500,7,638.119,146.506,28.575,0.0,Stationary
4.80500,8,65.834,-265.085,28.575,0.0,Stationary
4.80500,9,661.096,596.915,28.575,0.0,Stationary
4.80500,10,-684.798,-447.064,28.575,119.5,Rolling
4.80500,11,821.749,-534.448,28.575,0.0,Stationary
4.80500,12,1205.167,513.830,28.575,0.0,Stationary
4.80500,13,368.069,42.881,28.575,0.0,Stationary
4.80500,14,1110.542,229.418,28.575,0.0,Stationary
4.80500,15,-311.862,-95.423,28.575,28.1,Rolling
4.81000,0,321.319,-64.345,28.575,0.0,Stationary
4.81000,1,-326.652,486.397,28.575,40.7,Rolling
4.81000,2,1220.223,-25.994,28.575,0.0,Stationary
4.81000,3,541.180,582.439,28.575,0.0,Stationary
4.81000,4,-602.449,-492.050,28.575,55.5,Rolling
4.81000,5,1238.800,56.416,28.575,0.0,Stationary
4.81000,6,373.761,-115.555,28.575,2.2,Rolling
4.81000,7,638.119,146.506,28.575,0.0,Stationary
4.81000,8,65.834,-265.085,28.575,0.0,Stationary
4.81000,9,661.096,596.915,28.575,0.0,Stationary
4.81000,10,-684.220,-447.212,28.575,119.0,Rolling
4.81000,11,821.749,-534.448,28.575,0.0,Stationary
4.81000,12,1205.167,513.830,28.575,0.0,Stationary
4.81000,13,368.069,42.881,28.575,0.0,Stationary
4.81000,14,1110.542,229.418,28.575,0.0,Stationary
4.81000,15,-311.986,-95.360,28.575,27.6,Rolling
4.81500,0,321.319,-64.345,28.575,0.0,Stationary
4.81500,1,-326.826,486.500,28.575,40.2,Rolling
4.81500,2,1220.223,-25.994,28.575,0.0,Stationary
4.81500,3,541.180,582.439,28.575,0.0,Stationary
4.81500,4,-602.716,-491.981,28.575,55.1,Rolling
4.81500,5,1238.800,56.416,28.575,0.0,Stationary
4.81500,6,373.759,-115.564,28.575,1.7,Rolling
4.81500,7,638.119,146.506,28.575,0.0,Stationary
4.81500,8,65.834,-265.085,28.575,0.0,Stationary
4.81500,9,661.096,596.915,28.575,0.0,Stationary
4.81500,10,-683.645,-447.359,28.575,118.5,Rolling
4.81500,11,821.749,-534.448,28.575,0.0,Stationary
4.81500,12,1205.167,513.830,28.575,0.0,Stationary
4.81500,13,368.069,42.881,28.575,0.0,Stationary
4.81500,14,1110.542,229.418,28.575,0.0,Stationary
4.81500,15,-312.108,-95.298,28.575,27.1,Rolling
4.82000,0,321.319,-64.345,28.575,0.0,Stationary
4.82000,1,-326.998,486.602,28.575,39.7,Rolling
4.82000,2,1220.223,-25.994,28.575,0.0,Stationary
4.82000,3,541.180,582.439,28.575,0.0,Stationary
4.82000,4,-602.982,-491.912,28.575,54.6,Rolling
4.82000,5,1238.800,56.416,28.575,0.0,Stationary
4.82000,6,373.757,-115.571,28.575,1.2,Rolling
4.82000,7,638.119,146.506,28.575,0.0,Stationary
4.82000,8,65.834,-265.085,28.575,0.0,Stationary
4.82000,9,661.096,596.915,28.575,0.0,Stationary
4.82000,10,-683.073,-447.506,28.575,118.0,Rolling
4.82000,11,821.749,-534.448,28.575,0.0,Stationary
4.82000,12,1205.167,513.830,28.575,0.0,Stationary
4.82000,13,368.069,42.881,28.575,0.0,Stationary
4.82000,14,1110.542,229.418,28.575,0.0,Stationary
4.82000,15,-312.228,-95.237,28.575,26.6,Rolling
4.82500,0,321.319,-64.345,28.575,0.0,Stationary
4.82500,1,-327.168,486.702,28.575,39.2,Rolling
4.82500,2,1220.223,-25.994,28.575,0.0,Stationary
4.82500,3,541.180,582.439,28.575,0.0,Stationary
4.82500,4,-603.245,-491.844,28.575,54.1,Rolling
4.82500,5,1238.800,56.416,28.575,0.0,Stationary
4.82500,6,373.756,-115.576,28.575,0.7,Rolling
4.82500,7,638.119,146.506,28.575,0.0,Stationary
4.82500,8,65.834,-265.085,28.575,0.0,Stationary
4.82500,9,661.096,596.915,28.575,0.0,Stationary
4.82500,10,-682.502,-447.653,28.575,117.5,Rolling
4.82500,11,821.749,-534.448,28.575,0.0,Stationary
4.82500,12,1205.167,513.830,28.575,0.0,Stationary
4.82500,13,368.069,42.881,28.575,0.0,Stationary
4.82500,14,1110.542,229.418,28.575,0.0,Stationary
4.82500,15,-312.345,-95.177,28.575,26.1,Rolling
4.83000,0,321.319,-64.345,28.575,0.0,Stationary
4.83000,1,-327.336,486.801,28.575,38.7,Rolling
4.83000,2,1220.223,-25.994,28.575,0.0,Stationary
4.83000,3,541.180,582.439,28.575,0.0,Stationary
4.83000,4,-603.505,-491.777,28.575,53.6,Rolling
4.83000,5,1238.800,56.416,28.575,0.0,Stationary
4.83000,6,373.755,-115.578,28.575,0.2,Rolling
4.83000,7,638.119,146.506,28.575,0.0,Stationary
4.83000,8,65.834,-265.085,28.575,0.0,Stationary
4.83000,9,661.096,596.915,28.575,0.0,Stationary
4.83000,10,-681.934,-447.798,28.575,117.0,Rolling
4.83000,11,821.749,-534.448,28.575,0.0,Stationary
4.83000,12,1205.167,513.830,28.575,0.0,Stationary
4.83000,13,368.069,42.881,28.575,0.0,Stationary
4.83000,14,1110.542,229.418,28.575,0.0,Stationary
4.83000,15,-312.461,-95.119,28.575,25.7,Rolling
4.83500,0,321.319,-64.345,28.575,0.0,Stationary
4.83500,1,-327.501,486.899,28.575,38.2,Rolling
4.83500,2,1220.223,-25.994,28.575,0.0,Stationary
4.83500,3,541.180,582.439,28.575,0.0,Stationary
4.83500,4,-603.763,-491.711,28.575,53.1,Rolling
4.83500,5,1238.800,56.416,28.575,0.0,Stationary
4.83500,6,373.755,-115.578,28.575,0.0,Stationary
4.83500,7,638.119,146.506,28.575,0.0,Stationary
4.83500,8,65.834,-265.085,28.575,0.0,Stationary
4.83500,9,661.096,596.915,28.575,0.0,Stationary
4.83500,10,-681.369,-447.943,28.575,116.5,Rolling
4.83500,11,821.749,-534.448,28.575,0.0,Stationary
4.83500,12,1205.167,513.830,28.575,0.0,Stationary
4.83500,13,368.069,42.881,28.575,0.0,Stationary
4.83500,14,1110.542,229.418,28.575,0.0,Stationary
4.83500,15,-312.574,-95.062,28.575,25.2,Rolling
4.84000,0,321.319,-64.345,28.575,0.0,Stationary
4.84000,1,-327.665,486.996,28.575,37.7,Rolling
4.84000,2,1220.223,-25.994,28.575,0.0,Stationary
4.84000,3,541.180,582.439,28.575,0.0,Stationary
4.84000,4,-604.019,-491.644,28.575,52.6,Rolling
4.84000,5,1238.800,56.416,28.575,0.0,Stationary
4.84000,6,373.755,-115.578,28.575,0.0,Stationary
4.84000,7,638.119,146.506,28.575,0.0,Stationary
4.84000,8,65.834,-265.085,28.575,0.0,Stationary
4.84000,9,661.096,596.915,28.575,0.0,Stationary
4.84000,10,-680.806,-448.088,28.575,116.0,Rolling
4.84000,11,821.749,-534.448,28.575,0.0,Stationary
4.84000,12,1205.167,513.830,28.575,0.0,Stationary
4.84000,13,368.069,42.881,28.575,0.0,Stationary
4.84000,14,1110.542,229.418,28.575,0.0,Stationary
4.84000,15,-312.685,-95.005,28.575,24.7,Rolling
4.84500,0,321.319,-64.345,28.575,0.0,Stationary
4.84500,1,-327.826,487.091,28.575,37.2,Rolling
4.84500,2,1220.223,-25.994,28.575,0.0,Stationary
4.84500,3,541.180,582.439,28.575,0.0,Stationary
4.84500,4,-604.273,-491.579,28.575,52.1,Rolling
4.84500,5,1238.800,56.416,28.575,0.0,Stationary
4.84500,6,373.755,-115.578,28.575,0.0,Stationary
4.84500,7,638.119,146.506,28.575,0.0,Stationary
4.84500,8,65.834,-265.085,28.575,0.0,Stationary
4.84500,9,661.096,596.915,28.575,0.0,Stationary
4.84500,10,-680.245,-448.232,28.575,115.5,Rolling
4.84500,11,821.749,-534.448,28.575,0.0,Stationary
4.84500,12,1205.167,513.830,28.575,0.0,Stationary
4.84500,13,368.069,42.881,28.575,0.0,Stationary
4.84500,14,1110.542,229.418,28.575,0.0,Stationary
4.84500,15,-312.794,-94.950,28.575,24.2,Rolling
4.85000,0,321.319,-64.345,28.575,0.0,Stationary
4.85000,1,-327.985,487.186,28.575,36.8,Rolling
4.85000,2,1220.223,-25.994,28.575,0.0,Stationary
4.85000,3,541.180,582.439,28.575,0.0,Stationary
4.85000,4,-604.524,-491.514,28.575,51.6,Rolling
4.85000,5,1238.800,56.416,28.575,0.0,Stationary
4.85000,6,373.755,-115.578,28.575,0.0,Stationary
4.85000,7,638.119,146.506,28.575,0.0,Stationary
4.85000,8,65.834,-265.085,28.575,0.0,Stationary
4.85000,9,661.096,596.915,28.575,0.0,Stationary
4.85000,10,-679.686,-448.375,28.575,115.1,Rolling
4.85000,11,821.749,-534.448,28.575,0.0,Stationary
4.85000,12,1205.167,513.830,28.575,0.0,Stationary
4.85000,13,368.069,42.881,28.575,0.0,Stationary
4.85000,14,1110.542,229.418,28.575,0.0,Stationary
4.85000,15,-312.901,-94.896,28.575,23.7,Rolling
4.85500,0,321.319,-64.345,28.575,0.0,Stationary
4.85500,1,-328.142,487.279,28.575,36.3,Rolling
4.85500,2,1220.223,-25.994,28.575,0.0,Stationary
4.85500,3,541.180,582.439,28.575,0.0,Stationary
4.85500,4,-604.772,-491.450,28.575,51.1,Rolling
4.85500,5,1238.800,56.416,28.575,0.0,Stationary
4.85500,6,373.755,-115.578,28.575,0.0,Stationary
4.85500,7,638.119,146.506,28.575,0.0,Stationary
4.85500,8,65.834,-265.085,28.575,0.0,Stationary
4.85500,9,661.096,596.915,28.575,0.0,Stationary
4.85500,10,-679.130,-448.518,28.575,114.6,Rolling
4.85500,11,821.749,-534.448,28.575,0.0,Stationary
4.85500,12,1205.167,513.830,28.575,0.0,Stationary
4.85500,13,368.069,42.881,28.575,0.0,Stationary
4.85500,14,1110.542,229.418,28.575,0.0,Stationary
4.85500,15,-313.006,-94.843,28.575,23.2,Rolling
4.86000,0,321.319,-64.345,28.575,0.0,Stationary
4.86000,1,-328.297,487.370,28.575,35.8,Rolling
4.86000,2,1220.223,-25.994,28.575,0.0,Stationary
4.86000,3,541.180,582.439,28.575,0.0,Stationary
4.86000,4,-605.019,-491.386,28.575,50.6,Rolling
4.86000,5,1238.800,56.416,28.575,0.0,Stationary
4.86000,6,373.755,-115.578,28.575,0.0,Stationary
4.86000,7,638.119,146.506,28.575,0.0,Stationary
4.86000,8,65.834,-265.085,28.575,0.0,Stationary
4.86000,9,661.096,596.915,28.575,0.0,Stationary
4.86000,10,-678.577,-448.660,28.575,114.1,Rolling
4.86000,11,821.749,-534.448,28.575,0.0,Stationary
4.86000,12,1205.167,513.830,28.575,0.0,Stationary
4.86000,13,368.069,42.881,28.575,0.0,Stationary
4.86000,14,1110.542,229.418,28.575,0.0,Stationary
4.86000,15,-313.108,-94.791,28.575,22.7,Rolling
4.86500,0,321.319,-64.345,28.575,0.0,Stationary
4.86500,1,-328.450,487.461,28.575,35.3,Rolling
4.86500,2,1220.223,-25.994,28.575,0.0,Stationary
4.86500,3,541.180,582.439,28.575,0.0,Stationary
4.86500,4,-605.263,-491.323,28.575,50.1,Rolling
4.86500,5,1238.800,56.416,28.575,0.0,Stationary
4.86500,6,373.755,-115.578,28.575,0.0,Stationary
4.86500,7,638.119,146.506,28.575,0.0,Stationary
4.86500,8,65.834,-265.085,28.575,0.0,Stationary
4.86500,9,661.096,596.915,28.575,0.0,Stationary
4.86500,10,-678.025,-448.801,28.575,113.6,Rolling
4.86500,11,821.749,-534.448,28.575,0.0,Stationary
4.86500,12,1205.167,513.830,28.575,0.0,Stationary
4.86500,13,368.069,42.881,28.575,0.0,Stationary
4.86500,14,1110.542,229.418,28.575,0.0,Stationary
4.86500,15,-313.208,-94.741,28.575,22.2,Rolling
4.87000,0,321.319,-64.345,28.575,0.0,Stationary
4.87000,1,-328.601,487.550,28.575,34.8,Rolling
4.87000,2,1220.223,-25.994,28.575,0.0,Stationary
4.87000,3,541.180,582.439,28.575,0.0,Stationary
4.87000,4,-605.504,-491.261,28.575,49.7,Rolling
4.87000,5,1238.800,56.416,28.575,0.0,Stationary
4.87000,6,373.755,-115.578,28.575,0.0,Stationary
4.87000,7,638.119,146.506,28.575,0.0,Stationary
4.87000,8,65.834,-265.085,28.575,0.0,Stationary
4.87000,9,661.096,596.915,28.575,0.0,Stationary
4.87000,10,-677.477,-448.942,28.575,113.1,Rolling
4.87000,11,821.749,-534.448,28.575,0.0,Stationary
4.87000,12,1205.167,513.830,28.575,0.0,Stationary
4.87000,13,368.069,42.881,28.575,0.0,Stationary
4.87000,14,1110.542,229.418,28.575,0.0,Stationary
4.87000,15,-313.306,-94.691,28.575,21.7,Rolling
4.87500,0,321.319,-64.345,28.575,0.0,Stationary
4.87500,1,-328.750,487.638,28.575,34.3,Rolling
4.87500,2,1220.223,-25.994,28.575,0.0,Stationary
4.87500,3,541.180,582.439,28.575,0.0,Stationary
4.87500,4,-605.744,-491.199,28.575,49.2,Rolling
4.87500,5,1238.800,56.416,28.575,0.0,Stationary
4.87500,6,373.755,-115.578,28.575,0.0,Stationary
4.87500,7,638.119,146.506,28.575,0.0,Stationary
4.87500,8,65.834,-265.085,28.575,0.0,Stationary
4.87500,9,661.096,596.915,28.575,0.0,Stationary
4.87500,10,-676.930,-449.082,28.575,112.6,Rolling
4.87500,11,821.749,-534.448,28.575,0.0,Stationary
4.87500,12,1205.167,513.830,28.575,0.0,Stationary
4.87500,13,368.069,42.881,28.575,0.0,Stationary
4.87500,14,1110.542,229.418,28.575,0.0,Stationary
4.87500,15,-313.402,-94.642,28.575,21.2,Rolling
4.88000,0,321.319,-64.345,28.575,0.0,Stationary
4.88000,1,-328.896,487.725,28.575,33.8,Rolling
4.88000,2,1220.223,-25.994,28.575,0.0,Stationary
4.88000,3,541.180,582.439,28.575,0.0,Stationary
4.88000,4,-605.980,-491.138,28.575,48.7,Rolling
4.88000,5,1238.800,56.416,28.575,0.0,Stationary
4.88000,6,373.755,-115.578,28.575,0.0,Stationary
4.88000,7,638.119,146.506,28.575,0.0,Stationary
4.88000,8,65.834,-265.085,28.575,0.0,Stationary
4.88000,9,661.096,596.915,28.575,0.0,Stationary
4.88000,10,-676.386,-449.222,28.575,112.1,Rolling
4.88000,11,821.749,-534.448,28.575,0.0,Stationary
4.88000,12,1205.167,513.830,28.575,0.0,Stationary
4.88000,13,368.069,42.881,28.575,0.0,Stationary
4.88000,14,1110.542,229.418,28.575,0.0,Stationary
4.88000,15,-313.496,-94.595,28.575,20.7,Rolling
4.88500,0,321.319,-64.345,28.575,0.0,Stationary
4.88500,1,-329.041,487.810,28.575,33.3,Rolling
4.88500,2,1220.223,-25.994,28.575,0.0,Stationary
4.88500,3,541.180,582.439,28.575,0.0,Stationary
4.88500,4,-606.215,-491.078,28.575,48.2,Rolling
4.88500,5,1238.800,56.416,28.575,0.0,Stationary
4.88500,6,373.755,-115.578,28.575,0.0,Stationary
4.88500,7,638.119,146.506,28.575,0.0,Stationary
4.88500,8,65.834,-265.085,28.575,0.0,Stationary
4.88500,9,661.096,596.915,28.575,0.0,Stationary
4.88500,10,-675.844,-449.361,28.575,111.6,Rolling
4.88500,11,821.749,-534.448,28.575,0.0,Stationary
4.88500,12,1205.167,513.830,28.575,0.0,Stationary
4.88500,13,368.069,42.881,28.575,0.0,Stationary
4.88500,14,1110.542,229.418,28.575,0.0,Stationary
4.88500,15,-313.587,-94.549,28.575,20.3,Rolling
4.89000,0,321.319,-64.345,28.575,0.0,Stationary
4.89000,1,-329.183,487.894,28.575,32.8,Rolling
4.89000,2,1220.223,-25.994,28.575,0.0,Stationary
4.89000,3,541.180,582.439,28.575,0.0,Stationary
4.89000,4,-606.447,-491.018,28.575,47.7,Rolling
4.89000,5,1238.800,56.416,28.575,0.0,Stationary
4.89000,6,373.755,-115.578,28.575,0.0,Stationary
4.89000,7,638.119,146.506,28.575,0.0,Stationary
4.89000,8,65.834,-265.085,28.575,0.0,Stationary
4.89000,9,661.096,596.915,28.575,0.0,Stationary
4.89000,10,-675.305,-449.500,28.575,111.1,Rolling
4.89000,11,821.749,-534.448,28.575,0.0,Stationary
4.89000,12,1205.167,513.830,28.575,0.0,Stationary
4.89000,13,368.069,42.881,28.575,0.0,Stationary
4.89000,14,1110.542,229.418,28.575,0.0,Stationary
4.89000,15,-313.677,-94.503,28.575,19.8,Rolling
4.89500,0,321.319,-64.345,28.575,0.0,Stationary
4.89500,1,-329.323,487.977,28.575,32.3,Rolling
4.89500,2,1220.223,-25.994,28.575,0.0,Stationary
4.89500,3,541.180,582.439,28.575,0.0,Stationary
4.89500,4,-606.677,-490.958,28.575,47.2,Rolling
4.89500,5,1238.800,56.416,28.575,0.0,Stationary
4.89500,6,373.755,-115.578,28.575,0.0,Stationary
4.89500,7,638.119,146.506,28.575,0.0,Stationary
4.89500,8,65.834,-265.085,28.575,0.0,Stationary
4.89500,9,661.096,596.915,28.575,0.0,Stationary
4.89500,10,-674.768,-449.637,28.575,110.6,Rolling
4.89500,11,821.749,-534.448,28.575,0.0,Stationary
4.89500,12,1205.167,513.830,28.575,0.0,Stationary
4.89500,13,368.069,42.881,28.575,0.0,Stationary
4.89500,14,1110.542,229.418,28.575,0.0,Stationary
4.89500,15,-313.764,-94.459,28.575,19.3,Rolling
4.90000,0,321.319,-64.345,28.575,0.0,Stationary
4.90000,1,-329.461,488.059,28.575,31.9,Rolling
4.90000,2,1220.223,-25.994,28.575,0.0,Stationary
4.90000,3,541.180,582.439,28.575,0.0,Stationary
4.90000,4,-606.904,-490.900,28.575,46.7,Rolling
4.90000,5,1238.800,56.416,28.575,0.0,Stationary
4.90000,6,373.755,-115.578,28.575,0.0,Stationary
4.90000,7,638.119,146.506,28.575,0.0,Stationary
4.90000,8,65.834,-265.085,28.575,0.0,Stationary
4.90000,9,661.096,596.915,28.575,0.0,Stationary
4.90000,10,-674.233,-449.775,28.575,110.2,Rolling
4.90000,11,821.749,-534.448,28.575,0.0,Stationary
4.90000,12,1205.167,513.830,28.575,0.0,Stationary
4.90000,13,368.069,42.881,28.575,0.0,Stationary
4.90000,14,1110.542,229.418,28.575,0.0,Stationary
4.90000,15,-313.849,-94.416,28.575,18.8,Rolling
4.90500,0,321.319,-64.345,28.575,0.0,Stationary
4.90500,1,-329.597,488.139,28.575,31.4,Rolling
4.90500,2,1220.223,-25.994,28.575,0.0,Stationary
4.90500,3,541.180,582.439,28.575,0.0,Stationary
4.90500,4,-607.129,-490.841,28.575,46.2,Rolling
4.90500,5,1238.800,56.416,28.575,0.0,Stationary
4.90500,6,373.755,-115.578,28.575,0.0,Stationary
4.90500,7,638.119,146.506,28.575,0.0,Stationary
4.90500,8,65.834,-265.085,28.575,0.0,Stationary
4.90500,9,661.096,596.915,28.575,0.0,Stationary
4.90500,10,-673.701,-449.911,28.575,109.7,Rolling
4.90500,11,821.749,-534.448,28.575,0.0,Stationary
4.90500,12,1205.167,513.830,28.575,0.0,Stationary
4.90500,13,368.069,42.881,28.575,0.0,Stationary
4.90500,14,1110.542,229.418,28.575,0.0,Stationary
4.90500,15,-313.931,-94.374,28.575,18.3,Rolling
4.91000,0,321.319,-64.345,28.575,0.0,Stationary
4.91000,1,-329.731,488.219,28.575,30.9,Rolling
4.91000,2,1220.223,-25.994,28.575,0.0,Stationary
4.91000,3,541.180,582.439,28.575,0.0,Stationary
4.91000,4,-607.352,-490.784,28.575,45.7,Rolling
4.91000,5,1238.800,56.416,28.575,0.0,Stationary
4.91000,6,373.755,-115.578,28.575,0.0,Stationary
4.91000,7,638.119,146.506,28.575,0.0,Stationary
4.91000,8,65.834,-265.085,28.575,0.0,Stationary
4.91000,9,661.096,596.915,28.575,0.0,Stationary
4.91000,10,-673.171,-450.047,28.575,109.2,Rolling
4.91000,11,821.749,-534.448,28.575,0.0,Stationary
4.91000,12,1205.167,513.830,28.575,0.0,Stationary
4.91000,13,368.069,42.881,28.575,0.0,Stationary
4.91000,14,1110.542,229.418,28.575,0.0,Stationary
4.91000,15,-314.012,-94.334,28.575,17.8,Rolling
4.91500,0,321.319,-64.345,28.575,0.0,Stationary
4.91500,1,-329.863,488.296,28.575,30.4,Rolling
4.91500,2,1220.223,-25.994,28.575,0.0,Stationary
4.91500,3,541.180,582.439,28.575,0.0,Stationary
4.91500,4,-607.572,-490.727,28.575,45.2,Rolling
4.91500,5,1238.800,56.416,28.575,0.0,Stationary
4.91500,6,373.755,-115.578,28.575,0.0,Stationary
4.91500,7,638.119,146.506,28.575,0.0,Stationary
4.91500,8,65.834,-265.085,28.575,0.0,Stationary
4.91500,9,661.096,596.915,28.575,0.0,Stationary
4.91500,10,-672.643,-450.182,28.575,108.7,Rolling
4.91500,11,821.749,-534.448,28.575,0.0,Stationary
4.91500,12,1205.167,513.830,28.575,0.0,Stationary
4.91500,13,368.069,42.881,28.575,0.0,Stationary
4.91500,14,1110.542,229.418,28.575,0.0,Stationary
4.91500,15,-314.090,-94.294,28.575,17.3,Rolling
4.92000,0,321.319,-64.345,28.575,0.0,Stationary
4.92000,1,-329.993,488.373,28.575,29.9,Rolling
4.92000,2,1220.223,-25.994,28.575,0.0,Stationary
4.92000,3,541.180,582.439,28.575,0.0,Stationary
4.92000,4,-607.790,-490.671,28.575,44.8,Rolling
4.92000,5,1238.800,56.416,28.575,0.0,Stationary
4.92000,6,373.755,-115.578,28.575,0.0,Stationary
4.92000,7,638.119,146.506,28.575,0.0,Stationary
4.92000,8,65.834,-265.085,28.575,0.0,Stationary
4.92000,9,661.096,596.915,28.575,0.0,Stationary
4.92000,10,-672.118,-450.317,28.575,108.2,Rolling
4.92000,11,821.749,-534.448,28.575,0.0,Stationary
4.92000,12,1205.167,513.830,28.575,0.0,Stationary
4.92000,13,368.069,42.881,28.575,0.0,Stationary
4.92000,14,1110.542,229.418,28.575,0.0,Stationary
4.92000,15,-314.166,-94.255,28.575,16.8,Rolling
4.92500,0,321.319,-64.345,28.575,0.0,Stationary
4.92500,1,-330.120,488.449,28.575,29.4,Rolling
4.92500,2,1220.223,-25.994,28.575,0.0,Stationary
4.92500,3,541.180,582.439,28.575,0.0,Stationary
4.92500,4,-608.005,-490.615,28.575,44.3,Rolling
4.92500,5,1238.800,56.416,28.575,0.0,Stationary
4.92500,6,373.755,-115.578,28.575,0.0,Stationary
4.92500,7,638.119,146.506,28.575,0.0,Stationary
4.92500,8,65.834,-265.085,28.575,0.0,Stationary
4.92500,9,661.096,596.915,28.575,0.0,Stationary
4.92500,10,-671.595,-450.451,28.575,107.7,Rolling
4.92500,11,821.749,-534.448,28.575,0.0,Stationary
4.92500,12,1205.167,513.830,28.575,0.0,Stationary
4.92500,13,368.069,42.881,28.575,0.0,Stationary
4.92500,14,1110.542,229.418,28.575,0.0,Stationary
4.92500,15,-314.240,-94.218,28.575,16.3,Rolling
4.93000,0,321.319,-64.345,28.575,0.0,Stationary
4.93000,1,-330.246,488.523,28.575,28.9,Rolling
4.93000,2,1220.223,-25.994,28.575,0.0,Stationary
4.93000,3,541.180,582.439,28.575,0.0,Stationary
4.93000,4,-608.218,-490.560,28.575,43.8,Rolling
4.93000,5,1238.800,56.416,28.575,0.0,Stationary
4.93000,6,373.755,-115.578,28.575,0.0,Stationary
4.93000,7,638.119,146.506,28.575,0.0,Stationary
4.93000,8,65.834,-265.085,28.575,0.0,Stationary
4.93000,9,661.096,596.915,28.575,0.0,Stationary
4.93000,10,-671.075,-450.585,28.575,107.2,Rolling
4.93000,11,821.749,-534.448,28.575,0.0,Stationary
4.93000,12,1205.167,513.830,28.575,0.0,Stationary
4.93000,13,368.069,42.881,28.575,0.0,Stationary
4.93000,14,1110.542,229.418,28.575,0.0,Stationary
4.93000,15,-314.312,-94.182,28.575,15.8,Rolling
4.93500,0,321.319,-64.345,28.575,0.0,Stationary
4.93500,1,-330.369,488.596,28.575,28.4,Rolling
4.93500,2,1220.223,-25.994,28.575,0.0,Stationary
4.93500,3,541.180,582.439,28.575,0.0,Stationary
4.93500,4,-608.429,-490.506,28.575,43.3,Rolling
4.93500,5,1238.800,56.416,28.575,0.0,Stationary
4.93500,6,373.755,-115.578,28.575,0.0,Stationary
4.93500,7,638.119,146.506,28.575,0.0,Stationary
4.93500,8,65.834,-265.085,28.575,0.0,Stationary
4.93500,9,661.096,596.915,28.575,0.0,Stationary
4.93500,10,-670.557,-450.718,28.575,106.7,Rolling
4.93500,11,821.749,-534.448,28.575,0.0,Stationary
4.93500,12,1205.167,513.830,28.575,0.0,Stationary
4.93500,13,368.069,42.881,28.575,0.0,Stationary
4.93500,14,1110.542,229.418,28.575,0.0,Stationary
4.93500,15,-314.382,-94.146,28.575,15.4,Rolling
4.94000,0,321.319,-64.345,28.575,0.0,Stationary
4.94000,1,-330.490,488.668,28.575,27.9,Rolling
4.94000,2,1220.223,-25.994,28.575,0.0,Stationary
4.94000,3,541.180,582.439,28.575,0.0,Stationary
4.94000,4,-608.637,-490.452,28.575,42.8,Rolling
4.94000,5,1238.800,56.416,28.575,0.0,Stationary
4.94000,6,373.755,-115.578,28.575,0.0,Stationary
4.94000,7,638.119,146.506,28.575,0.0,Stationary
4.94000,8,65.834,-265.085,28.575,0.0,Stationary
4.94000,9,661.096,596.915,28.575,0.0,Stationary
4.94000,10,-670.041,-450.850,28.575,106.2,Rolling
4.94000,11,821.749,-534.448,28.575,0.0,Stationary
4.94000,12,1205.167,513.830,28.575,0.0,Stationary
4.94000,13,368.069,42.881,28.575,0.0,Stationary
4.94000,14,1110.542,229.418,28.575,0.0,Stationary
4.94000,15,-314.449,-94.112,28.575,14.9,Rolling
4.94500,0,321.319,-64.345,28.575,0.0,Stationary
4.94500,1,-330.610,488.738,28.575,27.4,Rolling
4.94500,2,1220.223,-25.994,28.575,0.0,Stationary
4.94500,3,541.180,582.439,28.575,0.0,Stationary
4.94500,4,-608.843,-490.399,28.575,42.3,Rolling
4.94500,5,1238.800,56.416,28.575,0.0,Stationary
4.94500,6,373.755,-115.578,28.575,0.0,Stationary
4.94500,7,638.119,146.506,28.575,0.0,Stationary
4.94500,8,65.834,-265.085,28.575,0.0,Stationary
4.94500,9,661.096,596.915,28.575,0.0,Stationary
4.94500,10,-669.528,-450.982,28.575,105.7,Rolling
4.94500,11,821.749,-534.448,28.575,0.0,Stationary
4.94500,12,1205.167,513.830,28.575,0.0,Stationary
4.94500,13,368.069,42.881,28.575,0.0,Stationary
4.94500,14,1110.542,229.418,28.575,0.0,Stationary
4.94500,15,-314.514,-94.079,28.575,14.4,Rolling
4.95000,0,321.319,-64.345,28.575,0.0,Stationary
4.95000,1,-330.727,488.807,28.575,26.9,Rolling
4.95000,2,1220.223,-25.994,28.575,0.0,Stationary
4.95000,3,541.180,582.439,28.575,0.0,Stationary
4.95000,4,-609.047,-490.346,28.575,41.8,Rolling
4.95000,5,1238.800,56.416,28.575,0.0,Stationary
4.95000,6,373.755,-115.578,28.575,0.0,Stationary
4.95000,7,638.119,146.506,28.575,0.0,Stationary
4.95000,8,65.834,-265.085,28.575,0.0,Stationary
4.95000,9,661.096,596.915,28.575,0.0,Stationary
4.95000,10,-669.017,-451.113,28.575,105.3,Rolling
4.95000,11,821.749,-534.448,28.575,0.0,Stationary
4.95000,12,1205.167,513.830,28.575,0.0,Stationary
4.95000,13,368.069,42.881,28.575,0.0,Stationary
4.95000,14,1110.542,229.418,28.575,0.0,Stationary
4.95000,15,-314.577,-94.047,28.575,13.9,Rolling
4.95500,0,321.319,-64.345,28.575,0.0,Stationary
4.95500,1,-330.841,488.875,28.575,26.5,Rolling
4.95500,2,1220.223,-25.994,28.575,0.0,Stationary
4.95500,3,541.180,582.439,28.575,0.0,Stationary
4.95500,4,-609.248,-490.294,28.575,41.3,Rolling
4.95500,5,1238.800,56.416,28.575,0.0,Stationary
4.95500,6,373.755,-115.578,28.575,0.0,Stationary
4.95500,7,638.119,146.506,28.575,0.0,Stationary
4.95500,8,65.834,-265.085,28.575,0.0,Stationary
4.95500,9,661.096,596.915,28.575,0.0,Stationary
4.95500,10,-668.508,-451.243,28.575,104.8,Rolling
4.95500,11,821.749,-534.448,28.575,0.0,Stationary
4.95500,12,1205.167,513.830,28.575,0.0,Stationary
4.95500,13,368.069,42.881,28.575,0.0,Stationary
4.95500,14,1110.542,229.418,28.575,0.0,Stationary
4.95500,15,-314.638,-94.016,28.575,13.4,Rolling
4.96000,0,321.319,-64.345,28.575,0.0,Stationary
4.96000,1,-330.954,488.942,28.575,26.0,Rolling
4.96000,2,1220.223,-25.994,28.575,0.0,Stationary
4.96000,3,541.180,582.439,28.575,0.0,Stationary
4.96000,4,-609.447,-490.243,28.575,40.8,Rolling
4.96000,5,1238.800,56.416,28.575,0.0,Stationary
4.96000,6,373.755,-115.578,28.575,0.0,Stationary
4.96000,7,638.119,146.506,28.575,0.0,Stationary
4.96000,8,65.834,-265.085,28.575,0.0,Stationary
4.96000,9,661.096,596.915,28.575,0.0,Stationary
4.96000,10,-668.002,-451.373,28.575,104.3,Rolling
4.96000,11,821.749,-534.448,28.575,0.0,Stationary
4.96000,12,1205.167,513.830,28.575,0.0,Stationary
4.96000,13,368.069,42.881,28.575,0.0,Stationary
4.96000,14,1110.542,229.418,28.575,0.0,Stationary
4.96000,15,-314.697,-93.987,28.575,12.9,Rolling
4.96500,0,321.319,-64.345,28.575,0.0,Stationary
4.96500,1,-331.065,489.007,28.575,25.5,Rolling
4.96500,2,1220.223,-25.994,28.575,0.0,Stationary
4.96500,3,541.180,582.439,28.575,0.0,Stationary
4.96500,4,-609.644,-490.192,28.575,40.3,Rolling
4.96500,5,1238.800,56.416,28.575,0.0,Stationary
4.96500,6,373.755,-115.578,28.575,0.0,Stationary
4.96500,7,638.119,146.506,28.575,0.0,Stationary
4.96500,8,65.834,-265.085,28.575,0.0,Stationary
4.96500,9,661.096,596.915,28.575,0.0,Stationary
4.96500,10,-667.498,-451.503,28.575,103.8,Rolling
4.96500,11,821.749,-534.448,28.575,0.0,Stationary
4.96500,12,1205.167,513.830,28.575,0.0,Stationary
4.96500,13,368.069,42.881,28.575,0.0,Stationary
4.96500,14,1110.542,229.418,28.575,0.0,Stationary
4.96500,15,-314.753,-93.958,28.575,12.4,Rolling
4.97000,0,321.319,-64.345,28.575,0.0,Stationary
4.97000,1,-331.174,489.072,28.575,25.0,Rolling
4.97000,2,1220.223,-25.994,28.575,0.0,Stationary
4.97000,3,541.180,582.439,28.575,0.0,Stationary
4.97000,4,-609.838,-490.142,28.575,39.9,Rolling
4.97000,5,1238.800,56.416,28.575,0.0,Stationary
4.97000,6,373.755,-115.578,28.575,0.0,Stationary
4.97000,7,638.119,146.506,28.575,0.0,Stationary
4.97000,8,65.834,-265.085,28.575,0.0,Stationary
4.97000,9,661.096,596.915,28.575,0.0,Stationary
4.97000,10,-666.997,-451.631,28.575,103.3,Rolling
4.97000,11,821.749,-534.448,28.575,0.0,Stationary
4.97000,12,1205.167,513.830,28.575,0.0,Stationary
4.97000,13,368.069,42.881,28.575,0.0,Stationary
4.97000,14,1110.542,229.418,28.575,0.0,Stationary
4.97000,15,-314.807,-93.931,28.575,11.9,Rolling
4.97500,0,321.319,-64.345,28.575,0.0,Stationary
4.97500,1,-331.280,489.135,28.575,24.5,Rolling
4.97500,2,1220.223,-25.994,28.575,0.0,Stationary
4.97500,3,541.180,582.439,28.575,0.0,Stationary
4.97500,4,-610.029,-490.093,28.575,39.4,Rolling
4.97500,5,1238.800,56.416,28.575,0.0,Stationary
4.97500,6,373.755,-115.578,28.575,0.0,Stationary
4.97500,7,638.119,146.506,28.575,0.0,Stationary
4.97500,8,65.834,-265.085,28.575,0.0,Stationary
4.97500,9,661.096,596.915,28.575,0.0,Stationary
4.97500,10,-666.498,-451.759,28.575,102.8,Rolling
4.97500,11,821.749,-534.448,28.575,0.0,Stationary
4.97500,12,1205.167,513.830,28.575,0.0,Stationary
4.97500,13,368.069,42.881,28.575,0.0,Stationary
4.97500,14,1110.542,229.418,28.575,0.0,Stationary
4.97500,15,-314.859,-93.904,28.575,11.4,Rolling
4.98000,0,321.319,-64.345,28.575,0.0,Stationary
4.98000,1,-331.384,489.196,28.575,24.0,Rolling
4.98000,2,1220.223,-25.994,28.575,0.0,Stationary
4.98000,3,541.180,582.439,28.575,0.0,Stationary
4.98000,4,-610.219,-490.044,28.575,38.9,Rolling
4.98000,5,1238.800,56.416,28.575,0.0,Stationary
4.98000,6,373.755,-115.578,28.575,0.0,Stationary
4.98000,7,638.119,146.506,28.575,0.0,Stationary
4.98000,8,65.834,-265.085,28.575,0.0,Stationary
4.98000,9,661.096,596.915,28.575,0.0,Stationary
4.98000,10,-666.001,-451.887,28.575,102.3,Rolling
4.98000,11,821.749,-534.448,28.575,0.0,Stationary
4.98000,12,1205.167,513.830,28.575,0.0,Stationary
4.98000,13,368.069,42.881,28.575,0.0,Stationary
4.98000,14,1110.542,229.418,28.575,0.0,Stationary
4.98000,15,-314.909,-93.879,28.575,10.9,Rolling
4.98500,0,321.319,-64.345,28.575,0.0,Stationary
4.98500,1,-331.487,489.257,28.575,23.5,Rolling
4.98500,2,1220.223,-25.994,28.575,0.0,Stationary
4.98500,3,541.180,582.439,28.575,0.0,Stationary
4.98500,4,-610.406,-489.995,28.575,38.4,Rolling
4.98500,5,1238.800,56.416,28.575,0.0,Stationary
4.98500,6,373.755,-115.578,28.575,0.0,Stationary
4.98500,7,638.119,146.506,28.575,0.0,Stationary
4.98500,8,65.834,-265.085,28.575,0.0,Stationary
4.98500,9,661.096,596.915,28.575,0.0,Stationary
4.98500,10,-665.507,-452.014,28.575,101.8,Rolling
4.98500,11,821.749,-534.448,28.575,0.0,Stationary
4.98500,12,1205.167,513.830,28.575,0.0,Stationary
4.98500,13,368.069,42.881,28.575,0.0,Stationary
4.98500,14,1110.542,229.418,28.575,0.0,Stationary
4.98500,15,-314.957,-93.855,28.575,10.5,Rolling
4.99000,0,321.319,-64.345,28.575,0.0,Stationary
4.99000,1,-331.587,489.316,28.575,23.0,Rolling
4.99000,2,1220.223,-25.994,28.575,0.0,Stationary
4.99000,3,541.180,582.439,28.575,0.0,Stationary
4.99000,4,-610.590,-489.948,28.575,37.9,Rolling
4.99000,5,1238.800,56.416,28.575,0.0,Stationary
4.99000,6,373.755,-115.578,28.575,0.0,Stationary
4.99000,7,638.119,146.506,28.575,0.0,Stationary
4.99000,8,65.834,-265.085,28.575,0.0,Stationary
4.99000,9,661.096,596.915,28.575,0.0,Stationary
4.99000,10,-665.015,-452.140,28.575,101.3,Rolling
4.99000,11,821.749,-534.448,28.575,0.0,Stationary
4.99000,12,1205.167,513.830,28.575,0.0,Stationary
4.99000,13,368.069,42.881,28.575,0.0,Stationary
4.99000,14,1110.542,229.418,28.575,0.0,Stationary
4.99000,15,-315.003,-93.832,28.575,10.0,Rolling
4.99500,0,321.319,-64.345,28.575,0.0,Stationary
4.99500,1,-331.685,489.374,28.575,22.5,Rolling
4.99500,2,1220.223,-25.994,28.575,0.0,Stationary
4.99500,3,541.180,582.439,28.575,0.0,Stationary
4.99500,4,-610.773,-489.901,28.575,37.4,Rolling
4.99500,5,1238.800,56.416,28.575,0.0,Stationary
4.99500,6,373.755,-115.578,28.575,0.0,Stationary
4.99500,7,638.119,146.506,28.575,0.0,Stationary
4.99500,8,65.834,-265.085,28.575,0.0,Stationary
4.99500,9,661.096,596.915,28.575,0.0,Stationary
4.99500,10,-664.525,-452.265,28.575,100.8,Rolling
4.99500,11,821.749,-534.448,28.575,0.0,Stationary
4.99500,12,1205.167,513.830,28.575,0.0,Stationary
4.99500,13,368.069,42.881,28.575,0.0,Stationary
4.99500,14,1110.542,229.418,28.575,0.0,Stationary
4.99500,15,-315.046,-93.810,28.575,9.5,Rolling
5.00000,0,321.319,-64.345,28.575,0.0,Stationary
5.00000,1,-331.781,489.431,28.575,22.0,Rolling
5.00000,2,1220.223,-25.994,28.575,0.0,Stationary
5.00000,3,541.180,582.439,28.575,0.0,Stationary
5.00000,4,-610.952,-489.854,28.575,36.9,Rolling
5.00000,5,1238.800,56.416,28.575,0.0,Stationary
5.00000,6,373.755,-115.578,28.575,0.0,Stationary
5.00000,7,638.119,146.506,28.575,0.0,Stationary
5.00000,8,65.834,-265.085,28.575,0.0,Stationary
5.00000,9,661.096,596.915,28.575,0.0,Stationary
5.00000,10,-664.038,-452.390,28.575,100.3,Rolling
5.00000,11,821.749,-534.448,28.575,0.0,Stationary
5.00000,12,1205.167,513.830,28.575,0.0,Stationary
5.00000,13,368.069,42.881,28.575,0.0,Stationary
5.00000,14,1110.542,229.418,28.575,0.0,Stationary
5.00000,15,-315.087,-93.789,28.575,9.0,Rolling
5.00500,0,321.319,-64.345,28.575,0.0,Stationary
5.00500,1,-331.875,489.486,28.575,21.6,Rolling
5.00500,2,1220.223,-25.994,28.575,0.0,Stationary
5.00500,3,541.180,582.439,28.575,0.0,Stationary
5.00500,4,-611.130,-489.808,28.575,36.4,Rolling
5.00500,5,1238.800,56.416,28.575,0.0,Stationary
5.00500,6,373.755,-115.578,28.575,0.0,Stationary
5.00500,7,638.119,146.506,28.575,0.0,Stationary
5.00500,8,65.834,-265.085,28.575,0.0,Stationary
5.00500,9,661.096,596.915,28.575,0.0,Stationary
5.00500,10,-663.553,-452.515,28.575,99.9,Rolling
5.00500,11,821.749,-534.448,28.575,0.0,Stationary
5.00500,12,1205.167,513.830,28.575,0.0,Stationary
5.00500,13,368.069,42.881,28.575,0.0,Stationary
5.00500,14,1110.542,229.418,28.575,0.0,Stationary
5.00500,15,-315.126,-93.769,28.575,8.5,Rolling
5.01000,0,321.319,-64.345,28.575,0.0,Stationary
5.01000,1,-331.966,489.541,28.575,21.1,Rolling
5.01000,2,1220.223,-25.994,28.575,0.0,Stationary
5.01000,3,541.180,582.439,28.575,0.0,Stationary
5.01000,4,-611.305,-489.763,28.575,35.9,Rolling
5.01000,5,1238.800,56.416,28.575,0.0,Stationary
5.01000,6,373.755,-115.578,28.575,0.0,Stationary
5.01000,7,638.119,146.506,28.575,0.0,Stationary
5.01000,8,65.834,-265.085,28.575,0.0,Stationary
5.01000,9,661.096,596.915,28.575,0.0,Stationary
5.01000,10,-663.071,-452.639,28.575,99.4,Rolling
5.01000,11,821.749,-534.448,28.575,0.0,Stationary
5.01000,12,1205.167,513.830,28.575,0.0,Stationary
5.01000,13,368.069,42.881,28.575,0.0,Stationary
5.01000,14,1110.542,229.418,28.575,0.0,Stationary
5.01000,15,-315.163,-93.751,28.575,8.0,Rolling
5.01500,0,321.319,-64.345,28.575,0.0,Stationary
5.01500,1,-332.056,489.594,28.575,20.6,Rolling
5.01500,2,1220.223,-25.994,28.575,0.0,Stationary
5.01500,3,541.180,582.439,28.575,0.0,Stationary
5.01500,4,-611.478,-489.719,28.575,35.4,Rolling
5.01500,5,1238.800,56.416,28.575,0.0,Stationary
5.01500,6,373.755,-115.578,28.575,0.0,Stationary
5.01500,7,638.119,146.506,28.575,0.0,Stationary
5.01500,8,65.834,-265.085,28.575,0.0,Stationary
5.01500,9,661.096,596.915,28.575,0.0,Stationary
5.01500,10,-662.591,-452.762,28.575,98.9,Rolling
5.01500,11,821.749,-534.448,28.575,0.0,Stationary
5.01500,12,1205.167,513.830,28.575,0.0,Stationary
5.01500,13,368.069,42.881,28.575,0.0,Stationary
5.01500,14,1110.542,229.418,28.575,0.0,Stationary
5.01500,15,-315.197,-93.733,28.575,7.5,Rolling
5.02000,0,321.319,-64.345,28.575,0.0,Stationary
5.02000,1,-332.143,489.645,28.575,20.1,Rolling
5.02000,2,1220.223,-25.994,28.575,0.0,Stationary
5.02000,3,541.180,582.439,28.575,0.0,Stationary
5.02000,4,-611.648,-489.675,28.575,34.9,Rolling
5.02000,5,1238.800,56.416,28.575,0.0,Stationary
5.02000,6,373.755,-115.578,28.575,0.0,Stationary
5.02000,7,638.119,146.506,28.575,0.0,Stationary
5.02000,8,65.834,-265.085,28.575,0.0,Stationary
5.02000,9,661.096,596.915,28.575,0.0,Stationary
5.02000,10,-662.113,-452.884,28.575,98.4,Rolling
5.02000,11,821.749,-534.448,28.575,0.0,Stationary
5.02000,12,1205.167,513.830,28.575,0.0,Stationary
5.02000,13,368.069,42.881,28.575,0.0,Stationary
5.02000,14,1110.542,229.418,28.575,0.0,Stationary
5.02000,15,-315.230,-93.717,28.575,7.0,Rolling
5.02500,0,321.319,-64.345,28.575,0.0,Stationary
5.02500,1,-332.229,489.696,28.575,19.6,Rolling
5.02500,2,1220.223,-25.994,28.575,0.0,Stationary
5.02500,3,541.180,582.439,28.575,0.0,Stationary
5.02500,4,-611.816,-489.631,28.575,34.5,Rolling
5.02500,5,1238.800,56.416,28.575,0.0,Stationary
5.02500,6,373.755,-115.578,28.575,0.0,Stationary
5.02500,7,638.119,146.506,28.575,0.0,Stationary
5.02500,8,65.834,-265.085,28.575,0.0,Stationary
5.02500,9,661.096,596.915,28.575,0.0,Stationary
5.02500,10,-661.638,-453.006,28.575,97.9,Rolling
5.02500,11,821.749,-534.448,28.575,0.0,Stationary
5.02500,12,1205.167,513.830,28.575,0.0,Stationary
5.02500,13,368.069,42.881,28.575,0.0,Stationary
5.02500,14,1110.542,229.418,28.575,0.0,Stationary
5.02500,15,-315.260,-93.701,28.575,6.5,Rolling
5.03000,0,321.319,-64.345,28.575,0.0,Stationary
5.03000,1,-332.312,489.745,28.575,19.1,Rolling
5.03000,2,1220.223,-25.994,28.575,0.0,Stationary
5.03000,3,541.180,582.439,28.575,0.0,Stationary
5.03000,4,-611.982,-489.588,28.575,34.0,Rolling
5.03000,5,1238.800,56.416,28.575,0.0,Stationary
5.03000,6,373.755,-115.578,28.575,0.0,Stationary
5.03000,7,638.119,146.506,28.575,0.0,Stationary
5.03000,8,65.834,-265.085,28.575,0.0,Stationary
5.03000,9,661.096,596.915,28.575,0.0,Stationary
5.03000,10,-661.165,-453.128,28.575,97.4,Rolling
5.03000,11,821.749,-534.448,28.575,0.0,Stationary
5.03000,12,1205.167,513.830,28.575,0.0,Stationary
5.03000,13,368.069,42.881,28.575,0.0,Stationary
5.03000,14,1110.542,229.418,28.575,0.0,Stationary
5.03000,15,-315.288,-93.687,28.575,6.0,Rolling
5.03500,0,321.319,-64.345,28.575,0.0,Stationary
5.03500,1,-332.393,489.793,28.575,18.6,Rolling
5.03500,2,1220.223,-25.994,28.575,0.0,Stationary
5.03500,3,541.180,582.439,28.575,0.0,Stationary
5.03500,4,-612.145,-489.546,28.575,33.5,Rolling
5.03500,5,1238.800,56.416,28.575,0.0,Stationary
5.03500,6,373.755,-115.578,28.575,0.0,Stationary
5.03500,7,638.119,146.506,28.575,0.0,Stationary
5.03500,8,65.834,-265.085,28.575,0.0,Stationary
5.03500,9,661.096,596.915,28.575,0.0,Stationary
5.03500,10,-660.694,-453.248,28.575,96.9,Rolling
5.03500,11,821.749,-534.448,28.575,0.0,Stationary
5.03500,12,1205.167,513.830,28.575,0.0,Stationary
5.03500,13,368.069,42.881,28.575,0.0,Stationary
5.03500,14,1110.542,229.418,28.575,0.0,Stationary
5.03500,15,-315.314,-93.674,28.575,5.5,Rolling
5.04000,0,321.319,-64.345,28.575,0.0,Stationary
5.04000,1,-332.472,489.840,28.575,18.1,Rolling
5.04000,2,1220.223,-25.994,28.575,0.0,Stationary
5.04000,3,541.180,582.439,28.575,0.0,Stationary
5.04000,4,-612.306,-489.505,28.575,33.0,Rolling
5.04000,5,1238.800,56.416,28.575,0.0,Stationary
5.04000,6,373.755,-115.578,28.575,0.0,Stationary
5.04000,7,638.119,146.506,28.575,0.0,Stationary
5.04000,8,65.834,-265.085,28.575,0.0,Stationary
5.04000,9,661.096,596.915,28.575,0.0,Stationary
5.04000,10,-660.226,-453.369,28.575,96.4,Rolling
5.04000,11,821.749,-534.448,28.575,0.0,Stationary
5.04000,12,1205.167,513.830,28.575,0.0,Stationary
5.04000,13,368.069,42.881,28.575,0.0,Stationary
5.04000,14,1110.542,229.418,28.575,0.0,Stationary
5.04000,15,-315.338,-93.662,28.575,5.1,Rolling
5.04500,0,321.319,-64.345,28.575,0.0,Stationary
5.04500,1,-332.549,489.885,28.575,17.6,Rolling
5.04500,2,1220.223,-25.994,28.575,0.0,Stationary
5.04500,3,541.180,582.439,28.575,0.0,Stationary
5.04500,4,-612.465,-489.464,28.575,32.5,Rolling
5.04500,5,1238.800,56.416,28.575,0.0,Stationary
5.04500,6,373.755,-115.578,28.575,0.0,Stationary
5.04500,7,638.119,146.506,28.575,0.0,Stationary
5.04500,8,65.834,-265.085,28.575,0.0,Stationary
5.04500,9,661.096,596.915,28.575,0.0,Stationary
5.04500,10,-659.760,-453.488,28.575,95.9,Rolling
5.04500,11,821.749,-534.448,28.575,0.0,Stationary
5.04500,12,1205.167,513.830,28.575,0.0,Stationary
5.04500,13,368.069,42.881,28.575,0.0,Stationary
5.04500,14,1110.542,229.418,28.575,0.0,Stationary
5.04500,15,-315.359,-93.651,28.575,4.6,Rolling
5.05000,0,321.319,-64.345,28.575,0.0,Stationary
5.05000,1,-332.624,489.930,28.575,17.1,Rolling
5.05000,2,1220.223,-25.994,28.575,0.0,Stationary
5.05000,3,541.180,582.439,28.575,0.0,Stationary
5.05000,4,-612.621,-489.423,28.575,32.0,Rolling
5.05000,5,1238.800,56.416,28.575,0.0,Stationary
5.05000,6,373.755,-115.578,28.575,0.0,Stationary
5.05000,7,638.119,146.506,28.575,0.0,Stationary
5.05000,8,65.834,-265.085,28.575,0.0,Stationary
5.05000,9,661.096,596.915,28.575,0.0,Stationary
5.05000,10,-659.297,-453.607,28.575,95.4,Rolling
5.05000,11,821.749,-534.448,28.575,0.0,Stationary
5.05000,12,1205.167,513.830,28.575,0.0,Stationary
5.05000,13,368.069,42.881,28.575,0.0,Stationary
5.05000,14,1110.542,229.418,28.575,0.0,Stationary
5.05000,15,-315.378,-93.642,28.575,4.1,Rolling
5.05500,0,321.319,-64.345,28.575,0.0,Stationary
5.05500,1,-332.697,489.973,28.575,16.7,Rolling
5.05500,2,1220.223,-25.994,28.575,0.0,Stationary
5.05500,3,541.180,582.439,28.575,0.0,Stationary
5.05500,4,-612.774,-489.384,28.575,31.5,Rolling
5.05500,5,1238.800,56.416,28.575,0.0,Stationary
5.05500,6,373.755,-115.578,28.575,0.0,Stationary
5.05500,7,638.119,146.506,28.575,0.0,Stationary
5.05500,8,65.834,-265.085,28.575,0.0,Stationary
5.05500,9,661.096,596.915,28.575,0.0,Stationary
5.05500,10,-658.836,-453.725,28.575,95.0,Rolling
5.05500,11,821.749,-534.448,28.575,0.0,Stationary
5.05500,12,1205.167,513.830,28.575,0.0,Stationary
5.05500,13,368.069,42.881,28.575,0.0,Stationary
5.05500,14,1110.542,229.418,28.575,0.0,Stationary
5.05500,15,-315.395,-93.633,28.575,3.6,Rolling
5.06000,0,321.319,-64.345,28.575,0.0,Stationary
5.06000,1,-332.767,490.014,28.575,16.2,Rolling
5.06000,2,1220.223,-25.994,28.575,0.0,Stationary
5.06000,3,541.180,582.439,28.575,0.0,Stationary
5.06000,4,-612.926,-489.345,28.575,31.0,Rolling
5.06000,5,1238.800,56.416,28.575,0.0,Stationary
5.06000,6,373.755,-115.578,28.575,0.0,Stationary
5.06000,7,638.119,146.506,28.575,0.0,Stationary
5.06000,8,65.834,-265.085,28.575,0.0,Stationary
5.06000,9,661.096,596.915,28.575,0.0,Stationary
5.06000,10,-658.377,-453.843,28.575,94.5,Rolling
5.06000,11,821.749,-534.448,28.575,0.0,Stationary
5.06000,12,1205.167,513.830,28.575,0.0,Stationary
5.06000,13,368.069,42.881,28.575,0.0,Stationary
5.06000,14,1110.542,229.418,28.575,0.0,Stationary
5.06000,15,-315.410,-93.625,28.575,3.1,Rolling
5.06500,0,321.319,-64.345,28.575,0.0,Stationary
5.06500,1,-332.836,490.055,28.575,15.7,Rolling
5.06500,2,1220.223,-25.994,28.575,0.0,Stationary
5.06500,3,541.180,582.439,28.575,0.0,Stationary
5.06500,4,-613.035,-489.333,28.576,83.3,Airborne
5.06500,5,1238.800,56.416,28.575,0.0,Stationary
5.06500,6,373.755,-115.578,28.575,0.0,Stationary
5.06500,7,638.119,146.506,28.575,0.0,Stationary
5.06500,8,65.834,-265.085,28.575,0.0,Stationary
5.06500,9,661.096,596.915,28.575,0.0,Stationary
5.06500,10,-657.960,-453.933,28.578,40.0,Airborne
5.06500,11,821.749,-534.448,28.575,0.0,Stationary
5.06500,12,1205.167,513.830,28.575,0.0,Stationary
5.06500,13,368.069,42.881,28.575,0.0,Stationary
5.06500,14,1110.542,229.418,28.575,0.0,Stationary
5.06500,15,-315.423,-93.619,28.575,2.6,Rolling
5.07000,0,321.319,-64.345,28.575,0.0,Stationary
5.07000,1,-332.902,490.094,28.575,15.2,Rolling
5.07000,2,1220.223,-25.994,28.575,0.0,Stationary
5.07000,3,541.180,582.439,28.575,0.0,Stationary
5.07000,4,-612.731,-489.606,28.575,77.7,Sliding
5.07000,5,1238.800,56.416,28.575,0.0,Stationary
5.07000,6,373.755,-115.578,28.575,0.0,Stationary
5.07000,7,638.119,146.506,28.575,0.0,Stationary
5.07000,8,65.834,-265.085,28.575,0.0,Stationary
5.07000,9,661.096,596.915,28.575,0.0,Stationary
5.07000,10,-657.963,-453.735,28.575,38.5,Sliding
5.07000,11,821.749,-534.448,28.575,0.0,Stationary
5.07000,12,1205.167,513.830,28.575,0.0,Stationary
5.07000,13,368.069,42.881,28.575,0.0,Stationary
5.07000,14,1110.542,229.418,28.575,0.0,Stationary
5.07000,15,-315.434,-93.614,28.575,2.1,Rolling
5.07500,0,321.319,-64.345,28.575,0.0,Stationary
5.07500,1,-332.966,490.132,28.575,14.7,Rolling
5.07500,2,1220.223,-25.994,28.575,0.0,Stationary
5.07500,3,541.180,582.439,28.575,0.0,Stationary
5.07500,4,-612.464,-489.853,28.575,67.9,Sliding
5.07500,5,1238.800,56.416,28.575,0.0,Stationary
5.07500,6,373.755,-115.578,28.575,0.0,Stationary
5.07500,7,638.119,146.506,28.575,0.0,Stationary
5.07500,8,65.834,-265.085,28.575,0.0,Stationary
5.07500,9,661.096,596.915,28.575,0.0,Stationary
5.07500,10,-657.936,-453.556,28.575,34.3,Sliding
5.07500,11,821.749,-534.448,28.575,0.0,Stationary
5.07500,12,1205.167,513.830,28.575,0.0,Stationary
5.07500,13,368.069,42.881,28.575,0.0,Stationary
5.07500,14,1110.542,229.418,28.575,0.0,Stationary
5.07500,15,-315.442,-93.609,28.575,1.6,Rolling
5.08000,0,321.319,-64.345,28.575,0.0,Stationary
5.08000,1,-333.028,490.169,28.575,14.2,Rolling
5.08000,2,1220.223,-25.994,28.575,0.0,Stationary
5.08000,3,541.180,582.439,28.575,0.0,Stationary
5.08000,4,-612.236,-490.072,28.575,58.3,Sliding
5.08000,5,1238.800,56.416,28.575,0.0,Stationary
5.08000,6,373.755,-115.578,28.575,0.0,Stationary
5.08000,7,638.119,146.506,28.575,0.0,Stationary
5.08000,8,65.834,-265.085,28.575,0.0,Stationary
5.08000,9,661.096,596.915,28.575,0.0,Stationary
5.08000,10,-657.868,-453.405,28.575,32.7,Sliding
5.08000,11,821.749,-534.448,28.575,0.0,Stationary
5.08000,12,1205.167,513.830,28.575,0.0,Stationary
5.08000,13,368.069,42.881,28.575,0.0,Stationary
5.08000,14,1110.542,229.418,28.575,0.0,Stationary
5.08000,15,-315.448,-93.606,28.575,1.1,Rolling
5.08500,0,321.319,-64.345,28.575,0.0,Stationary
5.08500,1,-333.088,490.204,28.575,13.7,Rolling
5.08500,2,1220.223,-25.994,28.575,0.0,Stationary
5.08500,3,541.180,582.439,28.575,0.0,Stationary
5.08500,4,-612.049,-490.262,28.575,48.6,Sliding
5.08500,5,1238.800,56.416,28.575,0.0,Stationary
5.08500,6,373.755,-115.578,28.575,0.0,Stationary
5.08500,7,638.119,146.506,28.575,0.0,Stationary
5.08500,8,65.834,-265.085,28.575,0.0,Stationary
5.08500,9,661.096,596.915,28.575,0.0,Stationary
5.08500,10,-657.767,-453.276,28.575,32.6,Rolling
5.08500,11,821.749,-534.448,28.575,0.0,Stationary
5.08500,12,1205.167,513.830,28.575,0.0,Stationary
5.08500,13,368.069,42.881,28.575,0.0,Stationary
5.08500,14,1110.542,229.418,28.575,0.0,Stationary
5.08500,15,-315.452,-93.604,28.575,0.6,Rolling
5.09000,0,321.319,-64.345,28.575,0.0,Stationary
5.09000,1,-333.146,490.239,28.575,13.2,Rolling
5.09000,2,1220.223,-25.994,28.575,0.0,Stationary
5.09000,3,541.180,582.439,28.575,0.0,Stationary
5.09000,4,-611.892,-490.432,28.575,45.7,Rolling
5.09000,5,1238.800,56.416,28.575,0.0,Stationary
5.09000,6,373.755,-115.578,28.575,0.0,Stationary
5.09000,7,638.119,146.506,28.575,0.0,Stationary
5.09000,8,65.834,-265.085,28.575,0.0,Stationary
5.09000,9,661.096,596.915,28.575,0.0,Stationary
5.09000,10,-657.665,-453.151,28.575,32.1,Rolling
5.09000,11,821.749,-534.448,28.575,0.0,Stationary
5.09000,12,1205.167,513.830,28.575,0.0,Stationary
5.09000,13,368.069,42.881,28.575,0.0,Stationary
5.09000,14,1110.542,229.418,28.575,0.0,Stationary
5.09000,15,-315.454,-93.603,28.575,0.2,Rolling
5.09500,0,321.319,-64.345,28.575,0.0,Stationary
5.09500,1,-333.202,490.272,28.575,12.7,Rolling
5.09500,2,1220.223,-25.994,28.575,0.0,Stationary
5.09500,3,541.180,582.439,28.575,0.0,Stationary
5.09500,4,-611.737,-490.598,28.575,45.2,Rolling
5.09500,5,1238.800,56.416,28.575,0.0,Stationary
5.09500,6,373.755,-115.578,28.575,0.0,Stationary
5.09500,7,638.119,146.506,28.575,0.0,Stationary
5.09500,8,65.834,-265.085,28.575,0.0,Stationary
5.09500,9,661.096,596.915,28.575,0.0,Stationary
5.09500,10,-657.564,-453.028,28.575,31.6,Rolling
5.09500,11,821.749,-534.448,28.575,0.0,Stationary
5.09500,12,1205.167,513.830,28.575,0.0,Stationary
5.09500,13,368.069,42.881,28.575,0.0,Stationary
5.09500,14,1110.542,229.418,28.575,0.0,Stationary
5.09500,15,-315.454,-93.603,28.575,0.0,Stationary
5.10000,0,321.319,-64.345,28.575,0.0,Stationary
5.10000,1,-333.256,490.304,28.575,12.2,Rolling
5.10000,2,1220.223,-25.994,28.575,0.0,Stationary
5.10000,3,541.180,582.439,28.575,0.0,Stationary
5.10000,4,-611.585,-490.763,28.575,44.7,Rolling
5.10000,5,1238.800,56.416,28.575,0.0,Stationary
5.10000,6,373.755,-115.578,28.575,0.0,Stationary
5.10000,7,638.119,146.506,28.575,0.0,Stationary
5.10000,8,65.834,-265.085,28.575,0.0,Stationary
5.10000,9,661.096,596.915,28.575,0.0,Stationary
5.10000,10,-657.464,-452.907,28.575,31.1,Rolling
5.10000,11,821.749,-534.448,28.575,0.0,Stationary
5.10000,12,1205.167,513.830,28.575,0.0,Stationary
5.10000,13,368.069,42.881,28.575,0.0,Stationary
5.10000,14,1110.542,229.418,28.575,0.0,Stationary
5.10000,15,-315.454,-93.603,28.575,0.0,Stationary
5.10500,0,321.319,-64.345,28.575,0.0,Stationary
5.10500,1,-333.308,490.334,28.575,11.7,Rolling
5.10500,2,1220.223,-25.994,28.575,0.0,Stationary
5.10500,3,541.180,582.439,28.575,0.0,Stationary
5.10500,4,-611.434,-490.926,28.575,44.2,Rolling
5.10500,5,1238.800,56.416,28.575,0.0,Stationary
5.10500,6,373.755,-115.578,28.575,0.0,Stationary
5.10500,7,638.119,146.506,28.575,0.0,Stationary
5.10500,8,65.834,-265.085,28.575,0.0,Stationary
5.10500,9,661.096,596.915,28.575,0.0,Stationary
5.10500,10,-657.366,-452.788,28.575,30.6,Rolling
5.10500,11,821.749,-534.448,28.575,0.0,Stationary
5.10500,12,1205.167,513.830,28.575,0.0,Stationary
5.10500,13,368.069,42.881,28.575,0.0,Stationary
5.10500,14,1110.542,229.418,28.575,0.0,Stationary
5.10500,15,-315.454,-93.603,28.575,0.0,Stationary
5.11000,0,321.319,-64.345,28.575,0.0,Stationary
5.11000,1,-333.357,490.363,28.575,11.3,Rolling
5.11000,2,1220.223,-25.994,28.575,0.0,Stationary
5.11000,3,541.180,582.439,28.575,0.0,Stationary
5.11000,4,-611.284,-491.088,28.575,43.7,Rolling
5.11000,5,1238.800,56.416,28.575,0.0,Stationary
5.11000,6,373.755,-115.578,28.575,0.0,Stationary
5.11000,7,638.119,146.506,28.575,0.0,Stationary
5.11000,8,65.834,-265.085,28.575,0.0,Stationary
5.11000,9,661.096,596.915,28.575,0.0,Stationary
5.11000,10,-657.270,-452.671,28.575,30.1,Rolling
5.11000,11,821.749,-534.448,28.575,0.0,Stationary
5.11000,12,1205.167,513.830,28.575,0.0,Stationary
5.11000,13,368.069,42.881,28.575,0.0,Stationary
5.11000,14,1110.542,229.418,28.575,0.0,Stationary
5.11000,15,-315.454,-93.603,28.575,0.0,Stationary
5.11500,0,321.319,-64.345,28.575,0.0,Stationary
5.11500,1,-333.404,490.391,28.575,10.8,Rolling
5.11500,2,1220.223,-25.994,28.575,0.0,Stationary
5.11500,3,541.180,582.439,28.575,0.0,Stationary
5.11500,4,-611.137,-491.247,28.575,43.2,Rolling
5.11500,5,1238.800,56.416,28.575,0.0,Stationary
5.11500,6,373.755,-115.578,28.575,0.0,Stationary
5.11500,7,638.119,146.506,28.575,0.0,Stationary
5.11500,8,65.834,-265.085,28.575,0.0,Stationary
5.11500,9,661.096,596.915,28.575,0.0,Stationary
5.11500,10,-657.175,-452.556,28.575,29.6,Rolling
5.11500,11,821.749,-534.448,28.575,0.0,Stationary
5.11500,12,1205.167,513.830,28.575,0.0,Stationary
5.11500,13,368.069,42.881,28.575,0.0,Stationary
5.11500,14,1110.542,229.418,28.575,0.0,Stationary
5.11500,15,-315.454,-93.603,28.575,0.0,Stationary
5.12000,0,321.319,-64.345,28.575,0.0,Stationary
5.12000,1,-333.450,490.418,28.575,10.3,Rolling
5.12000,2,1220.223,-25.994,28.575,0.0,Stationary
5.12000,3,541.180,582.439,28.575,0.0,Stationary
5.12000,4,-610.990,-491.405,28.575,42.7,Rolling
5.12000,5,1238.800,56.416,28.575,0.0,Stationary
5.12000,6,373.755,-115.578,28.575,0.0,Stationary
5.12000,7,638.119,146.506,28.575,0.0,Stationary
5.12000,8,65.834,-265.085,28.575,0.0,Stationary
5.12000,9,661.096,596.915,28.575,0.0,Stationary
5.12000,10,-657.082,-452.442,28.575,29.1,Rolling
5.12000,11,821.749,-534.448,28.575,0.0,Stationary
5.12000,12,1205.167,513.830,28.575,0.0,Stationary
5.12000,13,368.069,42.881,28.575,0.0,Stationary
5.12000,14,1110.542,229.418,28.575,0.0,Stationary
5.12000,15,-315.454,-93.603,28.575,0.0,Stationary
5.12500,0,321.319,-64.345,28.575,0.0,Stationary
5.12500,1,-333.493,490.444,28.575,9.8,Rolling
5.12500,2,1220.223,-25.994,28.575,0.0,Stationary
5.12500,3,541.180,582.439,28.575,0.0,Stationary
5.12500,4,-610.846,-491.561,28.575,42.2,Rolling
5.12500,5,1238.800,56.416,28.575,0.0,Stationary
5.12500,6,373.755,-115.578,28.575,0.0,Stationary
5.12500,7,638.119,146.506,28.575,0.0,Stationary
5.12500,8,65.834,-265.085,28.575,0.0,Stationary
5.12500,9,661.096,596.915,28.575,0.0,Stationary
5.12500,10,-656.990,-452.331,28.575,28.6,Rolling
5.12500,11,821.749,-534.448,28.575,0.0,Stationary
5.12500,12,1205.167,513.830,28.575,0.0,Stationary
5.12500,13,368.069,42.881,28.575,0.0,Stationary
5.12500,14,1110.542,229.418,28.575,0.0,Stationary
5.12500,15,-315.454,-93.603,28.575,0.0,Stationary
5.13000,0,321.319,-64.345,28.575,0.0,Stationary
5.13000,1,-333.534,490.468,28.575,9.3,Rolling
5.13000,2,1220.223,-25.994,28.575,0.0,Stationary
5.13000,3,541.180,582.439,28.575,0.0,Stationary
5.13000,4,-610.703,-491.715,28.575,41.8,Rolling
5.13000,5,1238.800,56.416,28.575,0.0,Stationary
5.13000,6,373.755,-115.578,28.575,0.0,Stationary
5.13000,7,638.119,146.506,28.575,0.0,Stationary
5.13000,8,65.834,-265.085,28.575,0.0,Stationary
5.13000,9,661.096,596.915,28.575,0.0,Stationary
5.13000,10,-656.900,-452.221,28.575,28.2,Rolling
5.13000,11,821.749,-534.448,28.575,0.0,Stationary
5.13000,12,1205.167,513.830,28.575,0.0,Stationary
5.13000,13,368.069,42.881,28.575,0.0,Stationary
5.13000,14,1110.542,229.418,28.575,0.0,Stationary
5.13000,15,-315.454,-93.603,28.575,0.0,Stationary
5.13500,0,321.319,-64.345,28.575,0.0,Stationary
5.13500,1,-333.573,490.491,28.575,8.8,Rolling
5.13500,2,1220.223,-25.994,28.575,0.0,Stationary
5.13500,3,541.180,582.439,28.575,0.0,Stationary
5.13500,4,-610.562,-491.867,28.575,41.3,Rolling
5.13500,5,1238.800,56.416,28.575,0.0,Stationary
5.13500,6,373.755,-115.578,28.575,0.0,Stationary
5.13500,7,638.119,146.506,28.575,0.0,Stationary
5.13500,8,65.834,-265.085,28.575,0.0,Stationary
5.13500,9,661.096,596.915,28.575,0.0,Stationary
5.13500,10,-656.811,-452.113,28.575,27.7,Rolling
5.13500,11,821.749,-534.448,28.575,0.0,Stationary
5.13500,12,1205.167,513.830,28.575,0.0,Stationary
5.13500,13,368.069,42.881,28.575,0.0,Stationary
5.13500,14,1110.542,229.418,28.575,0.0,Stationary
5.13500,15,-315.454,-93.603,28.575,0.0,Stationary
5.14000,0,321.319,-64.345,28.575,0.0,Stationary
5.14000,1,-333.610,490.513,28.575,8.3,Rolling
5.14000,2,1220.223,-25.994,28.575,0.0,Stationary
5.14000,3,541.180,582.439,28.575,0.0,Stationary
5.14000,4,-610.423,-492.017,28.575,40.8,Rolling
5.14000,5,1238.800,56.416,28.575,0.0,Stationary
5.14000,6,373.755,-115.578,28.575,0.0,Stationary
5.14000,7,638.119,146.506,28.575,0.0,Stationary
5.14000,8,65.834,-265.085,28.575,0.0,Stationary
5.14000,9,661.096,596.915,28.575,0.0,Stationary
5.14000,10,-656.724,-452.007,28.575,27.2,Rolling
5.14000,11,821.749,-534.448,28.575,0.0,Stationary
5.14000,12,1205.167,513.830,28.575,0.0,Stationary
5.14000,13,368.069,42.881,28.575,0.0,Stationary
5.14000,14,1110.542,229.418,28.575,0.0,Stationary
5.14000,15,-315.454,-93.603,28.575,0.0,Stationary
5.14500,0,321.319,-64.345,28.575,0.0,Stationary
5.14500,1,-333.644,490.533,28.575,7.8,Rolling
5.14500,2,1220.223,-25.994,28.575,0.0,Stationary
5.14500,3,541.180,582.439,28.575,0.0,Stationary
5.14500,4,-610.285,-492.166,28.575,40.3,Rolling
5.14500,5,1238.800,56.416,28.575,0.0,Stationary
5.14500,6,373.755,-115.578,28.575,0.0,Stationary
5.14500,7,638.119,146.506,28.575,0.0,Stationary
5.14500,8,65.834,-265.085,28.575,0.0,Stationary
5.14500,9,661.096,596.915,28.575,0.0,Stationary
5.14500,10,-656.638,-451.903,28.575,26.7,Rolling
5.14500,11,821.749,-534.448,28.575,0.0,Stationary
5.14500,12,1205.167,513.830,28.575,0.0,Stationary
5.14500,13,368.069,42.881,28.575,0.0,Stationary
5.14500,14,1110.542,229.418,28.575,0.0,Stationary
5.14500,15,-315.454,-93.603,28.575,0.0,Stationary
5.15000,0,321.319,-64.345,28.575,0.0,Stationary
5.15000,1,-333.677,490.553,28.575,7.3,Rolling
5.15000,2,1220.223,-25.994,28.575,0.0,Stationary
5.15000,3,541.180,582.439,28.575,0.0,Stationary
5.15000,4,-610.149,-492.313,28.575,39.8,Rolling
5.15000,5,1238.800,56.416,28.575,0.0,Stationary
5.15000,6,373.755,-115.578,28.575,0.0,Stationary
5.15000,7,638.119,146.506,28.575,0.0,Stationary
5.15000,8,65.834,-265.085,28.575,0.0,Stationary
5.15000,9,661.096,596.915,28.575,0.0,Stationary
5.15000,10,-656.554,-451.801,28.575,26.2,Rolling
5.15000,11,821.749,-534.448,28.575,0.0,Stationary
5.15000,12,1205.167,513.830,28.575,0.0,Stationary
5.15000,13,368.069,42.881,28.575,0.0,Stationary
5.15000,14,1110.542,229.418,28.575,0.0,Stationary
5.15000,15,-315.454,-93.603,28.575,0.0,Stationary
5.15500,0,321.319,-64.345,28.575,0.0,Stationary
5.15500,1,-333.708,490.571,28.575,6.8,Rolling
5.15500,2,1220.223,-25.994,28.575,0.0,Stationary
5.15500,3,541.180,582.439,28.575,0.0,Stationary
5.15500,4,-610.015,-492.458,28.575,39.3,Rolling
5.15500,5,1238.800,56.416,28.575,0.0,Stationary
5.15500,6,373.755,-115.578,28.575,0.0,Stationary
5.15500,7,638.119,146.506,28.575,0.0,Stationary
5.15500,8,65.834,-265.085,28.575,0.0,Stationary
5.15500,9,661.096,596.915,28.575,0.0,Stationary
5.15500,10,-656.472,-451.701,28.575,25.7,Rolling
5.15500,11,821.749,-534.448,28.575,0.0,Stationary
5.15500,12,1205.167,513.830,28.575,0.0,Stationary
5.15500,13,368.069,42.881,28.575,0.0,Stationary
5.15500,14,1110.542,229.418,28.575,0.0,Stationary
5.15500,15,-315.454,-93.603,28.575,0.0,Stationary
5.16000,0,321.319,-64.345,28.575,0.0,Stationary
5.16000,1,-333.736,490.588,28.575,6.4,Rolling
5.16000,2,1220.223,-25.994,28.575,0.0,Stationary
5.16000,3,541.180,582.439,28.575,0.0,Stationary
5.16000,4,-609.882,-492.601,28.575,38.8,Rolling
5.16000,5,1238.800,56.416,28.575,0.0,Stationary
5.16000,6,373.755,-115.578,28.575,0.0,Stationary
5.16000,7,638.119,146.506,28.575,0.0,Stationary
5.16000,8,65.834,-265.085,28.575,0.0,Stationary
5.16000,9,661.096,596.915,28.575,0.0,Stationary
5.16000,10,-656.391,-451.603,28.575,25.2,Rolling
5.16000,11,821.749,-534.448,28.575,0.0,Stationary
5.16000,12,1205.167,513.830,28.575,0.0,Stationary
5.16000,13,368.069,42.881,28.575,0.0,Stationary
5.16000,14,1110.542,229.418,28.575,0.0,Stationary
5.16000,15,-315.454,-93.603,28.575,0.0,Stationary
5.16500,0,321.319,-64.345,28.575,0.0,Stationary
5.16500,1,-333.762,490.603,28.575,5.9,Rolling
5.16500,2,1220.223,-25.994,28.575,0.0,Stationary
5.16500,3,541.180,582.439,28.575,0.0,Stationary
5.16500,4,-609.751,-492.743,28.575,38.3,Rolling
5.16500,5,1238.800,56.416,28.575,0.0,Stationary
5.16500,6,373.755,-115.578,28.575,0.0,Stationary
5.16500,7,638.119,146.506,28.575,0.0,Stationary
5.16500,8,65.834,-265.085,28.575,0.0,Stationary
5.16500,9,661.096,596.915,28.575,0.0,Stationary
5.16500,10,-656.312,-451.506,28.575,24.7,Rolling
5.16500,11,821.749,-534.448,28.575,0.0,Stationary
5.16500,12,1205.167,513.830,28.575,0.0,Stationary
5.16500,13,368.069,42.881,28.575,0.0,Stationary
5.16500,14,1110.542,229.418,28.575,0.0,Stationary
5.16500,15,-315.454,-93.603,28.575,0.0,Stationary
5.17000,0,321.319,-64.345,28.575,0.0,Stationary
5.17000,1,-333.786,490.617,28.575,5.4,Rolling
5.17000,2,1220.223,-25.994,28.575,0.0,Stationary
5.17000,3,541.180,582.439,28.575,0.0,Stationary
5.17000,4,-609.622,-492.883,28.575,37.8,Rolling
5.17000,5,1238.800,56.416,28.575,0.0,Stationary
5.17000,6,373.755,-115.578,28.575,0.0,Stationary
5.17000,7,638.119,146.506,28.575,0.0,Stationary
5.17000,8,65.834,-265.085,28.575,0.0,Stationary
5.17000,9,661.096,596.915,28.575,0.0,Stationary
5.17000,10,-656.234,-451.412,28.575,24.2,Rolling
5.17000,11,821.749,-534.448,28.575,0.0,Stationary
5.17000,12,1205.167,513.830,28.575,0.0,Stationary
5.17000,13,368.069,42.881,28.575,0.0,Stationary
5.17000,14,1110.542,229.418,28.575,0.0,Stationary
5.17000,15,-315.454,-93.603,28.575,0.0,Stationary
5.17500,0,321.319,-64.345,28.575,0.0,Stationary
5.17500,1,-333.808,490.630,28.575,4.9,Rolling
5.17500,2,1220.223,-25.994,28.575,0.0,Stationary
5.17500,3,541.180,582.439,28.575,0.0,Stationary
5.17500,4,-609.494,-493.020,28.575,37.3,Rolling
5.17500,5,1238.800,56.416,28.575,0.0,Stationary
5.17500,6,373.755,-115.578,28.575,0.0,Stationary
5.17500,7,638.119,146.506,28.575,0.0,Stationary
5.17500,8,65.834,-265.085,28.575,0.0,Stationary
5.17500,9,661.096,596.915,28.575,0.0,Stationary
5.17500,10,-656.158,-451.319,28.575,23.7,Rolling
5.17500,11,821.749,-534.448,28.575,0.0,Stationary
5.17500,12,1205.167,513.830,28.575,0.0,Stationary
5.17500,13,368.069,42.881,28.575,0.0,Stationary
5.17500,14,1110.542,229.418,28.575,0.0,Stationary
5.17500,15,-315.454,-93.603,28.575,0.0,Stationary
5.18000,0,321.319,-64.345,28.575,0.0,Stationary
5.18000,1,-333.828,490.642,28.575,4.4,Rolling
5.18000,2,1220.223,-25.994,28.575,0.0,Stationary
5.18000,3,541.180,582.439,28.575,0.0,Stationary
5.18000,4,-609.368,-493.157,28.575,36.9,Rolling
5.18000,5,1238.800,56.416,28.575,0.0,Stationary
5.18000,6,373.755,-115.578,28.575,0.0,Stationary
5.18000,7,638.119,146.506,28.575,0.0,Stationary
5.18000,8,65.834,-265.085,28.575,0.0,Stationary
5.18000,9,661.096,596.915,28.575,0.0,Stationary
5.18000,10,-656.083,-451.228,28.575,23.3,Rolling
5.18000,11,821.749,-534.448,28.575,0.0,Stationary
5.18000,12,1205.167,513.830,28.575,0.0,Stationary
5.18000,13,368.069,42.881,28.575,0.0,Stationary
5.18000,14,1110.542,229.418,28.575,0.0,Stationary
5.18000,15,-315.454,-93.603,28.575,0.0,Stationary
5.18500,0,321.319,-64.345,28.575,0.0,Stationary
5.18500,1,-333.846,490.653,28.575,3.9,Rolling
5.18500,2,1220.223,-25.994,28.575,0.0,Stationary
5.18500,3,541.180,582.439,28.575,0.0,Stationary
5.18500,4,-609.243,-493.291,28.575,36.4,Rolling
5.18500,5,1238.800,56.416,28.575,0.0,Stationary
5.18500,6,373.755,-115.578,28.575,0.0,Stationary
5.18500,7,638.119,146.506,28.575,0.0,Stationary
5.18500,8,65.834,-265.085,28.575,0.0,Stationary
5.18500,9,661.096,596.915,28.575,0.0,Stationary
5.18500,10,-656.010,-451.139,28.575,22.8,Rolling
5.18500,11,821.749,-534.448,28.575,0.0,Stationary
5.18500,12,1205.167,513.830,28.575,0.0,Stationary
5.18500,13,368.069,42.881,28.575,0.0,Stationary
5.18500,14,1110.542,229.418,28.575,0.0,Stationary
5.18500,15,-315.454,-93.603,28.575,0.0,Stationary
5.19000,0,321.319,-64.345,28.575,0.0,Stationary
5.19000,1,-333.862,490.662,28.575,3.4,Rolling
5.19000,2,1220.223,-25.994,28.575,0.0,Stationary
5.19000,3,541.180,582.439,28.575,0.0,Stationary
5.19000,4,-609.121,-493.423,28.575,35.9,Rolling
5.19000,5,1238.800,56.416,28.575,0.0,Stationary
5.19000,6,373.755,-115.578,28.575,0.0,Stationary
5.19000,7,638.119,146.506,28.575,0.0,Stationary
5.19000,8,65.834,-265.085,28.575,0.0,Stationary
5.19000,9,661.096,596.915,28.575,0.0,Stationary
5.19000,10,-655.939,-451.053,28.575,22.3,Rolling
5.19000,11,821.749,-534.448,28.575,0.0,Stationary
5.19000,12,1205.167,513.830,28.575,0.0,Stationary
5.19000,13,368.069,42.881,28.575,0.0,Stationary
5.19000,14,1110.542,229.418,28.575,0.0,Stationary
5.19000,15,-315.454,-93.603,28.575,0.0,Stationary
5.19500,0,321.319,-64.345,28.575,0.0,Stationary
5.19500,1,-333.876,490.670,28.575,2.9,Rolling
5.19500,2,1220.223,-25.994,28.575,0.0,Stationary
5.19500,3,541.180,582.439,28.575,0.0,Stationary
5.19500,4,-609.000,-493.554,28.575,35.4,Rolling
5.19500,5,1238.800,56.416,28.575,0.0,Stationary
5.19500,6,373.755,-115.578,28.575,0.0,Stationary
5.19500,7,638.119,146.506,28.575,0.0,Stationary
5.19500,8,65.834,-265.085,28.575,0.0,Stationary
5.19500,9,661.096,596.915,28.575,0.0,Stationary
5.19500,10,-655.869,-450.967,28.575,21.8,Rolling
5.19500,11,821.749,-534.448,28.575,0.0,Stationary
5.19500,12,1205.167,513.830,28.575,0.0,Stationary
5.19500,13,368.069,42.881,28.575,0.0,Stationary
5.19500,14,1110.542,229.418,28.575,0.0,Stationary
5.19500,15,-315.454,-93.603,28.575,0.0,Stationary
5.20000,0,321.319,-64.345,28.575,0.0,Stationary
5.20000,1,-333.887,490.677,28.575,2.4,Rolling
5.20000,2,1220.223,-25.994,28.575,0.0,Stationary
5.20000,3,541.180,582.439,28.575,0.0,Stationary
5.20000,4,-608.880,-493.683,28.575,34.9,Rolling
5.20000,5,1238.800,56.416,28.575,0.0,Stationary
5.20000,6,373.755,-115.578,28.575,0.0,Stationary
5.20000,7,638.119,146.506,28.575,0.0,Stationary
5.20000,8,65.834,-265.085,28.575,0.0,Stationary
5.20000,9,661.096,596.915,28.575,0.0,Stationary
5.20000,10,-655.800,-450.884,28.575,21.3,Rolling
5.20000,11,821.749,-534.448,28.575,0.0,Stationary
5.20000,12,1205.167,513.830,28.575,0.0,Stationary
5.20000,13,368.069,42.881,28.575,0.0,Stationary
5.20000,14,1110.542,229.418,28.575,0.0,Stationary
5.20000,15,-315.454,-93.603,28.575,0.0,Stationary
5.20500,0,321.319,-64.345,28.575,0.0,Stationary
5.20500,1,-333.897,490.683,28.575,1.9,Rolling
5.20500,2,1220.223,-25.994,28.575,0.0,Stationary
5.20500,3,541.180,582.439,28.575,0.0,Stationary
5.20500,4,-608.763,-493.810,28.575,34.4,Rolling
5.20500,5,1238.800,56.416,28.575,0.0,Stationary
5.20500,6,373.755,-115.578,28.575,0.0,Stationary
5.20500,7,638.119,146.506,28.575,0.0,Stationary
5.20500,8,65.834,-265.085,28.575,0.0,Stationary
5.20500,9,661.096,596.915,28.575,0.0,Stationary
5.20500,10,-655.734,-450.803,28.575,20.8,Rolling
5.20500,11,821.749,-534.448,28.575,0.0,Stationary
5.20500,12,1205.167,513.830,28.575,0.0,Stationary
5.20500,13,368.069,42.881,28.575,0.0,Stationary
5.20500,14,1110.542,229.418,28.575,0.0,Stationary
5.20500,15,-315.454,-93.603,28.575,0.0,Stationary
5.21000,0,321.319,-64.345,28.575,0.0,Stationary
5.21000,1,-333.904,490.687,28.575,1.4,Rolling
5.21000,2,1220.223,-25.994,28.575,0.0,Stationary
5.21000,3,541.180,582.439,28.575,0.0,Stationary
5.21000,4,-608.647,-493.935,28.575,33.9,Rolling
5.21000,5,1238.800,56.416,28.575,0.0,Stationary
5.21000,6,373.755,-115.578,28.575,0.0,Stationary
5.21000,7,638.119,146.506,28.575,0.0,Stationary
5.21000,8,65.834,-265.085,28.575,0.0,Stationary
5.21000,9,661.096,596.915,28.575,0.0,Stationary
5.21000,10,-655.668,-450.724,28.575,20.3,Rolling
5.21000,11,821.749,-534.448,28.575,0.0,Stationary
5.21000,12,1205.167,513.830,28.575,0.0,Stationary
5.21000,13,368.069,42.881,28.575,0.0,Stationary
5.21000,14,1110.542,229.418,28.575,0.0,Stationary
5.21000,15,-315.454,-93.603,28.575,0.0,Stationary
5.21500,0,321.319,-64.345,28.575,0.0,Stationary
5.21500,1,-333.909,490.690,28.575,1.0,Rolling
5.21500,2,1220.223,-25.994,28.575,0.0,Stationary
5.21500,3,541.180,582.439,28.575,0.0,Stationary
5.21500,4,-608.532,-494.059,28.575,33.4,Rolling
5.21500,5,1238.800,56.416,28.575,0.0,Stationary
5.21500,6,373.755,-115.578,28.575,0.0,Stationary
5.21500,7,638.119,146.506,28.575,0.0,Stationary
5.21500,8,65.834,-265.085,28.575,0.0,Stationary
5.21500,9,661.096,596.915,28.575,0.0,Stationary
5.21500,10,-655.605,-450.646,28.575,19.8,Rolling
5.21500,11,821.749,-534.448,28.575,0.0,Stationary
5.21500,12,1205.167,513.830,28.575,0.0,Stationary
5.21500,13,368.069,42.881,28.575,0.0,Stationary
5.21500,14,1110.542,229.418,28.575,0.0,Stationary
5.21500,15,-315.454,-93.603,28.575,0.0,Stationary
5.22000,0,321.319,-64.345,28.575,0.0,Stationary
5.22000,1,-333.912,490.692,28.575,0.5,Rolling
5.22000,2,1220.223,-25.994,28.575,0.0,Stationary
5.22000,3,541.180,582.439,28.575,0.0,Stationary
5.22000,4,-608.419,-494.181,28.575,32.9,Rolling
5.22000,5,1238.800,56.416,28.575,0.0,Stationary
5.22000,6,373.755,-115.578,28.575,0.0,Stationary
5.22000,7,638.119,146.506,28.575,0.0,Stationary
5.22000,8,65.834,-265.085,28.575,0.0,Stationary
5.22000,9,661.096,596.915,28.575,0.0,Stationary
5.22000,10,-655.542,-450.571,28.575,19.3,Rolling
5.22000,11,821.749,-534.448,28.575,0.0,Stationary
5.22000,12,1205.167,513.830,28.575,0.0,Stationary
5.22000,13,368.069,42.881,28.575,0.0,Stationary
5.22000,14,1110.542,229.418,28.575,0.0,Stationary
5.22000,15,-315.454,-93.603,28.575,0.0,Stationary
5.22500,0,321.319,-64.345,28.575,0.0,Stationary
5.22500,1,-333.913,490.692,28.575,0.0,Stationary
5.22500,2,1220.223,-25.994,28.575,0.0,Stationary
5.22500,3,541.180,582.439,28.575,0.0,Stationary
5.22500,4,-608.308,-494.300,28.575,32.4,Rolling
5.22500,5,1238.800,56.416,28.575,0.0,Stationary
5.22500,6,373.755,-115.578,28.575,0.0,Stationary
5.22500,7,638.119,146.506,28.575,0.0,Stationary
5.22500,8,65.834,-265.085,28.575,0.0,Stationary
5.22500,9,661.096,596.915,28.575,0.0,Stationary
5.22500,10,-655.482,-450.497,28.575,18.8,Rolling
5.22500,11,821.749,-534.448,28.575,0.0,Stationary
5.22500,12,1205.167,513.830,28.575,0.0,Stationary
5.22500,13,368.069,42.881,28.575,0.0,Stationary
5.22500,14,1110.542,229.418,28.575,0.0,Stationary
5.22500,15,-315.454,-93.603,28.575,0.0,Stationary
5.23000,0,321.319,-64.345,28.575,0.0,Stationary
5.23000,1,-333.913,490.692,28.575,0.0,Stationary
5.23000,2,1220.223,-25.994,28.575,0.0,Stationary
5.23000,3,541.180,582.439,28.575,0.0,Stationary
5.23000,4,-608.199,-494.419,28.575,32.0,Rolling
5.23000,5,1238.800,56.416,28.575,0.0,Stationary
5.23000,6,373.755,-115.578,28.575,0.0,Stationary
5.23000,7,638.119,146.506,28.575,0.0,Stationary
5.23000,8,65.834,-265.085,28.575,0.0,Stationary
5.23000,9,661.096,596.915,28.575,0.0,Stationary
5.23000,10,-655.423,-450.425,28.575,18.3,Rolling
5.23000,11,821.749,-534.448,28.575,0.0,Stationary
5.23000,12,1205.167,513.830,28.575,0.0,Stationary
5.23000,13,368.069,42.881,28.575,0.0,Stationary
5.23000,14,1110.542,229.418,28.575,0.0,Stationary
5.23000,15,-315.454,-93.603,28.575,0.0,Stationary
5.23500,0,321.319,-64.345,28.575,0.0,Stationary
5.23500,1,-333.913,490.692,28.575,0.0,Stationary
5.23500,2,1220.223,-25.994,28.575,0.0,Stationary
5.23500,3,541.180,582.439,28.575,0.0,Stationary
5.23500,4,-608.091,-494.535,28.575,31.5,Rolling
5.23500,5,1238.800,56.416,28.575,0.0,Stationary
5.23500,6,373.755,-115.578,28.575,0.0,Stationary
5.23500,7,638.119,146.506,28.575,0.0,Stationary
5.23500,8,65.834,-265.085,28.575,0.0,Stationary
5.23500,9,661.096,596.915,28.575,0.0,Stationary
5.23500,10,-655.365,-450.355,28.575,17.9,Rolling
5.23500,11,821.749,-534.448,28.575,0.0,Stationary
5.23500,12,1205.167,513.830,28.575,0.0,Stationary
5.23500,13,368.069,42.881,28.575,0.0,Stationary
5.23500,14,1110.542,229.418,28.575,0.0,Stationary
5.23500,15,-315.454,-93.603,28.575,0.0,Stationary
5.24000,0,321.319,-64.345,28.575,0.0,Stationary
5.24000,1,-333.913,490.692,28.575,0.0,Stationary
5.24000,2,1220.223,-25.994,28.575,0.0,Stationary
5.24000,3,541.180,582.439,28.575,0.0,Stationary
5.24000,4,-607.985,-494.649,28.575,31.0,Rolling
5.24000,5,1238.800,56.416,28.575,0.0,Stationary
5.24000,6,373.755,-115.578,28.575,0.0,Stationary
5.24000,7,638.119,146.506,28.575,0.0,Stationary
5.24000,8,65.834,-265.085,28.575,0.0,Stationary
5.24000,9,661.096,596.915,28.575,0.0,Stationary
5.24000,10,-655.309,-450.287,28.575,17.4,Rolling
5.24000,11,821.749,-534.448,28.575,0.0,Stationary
5.24000,12,1205.167,513.830,28.575,0.0,Stationary
5.24000,13,368.069,42.881,28.575,0.0,Stationary
5.24000,14,1110.542,229.418,28.575,0.0,Stationary
5.24000,15,-315.454,-93.603,28.575,0.0,Stationary
5.24500,0,321.319,-64.345,28.575,0.0,Stationary
5.24500,1,-333.913,490.692,28.575,0.0,Stationary
5.24500,2,1220.223,-25.994,28.575,0.0,Stationary
5.24500,3,541.180,582.439,28.575,0.0,Stationary
5.24500,4,-607.881,-494.762,28.575,30.5,Rolling
5.24500,5,1238.800,56.416,28.575,0.0,Stationary
5.24500,6,373.755,-115.578,28.575,0.0,Stationary
5.24500,7,638.119,146.506,28.575,0.0,Stationary
5.24500,8,65.834,-265.085,28.575,0.0,Stationary
5.24500,9,661.096,596.915,28.575,0.0,Stationary
5.24500,10,-655.255,-450.221,28.575,16.9,Rolling
5.24500,11,821.749,-534.448,28.575,0.0,Stationary
5.24500,12,1205.167,513.830,28.575,0.0,Stationary
5.24500,13,368.069,42.881,28.575,0.0,Stationary
5.24500,14,1110.542,229.418,28.575,0.0,Stationary
5.24500,15,-315.454,-93.603,28.575,0.0,Stationary
5.25000,0,321.319,-64.345,28.575,0.0,Stationary
5.25000,1,-333.913,490.692,28.575,0.0,Stationary
5.25000,2,1220.223,-25.994,28.575,0.0,Stationary
5.25000,3,541.180,582.439,28.575,0.0,Stationary
5.25000,4,-607.778,-494.873,28.575,30.0,Rolling
5.25000,5,1238.800,56.416,28.575,0.0,Stationary
5.25000,6,373.755,-115.578,28.575,0.0,Stationary
5.25000,7,638.119,146.506,28.575,0.0,Stationary
5.25000,8,65.834,-265.085,28.575,0.0,Stationary
5.25000,9,661.096,596.915,28.575,0.0,Stationary
5.25000,10,-655.202,-450.157,28.575,16.4,Rolling
5.25000,11,821.749,-534.448,28.575,0.0,Stationary
5.25000,12,1205.167,513.830,28.575,0.0,Stationary
5.25000,13,368.069,42.881,28.575,0.0,Stationary
5.25000,14,1110.542,229.418,28.575,0.0,Stationary
5.25000,15,-315.454,-93.603,28.575,0.0,Stationary
5.25500,0,321.319,-64.345,28.575,0.0,Stationary
5.25500,1,-333.913,490.692,28.575,0.0,Stationary
5.25500,2,1220.223,-25.994,28.575,0.0,Stationary
5.25500,3,541.180,582.439,28.575,0.0,Stationary
5.25500,4,-607.677,-494.982,28.575,29.5,Rolling
5.25500,5,1238.800,56.416,28.575,0.0,Stationary
5.25500,6,373.755,-115.578,28.575,0.0,Stationary
5.25500,7,638.119,146.506,28.575,0.0,Stationary
5.25500,8,65.834,-265.085,28.575,0.0,Stationary
5.25500,9,661.096,596.915,28.575,0.0,Stationary
5.25500,10,-655.151,-450.095,28.575,15.9,Rolling
5.25500,11,821.749,-534.448,28.575,0.0,Stationary
5.25500,12,1205.167,513.830,28.575,0.0,Stationary
5.25500,13,368.069,42.881,28.575,0.0,Stationary
5.25500,14,1110.542,229.418,28.575,0.0,Stationary
5.25500,15,-315.454,-93.603,28.575,0.0,Stationary
5.26000,0,321.319,-64.345,28.575,0.0,Stationary
5.26000,1,-333.913,490.692,28.575,0.0,Stationary
5.26000,2,1220.223,-25.994,28.575,0.0,Stationary
5.26000,3,541.180,582.439,28.575,0.0,Stationary
5.26000,4,-607.578,-495.089,28.575,29.0,Rolling
5.26000,5,1238.800,56.416,28.575,0.0,Stationary
5.26000,6,373.755,-115.578,28.575,0.0,Stationary
5.26000,7,638.119,146.506,28.575,0.0,Stationary
5.26000,8,65.834,-265.085,28.575,0.0,Stationary
5.26000,9,661.096,596.915,28.575,0.0,Stationary
5.26000,10,-655.101,-450.034,28.575,15.4,Rolling
5.26000,11,821.749,-534.448,28.575,0.0,Stationary
5.26000,12,1205.167,513.830,28.575,0.0,Stationary
5.26000,13,368.069,42.881,28.575,0.0,Stationary
5.26000,14,1110.542,229.418,28.575,0.0,Stationary
5.26000,15,-315.454,-93.603,28.575,0.0,Stationary
5.26500,0,321.319,-64.345,28.575,0.0,Stationary
5.26500,1,-333.913,490.692,28.575,0.0,Stationary
5.26500,2,1220.223,-25.994,28.575,0.0,Stationary
5.26500,3,541.180,582.439,28.575,0.0,Stationary
5.26500,4,-607.480,-495.195,28.575,28.5,Rolling
5.26500,5,1238.800,56.416,28.575,0.0,Stationary
5.26500,6,373.755,-115.578,28.575,0.0,Stationary
5.26500,7,638.119,146.506,28.575,0.0,Stationary
5.26500,8,65.834,-265.085,28.575,0.0,Stationary
5.26500,9,661.096,596.915,28.575,0.0,Stationary
5.26500,10,-655.053,-449.976,28.575,14.9,Rolling
5.26500,11,821.749,-534.448,28.575,0.0,Stationary
5.26500,12,1205.167,513.830,28.575,0.0,Stationary
5.26500,13,368.069,42.881,28.575,0.0,Stationary
5.26500,14,1110.542,229.418,28.575,0.0,Stationary
5.26500,15,-315.454,-93.603,28.575,0.0,Stationary
5.27000,0,321.319,-64.345,28.575,0.0,Stationary
5.27000,1,-333.913,490.692,28.575,0.0,Stationary
5.27000,2,1220.223,-25.994,28.575,0.0,Stationary
5.27000,3,541.180,582.439,28.575,0.0,Stationary
5.27000,4,-607.384,-495.299,28.575,28.0,Rolling
5.27000,5,1238.800,56.416,28.575,0.0,Stationary
5.27000,6,373.755,-115.578,28.575,0.0,Stationary
5.27000,7,638.119,146.506,28.575,0.0,Stationary
5.27000,8,65.834,-265.085,28.575,0.0,Stationary
5.27000,9,661.096,596.915,28.575,0.0,Stationary
5.27000,10,-655.006,-449.919,28.575,14.4,Rolling
5.27000,11,821.749,-534.448,28.575,0.0,Stationary
5.27000,12,1205.167,513.830,28.575,0.0,Stationary
5.27000,13,368.069,42.881,28.575,0.0,Stationary
5.27000,14,1110.542,229.418,28.575,0.0,Stationary
5.27000,15,-315.454,-93.603,28.575,0.0,Stationary
5.27500,0,321.319,-64.345,28.575,0.0,Stationary
5.27500,1,-333.913,490.692,28.575,0.0,Stationary
5.27500,2,1220.223,-25.994,28.575,0.0,Stationary
5.27500,3,541.180,582.439,28.575,0.0,Stationary
5.27500,4,-607.289,-495.401,28.575,27.5,Rolling
5.27500,5,1238.800,56.416,28.575,0.0,Stationary
5.27500,6,373.755,-115.578,28.575,0.0,Stationary
5.27500,7,638.119,146.506,28.575,0.0,Stationary
5.27500,8,65.834,-265.085,28.575,0.0,Stationary
5.27500,9,661.096,596.915,28.575,0.0,Stationary
5.27500,10,-654.961,-449.864,28.575,13.9,Rolling
5.27500,11,821.749,-534.448,28.575,0.0,Stationary
5.27500,12,1205.167,513.830,28.575,0.0,Stationary
5.27500,13,368.069,42.881,28.575,0.0,Stationary
5.27500,14,1110.542,229.418,28.575,0.0,Stationary
5.27500,15,-315.454,-93.603,28.575,0.0,Stationary
5.28000,0,321.319,-64.345,28.575,0.0,Stationary
5.28000,1,-333.913,490.692,28.575,0.0,Stationary
5.28000,2,1220.223,-25.994,28.575,0.0,Stationary
5.28000,3,541.180,582.439,28.575,0.0,Stationary
5.28000,4,-607.197,-495.501,28.575,27.0,Rolling
5.28000,5,1238.800,56.416,28.575,0.0,Stationary
5.28000,6,373.755,-115.578,28.575,0.0,Stationary
5.28000,7,638.119,146.506,28.575,0.0,Stationary
5.28000,8,65.834,-265.085,28.575,0.0,Stationary
5.28000,9,661.096,596.915,28.575,0.0,Stationary
5.28000,10,-654.918,-449.811,28.575,13.4,Rolling
5.28000,11,821.749,-534.448,28.575,0.0,Stationary
5.28000,12,1205.167,513.830,28.575,0.0,Stationary
5.28000,13,368.069,42.881,28.575,0.0,Stationary
5.28000,14,1110.542,229.418,28.575,0.0,Stationary
5.28000,15,-315.454,-93.603,28.575,0.0,Stationary
5.28500,0,321.319,-64.345,28.575,0.0,Stationary
5.28500,1,-333.913,490.692,28.575,0.0,Stationary
5.28500,2,1220.223,-25.994,28.575,0.0,Stationary
5.28500,3,541.180,582.439,28.575,0.0,Stationary
5.28500,4,-607.106,-495.599,28.575,26.6,Rolling
5.28500,5,1238.800,56.416,28.575,0.0,Stationary
5.28500,6,373.755,-115.578,28.575,0.0,Stationary
5.28500,7,638.119,146.506,28.575,0.0,Stationary
5.28500,8,65.834,-265.085,28.575,0.0,Stationary
5.28500,9,661.096,596.915,28.575,0.0,Stationary
5.28500,10,-654.876,-449.760,28.575,13.0,Rolling
5.28500,11,821.749,-534.448,28.575,0.0,Stationary
5.28500,12,1205.167,513.830,28.575,0.0,Stationary
5.28500,13,368.069,42.881,28.575,0.0,Stationary
5.28500,14,1110.542,229.418,28.575,0.0,Stationary
5.28500,15,-315.454,-93.603,28.575,0.0,Stationary
5.29000,0,321.319,-64.345,28.575,0.0,Stationary
5.29000,1,-333.913,490.692,28.575,0.0,Stationary
5.29000,2,1220.223,-25.994,28.575,0.0,Stationary
5.29000,3,541.180,582.439,28.575,0.0,Stationary
5.29000,4,-607.016,-495.696,28.575,26.1,Rolling
5.29000,5,1238.800,56.416,28.575,0.0,Stationary
5.29000,6,373.755,-115.578,28.575,0.0,Stationary
5.29000,7,638.119,146.506,28.575,0.0,Stationary
5.29000,8,65.834,-265.085,28.575,0.0,Stationary
5.29000,9,661.096,596.915,28.575,0.0,Stationary
5.29000,10,-654.836,-449.711,28.575,12.5,Rolling
5.29000,11,821.749,-534.448,28.575,0.0,Stationary
5.29000,12,1205.167,513.830,28.575,0.0,Stationary
5.29000,13,368.069,42.881,28.575,0.0,Stationary
5.29000,14,1110.542,229.418,28.575,0.0,Stationary
5.29000,15,-315.454,-93.603,28.575,0.0,Stationary
5.29500,0,321.319,-64.345,28.575,0.0,Stationary
5.29500,1,-333.913,490.692,28.575,0.0,Stationary
5.29500,2,1220.223,-25.994,28.575,0.0,Stationary
5.29500,3,541.180,582.439,28.575,0.0,Stationary
5.29500,4,-606.928,-495.790,28.575,25.6,Rolling
5.29500,5,1238.800,56.416,28.575,0.0,Stationary
5.29500,6,373.755,-115.578,28.575,0.0,Stationary
5.29500,7,638.119,146.506,28.575,0.0,Stationary
5.29500,8,65.834,-265.085,28.575,0.0,Stationary
5.29500,9,661.096,596.915,28.575,0.0,Stationary
5.29500,10,-654.797,-449.664,28.575,12.0,Rolling
5.29500,11,821.749,-534.448,28.575,0.0,Stationary
5.29500,12,1205.167,513.830,28.575,0.0,Stationary
5.29500,13,368.069,42.881,28.575,0.0,Stationary
5.29500,14,1110.542,229.418,28.575,0.0,Stationary
5.29500,15,-315.454,-93.603,28.575,0.0,Stationary
5.30000,0,321.319,-64.345,28.575,0.0,Stationary
5.30000,1,-333.913,490.692,28.575,0.0,Stationary
5.30000,2,1220.223,-25.994,28.575,0.0,Stationary
5.30000,3,541.180,582.439,28.575,0.0,Stationary
5.30000,4,-606.842,-495.883,28.575,25.1,Rolling
5.30000,5,1238.800,56.416,28.575,0.0,Stationary
5.30000,6,373.755,-115.578,28.575,0.0,Stationary
5.30000,7,638.119,146.506,28.575,0.0,Stationary
5.30000,8,65.834,-265.085,28.575,0.0,Stationary
5.30000,9,661.096,596.915,28.575,0.0,Stationary
5.30000,10,-654.760,-449.619,28.575,11.5,Rolling
5.30000,11,821.749,-534.448,28.575,0.0,Stationary
5.30000,12,1205.167,513.830,28.575,0.0,Stationary
5.30000,13,368.069,42.881,28.575,0.0,Stationary
5.30000,14,1110.542,229.418,28.575,0.0,Stationary
5.30000,15,-315.454,-93.603,28.575,0.0,Stationary
5.30500,0,321.319,-64.345,28.575,0.0,Stationary
5.30500,1,-333.913,490.692,28.575,0.0,Stationary
5.30500,2,1220.223,-25.994,28.575,0.0,Stationary
5.30500,3,541.180,582.439,28.575,0.0,Stationary
5.30500,4,-606.758,-495.974,28.575,24.6,Rolling
5.30500,5,1238.800,56.416,28.575,0.0,Stationary
5.30500,6,373.755,-115.578,28.575,0.0,Stationary
5.30500,7,638.119,146.506,28.575,0.0,Stationary
5.30500,8,65.834,-265.085,28.575,0.0,Stationary
5.30500,9,661.096,596.915,28.575,0.0,Stationary
5.30500,10,-654.724,-449.575,28.575,11.0,Rolling
5.30500,11,821.749,-534.448,28.575,0.0,Stationary
5.30500,12,1205.167,513.830,28.575,0.0,Stationary
5.30500,13,368.069,42.881,28.575,0.0,Stationary
5.30500,14,1110.542,229.418,28.575,0.0,Stationary
5.30500,15,-315.454,-93.603,28.575,0.0,Stationary
5.31000,0,321.319,-64.345,28.575,0.0,Stationary
5.31000,1,-333.913,490.692,28.575,0.0,Stationary
5.31000,2,1220.223,-25.994,28.575,0.0,Stationary
5.31000,3,541.180,582.439,28.575,0.0,Stationary
5.31000,4,-606.675,-496.064,28.575,24.1,Rolling
5.31000,5,1238.800,56.416,28.575,0.0,Stationary
5.31000,6,373.755,-115.578,28.575,0.0,Stationary
5.31000,7,638.119,146.506,28.575,0.0,Stationary
5.31000,8,65.834,-265.085,28.575,0.0,Stationary
5.31000,9,661.096,596.915,28.575,0.0,Stationary
5.31000,10,-654.690,-449.534,28.575,10.5,Rolling
5.31000,11,821.749,-534.448,28.575,0.0,Stationary
5.31000,12,1205.167,513.830,28.575,0.0,Stationary
5.31000,13,368.069,42.881,28.575,0.0,Stationary
5.31000,14,1110.542,229.418,28.575,0.0,Stationary
5.31000,15,-315.454,-93.603,28.575,0.0,Stationary
5.31500,0,321.319,-64.345,28.575,0.0,Stationary
5.31500,1,-333.913,490.692,28.575,0.0,Stationary
5.31500,2,1220.223,-25.994,28.575,0.0,Stationary
5.31500,3,541.180,582.439,28.575,0.0,Stationary
5.31500,4,-606.594,-496.151,28.575,23.6,Rolling
5.31500,5,1238.800,56.416,28.575,0.0,Stationary
5.31500,6,373.755,-115.578,28.575,0.0,Stationary
5.31500,7,638.119,146.506,28.575,0.0,Stationary
5.31500,8,65.834,-265.085,28.575,0.0,Stationary
5.31500,9,661.096,596.915,28.575,0.0,Stationary
5.31500,10,-654.657,-449.494,28.575,10.0,Rolling
5.31500,11,821.749,-534.448,28.575,0.0,Stationary
5.31500,12,1205.167,513.830,28.575,0.0,Stationary
5.31500,13,368.069,42.881,28.575,0.0,Stationary
5.31500,14,1110.542,229.418,28.575,0.0,Stationary
5.31500,15,-315.454,-93.603,28.575,0.0,Stationary
5.32000,0,321.319,-64.345,28.575,0.0,Stationary
5.32000,1,-333.913,490.692,28.575,0.0,Stationary
5.32000,2,1220.223,-25.994,28.575,0.0,Stationary
5.32000,3,541.180,582.439,28.575,0.0,Stationary
5.32000,4,-606.515,-496.237,28.575,23.1,Rolling
5.32000,5,1238.800,56.416,28.575,0.0,Stationary
5.32000,6,373.755,-115.578,28.575,0.0,Stationary
5.32000,7,638.119,146.506,28.575,0.0,Stationary
5.32000,8,65.834,-265.085,28.575,0.0,Stationary
5.32000,9,661.096,596.915,28.575,0.0,Stationary
5.32000,10,-654.626,-449.456,28.575,9.5,Rolling
5.32000,11,821.749,-534.448,28.575,0.0,Stationary
5.32000,12,1205.167,513.830,28.575,0.0,Stationary
5.32000,13,368.069,42.881,28.575,0.0,Stationary
5.32000,14,1110.542,229.418,28.575,0.0,Stationary
5.32000,15,-315.454,-93.603,28.575,0.0,Stationary
5.32500,0,321.319,-64.345,28.575,0.0,Stationary
5.32500,1,-333.913,490.692,28.575,0.0,Stationary
5.32500,2,1220.223,-25.994,28.575,0.0,Stationary
5.32500,3,541.180,582.439,28.575,0.0,Stationary
5.32500,4,-606.437,-496.321,28.575,22.6,Rolling
5.32500,5,1238.800,56.416,28.575,0.0,Stationary
5.32500,6,373.755,-115.578,28.575,0.0,Stationary
5.32500,7,638.119,146.506,28.575,0.0,Stationary
5.32500,8,65.834,-265.085,28.575,0.0,Stationary
5.32500,9,661.096,596.915,28.575,0.0,Stationary
5.32500,10,-654.597,-449.421,28.575,9.0,Rolling
5.32500,11,821.749,-534.448,28.575,0.0,Stationary
5.32500,12,1205.167,513.830,28.575,0.0,Stationary
5.32500,13,368.069,42.881,28.575,0.0,Stationary
5.32500,14,1110.542,229.418,28.575,0.0,Stationary
5.32500,15,-315.454,-93.603,28.575,0.0,Stationary
5.33000,0,321.319,-64.345,28.575,0.0,Stationary
5.33000,1,-333.913,490.692,28.575,0.0,Stationary
5.33000,2,1220.223,-25.994,28.575,0.0,Stationary
5.33000,3,541.180,582.439,28.575,0.0,Stationary
5.33000,4,-606.361,-496.403,28.575,22.1,Rolling
5.33000,5,1238.800,56.416,28.575,0.0,Stationary
5.33000,6,373.755,-115.578,28.575,0.0,Stationary
5.33000,7,638.119,146.506,28.575,0.0,Stationary
5.33000,8,65.834,-265.085,28.575,0.0,Stationary
5.33000,9,661.096,596.915,28.575,0.0,Stationary
5.33000,10,-654.569,-449.387,28.575,8.5,Rolling
5.33000,11,821.749,-534.448,28.575,0.0,Stationary
5.33000,12,1205.167,513.830,28.575,0.0,Stationary
5.33000,13,368.069,42.881,28.575,0.0,Stationary
5.33000,14,1110.542,229.418,28.575,0.0,Stationary
5.33000,15,-315.454,-93.603,28.575,0.0,Stationary
5.33500,0,321.319,-64.345,28.575,0.0,Stationary
5.33500,1,-333.913,490.692,28.575,0.0,Stationary
5.33500,2,1220.223,-25.994,28.575,0.0,Stationary
5.33500,3,541.180,582.439,28.575,0.0,Stationary
5.33500,4,-606.287,-496.483,28.575,21.7,Rolling
5.33500,5,1238.800,56.416,28.575,0.0,Stationary
5.33500,6,373.755,-115.578,28.575,0.0,Stationary
5.33500,7,638.119,146.506,28.575,0.0,Stationary
5.33500,8,65.834,-265.085,28.575,0.0,Stationary
5.33500,9,661.096,596.915,28.575,0.0,Stationary
5.33500,10,-654.542,-449.355,28.575,8.1,Rolling
5.33500,11,821.749,-534.448,28.575,0.0,Stationary
5.33500,12,1205.167,513.830,28.575,0.0,Stationary
5.33500,13,368.069,42.881,28.575,0.0,Stationary
5.33500,14,1110.542,229.418,28.575,0.0,Stationary
5.33500,15,-315.454,-93.603,28.575,0.0,Stationary
5.34000,0,321.319,-64.345,28.575,0.0,Stationary
5.34000,1,-333.913,490.692,28.575,0.0,Stationary
5.34000,2,1220.223,-25.994,28.575,0.0,Stationary
5.34000,3,541.180,582.439,28.575,0.0,Stationary
5.34000,4,-606.214,-496.562,28.575,21.2,Rolling
5.34000,5,1238.800,56.416,28.575,0.0,Stationary
5.34000,6,373.755,-115.578,28.575,0.0,Stationary
5.34000,7,638.119,146.506,28.575,0.0,Stationary
5.34000,8,65.834,-265.085,28.575,0.0,Stationary
5.34000,9,661.096,596.915,28.575,0.0,Stationary
5.34000,10,-654.518,-449.325,28.575,7.6,Rolling
5.34000,11,821.749,-534.448,28.575,0.0,Stationary
5.34000,12,1205.167,513.830,28.575,0.0,Stationary
5.34000,13,368.069,42.881,28.575,0.0,Stationary
5.34000,14,1110.542,229.418,28.575,0.0,Stationary
5.34000,15,-315.454,-93.603,28.575,0.0,Stationary
5.34500,0,321.319,-64.345,28.575,0.0,Stationary
5.34500,1,-333.913,490.692,28.575,0.0,Stationary
5.34500,2,1220.223,-25.994,28.575,0.0,Stationary
5.34500,3,541.180,582.439,28.575,0.0,Stationary
5.34500,4,-606.143,-496.639,28.575,20.7,Rolling
5.34500,5,1238.800,56.416,28.575,0.0,Stationary
5.34500,6,373.755,-115.578,28.575,0.0,Stationary
5.34500,7,638.119,146.506,28.575,0.0,Stationary
5.34500,8,65.834,-265.085,28.575,0.0,Stationary
5.34500,9,661.096,596.915,28.575,0.0,Stationary
5.34500,10,-654.494,-449.296,28.575,7.1,Rolling
5.34500,11,821.749,-534.448,28.575,0.0,Stationary
5.34500,12,1205.167,513.830,28.575,0.0,Stationary
5.34500,13,368.069,42.881,28.575,0.0,Stationary
5.34500,14,1110.542,229.418,28.575,0.0,Stationary
5.34500,15,-315.454,-93.603,28.575,0.0,Stationary
5.35000,0,321.319,-64.345,28.575,0.0,Stationary
5.35000,1,-333.913,490.692,28.575,0.0,Stationary
5.35000,2,1220.223,-25.994,28.575,0.0,Stationary
5.35000,3,541.180,582.439,28.575,0.0,Stationary
5.35000,4,-606.073,-496.714,28.575,20.2,Rolling
5.35000,5,1238.800,56.416,28.575,0.0,Stationary
5.35000,6,373.755,-115.578,28.575,0.0,Stationary
5.35000,7,638.119,146.506,28.575,0.0,Stationary
5.35000,8,65.834,-265.085,28.575,0.0,Stationary
5.35000,9,661.096,596.915,28.575,0.0,Stationary
5.35000,10,-654.473,-449.270,28.575,6.6,Rolling
5.35000,11,821.749,-534.448,28.575,0.0,Stationary
5.35000,12,1205.167,513.830,28.575,0.0,Stationary
5.35000,13,368.069,42.881,28.575,0.0,Stationary
5.35000,14,1110.542,229.418,28.575,0.0,Stationary
5.35000,15,-315.454,-93.603,28.575,0.0,Stationary
5.35500,0,321.319,-64.345,28.575,0.0,Stationary
5.35500,1,-333.913,490.692,28.575,0.0,Stationary
5.35500,2,1220.223,-25.994,28.575,0.0,Stationary
5.35500,3,541.180,582.439,28.575,0.0,Stationary
5.35500,4,-606.006,-496.787,28.575,19.7,Rolling
5.35500,5,1238.800,56.416,28.575,0.0,Stationary
5.35500,6,373.755,-115.578,28.575,0.0,Stationary
5.35500,7,638.119,146.506,28.575,0.0,Stationary
5.35500,8,65.834,-265.085,28.575,0.0,Stationary
5.35500,9,661.096,596.915,28.575,0.0,Stationary
5.35500,10,-654.453,-449.245,28.575,6.1,Rolling
5.35500,11,821.749,-534.448,28.575,0.0,Stationary
5.35500,12,1205.167,513.830,28.575,0.0,Stationary
5.35500,13,368.069,42.881,28.575,0.0,Stationary
5.35500,14,1110.542,229.418,28.575,0.0,Stationary
5.35500,15,-315.454,-93.603,28.575,0.0,Stationary
5.36000,0,321.319,-64.345,28.575,0.0,Stationary
5.36000,1,-333.913,490.692,28.575,0.0,Stationary
5.36000,2,1220.223,-25.994,28.575,0.0,Stationary
5.36000,3,541.180,582.439,28.575,0.0,Stationary
5.36000,4,-605.940,-496.858,28.575,19.2,Rolling
5.36000,5,1238.800,56.416,28.575,0.0,Stationary
5.36000,6,373.755,-115.578,28.575,0.0,Stationary
5.36000,7,638.119,146.506,28.575,0.0,Stationary
5.36000,8,65.834,-265.085,28.575,0.0,Stationary
5.36000,9,661.096,596.915,28.575,0.0,Stationary
5.36000,10,-654.434,-449.223,28.575,5.6,Rolling
5.36000,11,821.749,-534.448,28.575,0.0,Stationary
5.36000,12,1205.167,513.830,28.575,0.0,Stationary
5.36000,13,368.069,42.881,28.575,0.0,Stationary
5.36000,14,1110.542,229.418,28.575,0.0,Stationary
5.36000,15,-315.454,-93.603,28.575,0.0,Stationary
5.36500,0,321.319,-64.345,28.575,0.0,Stationary
5.36500,1,-333.913,490.692,28.575,0.0,Stationary
5.36500,2,1220.223,-25.994,28.575,0.0,Stationary
5.36500,3,541.180,582.439,28.575,0.0,Stationary
5.36500,4,-605.875,-496.928,28.575,18.7,Rolling
5.36500,5,1238.800,56.416,28.575,0.0,Stationary
5.36500,6,373.755,-115.578,28.575,0.0,Stationary
5.36500,7,638.119,146.506,28.575,0.0,Stationary
5.36500,8,65.834,-265.085,28.575,0.0,Stationary
5.36500,9,661.096,596.915,28.575,0.0,Stationary
5.36500,10,-654.417,-449.202,28.575,5.1,Rolling
5.36500,11,821.749,-534.448,28.575,0.0,Stationary
5.36500,12,1205.167,513.830,28.575,0.0,Stationary
5.36500,13,368.069,42.881,28.575,0.0,Stationary
5.36500,14,1110.542,229.418,28.575,0.0,Stationary
5.36500,15,-315.454,-93.603,28.575,0.0,Stationary
5.37000,0,321.319,-64.345,28.575,0.0,Stationary
5.37000,1,-333.913,490.692,28.575,0.0,Stationary
5.37000,2,1220.223,-25.994,28.575,0.0,Stationary
5.37000,3,541.180,582.439,28.575,0.0,Stationary
5.37000,4,-605.812,-496.995,28.575,18.2,Rolling
5.37000,5,1238.800,56.416,28.575,0.0,Stationary
5.37000,6,373.755,-115.578,28.575,0.0,Stationary
5.37000,7,638.119,146.506,28.575,0.0,Stationary
5.37000,8,65.834,-265.085,28.575,0.0,Stationary
5.37000,9,661.096,596.915,28.575,0.0,Stationary
5.37000,10,-654.402,-449.183,28.575,4.6,Rolling
5.37000,11,821.749,-534.448,28.575,0.0,Stationary
5.37000,12,1205.167,513.830,28.575,0.0,Stationary
5.37000,13,368.069,42.881,28.575,0.0,Stationary
5.37000,14,1110.542,229.418,28.575,0.0,Stationary
5.37000,15,-315.454,-93.603,28.575,0.0,Stationary
5.37500,0,321.319,-64.345,28.575,0.0,Stationary
5.37500,1,-333.913,490.692,28.575,0.0,Stationary
5.37500,2,1220.223,-25.994,28.575,0.0,Stationary
5.37500,3,541.180,582.439,28.575,0.0,Stationary
5.37500,4,-605.751,-497.061,28.575,17.7,Rolling
5.37500,5,1238.800,56.416,28.575,0.0,Stationary
5.37500,6,373.755,-115.578,28.575,0.0,Stationary
5.37500,7,638.119,146.506,28.575,0.0,Stationary
5.37500,8,65.834,-265.085,28.575,0.0,Stationary
5.37500,9,661.096,596.915,28.575,0.0,Stationary
5.37500,10,-654.388,-449.167,28.575,4.1,Rolling
5.37500,11,821.749,-534.448,28.575,0.0,Stationary
5.37500,12,1205.167,513.830,28.575,0.0,Stationary
5.37500,13,368.069,42.881,28.575,0.0,Stationary
5.37500,14,1110.542,229.418,28.575,0.0,Stationary
5.37500,15,-315.454,-93.603,28.575,0.0,Stationary
5.38000,0,321.319,-64.345,28.575,0.0,Stationary
5.38000,1,-333.913,490.692,28.575,0.0,Stationary
5.38000,2,1220.223,-25.994,28.575,0.0,Stationary
5.38000,3,541.180,582.439,28.575,0.0,Stationary
5.38000,4,-605.692,-497.125,28.575,17.2,Rolling
5.38000,5,1238.800,56.416,28.575,0.0,Stationary
5.38000,6,373.755,-115.578,28.575,0.0,Stationary
5.38000,7,638.119,146.506,28.575,0.0,Stationary
5.38000,8,65.834,-265.085,28.575,0.0,Stationary
5.38000,9,661.096,596.915,28.575,0.0,Stationary
5.38000,10,-654.375,-449.152,28.575,3.6,Rolling
5.38000,11,821.749,-534.448,28.575,0.0,Stationary
5.38000,12,1205.167,513.830,28.575,0.0,Stationary
5.38000,13,368.069,42.881,28.575,0.0,Stationary
5.38000,14,1110.542,229.418,28.575,0.0,Stationary
5.38000,15,-315.454,-93.603,28.575,0.0,Stationary
5.38500,0,321.319,-64.345,28.575,0.0,Stationary
5.38500,1,-333.913,490.692,28.575,0.0,Stationary
5.38500,2,1220.223,-25.994,28.575,0.0,Stationary
5.38500,3,541.180,582.439,28.575,0.0,Stationary
5.38500,4,-605.634,-497.188,28.575,16.8,Rolling
5.38500,5,1238.800,56.416,28.575,0.0,Stationary
5.38500,6,373.755,-115.578,28.575,0.0,Stationary
5.38500,7,638.119,146.506,28.575,0.0,Stationary
5.38500,8,65.834,-265.085,28.575,0.0,Stationary
5.38500,9,661.096,596.915,28.575,0.0,Stationary
5.38500,10,-654.365,-449.138,28.575,3.1,Rolling
5.38500,11,821.749,-534.448,28.575,0.0,Stationary
5.38500,12,1205.167,513.830,28.575,0.0,Stationary
5.38500,13,368.069,42.881,28.575,0.0,Stationary
5.38500,14,1110.542,229.418,28.575,0.0,Stationary
5.38500,15,-315.454,-93.603,28.575,0.0,Stationary
5.39000,0,321.319,-64.345,28.575,0.0,Stationary
5.39000,1,-333.913,490.692,28.575,0.0,Stationary
5.39000,2,1220.223,-25.994,28.575,0.0,Stationary
5.39000,3,541.180,582.439,28.575,0.0,Stationary
5.39000,4,-605.578,-497.248,28.575,16.3,Rolling
5.39000,5,1238.800,56.416,28.575,0.0,Stationary
5.39000,6,373.755,-115.578,28.575,0.0,Stationary
5.39000,7,638.119,146.506,28.575,0.0,Stationary
5.39000,8,65.834,-265.085,28.575,0.0,Stationary
5.39000,9,661.096,596.915,28.575,0.0,Stationary
5.39000,10,-654.355,-449.127,28.575,2.7,Rolling
5.39000,11,821.749,-534.448,28.575,0.0,Stationary
5.39000,12,1205.167,513.830,28.575,0.0,Stationary
5.39000,13,368.069,42.881,28.575,0.0,Stationary
5.39000,14,1110.542,229.418,28.575,0.0,Stationary
5.39000,15,-315.454,-93.603,28.575,0.0,Stationary
5.39500,0,321.319,-64.345,28.575,0.0,Stationary
5.39500,1,-333.913,490.692,28.575,0.0,Stationary
5.39500,2,1220.223,-25.994,28.575,0.0,Stationary
5.39500,3,541.180,582.439,28.575,0.0,Stationary
5.39500,4,-605.524,-497.307,28.575,15.8,Rolling
5.39500,5,1238.800,56.416,28.575,0.0,Stationary
5.39500,6,373.755,-115.578,28.575,0.0,Stationary
5.39500,7,638.119,146.506,28.575,0.0,Stationary
5.39500,8,65.834,-265.085,28.575,0.0,Stationary
5.39500,9,661.096,596.915,28.575,0.0,Stationary
5.39500,10,-654.348,-449.118,28.575,2.2,Rolling
5.39500,11,821.749,-534.448,28.575,0.0,Stationary
5.39500,12,1205.167,513.830,28.575,0.0,Stationary
5.39500,13,368.069,42.881,28.575,0.0,Stationary
5.39500,14,1110.542,229.418,28.575,0.0,Stationary
5.39500,15,-315.454,-93.603,28.575,0.0,Stationary
5.40000,0,321.319,-64.345,28.575,0.0,Stationary
5.40000,1,-333.913,490.692,28.575,0.0,Stationary
5.40000,2,1220.223,-25.994,28.575,0.0,Stationary
5.40000,3,541.180,582.439,28.575,0.0,Stationary
5.40000,4,-605.471,-497.364,28.575,15.3,Rolling
5.40000,5,1238.800,56.416,28.575,0.0,Stationary
5.40000,6,373.755,-115.578,28.575,0.0,Stationary
5.40000,7,638.119,146.506,28.575,0.0,Stationary
5.40000,8,65.834,-265.085,28.575,0.0,Stationary
5.40000,9,661.096,596.915,28.575,0.0,Stationary
5.40000,10,-654.342,-449.111,28.575,1.7,Rolling
5.40000,11,821.749,-534.448,28.575,0.0,Stationary
5.40000,12,1205.167,513.830,28.575,0.0,Stationary
5.40000,13,368.069,42.881,28.575,0.0,Stationary
5.40000,14,1110.542,229.418,28.575,0.0,Stationary
5.40000,15,-315.454,-93.603,28.575,0.0,Stationary
5.40500,0,321.319,-64.345,28.575,0.0,Stationary
5.40500,1,-333.913,490.692,28.575,0.0,Stationary
5.40500,2,1220.223,-25.994,28.575,0.0,Stationary
5.40500,3,541.180,582.439,28.575,0.0,Stationary
5.40500,4,-605.420,-497.419,28.575,14.8,Rolling
5.40500,5,1238.800,56.416,28.575,0.0,Stationary
5.40500,6,373.755,-115.578,28.575,0.0,Stationary
5.40500,7,638.119,146.506,28.575,0.0,Stationary
5.40500,8,65.834,-265.085,28.575,0.0,Stationary
5.40500,9,661.096,596.915,28.575,0.0,Stationary
5.40500,10,-654.337,-449.105,28.575,1.2,Rolling
5.40500,11,821.749,-534.448,28.575,0.0,Stationary
5.40500,12,1205.167,513.830,28.575,0.0,Stationary
5.40500,13,368.069,42.881,28.575,0.0,Stationary
5.40500,14,1110.542,229.418,28.575,0.0,Stationary
5.40500,15,-315.454,-93.603,28.575,0.0,Stationary
5.41000,0,321.319,-64.345,28.575,0.0,Stationary
5.41000,1,-333.913,490.692,28.575,0.0,Stationary
5.41000,2,1220.223,-25.994,28.575,0.0,Stationary
5.41000,3,541.180,582.439,28.575,0.0,Stationary
5.41000,4,-605.370,-497.472,28.575,14.3,Rolling
5.41000,5,1238.800,56.416,28.575,0.0,Stationary
5.41000,6,373.755,-115.578,28.575,0.0,Stationary
5.41000,7,638.119,146.506,28.575,0.0,Stationary
5.41000,8,65.834,-265.085,28.575,0.0,Stationary
5.41000,9,661.096,596.915,28.575,0.0,Stationary
5.41000,10,-654.334,-449.101,28.575,0.7,Rolling
5.41000,11,821.749,-534.448,28.575,0.0,Stationary
5.41000,12,1205.167,513.830,28.575,0.0,Stationary
5.41000,13,368.069,42.881,28.575,0.0,Stationary
5.41000,14,1110.542,229.418,28.575,0.0,Stationary
5.41000,15,-315.454,-93.603,28.575,0.0,Stationary
5.41500,0,321.319,-64.345,28.575,0.0,Stationary
5.41500,1,-333.913,490.692,28.575,0.0,Stationary
5.41500,2,1220.223,-25.994,28.575,0.0,Stationary
5.41500,3,541.180,582.439,28.575,0.0,Stationary
5.41500,4,-605.323,-497.524,28.575,13.8,Rolling
5.41500,5,1238.800,56.416,28.575,0.0,Stationary
5.41500,6,373.755,-115.578,28.575,0.0,Stationary
5.41500,7,638.119,146.506,28.575,0.0,Stationary
5.41500,8,65.834,-265.085,28.575,0.0,Stationary
5.41500,9,661.096,596.915,28.575,0.0,Stationary
5.41500,10,-654.333,-449.100,28.575,0.2,Rolling
5.41500,11,821.749,-534.448,28.575,0.0,Stationary
5.41500,12,1205.167,513.830,28.575,0.0,Stationary
5.41500,13,368.069,42.881,28.575,0.0,Stationary
5.41500,14,1110.542,229.418,28.575,0.0,Stationary
5.41500,15,-315.454,-93.603,28.575,0.0,Stationary
5.42000,0,321.319,-64.345,28.575,0.0,Stationary
5.42000,1,-333.913,490.692,28.575,0.0,Stationary
5.42000,2,1220.223,-25.994,28.575,0.0,Stationary
5.42000,3,541.180,582.439,28.575,0.0,Stationary
5.42000,4,-605.277,-497.574,28.575,13.3,Rolling
5.42000,5,1238.800,56.416,28.575,0.0,Stationary
5.42000,6,373.755,-115.578,28.575,0.0,Stationary
5.42000,7,638.119,146.506,28.575,0.0,Stationary
5.42000,8,65.834,-265.085,28.575,0.0,Stationary
5.42000,9,661.096,596.915,28.575,0.0,Stationary
5.42000,10,-654.332,-449.099,28.575,0.0,Stationary
5.42000,11,821.749,-534.448,28.575,0.0,Stationary
5.42000,12,1205.167,513.830,28.575,0.0,Stationary
5.42000,13,368.069,42.881,28.575,0.0,Stationary
5.42000,14,1110.542,229.418,28.575,0.0,Stationary
5.42000,15,-315.454,-93.603,28.575,0.0,Stationary
5.42500,0,321.319,-64.345,28.575,0.0,Stationary
5.42500,1,-333.913,490.692,28.575,0.0,Stationary
5.42500,2,1220.223,-25.994,28.575,0.0,Stationary
5.42500,3,541.180,582.439,28.575,0.0,Stationary
5.42500,4,-605.232,-497.622,28.575,12.8,Rolling
5.42500,5,1238.800,56.416,28.575,0.0,Stationary
5.42500,6,373.755,-115.578,28.575,0.0,Stationary
5.42500,7,638.119,146.506,28.575,0.0,Stationary
5.42500,8,65.834,-265.085,28.575,0.0,Stationary
5.42500,9,661.096,596.915,28.575,0.0,Stationary
5.42500,10,-654.332,-449.099,28.575,0.0,Stationary
5.42500,11,821.749,-534.448,28.575,0.0,Stationary
5.42500,12,1205.167,513.830,28.575,0.0,Stationary
5.42500,13,368.069,42.881,28.575,0.0,Stationary
5.42500,14,1110.542,229.418,28.575,0.0,Stationary
5.42500,15,-315.454,-93.603,28.575,0.0,Stationary
5.43000,0,321.319,-64.345,28.575,0.0,Stationary
5.43000,1,-333.913,490.692,28.575,0.0,Stationary
5.43000,2,1220.223,-25.994,28.575,0.0,Stationary
5.43000,3,541.180,582.439,28.575,0.0,Stationary
5.43000,4,-605.189,-497.668,28.575,12.3,Rolling
5.43000,5,1238.800,56.416,28.575,0.0,Stationary
5.43000,6,373.755,-115.578,28.575,0.0,Stationary
5.43000,7,638.119,146.506,28.575,0.0,Stationary
5.43000,8,65.834,-265.085,28.575,0.0,Stationary
5.43000,9,661.096,596.915,28.575,0.0,Stationary
5.43000,10,-654.332,-449.099,28.575,0.0,Stationary
5.43000,11,821.749,-534.448,28.575,0.0,Stationary
5.43000,12,1205.167,513.830,28.575,0.0,Stationary
5.43000,13,368.069,42.881,28.575,0.0,Stationary
5.43000,14,1110.542,229.418,28.575,0.0,Stationary
5.43000,15,-315.454,-93.603,28.575,0.0,Stationary
5.43500,0,321.319,-64.345,28.575,0.0,Stationary
5.43500,1,-333.913,490.692,28.575,0.0,Stationary
5.43500,2,1220.223,-25.994,28.575,0.0,Stationary
5.43500,3,541.180,582.439,28.575,0.0,Stationary
5.43500,4,-605.148,-497.712,28.575,11.8,Rolling
5.43500,5,1238.800,56.416,28.575,0.0,Stationary
5.43500,6,373.755,-115.578,28.575,0.0,Stationary
5.43500,7,638.119,146.506,28.575,0.0,Stationary
5.43500,8,65.834,-265.085,28.575,0.0,Stationary
5.43500,9,661.096,596.915,28.575,0.0,Stationary
5.43500,10,-654.332,-449.099,28.575,0.0,Stationary
5.43500,11,821.749,-534.448,28.575,0.0,Stationary
5.43500,12,1205.167,513.830,28.575,0.0,Stationary
5.43500,13,368.069,42.881,28.575,0.0,Stationary
5.43500,14,1110.542,229.418,28.575,0.0,Stationary
5.43500,15,-315.454,-93.603,28.575,0.0,Stationary
5.44000,0,321.319,-64.345,28.575,0.0,Stationary
5.44000,1,-333.913,490.692,28.575,0.0,Stationary
5.44000,2,1220.223,-25.994,28.575,0.0,Stationary
5.44000,3,541.180,582.439,28.575,0.0,Stationary
5.44000,4,-605.109,-497.755,28.575,11.4,Rolling
5.44000,5,1238.800,56.416,28.575,0.0,Stationary
5.44000,6,373.755,-115.578,28.575,0.0,Stationary
5.44000,7,638.119,146.506,28.575,0.0,Stationary
5.44000,8,65.834,-265.085,28.575,0.0,Stationary
5.44000,9,661.096,596.915,28.575,0.0,Stationary
5.44000,10,-654.332,-449.099,28.575,0.0,Stationary
5.44000,11,821.749,-534.448,28.575,0.0,Stationary
5.44000,12,1205.167,513.830,28.575,0.0,Stationary
5.44000,13,368.069,42.881,28.575,0.0,Stationary
5.44000,14,1110.542,229.418,28.575,0.0,Stationary
5.44000,15,-315.454,-93.603,28.575,0.0,Stationary
5.44500,0,321.319,-64.345,28.575,0.0,Stationary
5.44500,1,-333.913,490.692,28.575,0.0,Stationary
5.44500,2,1220.223,-25.994,28.575,0.0,Stationary
5.44500,3,541.180,582.439,28.575,0.0,Stationary
5.44500,4,-605.071,-497.796,28.575,10.9,Rolling
5.44500,5,1238.800,56.416,28.575,0.0,Stationary
5.44500,6,373.755,-115.578,28.575,0.0,Stationary
5.44500,7,638.119,146.506,28.575,0.0,Stationary
5.44500,8,65.834,-265.085,28.575,0.0,Stationary
5.44500,9,661.096,596.915,28.575,0.0,Stationary
5.44500,10,-654.332,-449.099,28.575,0.0,Stationary
5.44500,11,821.749,-534.448,28.575,0.0,Stationary
5.44500,12,1205.167,513.830,28.575,0.0,Stationary
5.44500,13,368.069,42.881,28.575,0.0,Stationary
5.44500,14,1110.542,229.418,28.575,0.0,Stationary
5.44500,15,-315.454,-93.603,28.575,0.0,Stationary
5.45000,0,321.319,-64.345,28.575,0.0,Stationary
5.45000,1,-333.913,490.692,28.575,0.0,Stationary
5.45000,2,1220.223,-25.994,28.575,0.0,Stationary
5.45000,3,541.180,582.439,28.575,0.0,Stationary
5.45000,4,-605.035,-497.835,28.575,10.4,Rolling
5.45000,5,1238.800,56.416,28.575,0.0,Stationary
5.45000,6,373.755,-115.578,28.575,0.0,Stationary
5.45000,7,638.119,146.506,28.575,0.0,Stationary
5.45000,8,65.834,-265.085,28.575,0.0,Stationary
5.45000,9,661.096,596.915,28.575,0.0,Stationary
5.45000,10,-654.332,-449.099,28.575,0.0,Stationary
5.45000,11,821.749,-534.448,28.575,0.0,Stationary
5.45000,12,1205.167,513.830,28.575,0.0,Stationary
5.45000,13,368.069,42.881,28.575,0.0,Stationary
5.45000,14,1110.542,229.418,28.575,0.0,Stationary
5.45000,15,-315.454,-93.603,28.575,0.0,Stationary
5.45500,0,321.319,-64.345,28.575,0.0,Stationary
5.45500,1,-333.913,490.692,28.575,0.0,Stationary
5.45500,2,1220.223,-25.994,28.575,0.0,Stationary
5.45500,3,541.180,582.439,28.575,0.0,Stationary
5.45500,4,-605.001,-497.872,28.575,9.9,Rolling
5.45500,5,1238.800,56.416,28.575,0.0,Stationary
5.45500,6,373.755,-115.578,28.575,0.0,Stationary
5.45500,7,638.119,146.506,28.575,0.0,Stationary
5.45500,8,65.834,-265.085,28.575,0.0,Stationary
5.45500,9,661.096,596.915,28.575,0.0,Stationary
5.45500,10,-654.332,-449.099,28.575,0.0,Stationary
5.45500,11,821.749,-534.448,28.575,0.0,Stationary
5.45500,12,1205.167,513.830,28.575,0.0,Stationary
5.45500,13,368.069,42.881,28.575,0.0,Stationary
5.45500,14,1110.542,229.418,28.575,0.0,Stationary
5.45500,15,-315.454,-93.603,28.575,0.0,Stationary
5.46000,0,321.319,-64.345,28.575,0.0,Stationary
5.46000,1,-333.913,490.692,28.575,0.0,Stationary
5.46000,2,1220.223,-25.994,28.575,0.0,Stationary
5.46000,3,541.180,582.439,28.575,0.0,Stationary
5.46000,4,-604.968,-497.907,28.575,9.4,Rolling
5.46000,5,1238.800,56.416,28.575,0.0,Stationary
5.46000,6,373.755,-115.578,28.575,0.0,Stationary
5.46000,7,638.119,146.506,28.575,0.0,Stationary
5.46000,8,65.834,-265.085,28.575,0.0,Stationary
5.46000,9,661.096,596.915,28.575,0.0,Stationary
5.46000,10,-654.332,-449.099,28.575,0.0,Stationary
5.46000,11,821.749,-534.448,28.575,0.0,Stationary
5.46000,12,1205.167,513.830,28.575,0.0,Stationary
5.46000,13,368.069,42.881,28.575,0.0,Stationary
5.46000,14,1110.542,229.418,28.575,0.0,Stationary
5.46000,15,-315.454,-93.603,28.575,0.0,Stationary
5.46500,0,321.319,-64.345,28.575,0.0,Stationary
5.46500,1,-333.913,490.692,28.575,0.0,Stationary
5.46500,2,1220.223,-25.994,28.575,0.0,Stationary
5.46500,3,541.180,582.439,28.575,0.0,Stationary
5.46500,4,-604.937,-497.941,28.575,8.9,Rolling
5.46500,5,1238.800,56.416,28.575,0.0,Stationary
5.46500,6,373.755,-115.578,28.575,0.0,Stationary
5.46500,7,638.119,146.506,28.575,0.0,Stationary
5.46500,8,65.834,-265.085,28.575,0.0,Stationary
5.46500,9,661.096,596.915,28.575,0.0,Stationary
5.46500,10,-654.332,-449.099,28.575,0.0,Stationary
5.46500,11,821.749,-534.448,28.575,0.0,Stationary
5.46500,12,1205.167,513.830,28.575,0.0,Stationary
5.46500,13,368.069,42.881,28.575,0.0,Stationary
5.46500,14,1110.542,229.418,28.575,0.0,Stationary
5.46500,15,-315.454,-93.603,28.575,0.0,Stationary
5.47000,0,321.319,-64.345,28.575,0.0,Stationary
5.47000,1,-333.913,490.692,28.575,0.0,Stationary
5.47000,2,1220.223,-25.994,28.575,0.0,Stationary
5.47000,3,541.180,582.439,28.575,0.0,Stationary
5.47000,4,-604.907,-497.972,28.575,8.4,Rolling
5.47000,5,1238.800,56.416,28.575,0.0,Stationary
5.47000,6,373.755,-115.578,28.575,0.0,Stationary
5.47000,7,638.119,146.506,28.575,0.0,Stationary
5.47000,8,65.834,-265.085,28.575,0.0,Stationary
5.47000,9,661.096,596.915,28.575,0.0,Stationary
5.47000,10,-654.332,-449.099,28.575,0.0,Stationary
5.47000,11,821.749,-534.448,28.575,0.0,Stationary
5.47000,12,1205.167,513.830,28.575,0.0,Stationary
5.47000,13,368.069,42.881,28.575,0.0,Stationary
5.47000,14,1110.542,229.418,28.575,0.0,Stationary
5.47000,15,-315.454,-93.603,28.575,0.0,Stationary
5.47500,0,321.319,-64.345,28.575,0.0,Stationary
5.47500,1,-333.913,490.692,28.575,0.0,Stationary
5.47500,2,1220.223,-25.994,28.575,0.0,Stationary
5.47500,3,541.180,582.439,28.575,0.0,Stationary
5.47500,4,-604.880,-498.002,28.575,7.9,Rolling
5.47500,5,1238.800,56.416,28.575,0.0,Stationary
5.47500,6,373.755,-115.578,28.575,0.0,Stationary
5.47500,7,638.119,146.506,28.575,0.0,Stationary
5.47500,8,65.834,-265.085,28.575,0.0,Stationary
5.47500,9,661.096,596.915,28.575,0.0,Stationary
5.47500,10,-654.332,-449.099,28.575,0.0,Stationary
5.47500,11,821.749,-534.448,28.575,0.0,Stationary
5.47500,12,1205.167,513.830,28.575,0.0,Stationary
5.47500,13,368.069,42.881,28.575,0.0,Stationary
5.47500,14,1110.542,229.418,28.575,0.0,Stationary
5.47500,15,-315.454,-93.603,28.575,0.0,Stationary
5.48000,0,321.319,-64.345,28.575,0.0,Stationary
5.48000,1,-333.913,490.692,28.575,0.0,Stationary
5.48000,2,1220.223,-25.994,28.575,0.0,Stationary
5.48000,3,541.180,582.439,28.575,0.0,Stationary
5.48000,4,-604.853,-498.031,28.575,7.4,Rolling
5.48000,5,1238.800,56.416,28.575,0.0,Stationary
5.48000,6,373.755,-115.578,28.575,0.0,Stationary
5.48000,7,638.119,146.506,28.575,0.0,Stationary
5.48000,8,65.834,-265.085,28.575,0.0,Stationary
5.48000,9,661.096,596.915,28.575,0.0,Stationary
5.48000,10,-654.332,-449.099,28.575,0.0,Stationary
5.48000,11,821.749,-534.448,28.575,0.0,Stationary
5.48000,12,1205.167,513.830,28.575,0.0,Stationary
5.48000,13,368.069,42.881,28.575,0.0,Stationary
5.48000,14,1110.542,229.418,28.575,0.0,Stationary
5.48000,15,-315.454,-93.603,28.575,0.0,Stationary
5.48500,0,321.319,-64.345,28.575,0.0,Stationary
5.48500,1,-333.913,490.692,28.575,0.0,Stationary
5.48500,2,1220.223,-25.994,28.575,0.0,Stationary
5.48500,3,541.180,582.439,28.575,0.0,Stationary
5.48500,4,-604.829,-498.057,28.575,6.9,Rolling
5.48500,5,1238.800,56.416,28.575,0.0,Stationary
5.48500,6,373.755,-115.578,28.575,0.0,Stationary
5.48500,7,638.119,146.506,28.575,0.0,Stationary
5.48500,8,65.834,-265.085,28.575,0.0,Stationary
5.48500,9,661.096,596.915,28.575,0.0,Stationary
5.48500,10,-654.332,-449.099,28.575,0.0,Stationary
5.48500,11,821.749,-534.448,28.575,0.0,Stationary
5.48500,12,1205.167,513.830,28.575,0.0,Stationary
5.48500,13,368.069,42.881,28.575,0.0,Stationary
5.48500,14,1110.542,229.418,28.575,0.0,Stationary
5.48500,15,-315.454,-93.603,28.575,0.0,Stationary
5.49000,0,321.319,-64.345,28.575,0.0,Stationary
5.49000,1,-333.913,490.692,28.575,0.0,Stationary
5.49000,2,1220.223,-25.994,28.575,0.0,Stationary
5.49000,3,541.180,582.439,28.575,0.0,Stationary
5.49000,4,-604.806,-498.082,28.575,6.5,Rolling
5.49000,5,1238.800,56.416,28.575,0.0,Stationary
5.49000,6,373.755,-115.578,28.575,0.0,Stationary
5.49000,7,638.119,146.506,28.575,0.0,Stationary
5.49000,8,65.834,-265.085,28.575,0.0,Stationary
5.49000,9,661.096,596.915,28.575,0.0,Stationary
5.49000,10,-654.332,-449.099,28.575,0.0,Stationary
5.49000,11,821.749,-534.448,28.575,0.0,Stationary
5.49000,12,1205.167,513.830,28.575,0.0,Stationary
5.49000,13,368.069,42.881,28.575,0.0,Stationary
5.49000,14,1110.542,229.418,28.575,0.0,Stationary
5.49000,15,-315.454,-93.603,28.575,0.0,Stationary
5.49500,0,321.319,-64.345,28.575,0.0,Stationary
5.49500,1,-333.913,490.692,28.575,0.0,Stationary
5.49500,2,1220.223,-25.994,28.575,0.0,Stationary
5.49500,3,541.180,582.439,28.575,0.0,Stationary
5.49500,4,-604.785,-498.104,28.575,6.0,Rolling
5.49500,5,1238.800,56.416,28.575,0.0,Stationary
5.49500,6,373.755,-115.578,28.575,0.0,Stationary
5.49500,7,638.119,146.506,28.575,0.0,Stationary
5.49500,8,65.834,-265.085,28.575,0.0,Stationary
5.49500,9,661.096,596.915,28.575,0.0,Stationary
5.49500,10,-654.332,-449.099,28.575,0.0,Stationary
5.49500,11,821.749,-534.448,28.575,0.0,Stationary
5.49500,12,1205.167,513.830,28.575,0.0,Stationary
5.49500,13,368.069,42.881,28.575,0.0,Stationary
5.49500,14,1110.542,229.418,28.575,0.0,Stationary
5.49500,15,-315.454,-93.603,28.575,0.0,Stationary
5.50000,0,321.319,-64.345,28.575,0.0,Stationary
5.50000,1,-333.913,490.692,28.575,0.0,Stationary
5.50000,2,1220.223,-25.994,28.575,0.0,Stationary
5.50000,3,541.180,582.439,28.575,0.0,Stationary
5.50000,4,-604.766,-498.125,28.575,5.5,Rolling
5.50000,5,1238.800,56.416,28.575,0.0,Stationary
5.50000,6,373.755,-115.578,28.575,0.0,Stationary
5.50000,7,638.119,146.506,28.575,0.0,Stationary
5.50000,8,65.834,-265.085,28.575,0.0,Stationary
5.50000,9,661.096,596.915,28.575,0.0,Stationary
5.50000,10,-654.332,-449.099,28.575,0.0,Stationary
5.50000,11,821.749,-534.448,28.575,0.0,Stationary
5.50000,12,1205.167,513.830,28.575,0.0,Stationary
5.50000,13,368.069,42.881,28.575,0.0,Stationary
5.50000,14,1110.542,229.418,28.575,0.0,Stationary
5.50000,15,-315.454,-93.603,28.575,0.0,Stationary
5.50500,0,321.319,-64.345,28.575,0.0,Stationary
5.50500,1,-333.913,490.692,28.575,0.0,Stationary
5.50500,2,1220.223,-25.994,28.575,0.0,Stationary
5.50500,3,541.180,582.439,28.575,0.0,Stationary
5.50500,4,-604.748,-498.144,28.575,5.0,Rolling
5.50500,5,1238.800,56.416,28.575,0.0,Stationary
5.50500,6,373.755,-115.578,28.575,0.0,Stationary
5.50500,7,638.119,146.506,28.575,0.0,Stationary
5.50500,8,65.834,-265.085,28.575,0.0,Stationary
5.50500,9,661.096,596.915,28.575,0.0,Stationary
5.50500,10,-654.332,-449.099,28.575,0.0,Stationary
5.50500,11,821.749,-534.448,28.575,0.0,Stationary
5.50500,12,1205.167,513.830,28.575,0.0,Stationary
5.50500,13,368.069,42.881,28.575,0.0,Stationary
5.50500,14,1110.542,229.418,28.575,0.0,Stationary
5.50500,15,-315.454,-93.603,28.575,0.0,Stationary
5.51000,0,321.319,-64.345,28.575,0.0,Stationary
5.51000,1,-333.913,490.692,28.575,0.0,Stationary
5.51000,2,1220.223,-25.994,28.575,0.0,Stationary
5.51000,3,541.180,582.439,28.575,0.0,Stationary
5.51000,4,-604.732,-498.162,28.575,4.5,Rolling
5.51000,5,1238.800,56.416,28.575,0.0,Stationary
5.51000,6,373.755,-115.578,28.575,0.0,Stationary
5.51000,7,638.119,146.506,28.575,0.0,Stationary
5.51000,8,65.834,-265.085,28.575,0.0,Stationary
5.51000,9,661.096,596.915,28.575,0.0,Stationary
5.51000,10,-654.332,-449.099,28.575,0.0,Stationary
5.51000,11,821.749,-534.448,28.575,0.0,Stationary
5.51000,12,1205.167,513.830,28.575,0.0,Stationary
5.51000,13,368.069,42.881,28.575,0.0,Stationary
5.51000,14,1110.542,229.418,28.575,0.0,Stationary
5.51000,15,-315.454,-93.603,28.575,0.0,Stationary
5.51500,0,321.319,-64.345,28.575,0.0,Stationary
5.51500,1,-333.913,490.692,28.575,0.0,Stationary
5.51500,2,1220.223,-25.994,28.575,0.0,Stationary
5.51500,3,541.180,582.439,28.575,0.0,Stationary
5.51500,4,-604.717,-498.177,28.575,4.0,Rolling
5.51500,5,1238.800,56.416,28.575,0.0,Stationary
5.51500,6,373.755,-115.578,28.575,0.0,Stationary
5.51500,7,638.119,146.506,28.575,0.0,Stationary
5.51500,8,65.834,-265.085,28.575,0.0,Stationary
5.51500,9,661.096,596.915,28.575,0.0,Stationary
5.51500,10,-654.332,-449.099,28.575,0.0,Stationary
5.51500,11,821.749,-534.448,28.575,0.0,Stationary
5.51500,12,1205.167,513.830,28.575,0.0,Stationary
5.51500,13,368.069,42.881,28.575,0.0,Stationary
5.51500,14,1110.542,229.418,28.575,0.0,Stationary
5.51500,15,-315.454,-93.603,28.575,0.0,Stationary
5.52000,0,321.319,-64.345,28.575,0.0,Stationary
5.52000,1,-333.913,490.692,28.575,0.0,Stationary
5.52000,2,1220.223,-25.994,28.575,0.0,Stationary
5.52000,3,541.180,582.439,28.575,0.0,Stationary
5.52000,4,-604.705,-498.191,28.575,3.5,Rolling
5.52000,5,1238.800,56.416,28.575,0.0,Stationary
5.52000,6,373.755,-115.578,28.575,0.0,Stationary
5.52000,7,638.119,146.506,28.575,0.0,Stationary
5.52000,8,65.834,-265.085,28.575,0.0,Stationary
5.52000,9,661.096,596.915,28.575,0.0,Stationary
5.52000,10,-654.332,-449.099,28.575,0.0,Stationary
5.52000,11,821.749,-534.448,28.575,0.0,Stationary
5.52000,12,1205.167,513.830,28.575,0.0,Stationary
5.52000,13,368.069,42.881,28.575,0.0,Stationary
5.52000,14,1110.542,229.418,28.575,0.0,Stationary
5.52000,15,-315.454,-93.603,28.575,0.0,Stationary
5.52500,0,321.319,-64.345,28.575,0.0,Stationary
5.52500,1,-333.913,490.692,28.575,0.0,Stationary
5.52500,2,1220.223,-25.994,28.575,0.0,Stationary
5.52500,3,541.180,582.439,28.575,0.0,Stationary
5.52500,4,-604.694,-498.203,28.575,3.0,Rolling
5.52500,5,1238.800,56.416,28.575,0.0,Stationary
5.52500,6,373.755,-115.578,28.575,0.0,Stationary
5.52500,7,638.119,146.506,28.575,0.0,Stationary
5.52500,8,65.834,-265.085,28.575,0.0,Stationary
5.52500,9,661.096,596.915,28.575,0.0,Stationary
5.52500,10,-654.332,-449.099,28.575,0.0,Stationary
5.52500,11,821.749,-534.448,28.575,0.0,Stationary
5.52500,12,1205.167,513.830,28.575,0.0,Stationary
5.52500,13,368.069,42.881,28.575,0.0,Stationary
5.52500,14,1110.542,229.418,28.575,0.0,Stationary
5.52500,15,-315.454,-93.603,28.575,0.0,Stationary
5.53000,0,321.319,-64.345,28.575,0.0,Stationary
5.53000,1,-333.913,490.692,28.575,0.0,Stationary
5.53000,2,1220.223,-25.994,28.575,0.0,Stationary
5.53000,3,541.180,582.439,28.575,0.0,Stationary
5.53000,4,-604.684,-498.213,28.575,2.5,Rolling
5.53000,5,1238.800,56.416,28.575,0.0,Stationary
5.53000,6,373.755,-115.578,28.575,0.0,Stationary
5.53000,7,638.119,146.506,28.575,0.0,Stationary
5.53000,8,65.834,-265.085,28.575,0.0,Stationary
5.53000,9,661.096,596.915,28.575,0.0,Stationary
5.53000,10,-654.332,-449.099,28.575,0.0,Stationary
5.53000,11,821.749,-534.448,28.575,0.0,Stationary
5.53000,12,1205.167,513.830,28.575,0.0,Stationary
5.53000,13,368.069,42.881,28.575,0.0,Stationary
5.53000,14,1110.542,229.418,28.575,0.0,Stationary
5.53000,15,-315.454,-93.603,28.575,0.0,Stationary
5.53500,0,321.319,-64.345,28.575,0.0,Stationary
5.53500,1,-333.913,490.692,28.575,0.0,Stationary
5.53500,2,1220.223,-25.994,28.575,0.0,Stationary
5.53500,3,541.180,582.439,28.575,0.0,Stationary
5.53500,4,-604.676,-498.222,28.575,2.0,Rolling
5.53500,5,1238.800,56.416,28.575,0.0,Stationary
5.53500,6,373.755,-115.578,28.575,0.0,Stationary
5.53500,7,638.119,146.506,28.575,0.0,Stationary
5.53500,8,65.834,-265.085,28.575,0.0,Stationary
5.53500,9,661.096,596.915,28.575,0.0,Stationary
5.53500,10,-654.332,-449.099,28.575,0.0,Stationary
5.53500,11,821.749,-534.448,28.575,0.0,Stationary
5.53500,12,1205.167,513.830,28.575,0.0,Stationary
5.53500,13,368.069,42.881,28.575,0.0,Stationary
5.53500,14,1110.542,229.418,28.575,0.0,Stationary
5.53500,15,-315.454,-93.603,28.575,0.0,Stationary
5.54000,0,321.319,-64.345,28.575,0.0,Stationary
5.54000,1,-333.913,490.692,28.575,0.0,Stationary
5.54000,2,1220.223,-25.994,28.575,0.0,Stationary
5.54000,3,541.180,582.439,28.575,0.0,Stationary
5.54000,4,-604.670,-498.228,28.575,1.6,Rolling
5.54000,5,1238.800,56.416,28.575,0.0,Stationary
5.54000,6,373.755,-115.578,28.575,0.0,Stationary
5.54000,7,638.119,146.506,28.575,0.0,Stationary
5.54000,8,65.834,-265.085,28.575,0.0,Stationary
5.54000,9,661.096,596.915,28.575,0.0,Stationary
5.54000,10,-654.332,-449.099,28.575,0.0,Stationary
5.54000,11,821.749,-534.448,28.575,0.0,Stationary
5.54000,12,1205.167,513.830,28.575,0.0,Stationary
5.54000,13,368.069,42.881,28.575,0.0,Stationary
5.54000,14,1110.542,229.418,28.575,0.0,Stationary
5.54000,15,-315.454,-93.603,28.575,0.0,Stationary
5.54500,0,321.319,-64.345,28.575,0.0,Stationary
5.54500,1,-333.913,490.692,28.575,0.0,Stationary
5.54500,2,1220.223,-25.994,28.575,0.0,Stationary
5.54500,3,541.180,582.439,28.575,0.0,Stationary
5.54500,4,-604.666,-498.233,28.575,1.1,Rolling
5.54500,5,1238.800,56.416,28.575,0.0,Stationary
5.54500,6,373.755,-115.578,28.575,0.0,Stationary
5.54500,7,638.119,146.506,28.575,0.0,Stationary
5.54500,8,65.834,-265.085,28.575,0.0,Stationary
5.54500,9,661.096,596.915,28.575,0.0,Stationary
5.54500,10,-654.332,-449.099,28.575,0.0,Stationary
5.54500,11,821.749,-534.448,28.575,0.0,Stationary
5.54500,12,1205.167,513.830,28.575,0.0,Stationary
5.54500,13,368.069,42.881,28.575,0.0,Stationary
5.54500,14,1110.542,229.418,28.575,0.0,Stationary
5.54500,15,-315.454,-93.603,28.575,0.0,Stationary
5.55000,0,321.319,-64.345,28.575,0.0,Stationary
5.55000,1,-333.913,490.692,28.575,0.0,Stationary
5.55000,2,1220.223,-25.994,28.575,0.0,Stationary
5.55000,3,541.180,582.439,28.575,0.0,Stationary
5.55000,4,-604.663,-498.236,28.575,0.6,Rolling
5.55000,5,1238.800,56.416,28.575,0.0,Stationary
5.55000,6,373.755,-115.578,28.575,0.0,Stationary
5.55000,7,638.119,146.506,28.575,0.0,Stationary
5.55000,8,65.834,-265.085,28.575,0.0,Stationary
5.55000,9,661.096,596.915,28.575,0.0,Stationary
5.55000,10,-654.332,-449.099,28.575,0.0,Stationary
5.55000,11,821.749,-534.448,28.575,0.0,Stationary
5.55000,12,1205.167,513.830,28.575,0.0,Stationary
5.55000,13,368.069,42.881,28.575,0.0,Stationary
5.55000,14,1110.542,229.418,28.575,0.0,Stationary
5.55000,15,-315.454,-93.603,28.575,0.0,Stationary
5.55500,0,321.319,-64.345,28.575,0.0,Stationary
5.55500,1,-333.913,490.692,28.575,0.0,Stationary
5.55500,2,1220.223,-25.994,28.575,0.0,Stationary
5.55500,3,541.180,582.439,28.575,0.0,Stationary
5.55500,4,-604.662,-498.237,28.575,0.1,Rolling
5.55500,5,1238.800,56.416,28.575,0.0,Stationary
5.55500,6,373.755,-115.578,28.575,0.0,Stationary
5.55500,7,638.119,146.506,28.575,0.0,Stationary
5.55500,8,65.834,-265.085,28.575,0.0,Stationary
5.55500,9,661.096,596.915,28.575,0.0,Stationary
5.55500,10,-654.332,-449.099,28.575,0.0,Stationary
5.55500,11,821.749,-534.448,28.575,0.0,Stationary
5.55500,12,1205.167,513.830,28.575,0.0,Stationary
5.55500,13,368.069,42.881,28.575,0.0,Stationary
5.55500,14,1110.542,229.418,28.575,0.0,Stationary
5.55500,15,-315.454,-93.603,28.575,0.0,Stationary
