t,ball,x_mm,y_mm,z_mm,v_mm_s,mode
0.00000,0,-635.000,0.000,28.575,3000.0,Sliding
0.00000,1,635.000,0.000,28.575,0.0,Stationary
0.00500,0,-619.975,0.000,28.575,3009.8,Sliding
0.00500,1,635.000,0.000,28.575,0.0,Stationary
0.01000,0,-604.902,0.000,28.575,3019.6,Sliding
0.01000,1,635.000,0.000,28.575,0.0,Stationary
0.01500,0,-589.779,0.000,28.575,3029.4,Sliding
0.01500,1,635.000,0.000,28.575,0.0,Stationary
0.02000,0,-574.608,0.000,28.575,3039.2,Sliding
0.02000,1,635.000,0.000,28.575,0.0,Stationary
0.02500,0,-559.387,0.000,28.575,3049.0,Sliding
0.02500,1,635.000,0.000,28.575,0.0,Stationary
0.03000,0,-544.117,0.000,28.575,3058.8,Sliding
0.03000,1,635.000,0.000,28.575,0.0,Stationary
0.03500,0,-528.799,0.000,28.575,3068.6,Sliding
0.03500,1,635.000,0.000,28.575,0.0,Stationary
0.04000,0,-513.431,0.000,28.575,3078.5,Sliding
0.04000,1,635.000,0.000,28.575,0.0,Stationary
0.04500,0,-498.014,0.000,28.575,3088.3,Sliding
0.04500,1,635.000,0.000,28.575,0.0,Stationary
0.05000,0,-482.548,0.000,28.575,3098.1,Sliding
0.05000,1,635.000,0.000,28.575,0.0,Stationary
0.05500,0,-467.034,0.000,28.575,3107.1,Rolling
0.05500,1,635.000,0.000,28.575,0.0,Stationary
0.06000,0,-451.499,0.000,28.575,3106.6,Rolling
0.06000,1,635.000,0.000,28.575,0.0,Stationary
0.06500,0,-435.967,0.000,28.575,3106.1,Rolling
0.06500,1,635.000,0.000,28.575,0.0,Stationary
0.07000,0,-420.438,0.000,28.575,3105.6,Rolling
0.07000,1,635.000,0.000,28.575,0.0,Stationary
0.07500,0,-404.911,0.000,28.575,3105.1,Rolling
0.07500,1,635.000,0.000,28.575,0.0,Stationary
0.08000,0,-389.387,0.000,28.575,3104.7,Rolling
0.08000,1,635.000,0.000,28.575,0.0,Stationary
0.08500,0,-373.865,0.000,28.575,3104.2,Rolling
0.08500,1,635.000,0.000,28.575,0.0,Stationary
0.09000,0,-358.345,0.000,28.575,3103.7,Rolling
0.09000,1,635.000,0.000,28.575,0.0,Stationary
0.09500,0,-342.828,0.000,28.575,3103.2,Rolling
0.09500,1,635.000,0.000,28.575,0.0,Stationary
0.10000,0,-327.313,0.000,28.575,3102.7,Rolling
0.10000,1,635.000,0.000,28.575,0.0,Stationary
0.10500,0,-311.801,0.000,28.575,3102.2,Rolling
0.10500,1,635.000,0.000,28.575,0.0,Stationary
0.11000,0,-296.291,0.000,28.575,3101.7,Rolling
0.11000,1,635.000,0.000,28.575,0.0,Stationary
0.11500,0,-280.784,0.000,28.575,3101.2,Rolling
0.11500,1,635.000,0.000,28.575,0.0,Stationary
0.12000,0,-265.279,0.000,28.575,3100.7,Rolling
0.12000,1,635.000,0.000,28.575,0.0,Stationary
0.12500,0,-249.776,0.000,28.575,3100.2,Rolling
0.12500,1,635.000,0.000,28.575,0.0,Stationary
0.13000,0,-234.276,0.000,28.575,3099.8,Rolling
0.13000,1,635.000,0.000,28.575,0.0,Stationary
0.13500,0,-218.779,0.000,28.575,3099.3,Rolling
0.13500,1,635.000,0.000,28.575,0.0,Stationary
0.14000,0,-203.284,0.000,28.575,3098.8,Rolling
0.14000,1,635.000,0.000,28.575,0.0,Stationary
0.14500,0,-187.791,0.000,28.575,3098.3,Rolling
0.14500,1,635.000,0.000,28.575,0.0,Stationary
0.15000,0,-172.301,0.000,28.575,3097.8,Rolling
0.15000,1,635.000,0.000,28.575,0.0,Stationary
0.15500,0,-156.813,0.000,28.575,3097.3,Rolling
0.15500,1,635.000,0.000,28.575,0.0,Stationary
0.16000,0,-141.328,0.000,28.575,3096.8,Rolling
0.16000,1,635.000,0.000,28.575,0.0,Stationary
0.16500,0,-125.845,0.000,28.575,3096.3,Rolling
0.16500,1,635.000,0.000,28.575,0.0,Stationary
0.17000,0,-110.365,0.000,28.575,3095.8,Rolling
0.17000,1,635.000,0.000,28.575,0.0,Stationary
0.17500,0,-94.887,0.000,28.575,3095.3,Rolling
0.17500,1,635.000,0.000,28.575,0.0,Stationary
0.18000,0,-79.411,0.000,28.575,3094.8,Rolling
0.18000,1,635.000,0.000,28.575,0.0,Stationary
0.18500,0,-63.938,0.000,28.575,3094.4,Rolling
0.18500,1,635.000,0.000,28.575,0.0,Stationary
0.19000,0,-48.468,0.000,28.575,3093.9,Rolling
0.19000,1,635.000,0.000,28.575,0.0,Stationary
0.19500,0,-33.000,0.000,28.575,3093.4,Rolling
0.19500,1,635.000,0.000,28.575,0.0,Stationary
0.20000,0,-17.534,0.000,28.575,3092.9,Rolling
0.20000,1,635.000,0.000,28.575,0.0,Stationary
0.20500,0,-2.071,0.000,28.575,3092.4,Rolling
0.20500,1,635.000,0.000,28.575,0.0,Stationary
0.21000,0,13.390,0.000,28.575,3091.9,Rolling
0.21000,1,635.000,0.000,28.575,0.0,Stationary
0.21500,0,28.848,0.000,28.575,3091.4,Rolling
0.21500,1,635.000,0.000,28.575,0.0,Stationary
0.22000,0,44.304,0.000,28.575,3090.9,Rolling
0.22000,1,635.000,0.000,28.575,0.0,Stationary
0.22500,0,59.757,0.000,28.575,3090.4,Rolling
0.22500,1,635.000,0.000,28.575,0.0,Stationary
0.23000,0,75.208,0.000,28.575,3089.9,Rolling
0.23000,1,635.000,0.000,28.575,0.0,Stationary
0.23500,0,90.657,0.000,28.575,3089.5,Rolling
0.23500,1,635.000,0.000,28.575,0.0,Stationary
0.24000,0,106.103,0.000,28.575,3089.0,Rolling
0.24000,1,635.000,0.000,28.575,0.0,Stationary
0.24500,0,121.546,0.000,28.575,3088.5,Rolling
0.24500,1,635.000,0.000,28.575,0.0,Stationary
0.25000,0,136.988,0.000,28.575,3088.0,Rolling
0.25000,1,635.000,0.000,28.575,0.0,Stationary
0.25500,0,152.426,0.000,28.575,3087.5,Rolling
0.25500,1,635.000,0.000,28.575,0.0,Stationary
0.26000,0,167.863,0.000,28.575,3087.0,Rolling
0.26000,1,635.000,0.000,28.575,0.0,Stationary
0.26500,0,183.296,0.000,28.575,3086.5,Rolling
0.26500,1,635.000,0.000,28.575,0.0,Stationary
0.27000,0,198.728,0.000,28.575,3086.0,Rolling
0.27000,1,635.000,0.000,28.575,0.0,Stationary
0.27500,0,214.157,0.000,28.575,3085.5,Rolling
0.27500,1,635.000,0.000,28.575,0.0,Stationary
0.28000,0,229.583,0.000,28.575,3085.0,Rolling
0.28000,1,635.000,0.000,28.575,0.0,Stationary
0.28500,0,245.007,0.000,28.575,3084.6,Rolling
0.28500,1,635.000,0.000,28.575,0.0,Stationary
0.29000,0,260.428,0.000,28.575,3084.1,Rolling
0.29000,1,635.000,0.000,28.575,0.0,Stationary
0.29500,0,275.848,0.000,28.575,3083.6,Rolling
0.29500,1,635.000,0.000,28.575,0.0,Stationary
0.30000,0,291.264,0.000,28.575,3083.1,Rolling
0.30000,1,635.000,0.000,28.575,0.0,Stationary
0.30500,0,306.678,0.000,28.575,3082.6,Rolling
0.30500,1,635.000,0.000,28.575,0.0,Stationary
0.31000,0,322.090,0.000,28.575,3082.1,Rolling
0.31000,1,635.000,0.000,28.575,0.0,Stationary
0.31500,0,337.499,0.000,28.575,3081.6,Rolling
0.31500,1,635.000,0.000,28.575,0.0,Stationary
0.32000,0,352.906,0.000,28.575,3081.1,Rolling
0.32000,1,635.000,0.000,28.575,0.0,Stationary
0.32500,0,368.311,0.000,28.575,3080.6,Rolling
0.32500,1,635.000,0.000,28.575,0.0,Stationary
0.33000,0,383.712,0.000,28.575,3080.1,Rolling
0.33000,1,635.000,0.000,28.575,0.0,Stationary
0.33500,0,399.112,0.000,28.575,3079.6,Rolling
0.33500,1,635.000,0.000,28.575,0.0,Stationary
0.34000,0,414.509,0.000,28.575,3079.2,Rolling
0.34000,1,635.000,0.000,28.575,0.0,Stationary
0.34500,0,429.904,0.000,28.575,3078.7,Rolling
0.34500,1,635.000,0.000,28.575,0.0,Stationary
0.35000,0,445.296,0.000,28.575,3078.2,Rolling
0.35000,1,635.000,0.000,28.575,0.0,Stationary
0.35500,0,460.685,0.000,28.575,3077.7,Rolling
0.35500,1,635.000,0.000,28.575,0.0,Stationary
0.36000,0,476.072,0.000,28.575,3077.2,Rolling
0.36000,1,635.000,0.000,28.575,0.0,Stationary
0.36500,0,491.457,0.000,28.575,3076.7,Rolling
0.36500,1,635.000,0.000,28.575,0.0,Stationary
0.37000,0,506.840,0.000,28.575,3076.2,Rolling
0.37000,1,635.000,0.000,28.575,0.0,Stationary
0.37500,0,522.219,0.000,28.575,3075.7,Rolling
0.37500,1,635.000,0.000,28.575,0.0,Stationary
0.38000,0,537.597,0.000,28.575,3075.2,Rolling
0.38000,1,635.000,0.000,28.575,0.0,Stationary
0.38500,0,552.972,0.000,28.575,3074.7,Rolling
0.38500,1,635.000,0.000,28.575,0.0,Stationary
0.39000,0,568.344,0.000,28.575,3074.3,Rolling
0.39000,1,635.000,0.000,28.575,0.0,Stationary
0.39500,0,577.997,0.000,28.636,80.1,Airborne
0.39500,1,640.718,0.000,28.604,2997.1,Airborne
0.40000,0,578.381,0.000,28.626,81.3,Airborne
0.40000,1,655.703,0.000,28.586,2997.1,Airborne
0.40500,0,578.765,0.000,28.602,77.4,Airborne
0.40500,1,670.689,0.000,28.575,2997.1,Airborne
0.41000,0,579.149,0.000,28.578,77.0,Airborne
0.41000,1,685.656,0.000,28.575,2988.7,Sliding
0.41500,0,579.534,0.000,28.575,78.6,Sliding
0.41500,1,700.575,0.000,28.575,2978.9,Sliding
0.42000,0,579.952,0.000,28.575,88.4,Sliding
0.42000,1,715.445,0.000,28.575,2969.1,Sliding
0.42500,0,580.418,0.000,28.575,98.2,Sliding
0.42500,1,730.266,0.000,28.575,2959.3,Sliding
0.43000,0,580.934,0.000,28.575,108.0,Sliding
0.43000,1,745.038,0.000,28.575,2949.5,Sliding
0.43500,0,581.498,0.000,28.575,117.8,Sliding
0.43500,1,759.761,0.000,28.575,2939.7,Sliding
0.44000,0,582.112,0.000,28.575,127.6,Sliding
0.44000,1,774.434,0.000,28.575,2929.8,Sliding
0.44500,0,582.774,0.000,28.575,137.4,Sliding
0.44500,1,789.059,0.000,28.575,2920.0,Sliding
0.45000,0,583.486,0.000,28.575,147.2,Sliding
0.45000,1,803.635,0.000,28.575,2910.2,Sliding
0.45500,0,584.246,0.000,28.575,157.0,Sliding
0.45500,1,818.161,0.000,28.575,2900.4,Sliding
0.46000,0,585.056,0.000,28.575,166.8,Sliding
0.46000,1,832.639,0.000,28.575,2890.6,Sliding
0.46500,0,585.915,0.000,28.575,176.6,Sliding
0.46500,1,847.068,0.000,28.575,2880.8,Sliding
0.47000,0,586.822,0.000,28.575,186.4,Sliding
0.47000,1,861.447,0.000,28.575,2871.0,Sliding
0.47500,0,587.779,0.000,28.575,196.3,Sliding
0.47500,1,875.778,0.000,28.575,2861.2,Sliding
0.48000,0,588.785,0.000,28.575,206.1,Sliding
0.48000,1,890.059,0.000,28.575,2851.4,Sliding
0.48500,0,589.840,0.000,28.575,215.9,Sliding
0.48500,1,904.292,0.000,28.575,2841.6,Sliding
0.49000,0,590.944,0.000,28.575,225.7,Sliding
0.49000,1,918.475,0.000,28.575,2831.8,Sliding
0.49500,0,592.096,0.000,28.575,235.5,Sliding
0.49500,1,932.609,0.000,28.575,2822.0,Sliding
0.50000,0,593.298,0.000,28.575,245.3,Sliding
0.50000,1,946.695,0.000,28.575,2812.2,Sliding
0.50500,0,594.549,0.000,28.575,255.1,Sliding
0.50500,1,960.731,0.000,28.575,2802.4,Sliding
0.51000,0,595.849,0.000,28.575,264.9,Sliding
0.51000,1,974.718,0.000,28.575,2792.6,Sliding
0.51500,0,597.198,0.000,28.575,274.7,Sliding
0.51500,1,988.657,0.000,28.575,2782.7,Sliding
0.52000,0,598.596,0.000,28.575,284.5,Sliding
0.52000,1,1002.546,0.000,28.575,2772.9,Sliding
0.52500,0,600.043,0.000,28.575,294.3,Sliding
0.52500,1,1016.386,0.000,28.575,2763.1,Sliding
0.53000,0,601.540,0.000,28.575,304.1,Sliding
0.53000,1,1030.177,0.000,28.575,2753.3,Sliding
0.53500,0,603.085,0.000,28.575,313.9,Sliding
0.53500,1,1043.919,0.000,28.575,2743.5,Sliding
0.54000,0,604.679,0.000,28.575,323.7,Sliding
0.54000,1,1057.612,0.000,28.575,2733.7,Sliding
0.54500,0,606.322,0.000,28.575,333.5,Sliding
0.54500,1,1071.256,0.000,28.575,2723.9,Sliding
0.55000,0,608.014,0.000,28.575,343.4,Sliding
0.55000,1,1084.851,0.000,28.575,2714.1,Sliding
0.55500,0,609.756,0.000,28.575,353.2,Sliding
0.55500,1,1098.397,0.000,28.575,2704.3,Sliding
0.56000,0,611.546,0.000,28.575,363.0,Sliding
0.56000,1,1111.894,0.000,28.575,2694.5,Sliding
0.56500,0,613.385,0.000,28.575,372.8,Sliding
0.56500,1,1125.342,0.000,28.575,2684.7,Sliding
0.57000,0,615.274,0.000,28.575,382.6,Sliding
0.57000,1,1138.741,0.000,28.575,2674.9,Sliding
0.57500,0,617.211,0.000,28.575,392.4,Sliding
0.57500,1,1152.091,0.000,28.575,2665.1,Sliding
0.58000,0,619.198,0.000,28.575,402.2,Sliding
0.58000,1,1165.392,0.000,28.575,2655.3,Sliding
0.58500,0,621.233,0.000,28.575,412.0,Sliding
0.58500,1,1178.644,0.000,28.575,2645.5,Sliding
0.59000,0,623.318,0.000,28.575,421.8,Sliding
0.59000,1,1191.846,0.000,28.575,2635.6,Sliding
0.59500,0,625.451,0.000,28.575,431.6,Sliding
0.59500,1,1205.000,0.000,28.575,2625.8,Sliding
0.60000,0,627.634,0.000,28.575,441.4,Sliding
0.60000,1,1218.105,0.000,28.575,2616.0,Sliding
0.60500,0,629.865,0.000,28.575,451.2,Sliding
0.60500,1,1231.160,0.000,28.575,2606.2,Sliding
0.61000,0,632.146,0.000,28.575,461.0,Sliding
0.61000,1,1239.368,0.000,28.704,1952.4,Airborne
0.61500,0,634.476,0.000,28.575,470.8,Sliding
0.61500,1,1229.623,0.000,29.168,1950.1,Airborne
0.62000,0,636.854,0.000,28.575,480.6,Sliding
0.62000,1,1219.879,0.000,29.387,1949.0,Airborne
0.62500,0,639.282,0.000,28.575,490.5,Sliding
0.62500,1,1210.135,0.000,29.360,1949.1,Airborne
0.63000,0,641.759,0.000,28.575,500.3,Sliding
0.63000,1,1200.390,0.000,29.089,1950.5,Airborne
0.63500,0,644.285,0.000,28.575,510.1,Sliding
0.63500,1,1190.646,0.000,28.577,1950.4,Airborne
0.64000,0,646.860,0.000,28.575,519.9,Sliding
0.64000,1,1180.902,0.000,28.836,1949.1,Airborne
0.64500,0,649.483,0.000,28.575,529.7,Sliding
0.64500,1,1171.157,0.000,28.850,1949.0,Airborne
0.65000,0,652.156,0.000,28.575,539.5,Sliding
0.65000,1,1161.413,0.000,28.619,1950.2,Airborne
0.65500,0,654.878,0.000,28.575,549.3,Sliding
0.65500,1,1151.669,0.000,28.682,1948.9,Airborne
0.66000,0,657.649,0.000,28.575,559.1,Sliding
0.66000,1,1141.924,0.000,28.576,1949.1,Airborne
0.66500,0,660.469,0.000,28.575,568.9,Sliding
0.66500,1,1132.180,0.000,28.589,1949.0,Airborne
0.67000,0,663.338,0.000,28.575,578.7,Sliding
0.67000,1,1122.436,0.000,28.580,1948.9,Airborne
0.67500,0,666.256,0.000,28.575,588.5,Sliding
0.67500,1,1112.692,0.000,28.575,1946.9,Sliding
0.68000,0,669.223,0.000,28.575,598.3,Sliding
0.68000,1,1102.982,0.000,28.575,1937.1,Sliding
0.68500,0,672.240,0.000,28.575,608.1,Sliding
0.68500,1,1093.321,0.000,28.575,1927.3,Sliding
0.69000,0,675.305,0.000,28.575,617.9,Sliding
0.69000,1,1083.709,0.000,28.575,1917.5,Sliding
0.69500,0,678.419,0.000,28.575,627.7,Sliding
0.69500,1,1074.146,0.000,28.575,1907.7,Sliding
0.70000,0,681.582,0.000,28.575,637.6,Sliding
0.70000,1,1064.632,0.000,28.575,1897.9,Sliding
0.70500,0,684.795,0.000,28.575,647.4,Sliding
0.70500,1,1055.166,0.000,28.575,1888.1,Sliding
0.71000,0,688.056,0.000,28.575,657.2,Sliding
0.71000,1,1045.750,0.000,28.575,1878.3,Sliding
0.71500,0,691.366,0.000,28.575,667.0,Sliding
0.71500,1,1036.384,0.000,28.575,1868.5,Sliding
0.72000,0,694.726,0.000,28.575,676.8,Sliding
0.72000,1,1027.066,0.000,28.575,1858.7,Sliding
0.72500,0,698.134,0.000,28.575,686.6,Sliding
0.72500,1,1017.797,0.000,28.575,1848.9,Sliding
0.73000,0,701.591,0.000,28.575,696.4,Sliding
0.73000,1,1008.577,0.000,28.575,1839.1,Sliding
0.73500,0,705.098,0.000,28.575,706.2,Sliding
0.73500,1,999.406,0.000,28.575,1829.3,Sliding
0.74000,0,708.653,0.000,28.575,716.0,Sliding
0.74000,1,990.284,0.000,28.575,1819.5,Sliding
0.74500,0,712.258,0.000,28.575,725.8,Sliding
0.74500,1,981.211,0.000,28.575,1809.6,Sliding
0.75000,0,715.912,0.000,28.575,735.6,Sliding
0.75000,1,972.188,0.000,28.575,1799.8,Sliding
0.75500,0,719.614,0.000,28.575,745.4,Sliding
0.75500,1,963.213,0.000,28.575,1790.0,Sliding
0.76000,0,723.366,0.000,28.575,755.2,Sliding
0.76000,1,954.287,0.000,28.575,1780.2,Sliding
0.76500,0,727.166,0.000,28.575,765.0,Sliding
0.76500,1,945.411,0.000,28.575,1770.4,Sliding
0.77000,0,731.016,0.000,28.575,774.8,Sliding
0.77000,1,936.583,0.000,28.575,1760.6,Sliding
0.77500,0,734.915,0.000,28.575,784.7,Sliding
0.77500,1,927.805,0.000,28.575,1750.8,Sliding
0.78000,0,738.863,0.000,28.575,794.5,Sliding
0.78000,1,919.075,0.000,28.575,1741.0,Sliding
0.78500,0,742.860,0.000,28.575,804.3,Sliding
0.78500,1,910.395,0.000,28.575,1731.2,Sliding
0.79000,0,746.905,0.000,28.575,814.1,Sliding
0.79000,1,901.763,0.000,28.575,1721.4,Sliding
0.79500,0,751.000,0.000,28.575,823.9,Sliding
0.79500,1,893.181,0.000,28.575,1711.6,Sliding
0.80000,0,755.144,0.000,28.575,833.7,Sliding
0.80000,1,884.647,0.000,28.575,1701.8,Sliding
0.80500,0,759.337,0.000,28.575,843.5,Sliding
0.80500,1,876.163,0.000,28.575,1692.0,Sliding
0.81000,0,763.579,0.000,28.575,853.3,Sliding
0.81000,1,867.728,0.000,28.575,1682.2,Sliding
0.81500,0,767.870,0.000,28.575,863.1,Sliding
0.81500,1,859.341,0.000,28.575,1672.4,Sliding
0.82000,0,772.210,0.000,28.575,872.9,Sliding
0.82000,1,851.004,0.000,28.575,1662.5,Sliding
0.82500,0,776.599,0.000,28.575,882.7,Sliding
0.82500,1,842.716,0.000,28.575,1652.7,Sliding
0.83000,0,777.417,0.000,28.722,1585.2,Airborne
0.83000,1,838.092,0.000,28.659,827.8,Airborne
0.83500,0,769.505,0.000,29.068,1583.0,Airborne
0.83500,1,842.224,0.000,28.789,826.3,Airborne
0.84000,0,761.593,0.000,29.168,1582.4,Airborne
0.84000,1,846.355,0.000,28.673,827.6,Airborne
0.84500,0,753.681,0.000,29.023,1583.3,Airborne
0.84500,1,850.486,0.000,28.650,826.3,Airborne
0.85000,0,745.769,0.000,28.633,1585.7,Airborne
0.85000,1,854.618,0.000,28.582,826.5,Airborne
0.85500,0,737.857,0.000,28.766,1582.6,Airborne
0.85500,1,858.749,0.000,28.581,826.3,Airborne
0.86000,0,729.945,0.000,28.749,1582.7,Airborne
0.86000,1,862.881,0.000,28.575,826.3,Airborne
0.86500,0,722.033,0.000,28.616,1582.6,Airborne
0.86500,1,867.000,0.000,28.575,819.5,Sliding
0.87000,0,714.120,0.000,28.626,1582.6,Airborne
0.87000,1,871.073,0.000,28.575,809.7,Sliding
0.87500,0,706.208,0.000,28.598,1582.4,Airborne
0.87500,1,875.097,0.000,28.575,799.9,Sliding
0.88000,0,698.296,0.000,28.578,1582.4,Airborne
0.88000,1,879.072,0.000,28.575,790.1,Sliding
0.88500,0,690.386,0.000,28.575,1579.6,Sliding
0.88500,1,882.998,0.000,28.575,780.3,Sliding
0.89000,0,682.513,0.000,28.575,1569.8,Sliding
0.89000,1,886.875,0.000,28.575,770.5,Sliding
0.89500,0,674.688,0.000,28.575,1560.0,Sliding
0.89500,1,890.703,0.000,28.575,760.7,Sliding
0.90000,0,666.913,0.000,28.575,1550.2,Sliding
0.90000,1,894.482,0.000,28.575,750.9,Sliding
0.90500,0,659.186,0.000,28.575,1540.4,Sliding
0.90500,1,898.212,0.000,28.575,741.1,Sliding
0.91000,0,651.509,0.000,28.575,1530.6,Sliding
0.91000,1,901.892,0.000,28.575,731.2,Sliding
0.91500,0,643.881,0.000,28.575,1520.8,Sliding
0.91500,1,905.524,0.000,28.575,721.4,Sliding
0.92000,0,636.301,0.000,28.575,1511.0,Sliding
0.92000,1,909.107,0.000,28.575,711.6,Sliding
0.92500,0,628.771,0.000,28.575,1501.2,Sliding
0.92500,1,912.640,0.000,28.575,701.8,Sliding
0.93000,0,621.290,0.000,28.575,1491.3,Sliding
0.93000,1,916.125,0.000,28.575,692.0,Sliding
0.93500,0,613.857,0.000,28.575,1481.5,Sliding
0.93500,1,919.561,0.000,28.575,682.2,Sliding
0.94000,0,606.474,0.000,28.575,1471.7,Sliding
0.94000,1,922.947,0.000,28.575,672.4,Sliding
0.94500,0,599.140,0.000,28.575,1461.9,Sliding
0.94500,1,926.285,0.000,28.575,662.6,Sliding
0.95000,0,591.855,0.000,28.575,1452.1,Sliding
0.95000,1,929.573,0.000,28.575,652.8,Sliding
0.95500,0,584.619,0.000,28.575,1442.3,Sliding
0.95500,1,932.813,0.000,28.575,643.0,Sliding
0.96000,0,577.432,0.000,28.575,1432.5,Sliding
0.96000,1,936.003,0.000,28.575,633.2,Sliding
0.96500,0,570.294,0.000,28.575,1422.7,Sliding
0.96500,1,939.145,0.000,28.575,623.4,Sliding
0.97000,0,563.205,0.000,28.575,1412.9,Sliding
0.97000,1,942.237,0.000,28.575,613.6,Sliding
0.97500,0,556.165,0.000,28.575,1403.1,Sliding
0.97500,1,945.280,0.000,28.575,603.8,Sliding
0.98000,0,549.174,0.000,28.575,1393.3,Sliding
0.98000,1,948.274,0.000,28.575,594.0,Sliding
0.98500,0,542.232,0.000,28.575,1383.5,Sliding
0.98500,1,951.220,0.000,28.575,584.1,Sliding
0.99000,0,535.339,0.000,28.575,1373.7,Sliding
0.99000,1,954.116,0.000,28.575,574.3,Sliding
0.99500,0,528.495,0.000,28.575,1363.9,Sliding
0.99500,1,956.963,0.000,28.575,564.5,Sliding
1.00000,0,521.701,0.000,28.575,1354.1,Sliding
1.00000,1,959.761,0.000,28.575,554.7,Sliding
1.00500,0,514.955,0.000,28.575,1344.2,Sliding
1.00500,1,962.510,0.000,28.575,544.9,Sliding
1.01000,0,508.258,0.000,28.575,1334.4,Sliding
1.01000,1,965.211,0.000,28.575,535.1,Sliding
1.01500,0,501.610,0.000,28.575,1324.6,Sliding
1.01500,1,967.862,0.000,28.575,525.3,Sliding
1.02000,0,495.012,0.000,28.575,1314.8,Sliding
1.02000,1,970.464,0.000,28.575,515.5,Sliding
1.02500,0,488.462,0.000,28.575,1305.0,Sliding
1.02500,1,973.017,0.000,28.575,505.7,Sliding
1.03000,0,481.962,0.000,28.575,1295.2,Sliding
1.03000,1,975.521,0.000,28.575,495.9,Sliding
1.03500,0,475.510,0.000,28.575,1285.4,Sliding
1.03500,1,977.976,0.000,28.575,486.1,Sliding
1.04000,0,469.108,0.000,28.575,1275.6,Sliding
1.04000,1,980.381,0.000,28.575,476.3,Sliding
1.04500,0,462.754,0.000,28.575,1265.8,Sliding
1.04500,1,982.738,0.000,28.575,466.5,Sliding
1.05000,0,456.450,0.000,28.575,1256.0,Sliding
1.05000,1,985.050,0.000,28.575,460.5,Rolling
1.05500,0,450.194,0.000,28.575,1246.2,Sliding
1.05500,1,987.352,0.000,28.575,460.0,Rolling
1.06000,0,443.988,0.000,28.575,1236.4,Sliding
1.06000,1,989.650,0.000,28.575,459.5,Rolling
1.06500,0,437.830,0.000,28.575,1226.6,Sliding
1.06500,1,991.947,0.000,28.575,459.0,Rolling
1.07000,0,431.722,0.000,28.575,1216.8,Sliding
1.07000,1,994.241,0.000,28.575,458.6,Rolling
1.07500,0,425.663,0.000,28.575,1207.0,Sliding
1.07500,1,996.533,0.000,28.575,458.1,Rolling
1.08000,0,419.653,0.000,28.575,1197.1,Sliding
1.08000,1,998.822,0.000,28.575,457.6,Rolling
1.08500,0,413.691,0.000,28.575,1187.3,Sliding
1.08500,1,1001.108,0.000,28.575,457.1,Rolling
1.09000,0,407.779,0.000,28.575,1177.5,Sliding
1.09000,1,1003.393,0.000,28.575,456.6,Rolling
1.09500,0,401.916,0.000,28.575,1167.7,Sliding
1.09500,1,1005.674,0.000,28.575,456.1,Rolling
1.10000,0,396.102,0.000,28.575,1157.9,Sliding
1.10000,1,1007.954,0.000,28.575,455.6,Rolling
1.10500,0,390.337,0.000,28.575,1148.1,Sliding
1.10500,1,1010.230,0.000,28.575,455.1,Rolling
1.11000,0,384.621,0.000,28.575,1138.3,Sliding
1.11000,1,1012.505,0.000,28.575,454.6,Rolling
1.11500,0,378.954,0.000,28.575,1128.5,Sliding
1.11500,1,1014.777,0.000,28.575,454.1,Rolling
1.12000,0,373.336,0.000,28.575,1118.7,Sliding
1.12000,1,1017.046,0.000,28.575,453.7,Rolling
1.12500,0,367.767,0.000,28.575,1108.9,Sliding
1.12500,1,1019.313,0.000,28.575,453.2,Rolling
1.13000,0,362.247,0.000,28.575,1099.1,Sliding
1.13000,1,1021.578,0.000,28.575,452.7,Rolling
1.13500,0,356.776,0.000,28.575,1089.3,Sliding
1.13500,1,1023.840,0.000,28.575,452.2,Rolling
1.14000,0,351.354,0.000,28.575,1079.5,Sliding
1.14000,1,1026.100,0.000,28.575,451.7,Rolling
1.14500,0,345.981,0.000,28.575,1069.7,Sliding
1.14500,1,1028.357,0.000,28.575,451.2,Rolling
1.15000,0,340.657,0.000,28.575,1059.9,Sliding
1.15000,1,1030.612,0.000,28.575,450.7,Rolling
1.15500,0,335.383,0.000,28.575,1050.0,Sliding
1.15500,1,1032.864,0.000,28.575,450.2,Rolling
1.16000,0,330.157,0.000,28.575,1040.2,Sliding
1.16000,1,1035.114,0.000,28.575,449.7,Rolling
1.16500,0,324.980,0.000,28.575,1030.4,Sliding
1.16500,1,1037.362,0.000,28.575,449.2,Rolling
1.17000,0,319.853,0.000,28.575,1020.6,Sliding
1.17000,1,1039.607,0.000,28.575,448.8,Rolling
1.17500,0,314.774,0.000,28.575,1010.8,Sliding
1.17500,1,1041.849,0.000,28.575,448.3,Rolling
1.18000,0,309.744,0.000,28.575,1001.0,Sliding
1.18000,1,1044.089,0.000,28.575,447.8,Rolling
1.18500,0,304.764,0.000,28.575,991.2,Sliding
1.18500,1,1046.327,0.000,28.575,447.3,Rolling
1.19000,0,299.832,0.000,28.575,981.4,Sliding
1.19000,1,1048.562,0.000,28.575,446.8,Rolling
1.19500,0,294.950,0.000,28.575,971.6,Sliding
1.19500,1,1050.795,0.000,28.575,446.3,Rolling
1.20000,0,290.116,0.000,28.575,961.8,Sliding
1.20000,1,1053.025,0.000,28.575,445.8,Rolling
1.20500,0,285.332,0.000,28.575,952.0,Sliding
1.20500,1,1055.253,0.000,28.575,445.3,Rolling
1.21000,0,280.597,0.000,28.575,942.2,Sliding
1.21000,1,1057.478,0.000,28.575,444.8,Rolling
1.21500,0,275.899,0.000,28.575,938.8,Rolling
1.21500,1,1059.701,0.000,28.575,444.3,Rolling
1.22000,0,271.206,0.000,28.575,938.3,Rolling
1.22000,1,1061.922,0.000,28.575,443.8,Rolling
1.22500,0,266.516,0.000,28.575,937.8,Rolling
1.22500,1,1064.140,0.000,28.575,443.4,Rolling
1.23000,0,261.828,0.000,28.575,937.3,Rolling
1.23000,1,1066.355,0.000,28.575,442.9,Rolling
1.23500,0,257.142,0.000,28.575,936.9,Rolling
1.23500,1,1068.568,0.000,28.575,442.4,Rolling
1.24000,0,252.459,0.000,28.575,936.4,Rolling
1.24000,1,1070.779,0.000,28.575,441.9,Rolling
1.24500,0,247.779,0.000,28.575,935.9,Rolling
1.24500,1,1072.987,0.000,28.575,441.4,Rolling
1.25000,0,243.100,0.000,28.575,935.4,Rolling
1.25000,1,1075.193,0.000,28.575,440.9,Rolling
1.25500,0,238.425,0.000,28.575,934.9,Rolling
1.25500,1,1077.396,0.000,28.575,440.4,Rolling
1.26000,0,233.752,0.000,28.575,934.4,Rolling
1.26000,1,1079.597,0.000,28.575,439.9,Rolling
1.26500,0,229.081,0.000,28.575,933.9,Rolling
1.26500,1,1081.795,0.000,28.575,439.4,Rolling
1.27000,0,224.412,0.000,28.575,933.4,Rolling
1.27000,1,1083.991,0.000,28.575,438.9,Rolling
1.27500,0,219.747,0.000,28.575,932.9,Rolling
1.27500,1,1086.185,0.000,28.575,438.5,Rolling
1.28000,0,215.083,0.000,28.575,932.4,Rolling
1.28000,1,1088.376,0.000,28.575,438.0,Rolling
1.28500,0,210.422,0.000,28.575,932.0,Rolling
1.28500,1,1090.565,0.000,28.575,437.5,Rolling
1.29000,0,205.764,0.000,28.575,931.5,Rolling
1.29000,1,1092.751,0.000,28.575,437.0,Rolling
1.29500,0,201.107,0.000,28.575,931.0,Rolling
1.29500,1,1094.934,0.000,28.575,436.5,Rolling
1.30000,0,196.454,0.000,28.575,930.5,Rolling
1.30000,1,1097.116,0.000,28.575,436.0,Rolling
1.30500,0,191.803,0.000,28.575,930.0,Rolling
1.30500,1,1099.294,0.000,28.575,435.5,Rolling
1.31000,0,187.154,0.000,28.575,929.5,Rolling
1.31000,1,1101.471,0.000,28.575,435.0,Rolling
1.31500,0,182.508,0.000,28.575,929.0,Rolling
1.31500,1,1103.645,0.000,28.575,434.5,Rolling
1.32000,0,177.864,0.000,28.575,928.5,Rolling
1.32000,1,1105.816,0.000,28.575,434.0,Rolling
1.32500,0,173.222,0.000,28.575,928.0,Rolling
1.32500,1,1107.985,0.000,28.575,433.6,Rolling
1.33000,0,168.583,0.000,28.575,927.5,Rolling
1.33000,1,1110.152,0.000,28.575,433.1,Rolling
1.33500,0,163.947,0.000,28.575,927.0,Rolling
1.33500,1,1112.316,0.000,28.575,432.6,Rolling
1.34000,0,159.313,0.000,28.575,926.6,Rolling
1.34000,1,1114.477,0.000,28.575,432.1,Rolling
1.34500,0,154.681,0.000,28.575,926.1,Rolling
1.34500,1,1116.637,0.000,28.575,431.6,Rolling
1.35000,0,150.052,0.000,28.575,925.6,Rolling
1.35000,1,1118.793,0.000,28.575,431.1,Rolling
1.35500,0,145.426,0.000,28.575,925.1,Rolling
1.35500,1,1120.948,0.000,28.575,430.6,Rolling
1.36000,0,140.801,0.000,28.575,924.6,Rolling
1.36000,1,1123.099,0.000,28.575,430.1,Rolling
1.36500,0,136.180,0.000,28.575,924.1,Rolling
1.36500,1,1125.249,0.000,28.575,429.6,Rolling
1.37000,0,131.560,0.000,28.575,923.6,Rolling
1.37000,1,1127.396,0.000,28.575,429.1,Rolling
1.37500,0,126.943,0.000,28.575,923.1,Rolling
1.37500,1,1129.540,0.000,28.575,428.6,Rolling
1.38000,0,122.329,0.000,28.575,922.6,Rolling
1.38000,1,1131.682,0.000,28.575,428.2,Rolling
1.38500,0,117.717,0.000,28.575,922.1,Rolling
1.38500,1,1133.822,0.000,28.575,427.7,Rolling
1.39000,0,113.108,0.000,28.575,921.7,Rolling
1.39000,1,1135.959,0.000,28.575,427.2,Rolling
1.39500,0,108.501,0.000,28.575,921.2,Rolling
1.39500,1,1138.093,0.000,28.575,426.7,Rolling
1.40000,0,103.896,0.000,28.575,920.7,Rolling
1.40000,1,1140.226,0.000,28.575,426.2,Rolling
1.40500,0,99.294,0.000,28.575,920.2,Rolling
1.40500,1,1142.355,0.000,28.575,425.7,Rolling
1.41000,0,94.694,0.000,28.575,919.7,Rolling
1.41000,1,1144.483,0.000,28.575,425.2,Rolling
1.41500,0,90.097,0.000,28.575,919.2,Rolling
1.41500,1,1146.608,0.000,28.575,424.7,Rolling
1.42000,0,85.502,0.000,28.575,918.7,Rolling
1.42000,1,1148.730,0.000,28.575,424.2,Rolling
1.42500,0,80.910,0.000,28.575,918.2,Rolling
1.42500,1,1150.850,0.000,28.575,423.7,Rolling
1.43000,0,76.320,0.000,28.575,917.7,Rolling
1.43000,1,1152.967,0.000,28.575,423.3,Rolling
1.43500,0,71.732,0.000,28.575,917.2,Rolling
1.43500,1,1155.083,0.000,28.575,422.8,Rolling
1.44000,0,67.147,0.000,28.575,916.8,Rolling
1.44000,1,1157.195,0.000,28.575,422.3,Rolling
1.44500,0,62.565,0.000,28.575,916.3,Rolling
1.44500,1,1159.305,0.000,28.575,421.8,Rolling
1.45000,0,57.985,0.000,28.575,915.8,Rolling
1.45000,1,1161.413,0.000,28.575,421.3,Rolling
1.45500,0,53.407,0.000,28.575,915.3,Rolling
1.45500,1,1163.518,0.000,28.575,420.8,Rolling
1.46000,0,48.832,0.000,28.575,914.8,Rolling
1.46000,1,1165.621,0.000,28.575,420.3,Rolling
1.46500,0,44.259,0.000,28.575,914.3,Rolling
1.46500,1,1167.721,0.000,28.575,419.8,Rolling
1.47000,0,39.689,0.000,28.575,913.8,Rolling
1.47000,1,1169.819,0.000,28.575,419.3,Rolling
1.47500,0,35.121,0.000,28.575,913.3,Rolling
1.47500,1,1171.915,0.000,28.575,418.8,Rolling
1.48000,0,30.556,0.000,28.575,912.8,Rolling
1.48000,1,1174.008,0.000,28.575,418.4,Rolling
1.48500,0,25.993,0.000,28.575,912.3,Rolling
1.48500,1,1176.098,0.000,28.575,417.9,Rolling
1.49000,0,21.432,0.000,28.575,911.8,Rolling
1.49000,1,1178.186,0.000,28.575,417.4,Rolling
1.49500,0,16.874,0.000,28.575,911.4,Rolling
1.49500,1,1180.272,0.000,28.575,416.9,Rolling
1.50000,0,12.319,0.000,28.575,910.9,Rolling
1.50000,1,1182.355,0.000,28.575,416.4,Rolling
1.50500,0,7.766,0.000,28.575,910.4,Rolling
1.50500,1,1184.436,0.000,28.575,415.9,Rolling
1.51000,0,3.215,0.000,28.575,909.9,Rolling
1.51000,1,1186.514,0.000,28.575,415.4,Rolling
1.51500,0,-1.333,0.000,28.575,909.4,Rolling
1.51500,1,1188.590,0.000,28.575,414.9,Rolling
1.52000,0,-5.879,0.000,28.575,908.9,Rolling
1.52000,1,1190.663,0.000,28.575,414.4,Rolling
1.52500,0,-10.422,0.000,28.575,908.4,Rolling
1.52500,1,1192.734,0.000,28.575,413.9,Rolling
1.53000,0,-14.963,0.000,28.575,907.9,Rolling
1.53000,1,1194.803,0.000,28.575,413.4,Rolling
1.53500,0,-19.502,0.000,28.575,907.4,Rolling
1.53500,1,1196.869,0.000,28.575,413.0,Rolling
1.54000,0,-24.038,0.000,28.575,906.9,Rolling
1.54000,1,1198.932,0.000,28.575,412.5,Rolling
1.54500,0,-28.571,0.000,28.575,906.5,Rolling
1.54500,1,1200.993,0.000,28.575,412.0,Rolling
1.55000,0,-33.102,0.000,28.575,906.0,Rolling
1.55000,1,1203.052,0.000,28.575,411.5,Rolling
1.55500,0,-37.631,0.000,28.575,905.5,Rolling
1.55500,1,1205.108,0.000,28.575,411.0,Rolling
1.56000,0,-42.157,0.000,28.575,905.0,Rolling
1.56000,1,1207.162,0.000,28.575,410.5,Rolling
1.56500,0,-46.681,0.000,28.575,904.5,Rolling
1.56500,1,1209.213,0.000,28.575,410.0,Rolling
1.57000,0,-51.202,0.000,28.575,904.0,Rolling
1.57000,1,1211.262,0.000,28.575,409.5,Rolling
1.57500,0,-55.721,0.000,28.575,903.5,Rolling
1.57500,1,1213.309,0.000,28.575,409.0,Rolling
1.58000,0,-60.237,0.000,28.575,903.0,Rolling
1.58000,1,1215.352,0.000,28.575,408.5,Rolling
1.58500,0,-64.751,0.000,28.575,902.5,Rolling
1.58500,1,1217.394,0.000,28.575,408.1,Rolling
1.59000,0,-69.262,0.000,28.575,902.0,Rolling
1.59000,1,1219.433,0.000,28.575,407.6,Rolling
1.59500,0,-73.771,0.000,28.575,901.6,Rolling
1.59500,1,1221.470,0.000,28.575,407.1,Rolling
1.60000,0,-78.278,0.000,28.575,901.1,Rolling
1.60000,1,1223.504,0.000,28.575,406.6,Rolling
1.60500,0,-82.782,0.000,28.575,900.6,Rolling
1.60500,1,1225.535,0.000,28.575,406.1,Rolling
1.61000,0,-87.284,0.000,28.575,900.1,Rolling
1.61000,1,1227.565,0.000,28.575,405.6,Rolling
1.61500,0,-91.783,0.000,28.575,899.6,Rolling
1.61500,1,1229.591,0.000,28.575,405.1,Rolling
1.62000,0,-96.279,0.000,28.575,899.1,Rolling
1.62000,1,1231.616,0.000,28.575,404.6,Rolling
1.62500,0,-100.774,0.000,28.575,898.6,Rolling
1.62500,1,1233.638,0.000,28.575,404.1,Rolling
1.63000,0,-105.266,0.000,28.575,898.1,Rolling
1.63000,1,1235.657,0.000,28.575,403.6,Rolling
1.63500,0,-109.755,0.000,28.575,897.6,Rolling
1.63500,1,1237.674,0.000,28.575,403.2,Rolling
1.64000,0,-114.242,0.000,28.575,897.1,Rolling
1.64000,1,1239.689,0.000,28.575,402.7,Rolling
1.64500,0,-118.726,0.000,28.575,896.6,Rolling
1.64500,1,1241.218,0.000,28.612,305.9,Airborne
1.65000,0,-123.208,0.000,28.575,896.2,Rolling
1.65000,1,1239.710,0.000,28.743,301.7,Airborne
1.65500,0,-127.688,0.000,28.575,895.7,Rolling
1.65500,1,1238.201,0.000,28.629,305.4,Airborne
1.66000,0,-132.165,0.000,28.575,895.2,Rolling
1.66000,1,1236.693,0.000,28.635,301.7,Airborne
1.66500,0,-136.640,0.000,28.575,894.7,Rolling
1.66500,1,1235.185,0.000,28.597,301.7,Airborne
1.67000,0,-141.112,0.000,28.575,894.2,Rolling
1.67000,1,1233.676,0.000,28.576,301.7,Airborne
1.67500,0,-145.582,0.000,28.575,893.7,Rolling
1.67500,1,1232.170,0.000,28.575,299.0,Sliding
1.68000,0,-150.049,0.000,28.575,893.2,Rolling
1.68000,1,1230.699,0.000,28.575,289.1,Sliding
1.68500,0,-154.514,0.000,28.575,892.7,Rolling
1.68500,1,1229.278,0.000,28.575,279.3,Sliding
1.69000,0,-158.976,0.000,28.575,892.2,Rolling
1.69000,1,1227.906,0.000,28.575,269.5,Sliding
1.69500,0,-163.436,0.000,28.575,891.7,Rolling
1.69500,1,1226.583,0.000,28.575,259.7,Sliding
1.70000,0,-167.894,0.000,28.575,891.3,Rolling
1.70000,1,1225.309,0.000,28.575,249.9,Sliding
1.70500,0,-172.349,0.000,28.575,890.8,Rolling
1.70500,1,1224.084,0.000,28.575,240.1,Sliding
1.71000,0,-176.801,0.000,28.575,890.3,Rolling
1.71000,1,1222.908,0.000,28.575,230.3,Sliding
1.71500,0,-181.252,0.000,28.575,889.8,Rolling
1.71500,1,1221.781,0.000,28.575,220.5,Sliding
1.72000,0,-185.699,0.000,28.575,889.3,Rolling
1.72000,1,1220.703,0.000,28.575,210.7,Sliding
1.72500,0,-190.144,0.000,28.575,888.8,Rolling
1.72500,1,1219.674,0.000,28.575,200.9,Sliding
1.73000,0,-194.587,0.000,28.575,888.3,Rolling
1.73000,1,1218.694,0.000,28.575,191.1,Sliding
1.73500,0,-199.028,0.000,28.575,887.8,Rolling
1.73500,1,1217.763,0.000,28.575,181.3,Sliding
1.74000,0,-203.466,0.000,28.575,887.3,Rolling
1.74000,1,1216.881,0.000,28.575,171.5,Sliding
1.74500,0,-207.901,0.000,28.575,886.8,Rolling
1.74500,1,1216.048,0.000,28.575,161.7,Sliding
1.75000,0,-212.334,0.000,28.575,886.4,Rolling
1.75000,1,1215.264,0.000,28.575,151.9,Sliding
1.75500,0,-216.764,0.000,28.575,885.9,Rolling
1.75500,1,1214.529,0.000,28.575,142.1,Sliding
1.76000,0,-221.193,0.000,28.575,885.4,Rolling
1.76000,1,1213.823,0.000,28.575,141.1,Rolling
1.76500,0,-225.618,0.000,28.575,884.9,Rolling
1.76500,1,1213.118,0.000,28.575,140.6,Rolling
1.77000,0,-230.041,0.000,28.575,884.4,Rolling
1.77000,1,1212.416,0.000,28.575,140.2,Rolling
1.77500,0,-234.462,0.000,28.575,883.9,Rolling
1.77500,1,1211.716,0.000,28.575,139.7,Rolling
1.78000,0,-238.880,0.000,28.575,883.4,Rolling
1.78000,1,1211.019,0.000,28.575,139.2,Rolling
1.78500,0,-243.296,0.000,28.575,882.9,Rolling
1.78500,1,1210.325,0.000,28.575,138.7,Rolling
1.79000,0,-247.710,0.000,28.575,882.4,Rolling
1.79000,1,1209.633,0.000,28.575,138.2,Rolling
1.79500,0,-252.121,0.000,28.575,881.9,Rolling
1.79500,1,1208.943,0.000,28.575,137.7,Rolling
1.80000,0,-256.529,0.000,28.575,881.4,Rolling
1.80000,1,1208.256,0.000,28.575,137.2,Rolling
1.80500,0,-260.935,0.000,28.575,881.0,Rolling
1.80500,1,1207.571,0.000,28.575,136.7,Rolling
1.81000,0,-265.339,0.000,28.575,880.5,Rolling
1.81000,1,1206.888,0.000,28.575,136.2,Rolling
1.81500,0,-269.740,0.000,28.575,880.0,Rolling
1.81500,1,1206.208,0.000,28.575,135.7,Rolling
1.82000,0,-274.138,0.000,28.575,879.5,Rolling
1.82000,1,1205.531,0.000,28.575,135.3,Rolling
1.82500,0,-278.535,0.000,28.575,879.0,Rolling
1.82500,1,1204.856,0.000,28.575,134.8,Rolling
1.83000,0,-282.928,0.000,28.575,878.5,Rolling
1.83000,1,1204.183,0.000,28.575,134.3,Rolling
1.83500,0,-287.320,0.000,28.575,878.0,Rolling
1.83500,1,1203.513,0.000,28.575,133.8,Rolling
1.84000,0,-291.708,0.000,28.575,877.5,Rolling
1.84000,1,1202.845,0.000,28.575,133.3,Rolling
1.84500,0,-296.095,0.000,28.575,877.0,Rolling
1.84500,1,1202.180,0.000,28.575,132.8,Rolling
1.85000,0,-300.479,0.000,28.575,876.5,Rolling
1.85000,1,1201.517,0.000,28.575,132.3,Rolling
1.85500,0,-304.860,0.000,28.575,876.1,Rolling
1.85500,1,1200.857,0.000,28.575,131.8,Rolling
1.86000,0,-309.239,0.000,28.575,875.6,Rolling
1.86000,1,1200.199,0.000,28.575,131.3,Rolling
1.86500,0,-313.616,0.000,28.575,875.1,Rolling
1.86500,1,1199.544,0.000,28.575,130.8,Rolling
1.87000,0,-317.990,0.000,28.575,874.6,Rolling
1.87000,1,1198.891,0.000,28.575,130.3,Rolling
1.87500,0,-322.362,0.000,28.575,874.1,Rolling
1.87500,1,1198.240,0.000,28.575,129.9,Rolling
1.88000,0,-326.731,0.000,28.575,873.6,Rolling
1.88000,1,1197.592,0.000,28.575,129.4,Rolling
1.88500,0,-331.098,0.000,28.575,873.1,Rolling
1.88500,1,1196.947,0.000,28.575,128.9,Rolling
1.89000,0,-335.462,0.000,28.575,872.6,Rolling
1.89000,1,1196.303,0.000,28.575,128.4,Rolling
1.89500,0,-339.824,0.000,28.575,872.1,Rolling
1.89500,1,1195.663,0.000,28.575,127.9,Rolling
1.90000,0,-344.184,0.000,28.575,871.6,Rolling
1.90000,1,1195.025,0.000,28.575,127.4,Rolling
1.90500,0,-348.541,0.000,28.575,871.2,Rolling
1.90500,1,1194.389,0.000,28.575,126.9,Rolling
1.91000,0,-352.895,0.000,28.575,870.7,Rolling
1.91000,1,1193.755,0.000,28.575,126.4,Rolling
1.91500,0,-357.247,0.000,28.575,870.2,Rolling
1.91500,1,1193.124,0.000,28.575,125.9,Rolling
1.92000,0,-361.597,0.000,28.575,869.7,Rolling
1.92000,1,1192.496,0.000,28.575,125.4,Rolling
1.92500,0,-365.944,0.000,28.575,869.2,Rolling
1.92500,1,1191.870,0.000,28.575,125.0,Rolling
1.93000,0,-370.289,0.000,28.575,868.7,Rolling
1.93000,1,1191.246,0.000,28.575,124.5,Rolling
1.93500,0,-374.631,0.000,28.575,868.2,Rolling
1.93500,1,1190.625,0.000,28.575,124.0,Rolling
1.94000,0,-378.971,0.000,28.575,867.7,Rolling
1.94000,1,1190.007,0.000,28.575,123.5,Rolling
1.94500,0,-383.308,0.000,28.575,867.2,Rolling
1.94500,1,1189.390,0.000,28.575,123.0,Rolling
1.95000,0,-387.643,0.000,28.575,866.7,Rolling
1.95000,1,1188.777,0.000,28.575,122.5,Rolling
1.95500,0,-391.976,0.000,28.575,866.2,Rolling
1.95500,1,1188.165,0.000,28.575,122.0,Rolling
1.96000,0,-396.306,0.000,28.575,865.8,Rolling
1.96000,1,1187.557,0.000,28.575,121.5,Rolling
1.96500,0,-400.633,0.000,28.575,865.3,Rolling
1.96500,1,1186.950,0.000,28.575,121.0,Rolling
1.97000,0,-404.958,0.000,28.575,864.8,Rolling
1.97000,1,1186.346,0.000,28.575,120.5,Rolling
1.97500,0,-409.281,0.000,28.575,864.3,Rolling
1.97500,1,1185.745,0.000,28.575,120.1,Rolling
1.98000,0,-413.601,0.000,28.575,863.8,Rolling
1.98000,1,1185.146,0.000,28.575,119.6,Rolling
1.98500,0,-417.919,0.000,28.575,863.3,Rolling
1.98500,1,1184.549,0.000,28.575,119.1,Rolling
1.99000,0,-422.234,0.000,28.575,862.8,Rolling
1.99000,1,1183.955,0.000,28.575,118.6,Rolling
1.99500,0,-426.547,0.000,28.575,862.3,Rolling
1.99500,1,1183.363,0.000,28.575,118.1,Rolling
2.00000,0,-430.857,0.000,28.575,861.8,Rolling
2.00000,1,1182.774,0.000,28.575,117.6,Rolling
2.00500,0,-435.165,0.000,28.575,861.3,Rolling
2.00500,1,1182.187,0.000,28.575,117.1,Rolling
2.01000,0,-439.471,0.000,28.575,860.9,Rolling
2.01000,1,1181.603,0.000,28.575,116.6,Rolling
2.01500,0,-443.774,0.000,28.575,860.4,Rolling
2.01500,1,1181.021,0.000,28.575,116.1,Rolling
2.02000,0,-448.075,0.000,28.575,859.9,Rolling
2.02000,1,1180.442,0.000,28.575,115.6,Rolling
2.02500,0,-452.373,0.000,28.575,859.4,Rolling
2.02500,1,1179.865,0.000,28.575,115.1,Rolling
2.03000,0,-456.668,0.000,28.575,858.9,Rolling
2.03000,1,1179.290,0.000,28.575,114.7,Rolling
2.03500,0,-460.962,0.000,28.575,858.4,Rolling
2.03500,1,1178.718,0.000,28.575,114.2,Rolling
2.04000,0,-465.252,0.000,28.575,857.9,Rolling
2.04000,1,1178.149,0.000,28.575,113.7,Rolling
2.04500,0,-469.541,0.000,28.575,857.4,Rolling
2.04500,1,1177.581,0.000,28.575,113.2,Rolling
2.05000,0,-473.827,0.000,28.575,856.9,Rolling
2.05000,1,1177.017,0.000,28.575,112.7,Rolling
2.05500,0,-478.110,0.000,28.575,856.4,Rolling
2.05500,1,1176.454,0.000,28.575,112.2,Rolling
2.06000,0,-482.391,0.000,28.575,856.0,Rolling
2.06000,1,1175.895,0.000,28.575,111.7,Rolling
2.06500,0,-486.670,0.000,28.575,855.5,Rolling
2.06500,1,1175.337,0.000,28.575,111.2,Rolling
2.07000,0,-490.946,0.000,28.575,855.0,Rolling
2.07000,1,1174.782,0.000,28.575,110.7,Rolling
2.07500,0,-495.219,0.000,28.575,854.5,Rolling
2.07500,1,1174.230,0.000,28.575,110.2,Rolling
2.08000,0,-499.490,0.000,28.575,854.0,Rolling
2.08000,1,1173.680,0.000,28.575,109.8,Rolling
2.08500,0,-503.759,0.000,28.575,853.5,Rolling
2.08500,1,1173.132,0.000,28.575,109.3,Rolling
2.09000,0,-508.025,0.000,28.575,853.0,Rolling
2.09000,1,1172.587,0.000,28.575,108.8,Rolling
2.09500,0,-512.289,0.000,28.575,852.5,Rolling
2.09500,1,1172.045,0.000,28.575,108.3,Rolling
2.10000,0,-516.551,0.000,28.575,852.0,Rolling
2.10000,1,1171.504,0.000,28.575,107.8,Rolling
2.10500,0,-520.810,0.000,28.575,851.5,Rolling
2.10500,1,1170.967,0.000,28.575,107.3,Rolling
2.11000,0,-525.066,0.000,28.575,851.0,Rolling
2.11000,1,1170.431,0.000,28.575,106.8,Rolling
2.11500,0,-529.320,0.000,28.575,850.6,Rolling
2.11500,1,1169.899,0.000,28.575,106.3,Rolling
2.12000,0,-533.572,0.000,28.575,850.1,Rolling
2.12000,1,1169.368,0.000,28.575,105.8,Rolling
2.12500,0,-537.821,0.000,28.575,849.6,Rolling
2.12500,1,1168.840,0.000,28.575,105.3,Rolling
2.13000,0,-542.067,0.000,28.575,849.1,Rolling
2.13000,1,1168.315,0.000,28.575,104.9,Rolling
2.13500,0,-546.312,0.000,28.575,848.6,Rolling
2.13500,1,1167.792,0.000,28.575,104.4,Rolling
2.14000,0,-550.553,0.000,28.575,848.1,Rolling
2.14000,1,1167.271,0.000,28.575,103.9,Rolling
2.14500,0,-554.793,0.000,28.575,847.6,Rolling
2.14500,1,1166.753,0.000,28.575,103.4,Rolling
2.15000,0,-559.030,0.000,28.575,847.1,Rolling
2.15000,1,1166.237,0.000,28.575,102.9,Rolling
2.15500,0,-563.264,0.000,28.575,846.6,Rolling
2.15500,1,1165.724,0.000,28.575,102.4,Rolling
2.16000,0,-567.496,0.000,28.575,846.1,Rolling
2.16000,1,1165.213,0.000,28.575,101.9,Rolling
2.16500,0,-571.725,0.000,28.575,845.7,Rolling
2.16500,1,1164.705,0.000,28.575,101.4,Rolling
2.17000,0,-575.952,0.000,28.575,845.2,Rolling
2.17000,1,1164.199,0.000,28.575,100.9,Rolling
2.17500,0,-580.177,0.000,28.575,844.7,Rolling
2.17500,1,1163.696,0.000,28.575,100.4,Rolling
2.18000,0,-584.399,0.000,28.575,844.2,Rolling
2.18000,1,1163.195,0.000,28.575,99.9,Rolling
2.18500,0,-588.619,0.000,28.575,843.7,Rolling
2.18500,1,1162.696,0.000,28.575,99.5,Rolling
2.19000,0,-592.836,0.000,28.575,843.2,Rolling
2.19000,1,1162.200,0.000,28.575,99.0,Rolling
2.19500,0,-597.051,0.000,28.575,842.7,Rolling
2.19500,1,1161.707,0.000,28.575,98.5,Rolling
2.20000,0,-601.263,0.000,28.575,842.2,Rolling
2.20000,1,1161.215,0.000,28.575,98.0,Rolling
2.20500,0,-605.473,0.000,28.575,841.7,Rolling
2.20500,1,1160.727,0.000,28.575,97.5,Rolling
2.21000,0,-609.681,0.000,28.575,841.2,Rolling
2.21000,1,1160.240,0.000,28.575,97.0,Rolling
2.21500,0,-613.886,0.000,28.575,840.8,Rolling
2.21500,1,1159.757,0.000,28.575,96.5,Rolling
2.22000,0,-618.088,0.000,28.575,840.3,Rolling
2.22000,1,1159.275,0.000,28.575,96.0,Rolling
2.22500,0,-622.288,0.000,28.575,839.8,Rolling
2.22500,1,1158.796,0.000,28.575,95.5,Rolling
2.23000,0,-626.486,0.000,28.575,839.3,Rolling
2.23000,1,1158.320,0.000,28.575,95.0,Rolling
2.23500,0,-630.681,0.000,28.575,838.8,Rolling
2.23500,1,1157.846,0.000,28.575,94.6,Rolling
2.24000,0,-634.874,0.000,28.575,838.3,Rolling
2.24000,1,1157.374,0.000,28.575,94.1,Rolling
2.24500,0,-639.064,0.000,28.575,837.8,Rolling
2.24500,1,1156.905,0.000,28.575,93.6,Rolling
2.25000,0,-643.252,0.000,28.575,837.3,Rolling
2.25000,1,1156.439,0.000,28.575,93.1,Rolling
2.25500,0,-647.437,0.000,28.575,836.8,Rolling
2.25500,1,1155.974,0.000,28.575,92.6,Rolling
2.26000,0,-651.620,0.000,28.575,836.3,Rolling
2.26000,1,1155.513,0.000,28.575,92.1,Rolling
2.26500,0,-655.801,0.000,28.575,835.8,Rolling
2.26500,1,1155.053,0.000,28.575,91.6,Rolling
2.27000,0,-659.979,0.000,28.575,835.4,Rolling
2.27000,1,1154.597,0.000,28.575,91.1,Rolling
2.27500,0,-664.154,0.000,28.575,834.9,Rolling
2.27500,1,1154.142,0.000,28.575,90.6,Rolling
2.28000,0,-668.327,0.000,28.575,834.4,Rolling
2.28000,1,1153.690,0.000,28.575,90.1,Rolling
2.28500,0,-672.498,0.000,28.575,833.9,Rolling
2.28500,1,1153.241,0.000,28.575,89.7,Rolling
2.29000,0,-676.666,0.000,28.575,833.4,Rolling
2.29000,1,1152.794,0.000,28.575,89.2,Rolling
2.29500,0,-680.832,0.000,28.575,832.9,Rolling
2.29500,1,1152.349,0.000,28.575,88.7,Rolling
2.30000,0,-684.995,0.000,28.575,832.4,Rolling
2.30000,1,1151.907,0.000,28.575,88.2,Rolling
2.30500,0,-689.156,0.000,28.575,831.9,Rolling
2.30500,1,1151.467,0.000,28.575,87.7,Rolling
2.31000,0,-693.314,0.000,28.575,831.4,Rolling
2.31000,1,1151.030,0.000,28.575,87.2,Rolling
2.31500,0,-697.470,0.000,28.575,830.9,Rolling
2.31500,1,1150.595,0.000,28.575,86.7,Rolling
2.32000,0,-701.624,0.000,28.575,830.5,Rolling
2.32000,1,1150.163,0.000,28.575,86.2,Rolling
2.32500,0,-705.775,0.000,28.575,830.0,Rolling
2.32500,1,1149.733,0.000,28.575,85.7,Rolling
2.33000,0,-709.923,0.000,28.575,829.5,Rolling
2.33000,1,1149.306,0.000,28.575,85.2,Rolling
2.33500,0,-714.070,0.000,28.575,829.0,Rolling
2.33500,1,1148.881,0.000,28.575,84.7,Rolling
2.34000,0,-718.213,0.000,28.575,828.5,Rolling
2.34000,1,1148.458,0.000,28.575,84.3,Rolling
2.34500,0,-722.355,0.000,28.575,828.0,Rolling
2.34500,1,1148.038,0.000,28.575,83.8,Rolling
2.35000,0,-726.493,0.000,28.575,827.5,Rolling
2.35000,1,1147.621,0.000,28.575,83.3,Rolling
2.35500,0,-730.630,0.000,28.575,827.0,Rolling
2.35500,1,1147.206,0.000,28.575,82.8,Rolling
2.36000,0,-734.764,0.000,28.575,826.5,Rolling
2.36000,1,1146.793,0.000,28.575,82.3,Rolling
2.36500,0,-738.895,0.000,28.575,826.0,Rolling
2.36500,1,1146.383,0.000,28.575,81.8,Rolling
2.37000,0,-743.024,0.000,28.575,825.6,Rolling
2.37000,1,1145.975,0.000,28.575,81.3,Rolling
2.37500,0,-747.150,0.000,28.575,825.1,Rolling
2.37500,1,1145.569,0.000,28.575,80.8,Rolling
2.38000,0,-751.275,0.000,28.575,824.6,Rolling
2.38000,1,1145.166,0.000,28.575,80.3,Rolling
2.38500,0,-755.396,0.000,28.575,824.1,Rolling
2.38500,1,1144.766,0.000,28.575,79.8,Rolling
2.39000,0,-759.515,0.000,28.575,823.6,Rolling
2.39000,1,1144.368,0.000,28.575,79.4,Rolling
2.39500,0,-763.632,0.000,28.575,823.1,Rolling
2.39500,1,1143.973,0.000,28.575,78.9,Rolling
2.40000,0,-767.746,0.000,28.575,822.6,Rolling
2.40000,1,1143.579,0.000,28.575,78.4,Rolling
2.40500,0,-771.858,0.000,28.575,822.1,Rolling
2.40500,1,1143.189,0.000,28.575,77.9,Rolling
2.41000,0,-775.968,0.000,28.575,821.6,Rolling
2.41000,1,1142.801,0.000,28.575,77.4,Rolling
2.41500,0,-780.074,0.000,28.575,821.1,Rolling
2.41500,1,1142.415,0.000,28.575,76.9,Rolling
2.42000,0,-784.179,0.000,28.575,820.6,Rolling
2.42000,1,1142.032,0.000,28.575,76.4,Rolling
2.42500,0,-788.281,0.000,28.575,820.2,Rolling
2.42500,1,1141.651,0.000,28.575,75.9,Rolling
2.43000,0,-792.381,0.000,28.575,819.7,Rolling
2.43000,1,1141.272,0.000,28.575,75.4,Rolling
2.43500,0,-796.478,0.000,28.575,819.2,Rolling
2.43500,1,1140.896,0.000,28.575,74.9,Rolling
2.44000,0,-800.572,0.000,28.575,818.7,Rolling
2.44000,1,1140.523,0.000,28.575,74.5,Rolling
2.44500,0,-804.664,0.000,28.575,818.2,Rolling
2.44500,1,1140.152,0.000,28.575,74.0,Rolling
2.45000,0,-808.754,0.000,28.575,817.7,Rolling
2.45000,1,1139.783,0.000,28.575,73.5,Rolling
2.45500,0,-812.842,0.000,28.575,817.2,Rolling
2.45500,1,1139.417,0.000,28.575,73.0,Rolling
2.46000,0,-816.926,0.000,28.575,816.7,Rolling
2.46000,1,1139.054,0.000,28.575,72.5,Rolling
2.46500,0,-821.009,0.000,28.575,816.2,Rolling
2.46500,1,1138.692,0.000,28.575,72.0,Rolling
2.47000,0,-825.089,0.000,28.575,815.7,Rolling
2.47000,1,1138.334,0.000,28.575,71.5,Rolling
2.47500,0,-829.166,0.000,28.575,815.3,Rolling
2.47500,1,1137.977,0.000,28.575,71.0,Rolling
2.48000,0,-833.241,0.000,28.575,814.8,Rolling
2.48000,1,1137.623,0.000,28.575,70.5,Rolling
2.48500,0,-837.314,0.000,28.575,814.3,Rolling
2.48500,1,1137.272,0.000,28.575,70.0,Rolling
2.49000,0,-841.384,0.000,28.575,813.8,Rolling
2.49000,1,1136.923,0.000,28.575,69.5,Rolling
2.49500,0,-845.452,0.000,28.575,813.3,Rolling
2.49500,1,1136.576,0.000,28.575,69.1,Rolling
2.50000,0,-849.517,0.000,28.575,812.8,Rolling
2.50000,1,1136.232,0.000,28.575,68.6,Rolling
2.50500,0,-853.580,0.000,28.575,812.3,Rolling
2.50500,1,1135.891,0.000,28.575,68.1,Rolling
2.51000,0,-857.640,0.000,28.575,811.8,Rolling
2.51000,1,1135.552,0.000,28.575,67.6,Rolling
2.51500,0,-861.698,0.000,28.575,811.3,Rolling
2.51500,1,1135.215,0.000,28.575,67.1,Rolling
2.52000,0,-865.753,0.000,28.575,810.8,Rolling
2.52000,1,1134.881,0.000,28.575,66.6,Rolling
2.52500,0,-869.806,0.000,28.575,810.4,Rolling
2.52500,1,1134.549,0.000,28.575,66.1,Rolling
2.53000,0,-873.857,0.000,28.575,809.9,Rolling
2.53000,1,1134.220,0.000,28.575,65.6,Rolling
2.53500,0,-877.905,0.000,28.575,809.4,Rolling
2.53500,1,1133.893,0.000,28.575,65.1,Rolling
2.54000,0,-881.951,0.000,28.575,808.9,Rolling
2.54000,1,1133.568,0.000,28.575,64.6,Rolling
2.54500,0,-885.994,0.000,28.575,808.4,Rolling
2.54500,1,1133.246,0.000,28.575,64.2,Rolling
2.55000,0,-890.034,0.000,28.575,807.9,Rolling
2.55000,1,1132.927,0.000,28.575,63.7,Rolling
2.55500,0,-894.073,0.000,28.575,807.4,Rolling
2.55500,1,1132.610,0.000,28.575,63.2,Rolling
2.56000,0,-898.109,0.000,28.575,806.9,Rolling
2.56000,1,1132.295,0.000,28.575,62.7,Rolling
2.56500,0,-902.142,0.000,28.575,806.4,Rolling
2.56500,1,1131.983,0.000,28.575,62.2,Rolling
2.57000,0,-906.173,0.000,28.575,805.9,Rolling
2.57000,1,1131.673,0.000,28.575,61.7,Rolling
2.57500,0,-910.201,0.000,28.575,805.4,Rolling
2.57500,1,1131.366,0.000,28.575,61.2,Rolling
2.58000,0,-914.227,0.000,28.575,805.0,Rolling
2.58000,1,1131.061,0.000,28.575,60.7,Rolling
2.58500,0,-918.251,0.000,28.575,804.5,Rolling
2.58500,1,1130.758,0.000,28.575,60.2,Rolling
2.59000,0,-922.272,0.000,28.575,804.0,Rolling
2.59000,1,1130.459,0.000,28.575,59.7,Rolling
2.59500,0,-926.291,0.000,28.575,803.5,Rolling
2.59500,1,1130.161,0.000,28.575,59.3,Rolling
2.60000,0,-930.307,0.000,28.575,803.0,Rolling
2.60000,1,1129.866,0.000,28.575,58.8,Rolling
2.60500,0,-934.321,0.000,28.575,802.5,Rolling
2.60500,1,1129.573,0.000,28.575,58.3,Rolling
2.61000,0,-938.332,0.000,28.575,802.0,Rolling
2.61000,1,1129.283,0.000,28.575,57.8,Rolling
2.61500,0,-942.341,0.000,28.575,801.5,Rolling
2.61500,1,1128.996,0.000,28.575,57.3,Rolling
2.62000,0,-946.347,0.000,28.575,801.0,Rolling
2.62000,1,1128.710,0.000,28.575,56.8,Rolling
2.62500,0,-950.351,0.000,28.575,800.5,Rolling
2.62500,1,1128.428,0.000,28.575,56.3,Rolling
2.63000,0,-954.353,0.000,28.575,800.1,Rolling
2.63000,1,1128.147,0.000,28.575,55.8,Rolling
2.63500,0,-958.352,0.000,28.575,799.6,Rolling
2.63500,1,1127.869,0.000,28.575,55.3,Rolling
2.64000,0,-962.348,0.000,28.575,799.1,Rolling
2.64000,1,1127.594,0.000,28.575,54.8,Rolling
2.64500,0,-966.342,0.000,28.575,798.6,Rolling
2.64500,1,1127.321,0.000,28.575,54.3,Rolling
2.65000,0,-970.334,0.000,28.575,798.1,Rolling
2.65000,1,1127.051,0.000,28.575,53.9,Rolling
2.65500,0,-974.323,0.000,28.575,797.6,Rolling
2.65500,1,1126.783,0.000,28.575,53.4,Rolling
2.66000,0,-978.310,0.000,28.575,797.1,Rolling
2.66000,1,1126.517,0.000,28.575,52.9,Rolling
2.66500,0,-982.294,0.000,28.575,796.6,Rolling
2.66500,1,1126.254,0.000,28.575,52.4,Rolling
2.67000,0,-986.276,0.000,28.575,796.1,Rolling
2.67000,1,1125.993,0.000,28.575,51.9,Rolling
2.67500,0,-990.256,0.000,28.575,795.6,Rolling
2.67500,1,1125.735,0.000,28.575,51.4,Rolling
2.68000,0,-994.233,0.000,28.575,795.2,Rolling
2.68000,1,1125.479,0.000,28.575,50.9,Rolling
2.68500,0,-998.207,0.000,28.575,794.7,Rolling
2.68500,1,1125.226,0.000,28.575,50.4,Rolling
2.69000,0,-1002.179,0.000,28.575,794.2,Rolling
2.69000,1,1124.975,0.000,28.575,49.9,Rolling
2.69500,0,-1006.149,0.000,28.575,793.7,Rolling
2.69500,1,1124.726,0.000,28.575,49.4,Rolling
2.70000,0,-1010.116,0.000,28.575,793.2,Rolling
2.70000,1,1124.480,0.000,28.575,49.0,Rolling
2.70500,0,-1014.081,0.000,28.575,792.7,Rolling
2.70500,1,1124.237,0.000,28.575,48.5,Rolling
2.71000,0,-1018.043,0.000,28.575,792.2,Rolling
2.71000,1,1123.996,0.000,28.575,48.0,Rolling
2.71500,0,-1022.003,0.000,28.575,791.7,Rolling
2.71500,1,1123.757,0.000,28.575,47.5,Rolling
2.72000,0,-1025.960,0.000,28.575,791.2,Rolling
2.72000,1,1123.521,0.000,28.575,47.0,Rolling
2.72500,0,-1029.915,0.000,28.575,790.7,Rolling
2.72500,1,1123.287,0.000,28.575,46.5,Rolling
2.73000,0,-1033.868,0.000,28.575,790.2,Rolling
2.73000,1,1123.056,0.000,28.575,46.0,Rolling
2.73500,0,-1037.818,0.000,28.575,789.8,Rolling
2.73500,1,1122.827,0.000,28.575,45.5,Rolling
2.74000,0,-1041.765,0.000,28.575,789.3,Rolling
2.74000,1,1122.601,0.000,28.575,45.0,Rolling
2.74500,0,-1045.710,0.000,28.575,788.8,Rolling
2.74500,1,1122.377,0.000,28.575,44.5,Rolling
2.75000,0,-1049.653,0.000,28.575,788.3,Rolling
2.75000,1,1122.155,0.000,28.575,44.1,Rolling
2.75500,0,-1053.593,0.000,28.575,787.8,Rolling
2.75500,1,1121.936,0.000,28.575,43.6,Rolling
2.76000,0,-1057.531,0.000,28.575,787.3,Rolling
2.76000,1,1121.720,0.000,28.575,43.1,Rolling
2.76500,0,-1061.466,0.000,28.575,786.8,Rolling
2.76500,1,1121.506,0.000,28.575,42.6,Rolling
2.77000,0,-1065.399,0.000,28.575,786.3,Rolling
2.77000,1,1121.294,0.000,28.575,42.1,Rolling
2.77500,0,-1069.329,0.000,28.575,785.8,Rolling
2.77500,1,1121.085,0.000,28.575,41.6,Rolling
2.78000,0,-1073.257,0.000,28.575,785.3,Rolling
2.78000,1,1120.878,0.000,28.575,41.1,Rolling
2.78500,0,-1077.183,0.000,28.575,784.9,Rolling
2.78500,1,1120.674,0.000,28.575,40.6,Rolling
2.79000,0,-1081.106,0.000,28.575,784.4,Rolling
2.79000,1,1120.472,0.000,28.575,40.1,Rolling
2.79500,0,-1085.027,0.000,28.575,783.9,Rolling
2.79500,1,1120.272,0.000,28.575,39.6,Rolling
2.80000,0,-1088.945,0.000,28.575,783.4,Rolling
2.80000,1,1120.075,0.000,28.575,39.1,Rolling
2.80500,0,-1092.860,0.000,28.575,782.9,Rolling
2.80500,1,1119.881,0.000,28.575,38.7,Rolling
2.81000,0,-1096.774,0.000,28.575,782.4,Rolling
2.81000,1,1119.689,0.000,28.575,38.2,Rolling
2.81500,0,-1100.684,0.000,28.575,781.9,Rolling
2.81500,1,1119.499,0.000,28.575,37.7,Rolling
2.82000,0,-1104.593,0.000,28.575,781.4,Rolling
2.82000,1,1119.312,0.000,28.575,37.2,Rolling
2.82500,0,-1108.499,0.000,28.575,780.9,Rolling
2.82500,1,1119.127,0.000,28.575,36.7,Rolling
2.83000,0,-1112.402,0.000,28.575,780.4,Rolling
2.83000,1,1118.945,0.000,28.575,36.2,Rolling
2.83500,0,-1116.303,0.000,28.575,780.0,Rolling
2.83500,1,1118.765,0.000,28.575,35.7,Rolling
2.84000,0,-1120.202,0.000,28.575,779.5,Rolling
2.84000,1,1118.588,0.000,28.575,35.2,Rolling
2.84500,0,-1124.098,0.000,28.575,779.0,Rolling
2.84500,1,1118.413,0.000,28.575,34.7,Rolling
2.85000,0,-1127.991,0.000,28.575,778.5,Rolling
2.85000,1,1118.241,0.000,28.575,34.2,Rolling
2.85500,0,-1131.882,0.000,28.575,778.0,Rolling
2.85500,1,1118.071,0.000,28.575,33.8,Rolling
2.86000,0,-1135.771,0.000,28.575,777.5,Rolling
2.86000,1,1117.903,0.000,28.575,33.3,Rolling
2.86500,0,-1139.657,0.000,28.575,777.0,Rolling
2.86500,1,1117.738,0.000,28.575,32.8,Rolling
2.87000,0,-1143.541,0.000,28.575,776.5,Rolling
2.87000,1,1117.575,0.000,28.575,32.3,Rolling
2.87500,0,-1147.423,0.000,28.575,776.0,Rolling
2.87500,1,1117.415,0.000,28.575,31.8,Rolling
2.88000,0,-1151.301,0.000,28.575,775.5,Rolling
2.88000,1,1117.257,0.000,28.575,31.3,Rolling
2.88500,0,-1155.178,0.000,28.575,775.0,Rolling
2.88500,1,1117.102,0.000,28.575,30.8,Rolling
2.89000,0,-1159.052,0.000,28.575,774.6,Rolling
2.89000,1,1116.949,0.000,28.575,30.3,Rolling
2.89500,0,-1162.923,0.000,28.575,774.1,Rolling
2.89500,1,1116.799,0.000,28.575,29.8,Rolling
2.90000,0,-1166.793,0.000,28.575,773.6,Rolling
2.90000,1,1116.651,0.000,28.575,29.3,Rolling
2.90500,0,-1170.659,0.000,28.575,773.1,Rolling
2.90500,1,1116.505,0.000,28.575,28.8,Rolling
2.91000,0,-1174.523,0.000,28.575,772.6,Rolling
2.91000,1,1116.362,0.000,28.575,28.4,Rolling
2.91500,0,-1178.385,0.000,28.575,772.1,Rolling
2.91500,1,1116.222,0.000,28.575,27.9,Rolling
2.92000,0,-1182.244,0.000,28.575,771.6,Rolling
2.92000,1,1116.084,0.000,28.575,27.4,Rolling
2.92500,0,-1186.101,0.000,28.575,771.1,Rolling
2.92500,1,1115.948,0.000,28.575,26.9,Rolling
2.93000,0,-1189.956,0.000,28.575,770.6,Rolling
2.93000,1,1115.815,0.000,28.575,26.4,Rolling
2.93500,0,-1193.808,0.000,28.575,770.1,Rolling
2.93500,1,1115.684,0.000,28.575,25.9,Rolling
2.94000,0,-1197.657,0.000,28.575,769.7,Rolling
2.94000,1,1115.556,0.000,28.575,25.4,Rolling
2.94500,0,-1201.504,0.000,28.575,769.2,Rolling
2.94500,1,1115.430,0.000,28.575,24.9,Rolling
2.95000,0,-1205.349,0.000,28.575,768.7,Rolling
2.95000,1,1115.307,0.000,28.575,24.4,Rolling
2.95500,0,-1209.191,0.000,28.575,768.2,Rolling
2.95500,1,1115.186,0.000,28.575,23.9,Rolling
2.96000,0,-1213.031,0.000,28.575,767.7,Rolling
2.96000,1,1115.067,0.000,28.575,23.5,Rolling
2.96500,0,-1216.868,0.000,28.575,767.2,Rolling
2.96500,1,1114.951,0.000,28.575,23.0,Rolling
2.97000,0,-1220.703,0.000,28.575,766.7,Rolling
2.97000,1,1114.837,0.000,28.575,22.5,Rolling
2.97500,0,-1224.535,0.000,28.575,766.2,Rolling
2.97500,1,1114.726,0.000,28.575,22.0,Rolling
2.98000,0,-1228.365,0.000,28.575,765.7,Rolling
2.98000,1,1114.618,0.000,28.575,21.5,Rolling
2.98500,0,-1232.192,0.000,28.575,765.2,Rolling
2.98500,1,1114.511,0.000,28.575,21.0,Rolling
2.99000,0,-1236.017,0.000,28.575,764.7,Rolling
2.99000,1,1114.407,0.000,28.575,20.5,Rolling
2.99500,0,-1239.840,0.000,28.575,764.3,Rolling
2.99500,1,1114.306,0.000,28.575,20.0,Rolling
3.00000,0,-1239.749,0.000,28.852,578.7,Airborne
3.00000,1,1114.207,0.000,28.575,19.5,Rolling
3.00500,0,-1236.883,0.000,29.132,573.9,Airborne
3.00500,1,1114.111,0.000,28.575,19.0,Rolling
3.01000,0,-1234.018,0.000,29.167,573.3,Airborne
3.01000,1,1114.017,0.000,28.575,18.6,Rolling
3.01500,0,-1231.153,0.000,28.956,576.9,Airborne
3.01500,1,1113.925,0.000,28.575,18.1,Rolling
3.02000,0,-1228.288,0.000,28.616,576.1,Airborne
3.02000,1,1113.836,0.000,28.575,17.6,Rolling
3.02500,0,-1225.423,0.000,28.789,573.1,Airborne
3.02500,1,1113.750,0.000,28.575,17.1,Rolling
3.03000,0,-1222.557,0.000,28.716,574.4,Airborne
3.03000,1,1113.665,0.000,28.575,16.6,Rolling
3.03500,0,-1219.692,0.000,28.640,573.3,Airborne
3.03500,1,1113.584,0.000,28.575,16.1,Rolling
3.04000,0,-1216.827,0.000,28.600,574.0,Airborne
3.04000,1,1113.504,0.000,28.575,15.6,Rolling
3.04500,0,-1213.962,0.000,28.586,573.3,Airborne
3.04500,1,1113.428,0.000,28.575,15.1,Rolling
3.05000,0,-1211.096,0.000,28.576,573.1,Airborne
3.05000,1,1113.353,0.000,28.575,14.6,Rolling
3.05500,0,-1208.236,0.000,28.575,568.6,Sliding
3.05500,1,1113.281,0.000,28.575,14.1,Rolling
3.06000,0,-1205.418,0.000,28.575,558.8,Sliding
3.06000,1,1113.212,0.000,28.575,13.6,Rolling
3.06500,0,-1202.649,0.000,28.575,549.0,Sliding
3.06500,1,1113.145,0.000,28.575,13.2,Rolling
3.07000,0,-1199.928,0.000,28.575,539.2,Sliding
3.07000,1,1113.080,0.000,28.575,12.7,Rolling
3.07500,0,-1197.257,0.000,28.575,529.4,Sliding
3.07500,1,1113.018,0.000,28.575,12.2,Rolling
3.08000,0,-1194.635,0.000,28.575,519.5,Sliding
3.08000,1,1112.958,0.000,28.575,11.7,Rolling
3.08500,0,-1192.061,0.000,28.575,509.7,Sliding
3.08500,1,1112.901,0.000,28.575,11.2,Rolling
3.09000,0,-1189.537,0.000,28.575,499.9,Sliding
3.09000,1,1112.846,0.000,28.575,10.7,Rolling
3.09500,0,-1187.062,0.000,28.575,490.1,Sliding
3.09500,1,1112.794,0.000,28.575,10.2,Rolling
3.10000,0,-1184.636,0.000,28.575,480.3,Sliding
3.10000,1,1112.744,0.000,28.575,9.7,Rolling
3.10500,0,-1182.259,0.000,28.575,470.5,Sliding
3.10500,1,1112.697,0.000,28.575,9.2,Rolling
3.11000,0,-1179.931,0.000,28.575,460.7,Sliding
3.11000,1,1112.652,0.000,28.575,8.7,Rolling
3.11500,0,-1177.652,0.000,28.575,450.9,Sliding
3.11500,1,1112.609,0.000,28.575,8.3,Rolling
3.12000,0,-1175.422,0.000,28.575,441.1,Sliding
3.12000,1,1112.569,0.000,28.575,7.8,Rolling
3.12500,0,-1173.241,0.000,28.575,431.3,Sliding
3.12500,1,1112.532,0.000,28.575,7.3,Rolling
3.13000,0,-1171.109,0.000,28.575,421.5,Sliding
3.13000,1,1112.497,0.000,28.575,6.8,Rolling
3.13500,0,-1169.026,0.000,28.575,411.7,Sliding
3.13500,1,1112.464,0.000,28.575,6.3,Rolling
3.14000,0,-1166.992,0.000,28.575,401.9,Sliding
3.14000,1,1112.434,0.000,28.575,5.8,Rolling
3.14500,0,-1165.007,0.000,28.575,392.1,Sliding
3.14500,1,1112.406,0.000,28.575,5.3,Rolling
3.15000,0,-1163.072,0.000,28.575,382.3,Sliding
3.15000,1,1112.380,0.000,28.575,4.8,Rolling
3.15500,0,-1161.185,0.000,28.575,372.4,Sliding
3.15500,1,1112.358,0.000,28.575,4.3,Rolling
3.16000,0,-1159.347,0.000,28.575,362.6,Sliding
3.16000,1,1112.337,0.000,28.575,3.8,Rolling
3.16500,0,-1157.558,0.000,28.575,352.8,Sliding
3.16500,1,1112.319,0.000,28.575,3.4,Rolling
3.17000,0,-1155.819,0.000,28.575,343.0,Sliding
3.17000,1,1112.304,0.000,28.575,2.9,Rolling
3.17500,0,-1154.128,0.000,28.575,333.2,Sliding
3.17500,1,1112.290,0.000,28.575,2.4,Rolling
3.18000,0,-1152.486,0.000,28.575,323.4,Sliding
3.18000,1,1112.280,0.000,28.575,1.9,Rolling
3.18500,0,-1150.894,0.000,28.575,313.6,Sliding
3.18500,1,1112.272,0.000,28.575,1.4,Rolling
3.19000,0,-1149.350,0.000,28.575,303.8,Sliding
3.19000,1,1112.266,0.000,28.575,0.9,Rolling
3.19500,0,-1147.856,0.000,28.575,294.0,Sliding
3.19500,1,1112.263,0.000,28.575,0.4,Rolling
3.20000,0,-1146.410,0.000,28.575,284.2,Sliding
3.20000,1,1112.262,0.000,28.575,0.0,Stationary
3.20500,0,-1145.014,0.000,28.575,274.4,Sliding
3.20500,1,1112.262,0.000,28.575,0.0,Stationary
3.21000,0,-1143.662,0.000,28.575,268.8,Rolling
3.21000,1,1112.262,0.000,28.575,0.0,Stationary
3.21500,0,-1142.319,0.000,28.575,268.3,Rolling
3.21500,1,1112.262,0.000,28.575,0.0,Stationary
3.22000,0,-1140.979,0.000,28.575,267.8,Rolling
3.22000,1,1112.262,0.000,28.575,0.0,Stationary
3.22500,0,-1139.642,0.000,28.575,267.3,Rolling
3.22500,1,1112.262,0.000,28.575,0.0,Stationary
3.23000,0,-1138.306,0.000,28.575,266.8,Rolling
3.23000,1,1112.262,0.000,28.575,0.0,Stationary
3.23500,0,-1136.974,0.000,28.575,266.3,Rolling
3.23500,1,1112.262,0.000,28.575,0.0,Stationary
3.24000,0,-1135.643,0.000,28.575,265.8,Rolling
3.24000,1,1112.262,0.000,28.575,0.0,Stationary
3.24500,0,-1134.315,0.000,28.575,265.3,Rolling
3.24500,1,1112.262,0.000,28.575,0.0,Stationary
3.25000,0,-1132.990,0.000,28.575,264.8,Rolling
3.25000,1,1112.262,0.000,28.575,0.0,Stationary
3.25500,0,-1131.667,0.000,28.575,264.3,Rolling
3.25500,1,1112.262,0.000,28.575,0.0,Stationary
3.26000,0,-1130.347,0.000,28.575,263.9,Rolling
3.26000,1,1112.262,0.000,28.575,0.0,Stationary
3.26500,0,-1129.029,0.000,28.575,263.4,Rolling
3.26500,1,1112.262,0.000,28.575,0.0,Stationary
3.27000,0,-1127.713,0.000,28.575,262.9,Rolling
3.27000,1,1112.262,0.000,28.575,0.0,Stationary
3.27500,0,-1126.400,0.000,28.575,262.4,Rolling
3.27500,1,1112.262,0.000,28.575,0.0,Stationary
3.28000,0,-1125.089,0.000,28.575,261.9,Rolling
3.28000,1,1112.262,0.000,28.575,0.0,Stationary
3.28500,0,-1123.781,0.000,28.575,261.4,Rolling
3.28500,1,1112.262,0.000,28.575,0.0,Stationary
3.29000,0,-1122.475,0.000,28.575,260.9,Rolling
3.29000,1,1112.262,0.000,28.575,0.0,Stationary
3.29500,0,-1121.172,0.000,28.575,260.4,Rolling
3.29500,1,1112.262,0.000,28.575,0.0,Stationary
3.30000,0,-1119.871,0.000,28.575,259.9,Rolling
3.30000,1,1112.262,0.000,28.575,0.0,Stationary
3.30500,0,-1118.572,0.000,28.575,259.4,Rolling
3.30500,1,1112.262,0.000,28.575,0.0,Stationary
3.31000,0,-1117.276,0.000,28.575,259.0,Rolling
3.31000,1,1112.262,0.000,28.575,0.0,Stationary
3.31500,0,-1115.983,0.000,28.575,258.5,Rolling
3.31500,1,1112.262,0.000,28.575,0.0,Stationary
3.32000,0,-1114.692,0.000,28.575,258.0,Rolling
3.32000,1,1112.262,0.000,28.575,0.0,Stationary
3.32500,0,-1113.403,0.000,28.575,257.5,Rolling
3.32500,1,1112.262,0.000,28.575,0.0,Stationary
3.33000,0,-1112.117,0.000,28.575,257.0,Rolling
3.33000,1,1112.262,0.000,28.575,0.0,Stationary
3.33500,0,-1110.833,0.000,28.575,256.5,Rolling
3.33500,1,1112.262,0.000,28.575,0.0,Stationary
3.34000,0,-1109.552,0.000,28.575,256.0,Rolling
3.34000,1,1112.262,0.000,28.575,0.0,Stationary
3.34500,0,-1108.273,0.000,28.575,255.5,Rolling
3.34500,1,1112.262,0.000,28.575,0.0,Stationary
3.35000,0,-1106.997,0.000,28.575,255.0,Rolling
3.35000,1,1112.262,0.000,28.575,0.0,Stationary
3.35500,0,-1105.723,0.000,28.575,254.5,Rolling
3.35500,1,1112.262,0.000,28.575,0.0,Stationary
3.36000,0,-1104.451,0.000,28.575,254.0,Rolling
3.36000,1,1112.262,0.000,28.575,0.0,Stationary
3.36500,0,-1103.182,0.000,28.575,253.6,Rolling
3.36500,1,1112.262,0.000,28.575,0.0,Stationary
3.37000,0,-1101.916,0.000,28.575,253.1,Rolling
3.37000,1,1112.262,0.000,28.575,0.0,Stationary
3.37500,0,-1100.652,0.000,28.575,252.6,Rolling
3.37500,1,1112.262,0.000,28.575,0.0,Stationary
3.38000,0,-1099.390,0.000,28.575,252.1,Rolling
3.38000,1,1112.262,0.000,28.575,0.0,Stationary
3.38500,0,-1098.131,0.000,28.575,251.6,Rolling
3.38500,1,1112.262,0.000,28.575,0.0,Stationary
3.39000,0,-1096.874,0.000,28.575,251.1,Rolling
3.39000,1,1112.262,0.000,28.575,0.0,Stationary
3.39500,0,-1095.620,0.000,28.575,250.6,Rolling
3.39500,1,1112.262,0.000,28.575,0.0,Stationary
3.40000,0,-1094.368,0.000,28.575,250.1,Rolling
3.40000,1,1112.262,0.000,28.575,0.0,Stationary
3.40500,0,-1093.118,0.000,28.575,249.6,Rolling
3.40500,1,1112.262,0.000,28.575,0.0,Stationary
3.41000,0,-1091.872,0.000,28.575,249.1,Rolling
3.41000,1,1112.262,0.000,28.575,0.0,Stationary
3.41500,0,-1090.627,0.000,28.575,248.7,Rolling
3.41500,1,1112.262,0.000,28.575,0.0,Stationary
3.42000,0,-1089.385,0.000,28.575,248.2,Rolling
3.42000,1,1112.262,0.000,28.575,0.0,Stationary
3.42500,0,-1088.145,0.000,28.575,247.7,Rolling
3.42500,1,1112.262,0.000,28.575,0.0,Stationary
3.43000,0,-1086.908,0.000,28.575,247.2,Rolling
3.43000,1,1112.262,0.000,28.575,0.0,Stationary
3.43500,0,-1085.674,0.000,28.575,246.7,Rolling
3.43500,1,1112.262,0.000,28.575,0.0,Stationary
3.44000,0,-1084.441,0.000,28.575,246.2,Rolling
3.44000,1,1112.262,0.000,28.575,0.0,Stationary
3.44500,0,-1083.211,0.000,28.575,245.7,Rolling
3.44500,1,1112.262,0.000,28.575,0.0,Stationary
3.45000,0,-1081.984,0.000,28.575,245.2,Rolling
3.45000,1,1112.262,0.000,28.575,0.0,Stationary
3.45500,0,-1080.759,0.000,28.575,244.7,Rolling
3.45500,1,1112.262,0.000,28.575,0.0,Stationary
3.46000,0,-1079.537,0.000,28.575,244.2,Rolling
3.46000,1,1112.262,0.000,28.575,0.0,Stationary
3.46500,0,-1078.317,0.000,28.575,243.8,Rolling
3.46500,1,1112.262,0.000,28.575,0.0,Stationary
3.47000,0,-1077.099,0.000,28.575,243.3,Rolling
3.47000,1,1112.262,0.000,28.575,0.0,Stationary
3.47500,0,-1075.884,0.000,28.575,242.8,Rolling
3.47500,1,1112.262,0.000,28.575,0.0,Stationary
3.48000,0,-1074.672,0.000,28.575,242.3,Rolling
3.48000,1,1112.262,0.000,28.575,0.0,Stationary
3.48500,0,-1073.461,0.000,28.575,241.8,Rolling
3.48500,1,1112.262,0.000,28.575,0.0,Stationary
3.49000,0,-1072.254,0.000,28.575,241.3,Rolling
3.49000,1,1112.262,0.000,28.575,0.0,Stationary
3.49500,0,-1071.048,0.000,28.575,240.8,Rolling
3.49500,1,1112.262,0.000,28.575,0.0,Stationary
3.50000,0,-1069.846,0.000,28.575,240.3,Rolling
3.50000,1,1112.262,0.000,28.575,0.0,Stationary
3.50500,0,-1068.645,0.000,28.575,239.8,Rolling
3.50500,1,1112.262,0.000,28.575,0.0,Stationary
3.51000,0,-1067.447,0.000,28.575,239.3,Rolling
3.51000,1,1112.262,0.000,28.575,0.0,Stationary
3.51500,0,-1066.252,0.000,28.575,238.8,Rolling
3.51500,1,1112.262,0.000,28.575,0.0,Stationary
3.52000,0,-1065.059,0.000,28.575,238.4,Rolling
3.52000,1,1112.262,0.000,28.575,0.0,Stationary
3.52500,0,-1063.868,0.000,28.575,237.9,Rolling
3.52500,1,1112.262,0.000,28.575,0.0,Stationary
3.53000,0,-1062.680,0.000,28.575,237.4,Rolling
3.53000,1,1112.262,0.000,28.575,0.0,Stationary
3.53500,0,-1061.494,0.000,28.575,236.9,Rolling
3.53500,1,1112.262,0.000,28.575,0.0,Stationary
3.54000,0,-1060.311,0.000,28.575,236.4,Rolling
3.54000,1,1112.262,0.000,28.575,0.0,Stationary
3.54500,0,-1059.130,0.000,28.575,235.9,Rolling
3.54500,1,1112.262,0.000,28.575,0.0,Stationary
3.55000,0,-1057.952,0.000,28.575,235.4,Rolling
3.55000,1,1112.262,0.000,28.575,0.0,Stationary
3.55500,0,-1056.776,0.000,28.575,234.9,Rolling
3.55500,1,1112.262,0.000,28.575,0.0,Stationary
3.56000,0,-1055.603,0.000,28.575,234.4,Rolling
3.56000,1,1112.262,0.000,28.575,0.0,Stationary
3.56500,0,-1054.432,0.000,28.575,233.9,Rolling
3.56500,1,1112.262,0.000,28.575,0.0,Stationary
3.57000,0,-1053.263,0.000,28.575,233.5,Rolling
3.57000,1,1112.262,0.000,28.575,0.0,Stationary
3.57500,0,-1052.097,0.000,28.575,233.0,Rolling
3.57500,1,1112.262,0.000,28.575,0.0,Stationary
3.58000,0,-1050.934,0.000,28.575,232.5,Rolling
3.58000,1,1112.262,0.000,28.575,0.0,Stationary
3.58500,0,-1049.773,0.000,28.575,232.0,Rolling
3.58500,1,1112.262,0.000,28.575,0.0,Stationary
3.59000,0,-1048.614,0.000,28.575,231.5,Rolling
3.59000,1,1112.262,0.000,28.575,0.0,Stationary
3.59500,0,-1047.458,0.000,28.575,231.0,Rolling
3.59500,1,1112.262,0.000,28.575,0.0,Stationary
3.60000,0,-1046.304,0.000,28.575,230.5,Rolling
3.60000,1,1112.262,0.000,28.575,0.0,Stationary
3.60500,0,-1045.153,0.000,28.575,230.0,Rolling
3.60500,1,1112.262,0.000,28.575,0.0,Stationary
3.61000,0,-1044.004,0.000,28.575,229.5,Rolling
3.61000,1,1112.262,0.000,28.575,0.0,Stationary
3.61500,0,-1042.857,0.000,28.575,229.0,Rolling
3.61500,1,1112.262,0.000,28.575,0.0,Stationary
3.62000,0,-1041.713,0.000,28.575,228.6,Rolling
3.62000,1,1112.262,0.000,28.575,0.0,Stationary
3.62500,0,-1040.572,0.000,28.575,228.1,Rolling
3.62500,1,1112.262,0.000,28.575,0.0,Stationary
3.63000,0,-1039.433,0.000,28.575,227.6,Rolling
3.63000,1,1112.262,0.000,28.575,0.0,Stationary
3.63500,0,-1038.296,0.000,28.575,227.1,Rolling
3.63500,1,1112.262,0.000,28.575,0.0,Stationary
3.64000,0,-1037.162,0.000,28.575,226.6,Rolling
3.64000,1,1112.262,0.000,28.575,0.0,Stationary
3.64500,0,-1036.030,0.000,28.575,226.1,Rolling
3.64500,1,1112.262,0.000,28.575,0.0,Stationary
3.65000,0,-1034.901,0.000,28.575,225.6,Rolling
3.65000,1,1112.262,0.000,28.575,0.0,Stationary
3.65500,0,-1033.774,0.000,28.575,225.1,Rolling
3.65500,1,1112.262,0.000,28.575,0.0,Stationary
3.66000,0,-1032.650,0.000,28.575,224.6,Rolling
3.66000,1,1112.262,0.000,28.575,0.0,Stationary
3.66500,0,-1031.528,0.000,28.575,224.1,Rolling
3.66500,1,1112.262,0.000,28.575,0.0,Stationary
3.67000,0,-1030.408,0.000,28.575,223.6,Rolling
3.67000,1,1112.262,0.000,28.575,0.0,Stationary
3.67500,0,-1029.291,0.000,28.575,223.2,Rolling
3.67500,1,1112.262,0.000,28.575,0.0,Stationary
3.68000,0,-1028.177,0.000,28.575,222.7,Rolling
3.68000,1,1112.262,0.000,28.575,0.0,Stationary
3.68500,0,-1027.065,0.000,28.575,222.2,Rolling
3.68500,1,1112.262,0.000,28.575,0.0,Stationary
3.69000,0,-1025.955,0.000,28.575,221.7,Rolling
3.69000,1,1112.262,0.000,28.575,0.0,Stationary
3.69500,0,-1024.848,0.000,28.575,221.2,Rolling
3.69500,1,1112.262,0.000,28.575,0.0,Stationary
3.70000,0,-1023.743,0.000,28.575,220.7,Rolling
3.70000,1,1112.262,0.000,28.575,0.0,Stationary
3.70500,0,-1022.641,0.000,28.575,220.2,Rolling
3.70500,1,1112.262,0.000,28.575,0.0,Stationary
3.71000,0,-1021.541,0.000,28.575,219.7,Rolling
3.71000,1,1112.262,0.000,28.575,0.0,Stationary
3.71500,0,-1020.443,0.000,28.575,219.2,Rolling
3.71500,1,1112.262,0.000,28.575,0.0,Stationary
3.72000,0,-1019.349,0.000,28.575,218.7,Rolling
3.72000,1,1112.262,0.000,28.575,0.0,Stationary
3.72500,0,-1018.256,0.000,28.575,218.3,Rolling
3.72500,1,1112.262,0.000,28.575,0.0,Stationary
3.73000,0,-1017.166,0.000,28.575,217.8,Rolling
3.73000,1,1112.262,0.000,28.575,0.0,Stationary
3.73500,0,-1016.078,0.000,28.575,217.3,Rolling
3.73500,1,1112.262,0.000,28.575,0.0,Stationary
3.74000,0,-1014.993,0.000,28.575,216.8,Rolling
3.74000,1,1112.262,0.000,28.575,0.0,Stationary
3.74500,0,-1013.911,0.000,28.575,216.3,Rolling
3.74500,1,1112.262,0.000,28.575,0.0,Stationary
3.75000,0,-1012.830,0.000,28.575,215.8,Rolling
3.75000,1,1112.262,0.000,28.575,0.0,Stationary
3.75500,0,-1011.753,0.000,28.575,215.3,Rolling
3.75500,1,1112.262,0.000,28.575,0.0,Stationary
3.76000,0,-1010.677,0.000,28.575,214.8,Rolling
3.76000,1,1112.262,0.000,28.575,0.0,Stationary
3.76500,0,-1009.604,0.000,28.575,214.3,Rolling
3.76500,1,1112.262,0.000,28.575,0.0,Stationary
3.77000,0,-1008.534,0.000,28.575,213.8,Rolling
3.77000,1,1112.262,0.000,28.575,0.0,Stationary
3.77500,0,-1007.466,0.000,28.575,213.4,Rolling
3.77500,1,1112.262,0.000,28.575,0.0,Stationary
3.78000,0,-1006.400,0.000,28.575,212.9,Rolling
3.78000,1,1112.262,0.000,28.575,0.0,Stationary
3.78500,0,-1005.337,0.000,28.575,212.4,Rolling
3.78500,1,1112.262,0.000,28.575,0.0,Stationary
3.79000,0,-1004.277,0.000,28.575,211.9,Rolling
3.79000,1,1112.262,0.000,28.575,0.0,Stationary
3.79500,0,-1003.218,0.000,28.575,211.4,Rolling
3.79500,1,1112.262,0.000,28.575,0.0,Stationary
3.80000,0,-1002.163,0.000,28.575,210.9,Rolling
3.80000,1,1112.262,0.000,28.575,0.0,Stationary
3.80500,0,-1001.109,0.000,28.575,210.4,Rolling
3.80500,1,1112.262,0.000,28.575,0.0,Stationary
3.81000,0,-1000.059,0.000,28.575,209.9,Rolling
3.81000,1,1112.262,0.000,28.575,0.0,Stationary
3.81500,0,-999.010,0.000,28.575,209.4,Rolling
3.81500,1,1112.262,0.000,28.575,0.0,Stationary
3.82000,0,-997.964,0.000,28.575,208.9,Rolling
3.82000,1,1112.262,0.000,28.575,0.0,Stationary
3.82500,0,-996.921,0.000,28.575,208.4,Rolling
3.82500,1,1112.262,0.000,28.575,0.0,Stationary
3.83000,0,-995.880,0.000,28.575,208.0,Rolling
3.83000,1,1112.262,0.000,28.575,0.0,Stationary
3.83500,0,-994.841,0.000,28.575,207.5,Rolling
3.83500,1,1112.262,0.000,28.575,0.0,Stationary
3.84000,0,-993.805,0.000,28.575,207.0,Rolling
3.84000,1,1112.262,0.000,28.575,0.0,Stationary
3.84500,0,-992.772,0.000,28.575,206.5,Rolling
3.84500,1,1112.262,0.000,28.575,0.0,Stationary
3.85000,0,-991.740,0.000,28.575,206.0,Rolling
3.85000,1,1112.262,0.000,28.575,0.0,Stationary
3.85500,0,-990.712,0.000,28.575,205.5,Rolling
3.85500,1,1112.262,0.000,28.575,0.0,Stationary
3.86000,0,-989.685,0.000,28.575,205.0,Rolling
3.86000,1,1112.262,0.000,28.575,0.0,Stationary
3.86500,0,-988.661,0.000,28.575,204.5,Rolling
3.86500,1,1112.262,0.000,28.575,0.0,Stationary
3.87000,0,-987.640,0.000,28.575,204.0,Rolling
3.87000,1,1112.262,0.000,28.575,0.0,Stationary
3.87500,0,-986.621,0.000,28.575,203.5,Rolling
3.87500,1,1112.262,0.000,28.575,0.0,Stationary
3.88000,0,-985.605,0.000,28.575,203.1,Rolling
3.88000,1,1112.262,0.000,28.575,0.0,Stationary
3.88500,0,-984.591,0.000,28.575,202.6,Rolling
3.88500,1,1112.262,0.000,28.575,0.0,Stationary
3.89000,0,-983.579,0.000,28.575,202.1,Rolling
3.89000,1,1112.262,0.000,28.575,0.0,Stationary
3.89500,0,-982.570,0.000,28.575,201.6,Rolling
3.89500,1,1112.262,0.000,28.575,0.0,Stationary
3.90000,0,-981.563,0.000,28.575,201.1,Rolling
3.90000,1,1112.262,0.000,28.575,0.0,Stationary
3.90500,0,-980.559,0.000,28.575,200.6,Rolling
3.90500,1,1112.262,0.000,28.575,0.0,Stationary
3.91000,0,-979.557,0.000,28.575,200.1,Rolling
3.91000,1,1112.262,0.000,28.575,0.0,Stationary
3.91500,0,-978.558,0.000,28.575,199.6,Rolling
3.91500,1,1112.262,0.000,28.575,0.0,Stationary
3.92000,0,-977.561,0.000,28.575,199.1,Rolling
3.92000,1,1112.262,0.000,28.575,0.0,Stationary
3.92500,0,-976.566,0.000,28.575,198.6,Rolling
3.92500,1,1112.262,0.000,28.575,0.0,Stationary
3.93000,0,-975.574,0.000,28.575,198.2,Rolling
3.93000,1,1112.262,0.000,28.575,0.0,Stationary
3.93500,0,-974.585,0.000,28.575,197.7,Rolling
3.93500,1,1112.262,0.000,28.575,0.0,Stationary
3.94000,0,-973.598,0.000,28.575,197.2,Rolling
3.94000,1,1112.262,0.000,28.575,0.0,Stationary
3.94500,0,-972.613,0.000,28.575,196.7,Rolling
3.94500,1,1112.262,0.000,28.575,0.0,Stationary
3.95000,0,-971.631,0.000,28.575,196.2,Rolling
3.95000,1,1112.262,0.000,28.575,0.0,Stationary
3.95500,0,-970.651,0.000,28.575,195.7,Rolling
3.95500,1,1112.262,0.000,28.575,0.0,Stationary
3.96000,0,-969.674,0.000,28.575,195.2,Rolling
3.96000,1,1112.262,0.000,28.575,0.0,Stationary
3.96500,0,-968.699,0.000,28.575,194.7,Rolling
3.96500,1,1112.262,0.000,28.575,0.0,Stationary
3.97000,0,-967.727,0.000,28.575,194.2,Rolling
3.97000,1,1112.262,0.000,28.575,0.0,Stationary
3.97500,0,-966.757,0.000,28.575,193.7,Rolling
3.97500,1,1112.262,0.000,28.575,0.0,Stationary
3.98000,0,-965.789,0.000,28.575,193.2,Rolling
3.98000,1,1112.262,0.000,28.575,0.0,Stationary
3.98500,0,-964.824,0.000,28.575,192.8,Rolling
3.98500,1,1112.262,0.000,28.575,0.0,Stationary
3.99000,0,-963.862,0.000,28.575,192.3,Rolling
3.99000,1,1112.262,0.000,28.575,0.0,Stationary
3.99500,0,-962.902,0.000,28.575,191.8,Rolling
3.99500,1,1112.262,0.000,28.575,0.0,Stationary
4.00000,0,-961.944,0.000,28.575,191.3,Rolling
4.00000,1,1112.262,0.000,28.575,0.0,Stationary
4.00500,0,-960.989,0.000,28.575,190.8,Rolling
4.00500,1,1112.262,0.000,28.575,0.0,Stationary
4.01000,0,-960.036,0.000,28.575,190.3,Rolling
4.01000,1,1112.262,0.000,28.575,0.0,Stationary
4.01500,0,-959.086,0.000,28.575,189.8,Rolling
4.01500,1,1112.262,0.000,28.575,0.0,Stationary
4.02000,0,-958.138,0.000,28.575,189.3,Rolling
4.02000,1,1112.262,0.000,28.575,0.0,Stationary
4.02500,0,-957.193,0.000,28.575,188.8,Rolling
4.02500,1,1112.262,0.000,28.575,0.0,Stationary
4.03000,0,-956.250,0.000,28.575,188.3,Rolling
4.03000,1,1112.262,0.000,28.575,0.0,Stationary
4.03500,0,-955.309,0.000,28.575,187.9,Rolling
4.03500,1,1112.262,0.000,28.575,0.0,Stationary
4.04000,0,-954.371,0.000,28.575,187.4,Rolling
4.04000,1,1112.262,0.000,28.575,0.0,Stationary
4.04500,0,-953.436,0.000,28.575,186.9,Rolling
4.04500,1,1112.262,0.000,28.575,0.0,Stationary
4.05000,0,-952.502,0.000,28.575,186.4,Rolling
4.05000,1,1112.262,0.000,28.575,0.0,Stationary
4.05500,0,-951.572,0.000,28.575,185.9,Rolling
4.05500,1,1112.262,0.000,28.575,0.0,Stationary
4.06000,0,-950.644,0.000,28.575,185.4,Rolling
4.06000,1,1112.262,0.000,28.575,0.0,Stationary
4.06500,0,-949.718,0.000,28.575,184.9,Rolling
4.06500,1,1112.262,0.000,28.575,0.0,Stationary
4.07000,0,-948.794,0.000,28.575,184.4,Rolling
4.07000,1,1112.262,0.000,28.575,0.0,Stationary
4.07500,0,-947.874,0.000,28.575,183.9,Rolling
4.07500,1,1112.262,0.000,28.575,0.0,Stationary
4.08000,0,-946.955,0.000,28.575,183.4,Rolling
4.08000,1,1112.262,0.000,28.575,0.0,Stationary
4.08500,0,-946.039,0.000,28.575,183.0,Rolling
4.08500,1,1112.262,0.000,28.575,0.0,Stationary
4.09000,0,-945.126,0.000,28.575,182.5,Rolling
4.09000,1,1112.262,0.000,28.575,0.0,Stationary
4.09500,0,-944.214,0.000,28.575,182.0,Rolling
4.09500,1,1112.262,0.000,28.575,0.0,Stationary
4.10000,0,-943.306,0.000,28.575,181.5,Rolling
4.10000,1,1112.262,0.000,28.575,0.0,Stationary
4.10500,0,-942.400,0.000,28.575,181.0,Rolling
4.10500,1,1112.262,0.000,28.575,0.0,Stationary
4.11000,0,-941.496,0.000,28.575,180.5,Rolling
4.11000,1,1112.262,0.000,28.575,0.0,Stationary
4.11500,0,-940.595,0.000,28.575,180.0,Rolling
4.11500,1,1112.262,0.000,28.575,0.0,Stationary
4.12000,0,-939.696,0.000,28.575,179.5,Rolling
4.12000,1,1112.262,0.000,28.575,0.0,Stationary
4.12500,0,-938.800,0.000,28.575,179.0,Rolling
4.12500,1,1112.262,0.000,28.575,0.0,Stationary
4.13000,0,-937.906,0.000,28.575,178.5,Rolling
4.13000,1,1112.262,0.000,28.575,0.0,Stationary
4.13500,0,-937.014,0.000,28.575,178.0,Rolling
4.13500,1,1112.262,0.000,28.575,0.0,Stationary
4.14000,0,-936.125,0.000,28.575,177.6,Rolling
4.14000,1,1112.262,0.000,28.575,0.0,Stationary
4.14500,0,-935.239,0.000,28.575,177.1,Rolling
4.14500,1,1112.262,0.000,28.575,0.0,Stationary
4.15000,0,-934.354,0.000,28.575,176.6,Rolling
4.15000,1,1112.262,0.000,28.575,0.0,Stationary
4.15500,0,-933.473,0.000,28.575,176.1,Rolling
4.15500,1,1112.262,0.000,28.575,0.0,Stationary
4.16000,0,-932.594,0.000,28.575,175.6,Rolling
4.16000,1,1112.262,0.000,28.575,0.0,Stationary
4.16500,0,-931.717,0.000,28.575,175.1,Rolling
4.16500,1,1112.262,0.000,28.575,0.0,Stationary
4.17000,0,-930.843,0.000,28.575,174.6,Rolling
4.17000,1,1112.262,0.000,28.575,0.0,Stationary
4.17500,0,-929.971,0.000,28.575,174.1,Rolling
4.17500,1,1112.262,0.000,28.575,0.0,Stationary
4.18000,0,-929.101,0.000,28.575,173.6,Rolling
4.18000,1,1112.262,0.000,28.575,0.0,Stationary
4.18500,0,-928.234,0.000,28.575,173.1,Rolling
4.18500,1,1112.262,0.000,28.575,0.0,Stationary
4.19000,0,-927.370,0.000,28.575,172.7,Rolling
4.19000,1,1112.262,0.000,28.575,0.0,Stationary
4.19500,0,-926.508,0.000,28.575,172.2,Rolling
4.19500,1,1112.262,0.000,28.575,0.0,Stationary
4.20000,0,-925.648,0.000,28.575,171.7,Rolling
4.20000,1,1112.262,0.000,28.575,0.0,Stationary
4.20500,0,-924.791,0.000,28.575,171.2,Rolling
4.20500,1,1112.262,0.000,28.575,0.0,Stationary
4.21000,0,-923.936,0.000,28.575,170.7,Rolling
4.21000,1,1112.262,0.000,28.575,0.0,Stationary
4.21500,0,-923.084,0.000,28.575,170.2,Rolling
4.21500,1,1112.262,0.000,28.575,0.0,Stationary
4.22000,0,-922.234,0.000,28.575,169.7,Rolling
4.22000,1,1112.262,0.000,28.575,0.0,Stationary
4.22500,0,-921.387,0.000,28.575,169.2,Rolling
4.22500,1,1112.262,0.000,28.575,0.0,Stationary
4.23000,0,-920.542,0.000,28.575,168.7,Rolling
4.23000,1,1112.262,0.000,28.575,0.0,Stationary
4.23500,0,-919.700,0.000,28.575,168.2,Rolling
4.23500,1,1112.262,0.000,28.575,0.0,Stationary
4.24000,0,-918.860,0.000,28.575,167.8,Rolling
4.24000,1,1112.262,0.000,28.575,0.0,Stationary
4.24500,0,-918.022,0.000,28.575,167.3,Rolling
4.24500,1,1112.262,0.000,28.575,0.0,Stationary
4.25000,0,-917.187,0.000,28.575,166.8,Rolling
4.25000,1,1112.262,0.000,28.575,0.0,Stationary
4.25500,0,-916.355,0.000,28.575,166.3,Rolling
4.25500,1,1112.262,0.000,28.575,0.0,Stationary
4.26000,0,-915.524,0.000,28.575,165.8,Rolling
4.26000,1,1112.262,0.000,28.575,0.0,Stationary
4.26500,0,-914.697,0.000,28.575,165.3,Rolling
4.26500,1,1112.262,0.000,28.575,0.0,Stationary
4.27000,0,-913.871,0.000,28.575,164.8,Rolling
4.27000,1,1112.262,0.000,28.575,0.0,Stationary
4.27500,0,-913.049,0.000,28.575,164.3,Rolling
4.27500,1,1112.262,0.000,28.575,0.0,Stationary
4.28000,0,-912.228,0.000,28.575,163.8,Rolling
4.28000,1,1112.262,0.000,28.575,0.0,Stationary
4.28500,0,-911.410,0.000,28.575,163.3,Rolling
4.28500,1,1112.262,0.000,28.575,0.0,Stationary
4.29000,0,-910.595,0.000,28.575,162.8,Rolling
4.29000,1,1112.262,0.000,28.575,0.0,Stationary
4.29500,0,-909.782,0.000,28.575,162.4,Rolling
4.29500,1,1112.262,0.000,28.575,0.0,Stationary
4.30000,0,-908.971,0.000,28.575,161.9,Rolling
4.30000,1,1112.262,0.000,28.575,0.0,Stationary
4.30500,0,-908.163,0.000,28.575,161.4,Rolling
4.30500,1,1112.262,0.000,28.575,0.0,Stationary
4.31000,0,-907.358,0.000,28.575,160.9,Rolling
4.31000,1,1112.262,0.000,28.575,0.0,Stationary
4.31500,0,-906.554,0.000,28.575,160.4,Rolling
4.31500,1,1112.262,0.000,28.575,0.0,Stationary
4.32000,0,-905.754,0.000,28.575,159.9,Rolling
4.32000,1,1112.262,0.000,28.575,0.0,Stationary
4.32500,0,-904.955,0.000,28.575,159.4,Rolling
4.32500,1,1112.262,0.000,28.575,0.0,Stationary
4.33000,0,-904.159,0.000,28.575,158.9,Rolling
4.33000,1,1112.262,0.000,28.575,0.0,Stationary
4.33500,0,-903.366,0.000,28.575,158.4,Rolling
4.33500,1,1112.262,0.000,28.575,0.0,Stationary
4.34000,0,-902.575,0.000,28.575,157.9,Rolling
4.34000,1,1112.262,0.000,28.575,0.0,Stationary
4.34500,0,-901.787,0.000,28.575,157.5,Rolling
4.34500,1,1112.262,0.000,28.575,0.0,Stationary
4.35000,0,-901.001,0.000,28.575,157.0,Rolling
4.35000,1,1112.262,0.000,28.575,0.0,Stationary
4.35500,0,-900.217,0.000,28.575,156.5,Rolling
4.35500,1,1112.262,0.000,28.575,0.0,Stationary
4.36000,0,-899.436,0.000,28.575,156.0,Rolling
4.36000,1,1112.262,0.000,28.575,0.0,Stationary
4.36500,0,-898.657,0.000,28.575,155.5,Rolling
4.36500,1,1112.262,0.000,28.575,0.0,Stationary
4.37000,0,-897.881,0.000,28.575,155.0,Rolling
4.37000,1,1112.262,0.000,28.575,0.0,Stationary
4.37500,0,-897.107,0.000,28.575,154.5,Rolling
4.37500,1,1112.262,0.000,28.575,0.0,Stationary
4.38000,0,-896.336,0.000,28.575,154.0,Rolling
4.38000,1,1112.262,0.000,28.575,0.0,Stationary
4.38500,0,-895.567,0.000,28.575,153.5,Rolling
4.38500,1,1112.262,0.000,28.575,0.0,Stationary
4.39000,0,-894.800,0.000,28.575,153.0,Rolling
4.39000,1,1112.262,0.000,28.575,0.0,Stationary
4.39500,0,-894.037,0.000,28.575,152.5,Rolling
4.39500,1,1112.262,0.000,28.575,0.0,Stationary
4.40000,0,-893.275,0.000,28.575,152.1,Rolling
4.40000,1,1112.262,0.000,28.575,0.0,Stationary
4.40500,0,-892.516,0.000,28.575,151.6,Rolling
4.40500,1,1112.262,0.000,28.575,0.0,Stationary
4.41000,0,-891.759,0.000,28.575,151.1,Rolling
4.41000,1,1112.262,0.000,28.575,0.0,Stationary
4.41500,0,-891.005,0.000,28.575,150.6,Rolling
4.41500,1,1112.262,0.000,28.575,0.0,Stationary
4.42000,0,-890.253,0.000,28.575,150.1,Rolling
4.42000,1,1112.262,0.000,28.575,0.0,Stationary
4.42500,0,-889.504,0.000,28.575,149.6,Rolling
4.42500,1,1112.262,0.000,28.575,0.0,Stationary
4.43000,0,-888.757,0.000,28.575,149.1,Rolling
4.43000,1,1112.262,0.000,28.575,0.0,Stationary
4.43500,0,-888.013,0.000,28.575,148.6,Rolling
4.43500,1,1112.262,0.000,28.575,0.0,Stationary
4.44000,0,-887.271,0.000,28.575,148.1,Rolling
4.44000,1,1112.262,0.000,28.575,0.0,Stationary
4.44500,0,-886.532,0.000,28.575,147.6,Rolling
4.44500,1,1112.262,0.000,28.575,0.0,Stationary
4.45000,0,-885.795,0.000,28.575,147.2,Rolling
4.45000,1,1112.262,0.000,28.575,0.0,Stationary
4.45500,0,-885.060,0.000,28.575,146.7,Rolling
4.45500,1,1112.262,0.000,28.575,0.0,Stationary
4.46000,0,-884.328,0.000,28.575,146.2,Rolling
4.46000,1,1112.262,0.000,28.575,0.0,Stationary
4.46500,0,-883.598,0.000,28.575,145.7,Rolling
4.46500,1,1112.262,0.000,28.575,0.0,Stationary
4.47000,0,-882.871,0.000,28.575,145.2,Rolling
4.47000,1,1112.262,0.000,28.575,0.0,Stationary
4.47500,0,-882.146,0.000,28.575,144.7,Rolling
4.47500,1,1112.262,0.000,28.575,0.0,Stationary
4.48000,0,-881.424,0.000,28.575,144.2,Rolling
4.48000,1,1112.262,0.000,28.575,0.0,Stationary
4.48500,0,-880.704,0.000,28.575,143.7,Rolling
4.48500,1,1112.262,0.000,28.575,0.0,Stationary
4.49000,0,-879.987,0.000,28.575,143.2,Rolling
4.49000,1,1112.262,0.000,28.575,0.0,Stationary
4.49500,0,-879.272,0.000,28.575,142.7,Rolling
4.49500,1,1112.262,0.000,28.575,0.0,Stationary
4.50000,0,-878.559,0.000,28.575,142.3,Rolling
4.50000,1,1112.262,0.000,28.575,0.0,Stationary
4.50500,0,-877.849,0.000,28.575,141.8,Rolling
4.50500,1,1112.262,0.000,28.575,0.0,Stationary
4.51000,0,-877.142,0.000,28.575,141.3,Rolling
4.51000,1,1112.262,0.000,28.575,0.0,Stationary
4.51500,0,-876.437,0.000,28.575,140.8,Rolling
4.51500,1,1112.262,0.000,28.575,0.0,Stationary
4.52000,0,-875.734,0.000,28.575,140.3,Rolling
4.52000,1,1112.262,0.000,28.575,0.0,Stationary
4.52500,0,-875.034,0.000,28.575,139.8,Rolling
4.52500,1,1112.262,0.000,28.575,0.0,Stationary
4.53000,0,-874.336,0.000,28.575,139.3,Rolling
4.53000,1,1112.262,0.000,28.575,0.0,Stationary
4.53500,0,-873.641,0.000,28.575,138.8,Rolling
4.53500,1,1112.262,0.000,28.575,0.0,Stationary
4.54000,0,-872.948,0.000,28.575,138.3,Rolling
4.54000,1,1112.262,0.000,28.575,0.0,Stationary
4.54500,0,-872.257,0.000,28.575,137.8,Rolling
4.54500,1,1112.262,0.000,28.575,0.0,Stationary
4.55000,0,-871.569,0.000,28.575,137.3,Rolling
4.55000,1,1112.262,0.000,28.575,0.0,Stationary
4.55500,0,-870.884,0.000,28.575,136.9,Rolling
4.55500,1,1112.262,0.000,28.575,0.0,Stationary
4.56000,0,-870.201,0.000,28.575,136.4,Rolling
4.56000,1,1112.262,0.000,28.575,0.0,Stationary
4.56500,0,-869.520,0.000,28.575,135.9,Rolling
4.56500,1,1112.262,0.000,28.575,0.0,Stationary
4.57000,0,-868.842,0.000,28.575,135.4,Rolling
4.57000,1,1112.262,0.000,28.575,0.0,Stationary
4.57500,0,-868.166,0.000,28.575,134.9,Rolling
4.57500,1,1112.262,0.000,28.575,0.0,Stationary
4.58000,0,-867.493,0.000,28.575,134.4,Rolling
4.58000,1,1112.262,0.000,28.575,0.0,Stationary
4.58500,0,-866.822,0.000,28.575,133.9,Rolling
4.58500,1,1112.262,0.000,28.575,0.0,Stationary
4.59000,0,-866.154,0.000,28.575,133.4,Rolling
4.59000,1,1112.262,0.000,28.575,0.0,Stationary
4.59500,0,-865.488,0.000,28.575,132.9,Rolling
4.59500,1,1112.262,0.000,28.575,0.0,Stationary
4.60000,0,-864.824,0.000,28.575,132.4,Rolling
4.60000,1,1112.262,0.000,28.575,0.0,Stationary
4.60500,0,-864.163,0.000,28.575,132.0,Rolling
4.60500,1,1112.262,0.000,28.575,0.0,Stationary
4.61000,0,-863.505,0.000,28.575,131.5,Rolling
4.61000,1,1112.262,0.000,28.575,0.0,Stationary
4.61500,0,-862.849,0.000,28.575,131.0,Rolling
4.61500,1,1112.262,0.000,28.575,0.0,Stationary
4.62000,0,-862.195,0.000,28.575,130.5,Rolling
4.62000,1,1112.262,0.000,28.575,0.0,Stationary
4.62500,0,-861.544,0.000,28.575,130.0,Rolling
4.62500,1,1112.262,0.000,28.575,0.0,Stationary
4.63000,0,-860.895,0.000,28.575,129.5,Rolling
4.63000,1,1112.262,0.000,28.575,0.0,Stationary
4.63500,0,-860.249,0.000,28.575,129.0,Rolling
4.63500,1,1112.262,0.000,28.575,0.0,Stationary
4.64000,0,-859.605,0.000,28.575,128.5,Rolling
4.64000,1,1112.262,0.000,28.575,0.0,Stationary
4.64500,0,-858.964,0.000,28.575,128.0,Rolling
4.64500,1,1112.262,0.000,28.575,0.0,Stationary
4.65000,0,-858.325,0.000,28.575,127.5,Rolling
4.65000,1,1112.262,0.000,28.575,0.0,Stationary
4.65500,0,-857.688,0.000,28.575,127.1,Rolling
4.65500,1,1112.262,0.000,28.575,0.0,Stationary
4.66000,0,-857.054,0.000,28.575,126.6,Rolling
4.66000,1,1112.262,0.000,28.575,0.0,Stationary
4.66500,0,-856.423,0.000,28.575,126.1,Rolling
4.66500,1,1112.262,0.000,28.575,0.0,Stationary
4.67000,0,-855.793,0.000,28.575,125.6,Rolling
4.67000,1,1112.262,0.000,28.575,0.0,Stationary
4.67500,0,-855.167,0.000,28.575,125.1,Rolling
4.67500,1,1112.262,0.000,28.575,0.0,Stationary
4.68000,0,-854.543,0.000,28.575,124.6,Rolling
4.68000,1,1112.262,0.000,28.575,0.0,Stationary
4.68500,0,-853.921,0.000,28.575,124.1,Rolling
4.68500,1,1112.262,0.000,28.575,0.0,Stationary
4.69000,0,-853.301,0.000,28.575,123.6,Rolling
4.69000,1,1112.262,0.000,28.575,0.0,Stationary
4.69500,0,-852.685,0.000,28.575,123.1,Rolling
4.69500,1,1112.262,0.000,28.575,0.0,Stationary
4.70000,0,-852.070,0.000,28.575,122.6,Rolling
4.70000,1,1112.262,0.000,28.575,0.0,Stationary
4.70500,0,-851.458,0.000,28.575,122.1,Rolling
4.70500,1,1112.262,0.000,28.575,0.0,Stationary
4.71000,0,-850.849,0.000,28.575,121.7,Rolling
4.71000,1,1112.262,0.000,28.575,0.0,Stationary
4.71500,0,-850.242,0.000,28.575,121.2,Rolling
4.71500,1,1112.262,0.000,28.575,0.0,Stationary
4.72000,0,-849.637,0.000,28.575,120.7,Rolling
4.72000,1,1112.262,0.000,28.575,0.0,Stationary
4.72500,0,-849.035,0.000,28.575,120.2,Rolling
4.72500,1,1112.262,0.000,28.575,0.0,Stationary
4.73000,0,-848.435,0.000,28.575,119.7,Rolling
4.73000,1,1112.262,0.000,28.575,0.0,Stationary
4.73500,0,-847.838,0.000,28.575,119.2,Rolling
4.73500,1,1112.262,0.000,28.575,0.0,Stationary
4.74000,0,-847.243,0.000,28.575,118.7,Rolling
4.74000,1,1112.262,0.000,28.575,0.0,Stationary
4.74500,0,-846.651,0.000,28.575,118.2,Rolling
4.74500,1,1112.262,0.000,28.575,0.0,Stationary
4.75000,0,-846.061,0.000,28.575,117.7,Rolling
4.75000,1,1112.262,0.000,28.575,0.0,Stationary
4.75500,0,-845.473,0.000,28.575,117.2,Rolling
4.75500,1,1112.262,0.000,28.575,0.0,Stationary
4.76000,0,-844.888,0.000,28.575,116.8,Rolling
4.76000,1,1112.262,0.000,28.575,0.0,Stationary
4.76500,0,-844.306,0.000,28.575,116.3,Rolling
4.76500,1,1112.262,0.000,28.575,0.0,Stationary
4.77000,0,-843.726,0.000,28.575,115.8,Rolling
4.77000,1,1112.262,0.000,28.575,0.0,Stationary
4.77500,0,-843.148,0.000,28.575,115.3,Rolling
4.77500,1,1112.262,0.000,28.575,0.0,Stationary
4.78000,0,-842.573,0.000,28.575,114.8,Rolling
4.78000,1,1112.262,0.000,28.575,0.0,Stationary
4.78500,0,-842.000,0.000,28.575,114.3,Rolling
4.78500,1,1112.262,0.000,28.575,0.0,Stationary
4.79000,0,-841.430,0.000,28.575,113.8,Rolling
4.79000,1,1112.262,0.000,28.575,0.0,Stationary
4.79500,0,-840.862,0.000,28.575,113.3,Rolling
4.79500,1,1112.262,0.000,28.575,0.0,Stationary
4.80000,0,-840.296,0.000,28.575,112.8,Rolling
4.80000,1,1112.262,0.000,28.575,0.0,Stationary
4.80500,0,-839.734,0.000,28.575,112.3,Rolling
4.80500,1,1112.262,0.000,28.575,0.0,Stationary
4.81000,0,-839.173,0.000,28.575,111.9,Rolling
4.81000,1,1112.262,0.000,28.575,0.0,Stationary
4.81500,0,-838.615,0.000,28.575,111.4,Rolling
4.81500,1,1112.262,0.000,28.575,0.0,Stationary
4.82000,0,-838.059,0.000,28.575,110.9,Rolling
4.82000,1,1112.262,0.000,28.575,0.0,Stationary
4.82500,0,-837.506,0.000,28.575,110.4,Rolling
4.82500,1,1112.262,0.000,28.575,0.0,Stationary
4.83000,0,-836.956,0.000,28.575,109.9,Rolling
4.83000,1,1112.262,0.000,28.575,0.0,Stationary
4.83500,0,-836.407,0.000,28.575,109.4,Rolling
4.83500,1,1112.262,0.000,28.575,0.0,Stationary
4.84000,0,-835.862,0.000,28.575,108.9,Rolling
4.84000,1,1112.262,0.000,28.575,0.0,Stationary
4.84500,0,-835.318,0.000,28.575,108.4,Rolling
4.84500,1,1112.262,0.000,28.575,0.0,Stationary
4.85000,0,-834.777,0.000,28.575,107.9,Rolling
4.85000,1,1112.262,0.000,28.575,0.0,Stationary
4.85500,0,-834.239,0.000,28.575,107.4,Rolling
4.85500,1,1112.262,0.000,28.575,0.0,Stationary
4.86000,0,-833.703,0.000,28.575,106.9,Rolling
4.86000,1,1112.262,0.000,28.575,0.0,Stationary
4.86500,0,-833.169,0.000,28.575,106.5,Rolling
4.86500,1,1112.262,0.000,28.575,0.0,Stationary
4.87000,0,-832.638,0.000,28.575,106.0,Rolling
4.87000,1,1112.262,0.000,28.575,0.0,Stationary
4.87500,0,-832.110,0.000,28.575,105.5,Rolling
4.87500,1,1112.262,0.000,28.575,0.0,Stationary
4.88000,0,-831.584,0.000,28.575,105.0,Rolling
4.88000,1,1112.262,0.000,28.575,0.0,Stationary
4.88500,0,-831.060,0.000,28.575,104.5,Rolling
4.88500,1,1112.262,0.000,28.575,0.0,Stationary
4.89000,0,-830.539,0.000,28.575,104.0,Rolling
4.89000,1,1112.262,0.000,28.575,0.0,Stationary
4.89500,0,-830.020,0.000,28.575,103.5,Rolling
4.89500,1,1112.262,0.000,28.575,0.0,Stationary
4.90000,0,-829.504,0.000,28.575,103.0,Rolling
4.90000,1,1112.262,0.000,28.575,0.0,Stationary
4.90500,0,-828.990,0.000,28.575,102.5,Rolling
4.90500,1,1112.262,0.000,28.575,0.0,Stationary
4.91000,0,-828.478,0.000,28.575,102.0,Rolling
4.91000,1,1112.262,0.000,28.575,0.0,Stationary
4.91500,0,-827.969,0.000,28.575,101.6,Rolling
4.91500,1,1112.262,0.000,28.575,0.0,Stationary
4.92000,0,-827.463,0.000,28.575,101.1,Rolling
4.92000,1,1112.262,0.000,28.575,0.0,Stationary
4.92500,0,-826.958,0.000,28.575,100.6,Rolling
4.92500,1,1112.262,0.000,28.575,0.0,Stationary
4.93000,0,-826.457,0.000,28.575,100.1,Rolling
4.93000,1,1112.262,0.000,28.575,0.0,Stationary
4.93500,0,-825.958,0.000,28.575,99.6,Rolling
4.93500,1,1112.262,0.000,28.575,0.0,Stationary
4.94000,0,-825.461,0.000,28.575,99.1,Rolling
4.94000,1,1112.262,0.000,28.575,0.0,Stationary
4.94500,0,-824.967,0.000,28.575,98.6,Rolling
4.94500,1,1112.262,0.000,28.575,0.0,Stationary
4.95000,0,-824.475,0.000,28.575,98.1,Rolling
4.95000,1,1112.262,0.000,28.575,0.0,Stationary
4.95500,0,-823.985,0.000,28.575,97.6,Rolling
4.95500,1,1112.262,0.000,28.575,0.0,Stationary
4.96000,0,-823.498,0.000,28.575,97.1,Rolling
4.96000,1,1112.262,0.000,28.575,0.0,Stationary
4.96500,0,-823.014,0.000,28.575,96.7,Rolling
4.96500,1,1112.262,0.000,28.575,0.0,Stationary
4.97000,0,-822.532,0.000,28.575,96.2,Rolling
4.97000,1,1112.262,0.000,28.575,0.0,Stationary
4.97500,0,-822.052,0.000,28.575,95.7,Rolling
4.97500,1,1112.262,0.000,28.575,0.0,Stationary
4.98000,0,-821.575,0.000,28.575,95.2,Rolling
4.98000,1,1112.262,0.000,28.575,0.0,Stationary
4.98500,0,-821.101,0.000,28.575,94.7,Rolling
4.98500,1,1112.262,0.000,28.575,0.0,Stationary
4.99000,0,-820.628,0.000,28.575,94.2,Rolling
4.99000,1,1112.262,0.000,28.575,0.0,Stationary
4.99500,0,-820.159,0.000,28.575,93.7,Rolling
4.99500,1,1112.262,0.000,28.575,0.0,Stationary
5.00000,0,-819.691,0.000,28.575,93.2,Rolling
5.00000,1,1112.262,0.000,28.575,0.0,Stationary
5.00500,0,-819.226,0.000,28.575,92.7,Rolling
5.00500,1,1112.262,0.000,28.575,0.0,Stationary
5.01000,0,-818.764,0.000,28.575,92.2,Rolling
5.01000,1,1112.262,0.000,28.575,0.0,Stationary
5.01500,0,-818.304,0.000,28.575,91.7,Rolling
5.01500,1,1112.262,0.000,28.575,0.0,Stationary
5.02000,0,-817.846,0.000,28.575,91.3,Rolling
5.02000,1,1112.262,0.000,28.575,0.0,Stationary
5.02500,0,-817.391,0.000,28.575,90.8,Rolling
5.02500,1,1112.262,0.000,28.575,0.0,Stationary
5.03000,0,-816.939,0.000,28.575,90.3,Rolling
5.03000,1,1112.262,0.000,28.575,0.0,Stationary
5.03500,0,-816.489,0.000,28.575,89.8,Rolling
5.03500,1,1112.262,0.000,28.575,0.0,Stationary
5.04000,0,-816.041,0.000,28.575,89.3,Rolling
5.04000,1,1112.262,0.000,28.575,0.0,Stationary
5.04500,0,-815.596,0.000,28.575,88.8,Rolling
5.04500,1,1112.262,0.000,28.575,0.0,Stationary
5.05000,0,-815.153,0.000,28.575,88.3,Rolling
5.05000,1,1112.262,0.000,28.575,0.0,Stationary
5.05500,0,-814.712,0.000,28.575,87.8,Rolling
5.05500,1,1112.262,0.000,28.575,0.0,Stationary
5.06000,0,-814.275,0.000,28.575,87.3,Rolling
5.06000,1,1112.262,0.000,28.575,0.0,Stationary
5.06500,0,-813.839,0.000,28.575,86.8,Rolling
5.06500,1,1112.262,0.000,28.575,0.0,Stationary
5.07000,0,-813.406,0.000,28.575,86.4,Rolling
5.07000,1,1112.262,0.000,28.575,0.0,Stationary
5.07500,0,-812.976,0.000,28.575,85.9,Rolling
5.07500,1,1112.262,0.000,28.575,0.0,Stationary
5.08000,0,-812.547,0.000,28.575,85.4,Rolling
5.08000,1,1112.262,0.000,28.575,0.0,Stationary
5.08500,0,-812.122,0.000,28.575,84.9,Rolling
5.08500,1,1112.262,0.000,28.575,0.0,Stationary
5.09000,0,-811.699,0.000,28.575,84.4,Rolling
5.09000,1,1112.262,0.000,28.575,0.0,Stationary
5.09500,0,-811.278,0.000,28.575,83.9,Rolling
5.09500,1,1112.262,0.000,28.575,0.0,Stationary
5.10000,0,-810.860,0.000,28.575,83.4,Rolling
5.10000,1,1112.262,0.000,28.575,0.0,Stationary
5.10500,0,-810.444,0.000,28.575,82.9,Rolling
5.10500,1,1112.262,0.000,28.575,0.0,Stationary
5.11000,0,-810.030,0.000,28.575,82.4,Rolling
5.11000,1,1112.262,0.000,28.575,0.0,Stationary
5.11500,0,-809.619,0.000,28.575,81.9,Rolling
5.11500,1,1112.262,0.000,28.575,0.0,Stationary
5.12000,0,-809.211,0.000,28.575,81.5,Rolling
5.12000,1,1112.262,0.000,28.575,0.0,Stationary
5.12500,0,-808.805,0.000,28.575,81.0,Rolling
5.12500,1,1112.262,0.000,28.575,0.0,Stationary
5.13000,0,-808.401,0.000,28.575,80.5,Rolling
5.13000,1,1112.262,0.000,28.575,0.0,Stationary
5.13500,0,-808.000,0.000,28.575,80.0,Rolling
5.13500,1,1112.262,0.000,28.575,0.0,Stationary
5.14000,0,-807.601,0.000,28.575,79.5,Rolling
5.14000,1,1112.262,0.000,28.575,0.0,Stationary
5.14500,0,-807.205,0.000,28.575,79.0,Rolling
5.14500,1,1112.262,0.000,28.575,0.0,Stationary
5.15000,0,-806.811,0.000,28.575,78.5,Rolling
5.15000,1,1112.262,0.000,28.575,0.0,Stationary
5.15500,0,-806.420,0.000,28.575,78.0,Rolling
5.15500,1,1112.262,0.000,28.575,0.0,Stationary
5.16000,0,-806.031,0.000,28.575,77.5,Rolling
5.16000,1,1112.262,0.000,28.575,0.0,Stationary
5.16500,0,-805.645,0.000,28.575,77.0,Rolling
5.16500,1,1112.262,0.000,28.575,0.0,Stationary
5.17000,0,-805.261,0.000,28.575,76.5,Rolling
5.17000,1,1112.262,0.000,28.575,0.0,Stationary
5.17500,0,-804.879,0.000,28.575,76.1,Rolling
5.17500,1,1112.262,0.000,28.575,0.0,Stationary
5.18000,0,-804.500,0.000,28.575,75.6,Rolling
5.18000,1,1112.262,0.000,28.575,0.0,Stationary
5.18500,0,-804.124,0.000,28.575,75.1,Rolling
5.18500,1,1112.262,0.000,28.575,0.0,Stationary
5.19000,0,-803.750,0.000,28.575,74.6,Rolling
5.19000,1,1112.262,0.000,28.575,0.0,Stationary
5.19500,0,-803.378,0.000,28.575,74.1,Rolling
5.19500,1,1112.262,0.000,28.575,0.0,Stationary
5.20000,0,-803.009,0.000,28.575,73.6,Rolling
5.20000,1,1112.262,0.000,28.575,0.0,Stationary
5.20500,0,-802.642,0.000,28.575,73.1,Rolling
5.20500,1,1112.262,0.000,28.575,0.0,Stationary
5.21000,0,-802.277,0.000,28.575,72.6,Rolling
5.21000,1,1112.262,0.000,28.575,0.0,Stationary
5.21500,0,-801.916,0.000,28.575,72.1,Rolling
5.21500,1,1112.262,0.000,28.575,0.0,Stationary
5.22000,0,-801.556,0.000,28.575,71.6,Rolling
5.22000,1,1112.262,0.000,28.575,0.0,Stationary
5.22500,0,-801.199,0.000,28.575,71.2,Rolling
5.22500,1,1112.262,0.000,28.575,0.0,Stationary
5.23000,0,-800.845,0.000,28.575,70.7,Rolling
5.23000,1,1112.262,0.000,28.575,0.0,Stationary
5.23500,0,-800.492,0.000,28.575,70.2,Rolling
5.23500,1,1112.262,0.000,28.575,0.0,Stationary
5.24000,0,-800.143,0.000,28.575,69.7,Rolling
5.24000,1,1112.262,0.000,28.575,0.0,Stationary
5.24500,0,-799.796,0.000,28.575,69.2,Rolling
5.24500,1,1112.262,0.000,28.575,0.0,Stationary
5.25000,0,-799.451,0.000,28.575,68.7,Rolling
5.25000,1,1112.262,0.000,28.575,0.0,Stationary
5.25500,0,-799.109,0.000,28.575,68.2,Rolling
5.25500,1,1112.262,0.000,28.575,0.0,Stationary
5.26000,0,-798.769,0.000,28.575,67.7,Rolling
5.26000,1,1112.262,0.000,28.575,0.0,Stationary
5.26500,0,-798.431,0.000,28.575,67.2,Rolling
5.26500,1,1112.262,0.000,28.575,0.0,Stationary
5.27000,0,-798.096,0.000,28.575,66.7,Rolling
5.27000,1,1112.262,0.000,28.575,0.0,Stationary
5.27500,0,-797.764,0.000,28.575,66.3,Rolling
5.27500,1,1112.262,0.000,28.575,0.0,Stationary
5.28000,0,-797.434,0.000,28.575,65.8,Rolling
5.28000,1,1112.262,0.000,28.575,0.0,Stationary
5.28500,0,-797.106,0.000,28.575,65.3,Rolling
5.28500,1,1112.262,0.000,28.575,0.0,Stationary
5.29000,0,-796.781,0.000,28.575,64.8,Rolling
5.29000,1,1112.262,0.000,28.575,0.0,Stationary
5.29500,0,-796.459,0.000,28.575,64.3,Rolling
5.29500,1,1112.262,0.000,28.575,0.0,Stationary
5.30000,0,-796.138,0.000,28.575,63.8,Rolling
5.30000,1,1112.262,0.000,28.575,0.0,Stationary
5.30500,0,-795.821,0.000,28.575,63.3,Rolling
5.30500,1,1112.262,0.000,28.575,0.0,Stationary
5.31000,0,-795.505,0.000,28.575,62.8,Rolling
5.31000,1,1112.262,0.000,28.575,0.0,Stationary
5.31500,0,-795.192,0.000,28.575,62.3,Rolling
5.31500,1,1112.262,0.000,28.575,0.0,Stationary
5.32000,0,-794.882,0.000,28.575,61.8,Rolling
5.32000,1,1112.262,0.000,28.575,0.0,Stationary
5.32500,0,-794.574,0.000,28.575,61.3,Rolling
5.32500,1,1112.262,0.000,28.575,0.0,Stationary
5.33000,0,-794.268,0.000,28.575,60.9,Rolling
5.33000,1,1112.262,0.000,28.575,0.0,Stationary
5.33500,0,-793.965,0.000,28.575,60.4,Rolling
5.33500,1,1112.262,0.000,28.575,0.0,Stationary
5.34000,0,-793.665,0.000,28.575,59.9,Rolling
5.34000,1,1112.262,0.000,28.575,0.0,Stationary
5.34500,0,-793.367,0.000,28.575,59.4,Rolling
5.34500,1,1112.262,0.000,28.575,0.0,Stationary
5.35000,0,-793.071,0.000,28.575,58.9,Rolling
5.35000,1,1112.262,0.000,28.575,0.0,Stationary
5.35500,0,-792.778,0.000,28.575,58.4,Rolling
5.35500,1,1112.262,0.000,28.575,0.0,Stationary
5.36000,0,-792.487,0.000,28.575,57.9,Rolling
5.36000,1,1112.262,0.000,28.575,0.0,Stationary
5.36500,0,-792.198,0.000,28.575,57.4,Rolling
5.36500,1,1112.262,0.000,28.575,0.0,Stationary
5.37000,0,-791.913,0.000,28.575,56.9,Rolling
5.37000,1,1112.262,0.000,28.575,0.0,Stationary
5.37500,0,-791.629,0.000,28.575,56.4,Rolling
5.37500,1,1112.262,0.000,28.575,0.0,Stationary
5.38000,0,-791.348,0.000,28.575,56.0,Rolling
5.38000,1,1112.262,0.000,28.575,0.0,Stationary
5.38500,0,-791.070,0.000,28.575,55.5,Rolling
5.38500,1,1112.262,0.000,28.575,0.0,Stationary
5.39000,0,-790.793,0.000,28.575,55.0,Rolling
5.39000,1,1112.262,0.000,28.575,0.0,Stationary
5.39500,0,-790.520,0.000,28.575,54.5,Rolling
5.39500,1,1112.262,0.000,28.575,0.0,Stationary
5.40000,0,-790.249,0.000,28.575,54.0,Rolling
5.40000,1,1112.262,0.000,28.575,0.0,Stationary
5.40500,0,-789.980,0.000,28.575,53.5,Rolling
5.40500,1,1112.262,0.000,28.575,0.0,Stationary
5.41000,0,-789.714,0.000,28.575,53.0,Rolling
5.41000,1,1112.262,0.000,28.575,0.0,Stationary
5.41500,0,-789.450,0.000,28.575,52.5,Rolling
5.41500,1,1112.262,0.000,28.575,0.0,Stationary
5.42000,0,-789.188,0.000,28.575,52.0,Rolling
5.42000,1,1112.262,0.000,28.575,0.0,Stationary
5.42500,0,-788.929,0.000,28.575,51.5,Rolling
5.42500,1,1112.262,0.000,28.575,0.0,Stationary
5.43000,0,-788.673,0.000,28.575,51.1,Rolling
5.43000,1,1112.262,0.000,28.575,0.0,Stationary
5.43500,0,-788.419,0.000,28.575,50.6,Rolling
5.43500,1,1112.262,0.000,28.575,0.0,Stationary
5.44000,0,-788.167,0.000,28.575,50.1,Rolling
5.44000,1,1112.262,0.000,28.575,0.0,Stationary
5.44500,0,-787.918,0.000,28.575,49.6,Rolling
5.44500,1,1112.262,0.000,28.575,0.0,Stationary
5.45000,0,-787.672,0.000,28.575,49.1,Rolling
5.45000,1,1112.262,0.000,28.575,0.0,Stationary
5.45500,0,-787.427,0.000,28.575,48.6,Rolling
5.45500,1,1112.262,0.000,28.575,0.0,Stationary
5.46000,0,-787.186,0.000,28.575,48.1,Rolling
5.46000,1,1112.262,0.000,28.575,0.0,Stationary
5.46500,0,-786.946,0.000,28.575,47.6,Rolling
5.46500,1,1112.262,0.000,28.575,0.0,Stationary
5.47000,0,-786.709,0.000,28.575,47.1,Rolling
5.47000,1,1112.262,0.000,28.575,0.0,Stationary
5.47500,0,-786.475,0.000,28.575,46.6,Rolling
5.47500,1,1112.262,0.000,28.575,0.0,Stationary
5.48000,0,-786.243,0.000,28.575,46.1,Rolling
5.48000,1,1112.262,0.000,28.575,0.0,Stationary
5.48500,0,-786.013,0.000,28.575,45.7,Rolling
5.48500,1,1112.262,0.000,28.575,0.0,Stationary
5.49000,0,-785.786,0.000,28.575,45.2,Rolling
5.49000,1,1112.262,0.000,28.575,0.0,Stationary
5.49500,0,-785.562,0.000,28.575,44.7,Rolling
5.49500,1,1112.262,0.000,28.575,0.0,Stationary
5.50000,0,-785.340,0.000,28.575,44.2,Rolling
5.50000,1,1112.262,0.000,28.575,0.0,Stationary
5.50500,0,-785.120,0.000,28.575,43.7,Rolling
5.50500,1,1112.262,0.000,28.575,0.0,Stationary
5.51000,0,-784.903,0.000,28.575,43.2,Rolling
5.51000,1,1112.262,0.000,28.575,0.0,Stationary
5.51500,0,-784.688,0.000,28.575,42.7,Rolling
5.51500,1,1112.262,0.000,28.575,0.0,Stationary
5.52000,0,-784.476,0.000,28.575,42.2,Rolling
5.52000,1,1112.262,0.000,28.575,0.0,Stationary
5.52500,0,-784.266,0.000,28.575,41.7,Rolling
5.52500,1,1112.262,0.000,28.575,0.0,Stationary
5.53000,0,-784.058,0.000,28.575,41.2,Rolling
5.53000,1,1112.262,0.000,28.575,0.0,Stationary
5.53500,0,-783.853,0.000,28.575,40.8,Rolling
5.53500,1,1112.262,0.000,28.575,0.0,Stationary
5.54000,0,-783.651,0.000,28.575,40.3,Rolling
5.54000,1,1112.262,0.000,28.575,0.0,Stationary
5.54500,0,-783.451,0.000,28.575,39.8,Rolling
5.54500,1,1112.262,0.000,28.575,0.0,Stationary
5.55000,0,-783.253,0.000,28.575,39.3,Rolling
5.55000,1,1112.262,0.000,28.575,0.0,Stationary
5.55500,0,-783.058,0.000,28.575,38.8,Rolling
5.55500,1,1112.262,0.000,28.575,0.0,Stationary
5.56000,0,-782.865,0.000,28.575,38.3,Rolling
5.56000,1,1112.262,0.000,28.575,0.0,Stationary
5.56500,0,-782.675,0.000,28.575,37.8,Rolling
5.56500,1,1112.262,0.000,28.575,0.0,Stationary
5.57000,0,-782.487,0.000,28.575,37.3,Rolling
5.57000,1,1112.262,0.000,28.575,0.0,Stationary
5.57500,0,-782.301,0.000,28.575,36.8,Rolling
5.57500,1,1112.262,0.000,28.575,0.0,Stationary
5.58000,0,-782.119,0.000,28.575,36.3,Rolling
5.58000,1,1112.262,0.000,28.575,0.0,Stationary
5.58500,0,-781.938,0.000,28.575,35.9,Rolling
5.58500,1,1112.262,0.000,28.575,0.0,Stationary
5.59000,0,-781.760,0.000,28.575,35.4,Rolling
5.59000,1,1112.262,0.000,28.575,0.0,Stationary
5.59500,0,-781.584,0.000,28.575,34.9,Rolling
5.59500,1,1112.262,0.000,28.575,0.0,Stationary
5.60000,0,-781.411,0.000,28.575,34.4,Rolling
5.60000,1,1112.262,0.000,28.575,0.0,Stationary
5.60500,0,-781.241,0.000,28.575,33.9,Rolling
5.60500,1,1112.262,0.000,28.575,0.0,Stationary
5.61000,0,-781.072,0.000,28.575,33.4,Rolling
5.61000,1,1112.262,0.000,28.575,0.0,Stationary
5.61500,0,-780.907,0.000,28.575,32.9,Rolling
5.61500,1,1112.262,0.000,28.575,0.0,Stationary
5.62000,0,-780.743,0.000,28.575,32.4,Rolling
5.62000,1,1112.262,0.000,28.575,0.0,Stationary
5.62500,0,-780.582,0.000,28.575,31.9,Rolling
5.62500,1,1112.262,0.000,28.575,0.0,Stationary
5.63000,0,-780.424,0.000,28.575,31.4,Rolling
5.63000,1,1112.262,0.000,28.575,0.0,Stationary
5.63500,0,-780.268,0.000,28.575,30.9,Rolling
5.63500,1,1112.262,0.000,28.575,0.0,Stationary
5.64000,0,-780.115,0.000,28.575,30.5,Rolling
5.64000,1,1112.262,0.000,28.575,0.0,Stationary
5.64500,0,-779.964,0.000,28.575,30.0,Rolling
5.64500,1,1112.262,0.000,28.575,0.0,Stationary
5.65000,0,-779.815,0.000,28.575,29.5,Rolling
5.65000,1,1112.262,0.000,28.575,0.0,Stationary
5.65500,0,-779.669,0.000,28.575,29.0,Rolling
5.65500,1,1112.262,0.000,28.575,0.0,Stationary
5.66000,0,-779.525,0.000,28.575,28.5,Rolling
5.66000,1,1112.262,0.000,28.575,0.0,Stationary
5.66500,0,-779.384,0.000,28.575,28.0,Rolling
5.66500,1,1112.262,0.000,28.575,0.0,Stationary
5.67000,0,-779.245,0.000,28.575,27.5,Rolling
5.67000,1,1112.262,0.000,28.575,0.0,Stationary
5.67500,0,-779.109,0.000,28.575,27.0,Rolling
5.67500,1,1112.262,0.000,28.575,0.0,Stationary
5.68000,0,-778.975,0.000,28.575,26.5,Rolling
5.68000,1,1112.262,0.000,28.575,0.0,Stationary
5.68500,0,-778.843,0.000,28.575,26.0,Rolling
5.68500,1,1112.262,0.000,28.575,0.0,Stationary
5.69000,0,-778.714,0.000,28.575,25.6,Rolling
5.69000,1,1112.262,0.000,28.575,0.0,Stationary
5.69500,0,-778.588,0.000,28.575,25.1,Rolling
5.69500,1,1112.262,0.000,28.575,0.0,Stationary
5.70000,0,-778.464,0.000,28.575,24.6,Rolling
5.70000,1,1112.262,0.000,28.575,0.0,Stationary
5.70500,0,-778.342,0.000,28.575,24.1,Rolling
5.70500,1,1112.262,0.000,28.575,0.0,Stationary
5.71000,0,-778.223,0.000,28.575,23.6,Rolling
5.71000,1,1112.262,0.000,28.575,0.0,Stationary
5.71500,0,-778.106,0.000,28.575,23.1,Rolling
5.71500,1,1112.262,0.000,28.575,0.0,Stationary
5.72000,0,-777.992,0.000,28.575,22.6,Rolling
5.72000,1,1112.262,0.000,28.575,0.0,Stationary
5.72500,0,-777.880,0.000,28.575,22.1,Rolling
5.72500,1,1112.262,0.000,28.575,0.0,Stationary
5.73000,0,-777.771,0.000,28.575,21.6,Rolling
5.73000,1,1112.262,0.000,28.575,0.0,Stationary
5.73500,0,-777.664,0.000,28.575,21.1,Rolling
5.73500,1,1112.262,0.000,28.575,0.0,Stationary
5.74000,0,-777.559,0.000,28.575,20.7,Rolling
5.74000,1,1112.262,0.000,28.575,0.0,Stationary
5.74500,0,-777.457,0.000,28.575,20.2,Rolling
5.74500,1,1112.262,0.000,28.575,0.0,Stationary
5.75000,0,-777.358,0.000,28.575,19.7,Rolling
5.75000,1,1112.262,0.000,28.575,0.0,Stationary
5.75500,0,-777.260,0.000,28.575,19.2,Rolling
5.75500,1,1112.262,0.000,28.575,0.0,Stationary
5.76000,0,-777.166,0.000,28.575,18.7,Rolling
5.76000,1,1112.262,0.000,28.575,0.0,Stationary
5.76500,0,-777.074,0.000,28.575,18.2,Rolling
5.76500,1,1112.262,0.000,28.575,0.0,Stationary
5.77000,0,-776.984,0.000,28.575,17.7,Rolling
5.77000,1,1112.262,0.000,28.575,0.0,Stationary
5.77500,0,-776.897,0.000,28.575,17.2,Rolling
5.77500,1,1112.262,0.000,28.575,0.0,Stationary
5.78000,0,-776.812,0.000,28.575,16.7,Rolling
5.78000,1,1112.262,0.000,28.575,0.0,Stationary
5.78500,0,-776.729,0.000,28.575,16.2,Rolling
5.78500,1,1112.262,0.000,28.575,0.0,Stationary
5.79000,0,-776.649,0.000,28.575,15.7,Rolling
5.79000,1,1112.262,0.000,28.575,0.0,Stationary
5.79500,0,-776.572,0.000,28.575,15.3,Rolling
5.79500,1,1112.262,0.000,28.575,0.0,Stationary
5.80000,0,-776.497,0.000,28.575,14.8,Rolling
5.80000,1,1112.262,0.000,28.575,0.0,Stationary
5.80500,0,-776.424,0.000,28.575,14.3,Rolling
5.80500,1,1112.262,0.000,28.575,0.0,Stationary
5.81000,0,-776.354,0.000,28.575,13.8,Rolling
5.81000,1,1112.262,0.000,28.575,0.0,Stationary
5.81500,0,-776.286,0.000,28.575,13.3,Rolling
5.81500,1,1112.262,0.000,28.575,0.0,Stationary
5.82000,0,-776.221,0.000,28.575,12.8,Rolling
5.82000,1,1112.262,0.000,28.575,0.0,Stationary
5.82500,0,-776.158,0.000,28.575,12.3,Rolling
5.82500,1,1112.262,0.000,28.575,0.0,Stationary
5.83000,0,-776.098,0.000,28.575,11.8,Rolling
5.83000,1,1112.262,0.000,28.575,0.0,Stationary
5.83500,0,-776.040,0.000,28.575,11.3,Rolling
5.83500,1,1112.262,0.000,28.575,0.0,Stationary
5.84000,0,-775.984,0.000,28.575,10.8,Rolling
5.84000,1,1112.262,0.000,28.575,0.0,Stationary
5.84500,0,-775.932,0.000,28.575,10.4,Rolling
5.84500,1,1112.262,0.000,28.575,0.0,Stationary
5.85000,0,-775.881,0.000,28.575,9.9,Rolling
5.85000,1,1112.262,0.000,28.575,0.0,Stationary
5.85500,0,-775.833,0.000,28.575,9.4,Rolling
5.85500,1,1112.262,0.000,28.575,0.0,Stationary
5.86000,0,-775.787,0.000,28.575,8.9,Rolling
5.86000,1,1112.262,0.000,28.575,0.0,Stationary
5.86500,0,-775.744,0.000,28.575,8.4,Rolling
5.86500,1,1112.262,0.000,28.575,0.0,Stationary
5.87000,0,-775.703,0.000,28.575,7.9,Rolling
5.87000,1,1112.262,0.000,28.575,0.0,Stationary
5.87500,0,-775.665,0.000,28.575,7.4,Rolling
5.87500,1,1112.262,0.000,28.575,0.0,Stationary
5.88000,0,-775.629,0.000,28.575,6.9,Rolling
5.88000,1,1112.262,0.000,28.575,0.0,Stationary
5.88500,0,-775.596,0.000,28.575,6.4,Rolling
5.88500,1,1112.262,0.000,28.575,0.0,Stationary
5.89000,0,-775.565,0.000,28.575,5.9,Rolling
5.89000,1,1112.262,0.000,28.575,0.0,Stationary
5.89500,0,-775.536,0.000,28.575,5.5,Rolling
5.89500,1,1112.262,0.000,28.575,0.0,Stationary
5.90000,0,-775.510,0.000,28.575,5.0,Rolling
5.90000,1,1112.262,0.000,28.575,0.0,Stationary
5.90500,0,-775.487,0.000,28.575,4.5,Rolling
5.90500,1,1112.262,0.000,28.575,0.0,Stationary
5.91000,0,-775.466,0.000,28.575,4.0,Rolling
5.91000,1,1112.262,0.000,28.575,0.0,Stationary
5.91500,0,-775.447,0.000,28.575,3.5,Rolling
5.91500,1,1112.262,0.000,28.575,0.0,Stationary
5.92000,0,-775.431,0.000,28.575,3.0,Rolling
5.92000,1,1112.262,0.000,28.575,0.0,Stationary
5.92500,0,-775.417,0.000,28.575,2.5,Rolling
5.92500,1,1112.262,0.000,28.575,0.0,Stationary
5.93000,0,-775.406,0.000,28.575,2.0,Rolling
5.93000,1,1112.262,0.000,28.575,0.0,Stationary
5.93500,0,-775.397,0.000,28.575,1.5,Rolling
5.93500,1,1112.262,0.000,28.575,0.0,Stationary
5.94000,0,-775.390,0.000,28.575,1.0,Rolling
5.94000,1,1112.262,0.000,28.575,0.0,Stationary
5.94500,0,-775.386,0.000,28.575,0.5,Rolling
5.94500,1,1112.262,0.000,28.575,0.0,Stationary
5.95000,0,-775.385,0.000,28.575,0.1,Rolling
5.95000,1,1112.262,0.000,28.575,0.0,Stationary
